credit_profile_id,customer_id,credit_score,credit_band,credit_history_years,existing_loans,total_outstanding,last_updated
8001,1001,573,Poor,7.5,1,434300,2025-03-05
8002,1002,640,Fair,5.5,1,490600,2025-06-26
8003,1003,610,Fair,4.9,0,191000,2025-04-03
8004,1004,598,Poor,4.1,1,335500,2025-05-03
8005,1005,524,Poor,1.1,1,490500,2025-01-15
8006,1006,697,Fair,1.0,1,1545500,2025-10-03
8007,1007,618,Fair,9.3,0,112000,2025-01-22
8008,1008,831,Excellent,5.1,1,824700,2025-09-23
8009,1009,764,Excellent,3.4,0,205400,2025-07-02
8010,1010,812,Excellent,10.6,1,1077100,2025-12-18
8011,1011,744,Good,8.4,1,81200,2025-05-17
8012,1012,646,Fair,13.8,0,280100,2025-01-31
8013,1013,714,Good,12.6,0,46500,2025-08-03
8014,1014,667,Fair,11.2,3,165800,2025-12-18
8015,1015,716,Good,2.8,1,195200,2025-11-26
8016,1016,757,Excellent,10.3,1,444000,2025-07-31
8017,1017,735,Good,10.7,1,73100,2025-08-15
8018,1018,691,Fair,11.7,2,1332600,2025-07-04
8019,1019,695,Fair,4.7,1,1557500,2025-03-16
8020,1020,706,Good,10.0,0,344700,2025-06-20
8021,1021,773,Excellent,9.7,1,91300,2025-08-20
8022,1022,653,Fair,6.4,0,83600,2025-03-15
8023,1023,671,Fair,10.3,1,327400,2025-09-10
8024,1024,652,Fair,2.2,0,147000,2025-10-25
8025,1025,700,Good,10.0,0,946700,2025-03-15
8026,1026,738,Good,9.5,0,221000,2025-08-17
8027,1027,712,Good,3.9,3,450600,2025-07-18
8028,1028,686,Fair,12.5,2,284700,2025-07-31
8029,1029,770,Excellent,13.2,3,184700,2025-03-25
8030,1030,630,Fair,3.9,1,151400,2025-07-19
8031,1031,578,Poor,2.1,0,106600,2025-05-25
8032,1032,714,Good,9.5,1,213700,2025-08-05
8033,1033,687,Fair,7.7,0,319000,2025-08-25
8034,1034,677,Fair,7.0,0,368700,2025-09-15
8035,1035,591,Poor,11.7,2,308700,2025-08-17
8036,1036,705,Good,14.6,0,251300,2025-10-25
8037,1037,825,Excellent,7.7,1,55400,2025-04-16
8038,1038,590,Poor,1.1,2,854600,2025-07-10
8039,1039,678,Fair,9.3,0,75400,2025-05-19
8040,1040,696,Fair,10.2,1,472700,2025-09-09
8041,1041,657,Fair,12.6,1,912100,2025-07-31
8042,1042,702,Good,3.8,1,881200,2025-05-07
8043,1043,656,Fair,8.3,0,616000,2025-09-06
8044,1044,702,Good,7.3,1,320800,2025-03-14
8045,1045,671,Fair,10.3,1,133100,2025-06-22
8046,1046,650,Fair,1.9,0,85200,2025-06-06
8047,1047,684,Fair,13.4,2,309900,2025-06-11
8048,1048,726,Good,8.2,2,162800,2025-04-05
8049,1049,573,Poor,13.3,0,189100,2025-12-12
8050,1050,742,Good,5.8,1,559000,2025-08-24
8051,1051,636,Fair,10.1,2,255000,2025-01-20
8052,1052,736,Good,14.4,2,152600,2025-03-13
8053,1053,640,Fair,14.2,2,4410600,2025-03-11
8054,1054,743,Good,14.2,0,221600,2025-07-19
8055,1055,686,Fair,1.6,1,605500,2025-07-02
8056,1056,620,Fair,6.6,2,560200,2025-11-04
8057,1057,657,Fair,1.9,0,206100,2025-01-25
8058,1058,780,Excellent,5.3,1,161200,2025-03-07
8059,1059,694,Fair,3.4,1,69000,2025-10-11
8060,1060,656,Fair,9.7,1,373900,2025-12-11
8061,1061,776,Excellent,11.9,3,309800,2025-10-03
8062,1062,754,Excellent,8.2,3,100800,2025-11-22
8063,1063,627,Fair,12.1,1,939600,2025-02-06
8064,1064,675,Fair,1.2,0,526400,2025-01-16
8065,1065,558,Poor,12.5,2,305500,2025-07-02
8066,1066,755,Excellent,3.5,0,215200,2025-12-22
8067,1067,690,Fair,7.5,0,247400,2025-09-13
8068,1068,740,Good,7.2,0,103600,2025-07-12
8069,1069,545,Poor,13.2,2,173900,2025-11-30
8070,1070,669,Fair,14.5,1,575200,2025-01-14
8071,1071,703,Good,4.6,0,259400,2025-01-24
8072,1072,531,Poor,1.9,3,2061400,2025-03-24
8073,1073,739,Good,10.1,1,174700,2025-10-21
8074,1074,666,Fair,8.0,0,277700,2025-08-24
8075,1075,558,Poor,8.9,0,462400,2025-12-04
8076,1076,651,Fair,1.6,2,525100,2025-09-22
8077,1077,724,Good,11.9,1,239100,2025-09-01
8078,1078,622,Fair,4.3,1,159200,2025-09-12
8079,1079,687,Fair,5.7,2,230000,2025-11-11
8080,1080,658,Fair,4.2,2,442600,2025-11-03
8081,1081,540,Poor,14.2,0,236600,2025-04-19
8082,1082,737,Good,3.4,0,2679500,2025-11-03
8083,1083,751,Excellent,11.3,1,231800,2025-10-02
8084,1084,776,Excellent,4.4,2,375200,2025-11-14
8085,1085,691,Fair,6.9,0,311400,2025-09-12
8086,1086,726,Good,14.9,2,248100,2025-09-02
8087,1087,569,Poor,2.4,2,660500,2025-09-23
8088,1088,708,Good,13.3,0,120700,2025-05-11
8089,1089,666,Fair,14.2,1,2526500,2025-05-25
8090,1090,684,Fair,10.8,0,163000,2025-12-09
8091,1091,606,Fair,1.1,1,460500,2025-08-07
8092,1092,774,Excellent,12.5,2,362900,2025-03-14
8093,1093,566,Poor,13.4,0,294700,2025-07-16
8094,1094,710,Good,14.7,0,985200,2025-03-24
8095,1095,621,Fair,12.8,2,1728900,2025-12-15
8096,1096,849,Excellent,7.2,1,148700,2025-09-28
8097,1097,742,Good,10.6,3,151400,2025-04-16
8098,1098,688,Fair,7.8,0,488700,2025-04-10
8099,1099,613,Fair,5.9,0,287200,2025-07-03
8100,1100,757,Excellent,9.8,0,191600,2025-11-28
8101,1101,450,Poor,11.8,0,232500,2025-03-19
8102,1102,719,Good,9.9,1,191500,2025-05-23
8103,1103,728,Good,12.6,0,109500,2025-04-05
8104,1104,724,Good,3.5,3,383300,2025-10-27
8105,1105,753,Excellent,6.2,0,314500,2025-01-03
8106,1106,648,Fair,5.4,1,199500,2025-02-16
8107,1107,731,Good,3.7,3,54100,2025-06-07
8108,1108,640,Fair,7.2,1,222500,2025-08-27
8109,1109,628,Fair,14.3,1,1750500,2025-09-25
8110,1110,613,Fair,8.5,1,222200,2025-09-28
8111,1111,671,Fair,5.0,1,228600,2025-01-28
8112,1112,773,Excellent,6.0,1,194200,2025-06-26
8113,1113,819,Excellent,9.6,1,523800,2025-03-28
8114,1114,670,Fair,5.9,1,788600,2025-06-24
8115,1115,642,Fair,8.5,2,166300,2025-07-26
8116,1116,790,Excellent,4.8,2,77400,2025-03-16
8117,1117,723,Good,5.8,1,220800,2025-12-16
8118,1118,692,Fair,10.9,2,187000,2025-09-03
8119,1119,607,Fair,9.2,1,248700,2025-09-25
8120,1120,797,Excellent,2.3,1,878600,2025-02-23
8121,1121,697,Fair,14.6,0,119400,2025-03-24
8122,1122,690,Fair,1.7,0,438600,2025-02-01
8123,1123,731,Good,2.2,0,441200,2025-01-11
8124,1124,692,Fair,10.8,1,472200,2025-08-11
8125,1125,801,Excellent,10.9,1,561000,2025-12-19
8126,1126,766,Excellent,1.3,1,54800,2025-02-24
8127,1127,648,Fair,10.0,3,517000,2025-10-13
8128,1128,697,Fair,1.5,1,297300,2025-03-09
8129,1129,646,Fair,14.5,1,161200,2025-11-08
8130,1130,832,Excellent,10.7,0,1328500,2025-03-30
8131,1131,636,Fair,3.6,2,670100,2025-04-08
8132,1132,681,Fair,3.2,1,144600,2025-01-17
8133,1133,717,Good,9.0,0,195400,2025-06-10
8134,1134,728,Good,9.9,2,792800,2025-09-12
8135,1135,741,Good,12.6,1,291800,2025-06-07
8136,1136,750,Excellent,13.6,4,93300,2025-09-26
8137,1137,742,Good,6.5,1,1458700,2025-02-01
8138,1138,658,Fair,12.8,2,240500,2025-03-28
8139,1139,649,Fair,8.6,2,308300,2025-04-03
8140,1140,693,Fair,7.6,1,453500,2025-10-17
8141,1141,649,Fair,10.8,1,141300,2025-03-24
8142,1142,641,Fair,2.4,0,963800,2025-09-25
8143,1143,658,Fair,4.7,0,130100,2025-01-04
8144,1144,848,Excellent,12.4,0,372400,2025-03-30
8145,1145,806,Excellent,8.1,2,186800,2025-06-03
8146,1146,672,Fair,13.7,0,782400,2025-03-23
8147,1147,535,Poor,2.2,1,500100,2025-07-11
8148,1148,646,Fair,5.4,1,255600,2025-06-07
8149,1149,756,Excellent,6.0,1,74300,2025-09-10
8150,1150,573,Poor,6.9,2,421500,2025-10-16
8151,1151,735,Good,14.8,1,341900,2025-09-13
8152,1152,730,Good,5.3,2,74800,2025-06-08
8153,1153,691,Fair,8.3,0,360600,2025-11-08
8154,1154,687,Fair,8.5,1,542700,2025-03-03
8155,1155,622,Fair,11.8,2,318000,2025-10-14
8156,1156,742,Good,8.3,3,191700,2025-10-07
8157,1157,713,Good,9.5,2,1032100,2025-03-10
8158,1158,654,Fair,11.5,1,1551100,2025-12-20
8159,1159,631,Fair,2.4,0,110200,2025-09-22
8160,1160,600,Fair,14.5,3,758200,2025-01-08
8161,1161,718,Good,12.8,3,441000,2025-04-17
8162,1162,675,Fair,6.4,1,173300,2025-04-03
8163,1163,676,Fair,11.2,1,247900,2025-08-15
8164,1164,573,Poor,11.7,2,258200,2025-03-10
8165,1165,608,Fair,12.9,1,772100,2025-10-29
8166,1166,600,Fair,3.6,1,201200,2025-05-18
8167,1167,748,Good,10.9,0,57700,2025-12-24
8168,1168,703,Good,1.5,1,247600,2025-11-26
8169,1169,669,Fair,2.6,1,696900,2025-05-19
8170,1170,773,Excellent,11.9,3,873000,2025-04-26
8171,1171,762,Excellent,12.4,1,207100,2025-01-08
8172,1172,773,Excellent,9.3,2,460600,2025-03-09
8173,1173,672,Fair,9.1,0,887700,2025-05-26
8174,1174,584,Poor,11.5,1,540100,2025-09-07
8175,1175,818,Excellent,13.7,0,1924700,2025-09-07
8176,1176,729,Good,6.9,0,1051000,2025-01-03
8177,1177,731,Good,2.6,1,203600,2025-12-30
8178,1178,741,Good,12.7,1,274300,2025-05-08
8179,1179,850,Excellent,5.8,2,1382100,2025-04-30
8180,1180,682,Fair,2.9,0,104500,2025-07-19
8181,1181,798,Excellent,9.6,1,282200,2025-08-26
8182,1182,626,Fair,9.1,1,1662800,2025-02-24
8183,1183,751,Excellent,7.6,0,1866100,2025-03-11
8184,1184,824,Excellent,13.0,0,391000,2025-12-22
8185,1185,686,Fair,4.8,0,66900,2025-10-15
8186,1186,546,Poor,1.2,0,217500,2025-09-19
8187,1187,733,Good,5.5,2,575100,2025-07-29
8188,1188,674,Fair,1.1,0,147000,2025-08-25
8189,1189,753,Excellent,8.6,3,2475800,2025-08-06
8190,1190,655,Fair,6.3,2,242700,2025-07-31
8191,1191,850,Excellent,12.4,4,993000,2025-01-16
8192,1192,698,Fair,12.2,0,269200,2025-08-01
8193,1193,749,Good,7.1,0,396900,2025-09-27
8194,1194,615,Fair,4.0,1,299500,2025-11-14
8195,1195,602,Fair,6.9,0,180800,2025-05-26
8196,1196,593,Poor,10.0,3,209200,2025-09-21
8197,1197,593,Poor,3.7,0,563600,2025-05-13
8198,1198,741,Good,11.8,0,248000,2025-12-10
8199,1199,645,Fair,5.6,1,201900,2025-10-24
8200,1200,595,Poor,14.1,1,521200,2025-11-11
8201,1201,638,Fair,8.2,0,1188400,2025-01-09
8202,1202,743,Good,12.9,3,1403700,2025-02-11
8203,1203,741,Good,9.6,0,122500,2025-01-18
8204,1204,765,Excellent,8.8,3,149100,2025-10-29
8205,1205,669,Fair,10.5,2,964200,2025-07-29
8206,1206,840,Excellent,12.4,0,192300,2025-10-11
8207,1207,771,Excellent,10.0,1,242300,2025-10-20
8208,1208,602,Fair,12.2,2,89200,2025-11-26
8209,1209,751,Excellent,3.7,2,572300,2025-10-03
8210,1210,691,Fair,4.9,0,292000,2025-08-03
8211,1211,678,Fair,4.2,1,780100,2025-08-23
8212,1212,691,Fair,12.2,1,618700,2025-05-28
8213,1213,640,Fair,2.2,0,773600,2025-02-19
8214,1214,766,Excellent,12.1,2,782000,2025-05-13
8215,1215,647,Fair,6.4,1,211800,2025-07-07
8216,1216,648,Fair,2.1,2,296400,2025-03-14
8217,1217,747,Good,6.9,2,360600,2025-10-26
8218,1218,850,Excellent,5.2,1,330500,2025-04-15
8219,1219,653,Fair,9.3,4,556900,2025-10-19
8220,1220,597,Poor,7.6,1,198100,2025-08-20
8221,1221,775,Excellent,5.2,1,398400,2025-04-11
8222,1222,705,Good,13.1,2,178500,2025-09-16
8223,1223,728,Good,6.7,1,377000,2025-10-19
8224,1224,693,Fair,7.6,0,417400,2025-04-22
8225,1225,735,Good,12.9,1,103900,2025-02-14
8226,1226,717,Good,2.2,3,412600,2025-04-10
8227,1227,651,Fair,6.5,2,1025000,2025-06-06
8228,1228,743,Good,6.6,0,783300,2025-08-13
8229,1229,728,Good,7.9,1,103800,2025-03-14
8230,1230,662,Fair,2.5,2,96200,2025-03-10
8231,1231,677,Fair,2.4,0,481400,2025-06-21
8232,1232,631,Fair,6.8,2,344000,2025-08-12
8233,1233,725,Good,1.5,0,261700,2025-02-18
8234,1234,725,Good,4.6,0,31900,2025-08-24
8235,1235,687,Fair,3.8,0,119100,2025-04-19
8236,1236,605,Fair,7.9,0,958600,2025-09-30
8237,1237,538,Poor,1.2,0,438200,2025-06-07
8238,1238,673,Fair,10.5,1,1794800,2025-08-27
8239,1239,708,Good,13.0,0,655000,2025-01-04
8240,1240,738,Good,10.9,0,403700,2025-07-23
8241,1241,775,Excellent,12.5,2,73100,2025-03-25
8242,1242,663,Fair,10.0,2,405700,2025-08-02
8243,1243,571,Poor,8.1,1,276600,2025-12-25
8244,1244,651,Fair,4.1,1,108900,2025-03-03
8245,1245,850,Excellent,4.9,0,963800,2025-02-27
8246,1246,813,Excellent,5.4,0,317200,2025-06-21
8247,1247,722,Good,1.5,2,436200,2025-11-10
8248,1248,658,Fair,13.8,1,142500,2025-12-28
8249,1249,683,Fair,13.6,0,415500,2025-09-09
8250,1250,819,Excellent,2.5,0,259400,2025-11-24
8251,1251,706,Good,8.8,1,2341100,2025-05-17
8252,1252,661,Fair,7.5,1,182600,2025-08-26
8253,1253,789,Excellent,10.6,1,160200,2025-01-06
8254,1254,544,Poor,9.4,0,377600,2025-10-02
8255,1255,615,Fair,2.7,2,244500,2025-03-27
8256,1256,630,Fair,10.2,0,371900,2025-05-28
8257,1257,765,Excellent,9.5,1,1315300,2025-03-05
8258,1258,648,Fair,8.4,2,124600,2025-06-04
8259,1259,557,Poor,6.6,0,332100,2025-05-15
8260,1260,638,Fair,14.4,1,170900,2025-04-28
8261,1261,655,Fair,12.9,1,164700,2025-01-24
8262,1262,685,Fair,9.2,1,265000,2025-09-21
8263,1263,700,Good,1.1,0,302800,2025-11-19
8264,1264,763,Excellent,7.0,0,1489200,2025-01-11
8265,1265,667,Fair,10.8,0,187300,2025-12-22
8266,1266,646,Fair,2.6,0,240100,2025-03-07
8267,1267,694,Fair,6.7,1,56200,2025-09-20
8268,1268,708,Good,3.7,0,451900,2025-01-24
8269,1269,645,Fair,5.7,0,334800,2025-11-15
8270,1270,562,Poor,1.4,0,512500,2025-11-24
8271,1271,653,Fair,2.8,3,372800,2025-05-21
8272,1272,751,Excellent,7.4,0,58700,2025-08-19
8273,1273,684,Fair,13.6,0,1430300,2025-03-29
8274,1274,783,Excellent,7.9,0,393800,2025-04-26
8275,1275,728,Good,7.3,2,418900,2025-10-07
8276,1276,650,Fair,12.0,0,1462500,2025-02-07
8277,1277,800,Excellent,4.7,2,193300,2025-07-18
8278,1278,625,Fair,2.3,2,86300,2025-09-23
8279,1279,564,Poor,3.9,0,112700,2025-06-07
8280,1280,716,Good,12.1,0,291300,2025-08-19
8281,1281,631,Fair,10.5,1,270800,2025-12-10
8282,1282,686,Fair,2.3,2,1296300,2025-10-10
8283,1283,610,Fair,10.3,2,426100,2025-10-13
8284,1284,690,Fair,14.0,3,81000,2025-05-08
8285,1285,726,Good,1.6,1,162500,2025-07-26
8286,1286,737,Good,9.6,2,175600,2025-09-15
8287,1287,605,Fair,6.3,2,236200,2025-09-21
8288,1288,588,Poor,8.0,0,159700,2025-05-25
8289,1289,720,Good,8.4,0,100300,2025-02-17
8290,1290,662,Fair,11.8,1,343100,2025-03-05
8291,1291,648,Fair,8.8,1,198600,2025-07-08
8292,1292,681,Fair,9.3,0,96400,2025-05-21
8293,1293,677,Fair,5.7,1,1271000,2025-08-16
8294,1294,718,Good,2.8,1,283200,2025-04-17
8295,1295,727,Good,10.6,0,1798900,2025-05-10
8296,1296,764,Excellent,1.0,1,826900,2025-12-06
8297,1297,671,Fair,5.6,1,198100,2025-05-31
8298,1298,765,Excellent,4.1,1,1580100,2025-08-01
8299,1299,734,Good,6.4,1,811400,2025-08-11
8300,1300,755,Excellent,5.4,1,178400,2025-01-16
8301,1301,607,Fair,10.9,0,226000,2025-05-21
8302,1302,682,Fair,4.6,2,392600,2025-09-15
8303,1303,832,Excellent,8.9,0,247200,2025-04-24
8304,1304,587,Poor,7.4,2,759000,2025-11-17
8305,1305,824,Excellent,12.2,1,427200,2025-01-26
8306,1306,821,Excellent,7.0,1,771300,2025-10-13
8307,1307,745,Good,13.1,0,530700,2025-02-07
8308,1308,589,Poor,1.0,1,162800,2025-01-25
8309,1309,674,Fair,9.5,1,70100,2025-02-21
8310,1310,749,Good,1.1,1,155600,2025-12-05
8311,1311,591,Poor,11.0,2,2008300,2025-04-01
8312,1312,741,Good,4.3,2,724600,2025-05-18
8313,1313,698,Fair,6.3,0,334000,2025-07-28
8314,1314,647,Fair,6.3,1,1048100,2025-03-02
8315,1315,606,Fair,12.8,4,309100,2025-04-21
8316,1316,799,Excellent,2.4,2,332300,2025-09-15
8317,1317,748,Good,10.3,2,423900,2025-12-03
8318,1318,678,Fair,14.7,1,207300,2025-05-15
8319,1319,693,Fair,1.3,0,134800,2025-03-01
8320,1320,670,Fair,14.5,1,444600,2025-07-08
8321,1321,554,Poor,1.3,1,305800,2025-12-02
8322,1322,787,Excellent,12.8,1,242300,2025-04-23
8323,1323,706,Good,14.5,1,485900,2025-01-27
8324,1324,762,Excellent,14.9,1,213600,2025-01-01
8325,1325,656,Fair,7.4,5,609900,2025-08-02
8326,1326,697,Fair,13.1,1,101300,2025-03-27
8327,1327,714,Good,2.7,1,95200,2025-06-04
8328,1328,767,Excellent,7.0,3,91500,2025-03-21
8329,1329,824,Excellent,5.3,3,303100,2025-03-01
8330,1330,664,Fair,6.5,0,89500,2025-11-05
8331,1331,664,Fair,10.8,1,1438200,2025-02-05
8332,1332,672,Fair,2.2,0,1390500,2025-10-18
8333,1333,645,Fair,15.0,1,428500,2025-10-16
8334,1334,850,Excellent,9.9,1,691100,2025-11-21
8335,1335,564,Poor,13.2,0,139400,2025-12-29
8336,1336,850,Excellent,12.6,4,851300,2025-06-24
8337,1337,738,Good,11.7,2,228000,2025-12-20
8338,1338,684,Fair,1.5,1,286700,2025-12-18
8339,1339,627,Fair,8.2,2,251800,2025-03-30
8340,1340,687,Fair,5.6,1,158000,2025-02-28
8341,1341,648,Fair,2.6,1,507100,2025-03-02
8342,1342,794,Excellent,5.8,2,184400,2025-08-30
8343,1343,737,Good,10.0,2,236700,2025-10-10
8344,1344,815,Excellent,4.2,0,38900,2025-08-13
8345,1345,668,Fair,7.2,2,420400,2025-08-10
8346,1346,701,Good,6.7,0,273500,2025-03-31
8347,1347,683,Fair,1.7,1,128800,2025-01-15
8348,1348,662,Fair,9.8,2,242100,2025-12-31
8349,1349,613,Fair,9.7,1,197300,2025-07-04
8350,1350,744,Good,14.5,3,74600,2025-07-23
8351,1351,716,Good,5.2,1,1293400,2025-02-10
8352,1352,686,Fair,6.9,1,1073000,2025-06-20
8353,1353,728,Good,6.7,3,570300,2025-09-25
8354,1354,659,Fair,13.9,1,923300,2025-07-15
8355,1355,691,Fair,6.7,0,191600,2025-09-07
8356,1356,755,Excellent,7.2,0,297600,2025-07-14
8357,1357,765,Excellent,4.5,2,185300,2025-08-18
8358,1358,805,Excellent,1.0,2,376300,2025-04-06
8359,1359,607,Fair,2.5,1,708200,2025-08-06
8360,1360,618,Fair,10.9,1,280400,2025-01-04
8361,1361,604,Fair,10.6,0,94100,2025-01-05
8362,1362,641,Fair,5.5,1,435700,2025-02-15
8363,1363,665,Fair,7.6,3,174000,2025-11-27
8364,1364,723,Good,5.2,0,695000,2025-05-06
8365,1365,777,Excellent,11.2,1,1621400,2025-05-17
8366,1366,660,Fair,12.8,0,783300,2025-05-16
8367,1367,733,Good,13.6,0,247100,2025-11-10
8368,1368,786,Excellent,3.4,2,332600,2025-12-25
8369,1369,656,Fair,10.7,0,275300,2025-11-15
8370,1370,669,Fair,14.5,2,133700,2025-07-08
8371,1371,695,Fair,10.1,0,186100,2025-05-23
8372,1372,564,Poor,5.9,0,261600,2025-03-14
8373,1373,728,Good,9.9,0,245500,2025-06-27
8374,1374,600,Fair,10.6,2,99700,2025-12-16
8375,1375,749,Good,6.6,2,312400,2025-08-14
8376,1376,658,Fair,2.5,0,284600,2025-10-05
8377,1377,652,Fair,9.5,0,39500,2025-08-26
8378,1378,617,Fair,12.2,2,268300,2025-04-04
8379,1379,731,Good,15.0,1,36200,2025-11-26
8380,1380,730,Good,4.1,2,120000,2025-07-16
8381,1381,656,Fair,10.8,0,103400,2025-03-05
8382,1382,825,Excellent,1.4,1,243500,2025-05-30
8383,1383,693,Fair,14.6,0,162400,2025-05-21
8384,1384,689,Fair,1.2,1,221500,2025-08-19
8385,1385,694,Fair,6.0,0,1655600,2025-09-02
8386,1386,639,Fair,2.1,3,125600,2025-10-30
8387,1387,615,Fair,9.7,2,807100,2025-12-13
8388,1388,662,Fair,5.8,2,514200,2025-10-04
8389,1389,738,Good,11.3,3,423200,2025-01-31
8390,1390,551,Poor,7.8,1,909300,2025-02-07
8391,1391,578,Poor,6.9,0,199100,2025-02-08
8392,1392,644,Fair,5.9,2,262300,2025-06-13
8393,1393,555,Poor,2.2,0,140000,2025-12-22
8394,1394,584,Poor,3.9,1,35100,2025-09-24
8395,1395,751,Excellent,9.9,2,329600,2025-03-10
8396,1396,657,Fair,8.0,0,1411800,2025-10-17
8397,1397,627,Fair,2.0,1,86400,2025-08-17
8398,1398,700,Good,8.6,0,94500,2025-09-18
8399,1399,699,Fair,1.8,1,392900,2025-01-20
8400,1400,777,Excellent,8.2,1,244800,2025-03-04
8401,1401,557,Poor,14.5,1,1159000,2025-10-28
8402,1402,621,Fair,5.3,1,189400,2025-06-19
8403,1403,645,Fair,11.1,2,1191400,2025-01-13
8404,1404,719,Good,11.4,1,447700,2025-05-17
8405,1405,850,Excellent,6.7,2,829700,2025-08-12
8406,1406,734,Good,9.3,1,145600,2025-04-04
8407,1407,670,Fair,7.6,4,245600,2025-06-26
8408,1408,599,Poor,5.0,1,347400,2025-12-14
8409,1409,590,Poor,11.6,2,412100,2025-12-23
8410,1410,758,Excellent,10.8,2,155700,2025-06-05
8411,1411,630,Fair,13.6,0,190800,2025-05-01
8412,1412,663,Fair,9.7,0,1200200,2025-06-20
8413,1413,814,Excellent,6.4,1,675800,2025-07-17
8414,1414,561,Poor,11.0,0,99200,2025-06-18
8415,1415,710,Good,9.7,1,380500,2025-06-21
8416,1416,622,Fair,9.6,0,890500,2025-06-06
8417,1417,813,Excellent,12.9,2,155200,2025-11-20
8418,1418,620,Fair,13.7,0,482800,2025-07-29
8419,1419,740,Good,3.5,4,501400,2025-10-08
8420,1420,554,Poor,5.4,0,65600,2025-07-15
8421,1421,806,Excellent,10.1,0,149200,2025-09-27
8422,1422,759,Excellent,8.8,0,186600,2025-07-06
8423,1423,648,Fair,10.1,1,300000,2025-03-03
8424,1424,719,Good,7.1,1,182900,2025-05-25
8425,1425,762,Excellent,6.8,1,427200,2025-08-14
8426,1426,701,Good,2.6,0,224900,2025-04-27
8427,1427,661,Fair,9.7,3,73700,2025-07-25
8428,1428,683,Fair,3.5,0,26100,2025-12-22
8429,1429,698,Fair,10.4,1,184800,2025-03-07
8430,1430,694,Fair,14.5,0,344700,2025-10-28
8431,1431,723,Good,4.6,1,298700,2025-11-23
8432,1432,613,Fair,3.0,4,113100,2025-01-28
8433,1433,641,Fair,1.3,2,634900,2025-11-11
8434,1434,661,Fair,6.3,1,209600,2025-09-21
8435,1435,725,Good,4.0,1,645400,2025-08-09
8436,1436,575,Poor,7.9,0,668400,2025-01-10
8437,1437,702,Good,8.3,0,627600,2025-10-04
8438,1438,749,Good,5.9,0,533500,2025-10-18
8439,1439,694,Fair,11.5,3,102900,2025-01-04
8440,1440,696,Fair,13.7,0,250000,2025-06-30
8441,1441,667,Fair,4.0,0,1148100,2025-03-26
8442,1442,695,Fair,12.7,1,240100,2025-01-25
8443,1443,657,Fair,2.8,2,75000,2025-01-20
8444,1444,678,Fair,4.2,3,571400,2025-07-18
8445,1445,657,Fair,8.9,2,486600,2025-07-18
8446,1446,677,Fair,5.3,1,271700,2025-04-06
8447,1447,666,Fair,1.6,3,231900,2025-04-06
8448,1448,601,Fair,5.1,1,369400,2025-10-05
8449,1449,577,Poor,13.7,0,590400,2025-02-18
8450,1450,696,Fair,3.4,1,322200,2025-03-30
8451,1451,735,Good,11.7,1,506000,2025-01-06
8452,1452,807,Excellent,11.1,1,1344200,2025-05-26
8453,1453,772,Excellent,2.5,2,235100,2025-01-12
8454,1454,758,Excellent,5.6,2,3374800,2025-01-28
8455,1455,707,Good,3.7,1,1537300,2025-10-02
8456,1456,699,Fair,1.3,2,196000,2025-02-12
8457,1457,631,Fair,3.4,0,1882000,2025-04-09
8458,1458,622,Fair,3.8,0,185500,2025-05-23
8459,1459,704,Good,3.3,1,2691100,2025-10-19
8460,1460,627,Fair,2.3,1,238100,2025-04-07
8461,1461,683,Fair,8.4,1,476700,2025-03-26
8462,1462,503,Poor,5.5,1,468400,2025-10-25
8463,1463,725,Good,13.7,2,212600,2025-04-01
8464,1464,612,Fair,3.6,0,449500,2025-10-28
8465,1465,583,Poor,9.4,3,852600,2025-01-30
8466,1466,744,Good,13.6,0,324000,2025-10-22
8467,1467,762,Excellent,1.7,1,379700,2025-06-23
8468,1468,684,Fair,8.2,1,622600,2025-07-05
8469,1469,636,Fair,7.3,1,110400,2025-01-30
8470,1470,744,Good,14.0,2,323600,2025-09-08
8471,1471,632,Fair,10.3,3,931000,2025-04-19
8472,1472,678,Fair,5.9,0,233600,2025-08-01
8473,1473,791,Excellent,11.0,0,514500,2025-08-06
8474,1474,718,Good,9.2,1,67500,2025-12-10
8475,1475,687,Fair,5.9,0,329500,2025-07-01
8476,1476,669,Fair,12.0,0,264400,2025-12-08
8477,1477,693,Fair,10.4,0,313900,2025-02-06
8478,1478,710,Good,1.1,0,258100,2025-12-12
8479,1479,606,Fair,13.1,0,913100,2025-05-30
8480,1480,781,Excellent,6.6,1,132500,2025-04-07
8481,1481,656,Fair,10.0,0,218900,2025-01-24
8482,1482,675,Fair,6.6,2,148300,2025-11-21
8483,1483,751,Excellent,13.3,0,91400,2025-12-10
8484,1484,679,Fair,10.1,0,282000,2025-12-21
8485,1485,756,Excellent,9.1,1,128600,2025-05-02
8486,1486,686,Fair,14.7,2,374200,2025-03-27
8487,1487,697,Fair,4.9,3,383200,2025-06-10
8488,1488,706,Good,1.9,1,345900,2025-01-17
8489,1489,718,Good,8.2,2,504600,2025-09-01
8490,1490,732,Good,6.9,3,36600,2025-09-25
8491,1491,769,Excellent,7.4,1,1152400,2025-10-13
8492,1492,764,Excellent,9.7,1,284200,2025-08-06
8493,1493,631,Fair,9.6,0,556300,2025-01-06
8494,1494,799,Excellent,6.5,4,122100,2025-09-24
8495,1495,562,Poor,13.1,0,95200,2025-08-23
8496,1496,643,Fair,10.1,1,474400,2025-05-04
8497,1497,680,Fair,13.5,1,575800,2025-03-01
8498,1498,603,Fair,13.8,1,99300,2025-01-10
8499,1499,711,Good,3.3,4,513600,2025-01-16
8500,1500,745,Good,10.5,3,563700,2025-03-25
8501,1501,637,Fair,5.4,0,528300,2025-06-21
8502,1502,725,Good,12.7,2,344300,2025-05-27
8503,1503,753,Excellent,11.3,1,396700,2025-04-10
8504,1504,545,Poor,3.8,2,1399000,2025-09-28
8505,1505,703,Good,14.1,0,177900,2025-08-03
8506,1506,718,Good,10.6,1,660100,2025-03-26
8507,1507,621,Fair,14.3,0,438300,2025-02-08
8508,1508,600,Fair,3.8,0,87300,2025-01-05
8509,1509,638,Fair,13.2,0,83200,2025-03-27
8510,1510,676,Fair,10.4,1,349000,2025-10-14
8511,1511,634,Fair,8.7,3,71100,2025-07-26
8512,1512,732,Good,12.5,1,34700,2025-02-07
8513,1513,722,Good,9.9,0,5857200,2025-09-13
8514,1514,718,Good,10.4,0,125700,2025-06-29
8515,1515,784,Excellent,4.6,1,686000,2025-01-19
8516,1516,738,Good,12.4,0,370400,2025-06-12
8517,1517,711,Good,10.1,1,2435200,2025-07-21
8518,1518,598,Poor,12.8,2,1646600,2025-09-28
8519,1519,777,Excellent,5.9,2,497200,2025-03-29
8520,1520,785,Excellent,5.6,2,83700,2025-06-24
8521,1521,665,Fair,1.3,0,1192800,2025-08-31
8522,1522,629,Fair,11.8,1,98100,2025-05-28
8523,1523,747,Good,5.6,1,787100,2025-09-22
8524,1524,553,Poor,5.6,1,123100,2025-01-05
8525,1525,720,Good,10.6,2,191500,2025-05-19
8526,1526,802,Excellent,4.5,2,2431800,2025-04-13
8527,1527,661,Fair,13.7,3,374300,2025-12-13
8528,1528,708,Good,8.5,2,148500,2025-09-15
8529,1529,698,Fair,14.6,0,246500,2025-06-29
8530,1530,768,Excellent,2.1,2,371800,2025-09-03
8531,1531,698,Fair,5.7,1,139200,2025-05-28
8532,1532,664,Fair,6.3,0,539600,2025-01-21
8533,1533,576,Poor,11.2,2,144100,2025-11-03
8534,1534,697,Fair,4.0,2,43700,2025-06-07
8535,1535,685,Fair,6.3,2,246500,2025-06-25
8536,1536,537,Poor,13.7,1,173800,2025-09-14
8537,1537,615,Fair,2.6,0,342000,2025-09-22
8538,1538,645,Fair,11.4,2,250600,2025-04-23
8539,1539,645,Fair,10.8,1,653900,2025-06-17
8540,1540,688,Fair,2.8,2,571800,2025-01-21
8541,1541,682,Fair,10.6,2,49200,2025-03-21
8542,1542,685,Fair,9.0,1,287300,2025-08-16
8543,1543,850,Excellent,5.0,1,201100,2025-02-06
8544,1544,657,Fair,5.4,3,227800,2025-04-01
8545,1545,625,Fair,12.7,0,59800,2025-11-23
8546,1546,808,Excellent,4.2,2,17300,2025-06-01
8547,1547,800,Excellent,8.2,3,1153300,2025-06-27
8548,1548,609,Fair,10.5,2,242400,2025-07-01
8549,1549,781,Excellent,2.8,2,390200,2025-04-20
8550,1550,551,Poor,14.1,1,161500,2025-12-26
8551,1551,850,Excellent,4.6,1,82400,2025-04-19
8552,1552,824,Excellent,5.5,0,183600,2025-06-05
8553,1553,730,Good,10.3,2,120600,2025-09-17
8554,1554,754,Excellent,2.1,0,518700,2025-03-08
8555,1555,723,Good,9.8,3,405700,2025-09-17
8556,1556,641,Fair,13.8,0,543900,2025-09-28
8557,1557,780,Excellent,4.5,1,424900,2025-02-06
8558,1558,792,Excellent,6.1,1,52300,2025-09-27
8559,1559,635,Fair,4.3,1,216000,2025-05-03
8560,1560,688,Fair,12.5,0,143300,2025-08-12
8561,1561,598,Poor,3.3,0,348800,2025-07-14
8562,1562,686,Fair,5.9,1,166300,2025-03-23
8563,1563,670,Fair,9.4,4,396200,2025-02-19
8564,1564,784,Excellent,6.7,2,413700,2025-03-19
8565,1565,810,Excellent,1.9,1,238300,2025-01-25
8566,1566,610,Fair,14.3,0,385900,2025-10-22
8567,1567,748,Good,5.7,2,420900,2025-01-26
8568,1568,756,Excellent,7.2,1,335300,2025-03-01
8569,1569,559,Poor,3.3,0,413400,2025-11-04
8570,1570,762,Excellent,13.1,2,544200,2025-03-11
8571,1571,579,Poor,5.1,0,215900,2025-06-03
8572,1572,652,Fair,1.3,0,153800,2025-02-17
8573,1573,622,Fair,5.4,2,410100,2025-02-23
8574,1574,572,Poor,14.8,0,178300,2025-04-24
8575,1575,773,Excellent,3.1,0,297400,2025-10-04
8576,1576,619,Fair,1.4,0,265900,2025-04-20
8577,1577,660,Fair,9.1,2,1368800,2025-03-13
8578,1578,689,Fair,6.2,0,593800,2025-01-18
8579,1579,746,Good,12.1,2,910400,2025-01-15
8580,1580,617,Fair,11.2,1,434400,2025-02-11
8581,1581,727,Good,3.6,2,388400,2025-01-20
8582,1582,673,Fair,8.9,2,436100,2025-01-16
8583,1583,614,Fair,1.5,3,198800,2025-05-15
8584,1584,767,Excellent,7.2,2,107400,2025-08-09
8585,1585,846,Excellent,11.0,2,506000,2025-04-05
8586,1586,705,Good,6.8,2,475200,2025-04-03
8587,1587,644,Fair,2.7,1,1084000,2025-03-22
8588,1588,635,Fair,1.9,0,649600,2025-03-19
8589,1589,750,Excellent,13.0,1,202600,2025-12-17
8590,1590,691,Fair,13.5,0,110000,2025-05-26
8591,1591,610,Fair,5.8,0,410600,2025-11-16
8592,1592,563,Poor,3.3,1,306800,2025-01-26
8593,1593,719,Good,14.7,1,181100,2025-07-16
8594,1594,595,Poor,8.6,0,490400,2025-05-24
8595,1595,660,Fair,7.7,1,103000,2025-03-18
8596,1596,812,Excellent,11.4,1,171800,2025-11-10
8597,1597,628,Fair,3.4,1,3907500,2025-12-18
8598,1598,769,Excellent,9.1,0,123700,2025-07-20
8599,1599,613,Fair,13.5,0,446500,2025-10-30
8600,1600,756,Excellent,1.3,2,741300,2025-11-23
8601,1601,733,Good,10.4,0,643000,2025-05-03
8602,1602,727,Good,8.7,1,551700,2025-06-27
8603,1603,644,Fair,14.3,0,450500,2025-10-29
8604,1604,738,Good,4.6,0,295700,2025-01-08
8605,1605,718,Good,13.0,0,1093100,2025-01-02
8606,1606,832,Excellent,5.3,1,1040200,2025-05-26
8607,1607,644,Fair,7.0,1,740200,2025-02-05
8608,1608,786,Excellent,4.0,1,1266600,2025-03-29
8609,1609,622,Fair,13.1,1,707100,2025-04-29
8610,1610,672,Fair,3.7,0,222300,2025-02-11
8611,1611,642,Fair,13.0,0,161100,2025-12-24
8612,1612,653,Fair,7.4,2,418600,2025-05-19
8613,1613,678,Fair,12.7,5,389800,2025-02-28
8614,1614,798,Excellent,4.7,3,455000,2025-06-29
8615,1615,724,Good,2.9,1,1191900,2025-07-21
8616,1616,783,Excellent,8.8,1,213600,2025-08-09
8617,1617,691,Fair,8.1,2,261600,2025-02-18
8618,1618,786,Excellent,6.0,2,392700,2025-12-26
8619,1619,707,Good,10.3,2,262500,2025-08-28
8620,1620,631,Fair,2.3,1,57700,2025-05-08
8621,1621,769,Excellent,9.7,1,198100,2025-11-26
8622,1622,801,Excellent,4.0,2,123700,2025-10-13
8623,1623,738,Good,2.8,0,1027700,2025-01-28
8624,1624,752,Excellent,13.7,2,142500,2025-04-03
8625,1625,786,Excellent,7.4,1,288800,2025-06-28
8626,1626,670,Fair,11.7,2,314300,2025-08-05
8627,1627,636,Fair,2.2,0,469900,2025-01-27
8628,1628,717,Good,1.8,1,379100,2025-05-07
8629,1629,819,Excellent,7.9,1,397900,2025-04-08
8630,1630,713,Good,5.4,2,135900,2025-11-04
8631,1631,737,Good,1.1,0,234400,2025-10-27
8632,1632,696,Fair,3.6,2,86100,2025-02-17
8633,1633,712,Good,4.1,0,421900,2025-12-20
8634,1634,650,Fair,5.0,1,150000,2025-09-29
8635,1635,731,Good,13.3,4,1009800,2025-07-07
8636,1636,756,Excellent,6.9,1,50600,2025-10-30
8637,1637,577,Poor,10.5,2,1695600,2025-04-20
8638,1638,577,Poor,1.3,1,370200,2025-11-27
8639,1639,558,Poor,12.4,0,227700,2025-01-15
8640,1640,801,Excellent,4.4,1,492400,2025-04-12
8641,1641,621,Fair,5.3,1,1118300,2025-04-04
8642,1642,716,Good,1.6,1,1638100,2025-07-03
8643,1643,824,Excellent,6.7,1,298800,2025-08-07
8644,1644,715,Good,12.9,1,49800,2025-05-09
8645,1645,729,Good,6.3,0,278100,2025-06-02
8646,1646,627,Fair,13.7,0,186300,2025-11-16
8647,1647,715,Good,13.1,2,541200,2025-04-02
8648,1648,615,Fair,1.9,0,206800,2025-02-12
8649,1649,547,Poor,5.3,0,108400,2025-09-27
8650,1650,694,Fair,13.7,3,187400,2025-09-05
8651,1651,714,Good,1.4,1,1025300,2025-03-09
8652,1652,650,Fair,11.7,0,337300,2025-09-27
8653,1653,634,Fair,13.7,0,726600,2025-07-27
8654,1654,674,Fair,11.8,3,206800,2025-08-14
8655,1655,635,Fair,11.4,1,865400,2025-07-24
8656,1656,746,Good,12.8,1,137300,2025-05-25
8657,1657,724,Good,10.3,2,151800,2025-04-02
8658,1658,812,Excellent,6.9,1,1026500,2025-05-18
8659,1659,663,Fair,1.9,0,985400,2025-01-17
8660,1660,695,Fair,12.0,2,53900,2025-01-02
8661,1661,703,Good,13.7,0,734500,2025-09-07
8662,1662,662,Fair,8.2,1,89900,2025-11-17
8663,1663,541,Poor,8.5,1,781600,2025-04-29
8664,1664,723,Good,6.6,1,763100,2025-07-16
8665,1665,850,Excellent,13.0,1,1239900,2025-12-21
8666,1666,765,Excellent,1.2,0,1390200,2025-08-02
8667,1667,837,Excellent,9.7,0,370900,2025-04-17
8668,1668,757,Excellent,13.7,0,240000,2025-07-27
8669,1669,679,Fair,2.4,0,294400,2025-04-27
8670,1670,735,Good,14.4,1,267900,2025-01-09
8671,1671,770,Excellent,14.5,1,237500,2025-05-22
8672,1672,570,Poor,14.0,0,253600,2025-11-26
8673,1673,723,Good,7.5,2,827400,2025-01-22
8674,1674,683,Fair,6.4,3,93600,2025-09-29
8675,1675,801,Excellent,10.9,1,792900,2025-06-18
8676,1676,718,Good,5.5,0,297700,2025-07-14
8677,1677,505,Poor,2.0,3,79700,2025-04-04
8678,1678,723,Good,13.6,0,512300,2025-07-12
8679,1679,535,Poor,9.9,0,74100,2025-12-08
8680,1680,786,Excellent,3.9,0,324400,2025-10-15
8681,1681,632,Fair,1.3,2,2022300,2025-06-29
8682,1682,605,Fair,11.1,1,200400,2025-09-24
8683,1683,632,Fair,12.9,4,214200,2025-01-20
8684,1684,623,Fair,6.7,3,608900,2025-12-06
8685,1685,678,Fair,2.1,0,531400,2025-08-13
8686,1686,625,Fair,10.1,1,531600,2025-06-18
8687,1687,667,Fair,5.2,3,199200,2025-11-19
8688,1688,574,Poor,3.0,0,459900,2025-02-13
8689,1689,671,Fair,8.1,1,179700,2025-07-07
8690,1690,797,Excellent,7.7,3,456600,2025-04-05
8691,1691,656,Fair,8.2,0,266900,2025-12-28
8692,1692,737,Good,12.5,1,596600,2025-05-15
8693,1693,596,Poor,7.8,2,677000,2025-04-04
8694,1694,733,Good,13.6,2,444000,2025-02-23
8695,1695,775,Excellent,12.8,3,150100,2025-03-23
8696,1696,797,Excellent,10.1,0,77200,2025-09-26
8697,1697,705,Good,1.8,1,108300,2025-10-16
8698,1698,740,Good,13.1,1,124900,2025-05-15
8699,1699,594,Poor,13.7,0,4430600,2025-06-07
8700,1700,661,Fair,6.3,1,543000,2025-09-24
8701,1701,630,Fair,8.4,2,367800,2025-11-22
8702,1702,715,Good,4.9,2,182400,2025-10-04
8703,1703,650,Fair,1.2,1,697500,2025-10-15
8704,1704,742,Good,7.7,1,252300,2025-05-13
8705,1705,850,Excellent,2.8,1,408100,2025-12-28
8706,1706,737,Good,3.6,0,514400,2025-12-15
8707,1707,796,Excellent,7.7,1,436500,2025-02-04
8708,1708,601,Fair,13.1,0,319000,2025-09-08
8709,1709,684,Fair,12.8,2,120400,2025-02-16
8710,1710,706,Good,14.5,1,316600,2025-09-25
8711,1711,695,Fair,7.8,0,797500,2025-10-20
8712,1712,828,Excellent,8.7,1,591400,2025-02-13
8713,1713,634,Fair,12.5,3,399400,2025-10-05
8714,1714,714,Good,10.8,0,624800,2025-05-19
8715,1715,508,Poor,3.6,1,102100,2025-12-09
8716,1716,722,Good,6.6,1,259700,2025-11-07
8717,1717,728,Good,14.0,1,289100,2025-08-25
8718,1718,686,Fair,3.0,0,114400,2025-09-23
8719,1719,720,Good,3.9,0,476800,2025-06-19
8720,1720,648,Fair,6.6,1,554600,2025-08-04
8721,1721,598,Poor,14.2,2,347800,2025-04-27
8722,1722,616,Fair,2.6,0,359500,2025-08-26
8723,1723,626,Fair,10.4,1,175600,2025-09-13
8724,1724,593,Poor,2.8,2,177300,2025-09-01
8725,1725,590,Poor,8.3,0,88000,2025-12-02
8726,1726,628,Fair,8.5,1,253900,2025-11-28
8727,1727,663,Fair,1.6,0,175400,2025-03-29
8728,1728,700,Good,14.4,1,145700,2025-08-22
8729,1729,598,Poor,12.3,1,315300,2025-04-07
8730,1730,620,Fair,5.2,1,214900,2025-01-18
8731,1731,644,Fair,2.8,2,84500,2025-04-21
8732,1732,723,Good,5.8,2,182200,2025-07-28
8733,1733,600,Fair,13.5,4,266300,2025-12-07
8734,1734,651,Fair,2.9,0,111800,2025-03-06
8735,1735,763,Excellent,5.9,1,411500,2025-05-03
8736,1736,630,Fair,7.9,0,321100,2025-08-26
8737,1737,596,Poor,1.5,1,136500,2025-12-30
8738,1738,683,Fair,4.8,1,605100,2025-05-03
8739,1739,628,Fair,9.3,2,1045700,2025-10-14
8740,1740,483,Poor,5.5,0,281500,2025-08-06
8741,1741,705,Good,13.2,0,248000,2025-08-10
8742,1742,755,Excellent,14.1,2,225200,2025-12-11
8743,1743,688,Fair,7.2,1,187000,2025-04-23
8744,1744,768,Excellent,8.4,1,129200,2025-01-18
8745,1745,738,Good,9.8,0,332700,2025-08-07
8746,1746,626,Fair,10.3,1,151100,2025-06-10
8747,1747,844,Excellent,1.9,1,28900,2025-03-11
8748,1748,714,Good,1.8,0,1867000,2025-01-07
8749,1749,722,Good,13.1,2,1382100,2025-01-01
8750,1750,615,Fair,4.1,0,331700,2025-12-24
8751,1751,574,Poor,9.2,2,93100,2025-04-09
8752,1752,609,Fair,9.7,1,2375500,2025-03-28
8753,1753,759,Excellent,3.3,0,478800,2025-03-21
8754,1754,818,Excellent,11.7,2,215600,2025-11-11
8755,1755,712,Good,13.1,4,1171000,2025-02-03
8756,1756,697,Fair,5.0,0,122500,2025-08-14
8757,1757,763,Excellent,13.3,1,46300,2025-08-11
8758,1758,794,Excellent,2.1,0,166600,2025-06-29
8759,1759,581,Poor,12.2,1,573500,2025-01-08
8760,1760,812,Excellent,10.0,2,2333200,2025-08-31
8761,1761,661,Fair,9.2,1,157900,2025-03-29
8762,1762,771,Excellent,4.2,0,105200,2025-11-05
8763,1763,610,Fair,6.1,1,309000,2025-05-23
8764,1764,768,Excellent,13.7,2,296900,2025-01-28
8765,1765,582,Poor,7.5,1,1634600,2025-05-22
8766,1766,774,Excellent,9.3,1,377100,2025-03-31
8767,1767,738,Good,14.1,0,2009300,2025-07-05
8768,1768,572,Poor,7.5,0,1034800,2025-11-09
8769,1769,786,Excellent,6.4,0,688800,2025-06-29
8770,1770,617,Fair,13.5,1,80300,2025-02-06
8771,1771,776,Excellent,13.8,0,210400,2025-01-02
8772,1772,701,Good,6.0,0,377800,2025-02-03
8773,1773,597,Poor,9.3,2,28400,2025-11-10
8774,1774,614,Fair,14.5,2,164700,2025-08-14
8775,1775,850,Excellent,1.8,0,224500,2025-03-14
8776,1776,850,Excellent,1.6,1,148100,2025-12-30
8777,1777,674,Fair,8.2,1,2009700,2025-04-26
8778,1778,722,Good,5.1,3,468800,2025-04-24
8779,1779,780,Excellent,9.1,3,249100,2025-01-30
8780,1780,593,Poor,11.1,0,57300,2025-03-24
8781,1781,742,Good,2.0,1,186200,2025-07-27
8782,1782,764,Excellent,13.4,3,1261100,2025-04-17
8783,1783,717,Good,4.9,0,173500,2025-11-11
8784,1784,794,Excellent,6.3,1,209700,2025-07-05
8785,1785,701,Good,5.7,3,93000,2025-06-01
8786,1786,773,Excellent,12.8,0,348500,2025-05-30
8787,1787,708,Good,3.4,1,400100,2025-06-09
8788,1788,575,Poor,1.4,2,354300,2025-03-16
8789,1789,760,Excellent,14.6,0,103900,2025-12-15
8790,1790,788,Excellent,14.7,3,475100,2025-06-19
8791,1791,679,Fair,4.6,0,207200,2025-07-06
8792,1792,590,Poor,1.1,1,371600,2025-12-10
8793,1793,755,Excellent,10.0,2,611100,2025-12-05
8794,1794,714,Good,10.1,0,438000,2025-11-07
8795,1795,712,Good,14.2,0,540300,2025-06-18
8796,1796,704,Good,5.2,1,558400,2025-11-09
8797,1797,766,Excellent,3.7,0,658500,2025-02-22
8798,1798,712,Good,9.6,2,721600,2025-09-14
8799,1799,654,Fair,8.9,0,884000,2025-03-01
8800,1800,569,Poor,11.0,3,443600,2025-08-10
8801,1801,655,Fair,13.4,0,639800,2025-03-17
8802,1802,758,Excellent,8.8,0,350000,2025-02-15
8803,1803,665,Fair,3.1,1,557300,2025-09-17
8804,1804,758,Excellent,9.4,2,198800,2025-01-15
8805,1805,584,Poor,6.2,2,61500,2025-12-03
8806,1806,614,Fair,7.3,2,1107300,2025-04-26
8807,1807,610,Fair,14.4,2,357200,2025-01-12
8808,1808,700,Good,8.8,0,349400,2025-01-01
8809,1809,824,Excellent,3.1,2,673600,2025-03-18
8810,1810,850,Excellent,7.2,0,165100,2025-01-30
8811,1811,769,Excellent,4.2,0,272500,2025-07-21
8812,1812,543,Poor,2.9,2,177300,2025-11-25
8813,1813,634,Fair,11.0,2,253500,2025-02-19
8814,1814,462,Poor,9.8,1,211000,2025-05-10
8815,1815,702,Good,8.0,1,182200,2025-01-06
8816,1816,812,Excellent,6.9,1,425200,2025-03-16
8817,1817,751,Excellent,5.5,2,56200,2025-12-12
8818,1818,558,Poor,2.2,0,982100,2025-12-14
8819,1819,794,Excellent,5.2,1,158100,2025-11-29
8820,1820,780,Excellent,12.7,3,464600,2025-06-15
8821,1821,806,Excellent,12.0,1,489100,2025-11-28
8822,1822,773,Excellent,14.6,1,229600,2025-12-05
8823,1823,651,Fair,10.2,1,443400,2025-10-01
8824,1824,551,Poor,8.8,3,113200,2025-06-05
8825,1825,778,Excellent,5.1,1,183300,2025-09-25
8826,1826,748,Good,2.1,2,241300,2025-11-04
8827,1827,542,Poor,9.7,0,451600,2025-07-24
8828,1828,618,Fair,7.8,1,220900,2025-09-01
8829,1829,620,Fair,11.6,0,259300,2025-03-28
8830,1830,745,Good,6.8,0,632700,2025-04-10
8831,1831,689,Fair,14.8,1,428600,2025-07-05
8832,1832,670,Fair,6.6,0,2459500,2025-08-10
8833,1833,659,Fair,5.7,0,132800,2025-10-05
8834,1834,606,Fair,13.2,1,94300,2025-12-24
8835,1835,762,Excellent,6.5,2,1675500,2025-06-22
8836,1836,635,Fair,13.2,1,379900,2025-11-14
8837,1837,777,Excellent,1.4,1,994800,2025-02-11
8838,1838,586,Poor,10.7,1,121400,2025-03-08
8839,1839,653,Fair,2.0,1,193300,2025-07-11
8840,1840,837,Excellent,3.1,3,338400,2025-05-23
8841,1841,708,Good,10.8,3,300100,2025-06-03
8842,1842,653,Fair,5.1,2,280100,2025-04-04
8843,1843,643,Fair,3.9,1,72100,2025-07-16
8844,1844,625,Fair,12.2,0,270600,2025-04-05
8845,1845,724,Good,14.2,2,407800,2025-09-06
8846,1846,757,Excellent,4.3,2,221500,2025-01-22
8847,1847,709,Good,5.4,2,724700,2025-02-23
8848,1848,686,Fair,11.0,1,727000,2025-05-05
8849,1849,735,Good,12.4,2,365100,2025-11-10
8850,1850,585,Poor,15.0,0,156000,2025-07-26
8851,1851,718,Good,4.8,3,414000,2025-06-30
8852,1852,723,Good,8.8,0,469300,2025-12-21
8853,1853,710,Good,2.9,0,327900,2025-10-02
8854,1854,648,Fair,5.6,1,153300,2025-06-11
8855,1855,632,Fair,1.6,1,641400,2025-10-05
8856,1856,592,Poor,4.0,1,441200,2025-05-21
8857,1857,800,Excellent,8.1,2,209500,2025-05-03
8858,1858,686,Fair,3.3,0,345000,2025-07-11
8859,1859,658,Fair,13.5,0,130800,2025-02-25
8860,1860,651,Fair,10.9,2,54900,2025-10-25
8861,1861,618,Fair,1.4,2,75900,2025-09-04
8862,1862,650,Fair,13.3,1,379800,2025-11-18
8863,1863,781,Excellent,14.7,1,229200,2025-07-10
8864,1864,734,Good,8.0,1,437800,2025-06-19
8865,1865,752,Excellent,5.4,1,633600,2025-08-07
8866,1866,762,Excellent,4.7,2,410200,2025-02-03
8867,1867,850,Excellent,2.2,0,168100,2025-10-12
8868,1868,692,Fair,7.9,1,434600,2025-02-05
8869,1869,658,Fair,1.7,2,211600,2025-09-22
8870,1870,723,Good,8.1,2,224400,2025-12-07
8871,1871,739,Good,4.5,0,772200,2025-10-25
8872,1872,687,Fair,7.7,2,501300,2025-08-16
8873,1873,623,Fair,6.9,4,206100,2025-03-08
8874,1874,704,Good,5.3,3,143700,2025-01-07
8875,1875,731,Good,7.3,1,1045100,2025-01-23
8876,1876,716,Good,7.6,2,288500,2025-01-23
8877,1877,552,Poor,12.7,2,107000,2025-09-29
8878,1878,571,Poor,10.3,1,201600,2025-03-10
8879,1879,744,Good,7.1,1,62100,2025-01-13
8880,1880,662,Fair,13.7,0,28600,2025-09-23
8881,1881,850,Excellent,11.6,1,708300,2025-09-05
8882,1882,791,Excellent,2.1,1,135900,2025-02-28
8883,1883,595,Poor,3.2,2,100200,2025-09-15
8884,1884,767,Excellent,2.1,1,180300,2025-07-27
8885,1885,810,Excellent,5.5,1,221500,2025-05-09
8886,1886,657,Fair,7.1,2,175700,2025-07-17
8887,1887,684,Fair,8.1,0,132700,2025-11-06
8888,1888,649,Fair,12.9,0,289000,2025-10-02
8889,1889,606,Fair,1.3,2,241700,2025-04-07
8890,1890,808,Excellent,7.0,1,1379000,2025-01-28
8891,1891,496,Poor,6.8,1,215900,2025-05-13
8892,1892,639,Fair,14.3,1,288900,2025-11-28
8893,1893,658,Fair,4.4,4,131700,2025-10-02
8894,1894,702,Good,2.7,2,537300,2025-04-14
8895,1895,597,Poor,3.0,0,1343000,2025-02-11
8896,1896,792,Excellent,8.3,3,275100,2025-06-02
8897,1897,552,Poor,6.5,1,170200,2025-10-18
8898,1898,553,Poor,11.6,2,352900,2025-01-09
8899,1899,694,Fair,5.5,0,460900,2025-08-12
8900,1900,593,Poor,2.8,0,4046100,2025-02-08
8901,1901,706,Good,6.4,0,262300,2025-02-07
8902,1902,634,Fair,13.4,0,220700,2025-09-28
8903,1903,751,Excellent,6.7,0,106100,2025-04-19
8904,1904,620,Fair,12.7,1,229200,2025-12-12
8905,1905,798,Excellent,6.2,0,205400,2025-03-01
8906,1906,737,Good,4.9,1,490700,2025-03-03
8907,1907,633,Fair,11.8,1,235400,2025-01-31
8908,1908,737,Good,3.9,0,119800,2025-01-30
8909,1909,701,Good,4.2,1,115800,2025-03-07
8910,1910,749,Good,1.7,0,205100,2025-09-20
8911,1911,735,Good,3.6,0,592200,2025-06-07
8912,1912,717,Good,6.3,3,352200,2025-06-10
8913,1913,695,Fair,6.6,1,458000,2025-12-25
8914,1914,758,Excellent,6.9,0,303700,2025-04-21
8915,1915,778,Excellent,7.7,0,429000,2025-02-07
8916,1916,700,Good,9.0,1,218400,2025-07-31
8917,1917,735,Good,3.7,0,138200,2025-05-17
8918,1918,760,Excellent,9.6,1,141000,2025-12-08
8919,1919,811,Excellent,5.7,1,134700,2025-06-07
8920,1920,797,Excellent,11.3,1,935800,2025-05-14
8921,1921,767,Excellent,8.8,3,723000,2025-07-08
8922,1922,659,Fair,8.8,2,204300,2025-06-14
8923,1923,592,Poor,10.6,0,348700,2025-03-20
8924,1924,732,Good,5.7,0,562000,2025-09-09
8925,1925,731,Good,7.0,1,176300,2025-07-25
8926,1926,660,Fair,9.2,0,268500,2025-05-28
8927,1927,590,Poor,6.9,0,127600,2025-10-13
8928,1928,814,Excellent,7.2,0,136800,2025-01-18
8929,1929,722,Good,4.8,0,549200,2025-07-10
8930,1930,599,Poor,5.0,0,318000,2025-07-04
8931,1931,680,Fair,10.8,2,307900,2025-08-05
8932,1932,589,Poor,1.1,1,834900,2025-03-29
8933,1933,741,Good,2.3,0,203900,2025-04-05
8934,1934,829,Excellent,14.3,1,570600,2025-10-01
8935,1935,676,Fair,3.6,1,142600,2025-03-02
8936,1936,683,Fair,6.9,1,206100,2025-03-23
8937,1937,669,Fair,12.9,3,156400,2025-03-19
8938,1938,673,Fair,1.0,2,147000,2025-07-15
8939,1939,632,Fair,14.0,1,1488500,2025-11-17
8940,1940,794,Excellent,1.7,0,95600,2025-02-09
8941,1941,705,Good,3.4,1,159900,2025-01-24
8942,1942,695,Fair,1.4,1,47500,2025-06-09
8943,1943,673,Fair,8.3,1,187300,2025-09-23
8944,1944,595,Poor,14.2,1,254800,2025-05-17
8945,1945,760,Excellent,12.7,0,642500,2025-02-08
8946,1946,797,Excellent,10.0,0,191000,2025-04-18
8947,1947,550,Poor,3.6,2,105200,2025-08-15
8948,1948,743,Good,13.2,2,190400,2025-03-10
8949,1949,755,Excellent,11.6,0,380100,2025-09-20
8950,1950,786,Excellent,4.7,1,593900,2025-10-06
8951,1951,780,Excellent,12.3,0,169100,2025-12-11
8952,1952,850,Excellent,13.3,1,128200,2025-01-17
8953,1953,720,Good,10.8,2,212600,2025-11-30
8954,1954,764,Excellent,2.4,1,408500,2025-08-15
8955,1955,691,Fair,14.8,1,614900,2025-07-11
8956,1956,630,Fair,2.1,1,119400,2025-11-17
8957,1957,743,Good,10.2,1,156800,2025-12-08
8958,1958,765,Excellent,2.5,4,45100,2025-01-28
8959,1959,716,Good,13.7,1,47200,2025-11-10
8960,1960,565,Poor,5.9,2,110600,2025-08-03
8961,1961,581,Poor,8.2,0,123100,2025-01-18
8962,1962,748,Good,3.5,4,194400,2025-04-20
8963,1963,663,Fair,8.7,0,393200,2025-05-01
8964,1964,717,Good,14.1,1,277700,2025-10-27
8965,1965,726,Good,13.6,0,385200,2025-03-05
8966,1966,681,Fair,1.9,0,677000,2025-02-06
8967,1967,671,Fair,6.3,2,374400,2025-01-03
8968,1968,680,Fair,4.7,2,250700,2025-09-27
8969,1969,734,Good,7.7,2,453900,2025-05-15
8970,1970,726,Good,12.7,0,54600,2025-03-24
8971,1971,630,Fair,11.3,0,238000,2025-07-26
8972,1972,689,Fair,5.8,2,534300,2025-06-16
8973,1973,610,Fair,6.4,1,263100,2025-05-13
8974,1974,729,Good,10.2,0,368300,2025-03-20
8975,1975,655,Fair,3.7,0,250500,2025-11-04
8976,1976,744,Good,2.4,0,518200,2025-04-19
8977,1977,672,Fair,4.4,0,667200,2025-01-26
8978,1978,776,Excellent,2.7,0,45300,2025-06-16
8979,1979,790,Excellent,5.9,1,165400,2025-06-22
8980,1980,723,Good,14.1,1,48500,2025-11-29
8981,1981,662,Fair,2.7,2,8500,2025-01-31
8982,1982,620,Fair,12.5,1,507500,2025-05-31
8983,1983,762,Excellent,8.5,1,612600,2025-02-09
8984,1984,685,Fair,9.9,1,190300,2025-10-15
8985,1985,694,Fair,3.4,1,161000,2025-12-23
8986,1986,661,Fair,3.1,2,256300,2025-09-17
8987,1987,586,Poor,3.3,1,3728200,2025-03-22
8988,1988,771,Excellent,10.3,2,117100,2025-12-06
8989,1989,684,Fair,11.5,2,89100,2025-06-23
8990,1990,550,Poor,13.9,0,514600,2025-03-16
8991,1991,680,Fair,6.6,1,540100,2025-02-11
8992,1992,588,Poor,7.5,0,424500,2025-04-07
8993,1993,734,Good,7.6,1,320900,2025-06-16
8994,1994,724,Good,4.8,0,226300,2025-07-17
8995,1995,803,Excellent,5.6,1,77800,2025-04-13
8996,1996,579,Poor,12.9,0,1600200,2025-02-16
8997,1997,798,Excellent,5.8,1,1702200,2025-06-15
8998,1998,729,Good,13.2,1,191500,2025-01-18
8999,1999,587,Poor,5.3,1,1064600,2025-01-02
9000,2000,827,Excellent,5.8,0,408300,2025-04-15
9001,2001,681,Fair,8.8,0,61200,2025-04-12
9002,2002,601,Fair,2.4,0,66500,2025-07-01
9003,2003,768,Excellent,13.9,1,595400,2025-07-28
9004,2004,608,Fair,12.5,1,955700,2025-12-10
9005,2005,777,Excellent,10.4,1,412900,2025-08-04
9006,2006,676,Fair,14.8,1,377400,2025-09-17
9007,2007,664,Fair,1.2,1,135900,2025-01-07
9008,2008,592,Poor,6.8,2,109000,2025-07-26
9009,2009,612,Fair,13.0,0,598500,2025-02-26
9010,2010,702,Good,7.1,2,313300,2025-01-30
9011,2011,567,Poor,1.1,2,269700,2025-09-08
9012,2012,742,Good,3.2,2,927900,2025-08-09
9013,2013,651,Fair,7.1,2,1375400,2025-08-29
9014,2014,660,Fair,10.4,2,506800,2025-06-21
9015,2015,734,Good,3.3,2,129700,2025-09-02
9016,2016,675,Fair,7.3,2,314500,2025-07-24
9017,2017,782,Excellent,1.2,2,204800,2025-08-19
9018,2018,536,Poor,7.7,0,265000,2025-12-12
9019,2019,750,Excellent,13.5,0,101700,2025-02-05
9020,2020,692,Fair,9.4,1,926700,2025-04-09
9021,2021,641,Fair,7.2,0,196000,2025-09-15
9022,2022,761,Excellent,3.3,2,1270800,2025-05-22
9023,2023,734,Good,3.8,2,267500,2025-07-27
9024,2024,707,Good,2.1,3,194700,2025-04-23
9025,2025,671,Fair,11.4,0,164200,2025-04-10
9026,2026,637,Fair,2.1,0,165700,2025-04-14
9027,2027,609,Fair,6.4,0,364900,2025-08-28
9028,2028,792,Excellent,11.5,0,285300,2025-08-29
9029,2029,752,Excellent,11.0,0,617300,2025-10-18
9030,2030,733,Good,9.1,1,149600,2025-05-29
9031,2031,658,Fair,9.0,0,369600,2025-08-08
9032,2032,843,Excellent,2.3,1,892500,2025-03-23
9033,2033,638,Fair,3.4,0,1040100,2025-10-15
9034,2034,662,Fair,8.5,1,155800,2025-05-31
9035,2035,826,Excellent,5.9,1,220100,2025-05-14
9036,2036,686,Fair,1.3,2,171400,2025-10-12
9037,2037,820,Excellent,12.2,1,138000,2025-11-15
9038,2038,718,Good,10.2,0,548700,2025-08-13
9039,2039,651,Fair,5.6,0,109100,2025-05-05
9040,2040,675,Fair,2.4,1,2098100,2025-04-06
9041,2041,636,Fair,9.3,2,370100,2025-12-03
9042,2042,742,Good,5.9,3,255400,2025-08-28
9043,2043,782,Excellent,4.6,3,1836000,2025-11-10
9044,2044,725,Good,11.1,2,92000,2025-03-26
9045,2045,711,Good,5.6,2,149100,2025-03-25
9046,2046,612,Fair,2.9,1,97200,2025-12-09
9047,2047,772,Excellent,7.7,2,293600,2025-09-29
9048,2048,753,Excellent,12.6,0,168700,2025-01-06
9049,2049,711,Good,12.9,0,93000,2025-01-07
9050,2050,667,Fair,12.9,1,103400,2025-01-14
9051,2051,693,Fair,6.9,0,404200,2025-01-03
9052,2052,622,Fair,12.1,2,530600,2025-08-13
9053,2053,579,Poor,12.9,1,86600,2025-11-01
9054,2054,668,Fair,7.4,0,252000,2025-10-19
9055,2055,625,Fair,5.5,1,206800,2025-10-12
9056,2056,652,Fair,10.8,1,166300,2025-06-17
9057,2057,653,Fair,13.7,1,1277900,2025-05-12
9058,2058,684,Fair,14.6,1,286100,2025-05-01
9059,2059,679,Fair,5.1,2,348700,2025-08-24
9060,2060,461,Poor,14.4,6,554700,2025-01-23
9061,2061,716,Good,8.0,2,323000,2025-04-12
9062,2062,700,Good,5.3,2,294800,2025-05-12
9063,2063,762,Excellent,14.8,0,630900,2025-10-01
9064,2064,674,Fair,13.3,0,178100,2025-01-01
9065,2065,771,Excellent,10.7,4,199900,2025-02-01
9066,2066,679,Fair,13.5,0,122500,2025-05-29
9067,2067,716,Good,10.5,1,1070100,2025-06-15
9068,2068,621,Fair,7.2,1,494600,2025-10-24
9069,2069,775,Excellent,14.3,0,369900,2025-06-26
9070,2070,787,Excellent,14.5,1,1218900,2025-12-07
9071,2071,831,Excellent,5.4,3,99600,2025-04-03
9072,2072,649,Fair,6.0,1,278300,2025-04-27
9073,2073,730,Good,6.4,0,78800,2025-04-06
9074,2074,582,Poor,12.5,0,84500,2025-02-28
9075,2075,548,Poor,12.1,4,826900,2025-05-21
9076,2076,732,Good,14.8,2,1372800,2025-11-13
9077,2077,682,Fair,7.5,0,206300,2025-02-20
9078,2078,594,Poor,11.3,0,207700,2025-09-12
9079,2079,703,Good,13.0,1,201700,2025-04-01
9080,2080,760,Excellent,4.1,0,1369800,2025-11-17
9081,2081,695,Fair,9.7,1,177300,2025-11-01
9082,2082,782,Excellent,8.7,0,1343800,2025-06-26
9083,2083,640,Fair,11.4,1,312900,2025-04-13
9084,2084,771,Excellent,10.7,2,193900,2025-05-22
9085,2085,661,Fair,12.4,1,381900,2025-01-30
9086,2086,782,Excellent,5.4,0,1644100,2025-05-22
9087,2087,595,Poor,4.0,0,347600,2025-07-22
9088,2088,707,Good,12.3,0,251600,2025-08-11
9089,2089,707,Good,6.0,1,484900,2025-12-14
9090,2090,726,Good,5.0,0,243600,2025-11-14
9091,2091,664,Fair,5.7,1,108800,2025-01-03
9092,2092,722,Good,1.9,0,280800,2025-02-08
9093,2093,675,Fair,11.8,2,656500,2025-10-02
9094,2094,651,Fair,11.0,0,445600,2025-12-27
9095,2095,796,Excellent,8.7,1,94200,2025-04-08
9096,2096,696,Fair,11.0,0,615000,2025-05-08
9097,2097,576,Poor,6.2,0,474700,2025-06-16
9098,2098,640,Fair,5.1,0,335700,2025-09-23
9099,2099,799,Excellent,13.1,0,795200,2025-12-11
9100,2100,622,Fair,6.9,0,684800,2025-05-31
9101,2101,731,Good,3.7,1,664000,2025-09-05
9102,2102,638,Fair,11.5,1,62000,2025-02-28
9103,2103,582,Poor,5.7,0,534400,2025-08-06
9104,2104,726,Good,4.0,2,230500,2025-03-24
9105,2105,665,Fair,1.4,0,406000,2025-04-12
9106,2106,809,Excellent,14.6,1,129200,2025-05-28
9107,2107,774,Excellent,7.5,1,685700,2025-09-01
9108,2108,785,Excellent,3.3,1,784600,2025-10-27
9109,2109,770,Excellent,11.6,0,274800,2025-10-01
9110,2110,742,Good,13.4,0,65200,2025-02-17
9111,2111,588,Poor,8.4,3,485100,2025-11-27
9112,2112,672,Fair,1.4,1,359900,2025-09-07
9113,2113,740,Good,6.1,1,53400,2025-08-05
9114,2114,668,Fair,4.4,3,299100,2025-08-23
9115,2115,688,Fair,9.9,0,625100,2025-01-01
9116,2116,744,Good,8.3,2,40000,2025-04-07
9117,2117,769,Excellent,6.0,3,316700,2025-09-20
9118,2118,621,Fair,10.1,2,366900,2025-12-17
9119,2119,740,Good,9.2,1,369300,2025-03-31
9120,2120,732,Good,13.7,2,243400,2025-07-18
9121,2121,616,Fair,9.4,0,343700,2025-04-10
9122,2122,660,Fair,8.1,1,248000,2025-06-01
9123,2123,701,Good,12.5,3,234600,2025-03-10
9124,2124,794,Excellent,3.8,0,459600,2025-08-02
9125,2125,659,Fair,4.4,1,3000900,2025-04-18
9126,2126,721,Good,12.0,1,286900,2025-06-13
9127,2127,778,Excellent,7.2,2,161400,2025-11-02
9128,2128,829,Excellent,6.7,2,267100,2025-09-05
9129,2129,707,Good,13.4,1,276900,2025-10-29
9130,2130,531,Poor,9.5,3,165500,2025-07-17
9131,2131,759,Excellent,12.2,0,164900,2025-10-06
9132,2132,706,Good,12.3,3,139600,2025-01-12
9133,2133,627,Fair,2.7,1,179900,2025-06-05
9134,2134,743,Good,10.2,2,320500,2025-07-05
9135,2135,830,Excellent,14.3,0,276100,2025-08-24
9136,2136,706,Good,7.7,2,834400,2025-11-13
9137,2137,568,Poor,11.3,2,47500,2025-08-12
9138,2138,798,Excellent,8.9,2,256500,2025-02-03
9139,2139,692,Fair,3.9,0,178900,2025-12-16
9140,2140,743,Good,3.7,0,100700,2025-04-11
9141,2141,695,Fair,7.1,1,143000,2025-09-11
9142,2142,724,Good,7.8,2,57900,2025-10-01
9143,2143,740,Good,8.0,2,260000,2025-06-12
9144,2144,751,Excellent,14.4,0,300600,2025-02-06
9145,2145,701,Good,2.4,1,84900,2025-10-24
9146,2146,633,Fair,6.3,1,284000,2025-07-30
9147,2147,705,Good,8.2,2,321400,2025-03-27
9148,2148,749,Good,14.5,1,130700,2025-04-01
9149,2149,633,Fair,8.1,3,325900,2025-09-08
9150,2150,607,Fair,11.9,0,314300,2025-07-27
9151,2151,790,Excellent,11.5,1,252400,2025-10-22
9152,2152,817,Excellent,8.9,1,607600,2025-09-17
9153,2153,693,Fair,2.8,1,768500,2025-11-04
9154,2154,735,Good,4.1,0,800300,2025-04-23
9155,2155,718,Good,4.4,1,137900,2025-10-02
9156,2156,527,Poor,1.5,2,253100,2025-04-02
9157,2157,706,Good,6.3,0,50800,2025-09-30
9158,2158,800,Excellent,9.5,0,555700,2025-06-22
9159,2159,602,Fair,3.0,0,643800,2025-05-10
9160,2160,595,Poor,3.5,1,814900,2025-03-29
9161,2161,635,Fair,10.9,0,1600200,2025-09-03
9162,2162,654,Fair,3.4,4,783400,2025-02-24
9163,2163,740,Good,2.9,0,486200,2025-12-13
9164,2164,789,Excellent,14.7,1,328200,2025-01-04
9165,2165,787,Excellent,1.2,1,3114900,2025-12-22
9166,2166,739,Good,5.6,1,380200,2025-11-12
9167,2167,571,Poor,1.5,0,2625900,2025-01-29
9168,2168,570,Poor,12.7,2,162400,2025-07-08
9169,2169,745,Good,9.2,2,226600,2025-02-15
9170,2170,571,Poor,1.7,3,594500,2025-04-07
9171,2171,732,Good,9.6,0,20100,2025-02-18
9172,2172,711,Good,2.7,0,241800,2025-04-30
9173,2173,655,Fair,7.9,0,881700,2025-05-26
9174,2174,499,Poor,10.4,2,213000,2025-11-28
9175,2175,705,Good,3.1,0,299900,2025-09-06
9176,2176,728,Good,8.0,2,72400,2025-03-15
9177,2177,648,Fair,7.4,2,207900,2025-09-30
9178,2178,608,Fair,13.8,2,143000,2025-04-17
9179,2179,712,Good,14.9,1,590700,2025-12-18
9180,2180,581,Poor,10.2,4,620700,2025-07-03
9181,2181,736,Good,13.0,1,146600,2025-12-11
9182,2182,769,Excellent,10.1,0,127900,2025-11-04
9183,2183,543,Poor,13.3,1,1222700,2025-03-12
9184,2184,650,Fair,7.1,2,91600,2025-01-20
9185,2185,686,Fair,9.5,0,605800,2025-06-06
9186,2186,689,Fair,12.8,1,310700,2025-12-05
9187,2187,624,Fair,13.9,0,817900,2025-08-13
9188,2188,590,Poor,1.3,2,359700,2025-06-27
9189,2189,655,Fair,2.5,0,186300,2025-04-28
9190,2190,738,Good,14.0,0,105200,2025-06-08
9191,2191,733,Good,9.0,0,107600,2025-01-13
9192,2192,734,Good,14.9,0,96400,2025-02-25
9193,2193,784,Excellent,12.1,1,270900,2025-08-28
9194,2194,611,Fair,12.5,0,622800,2025-10-02
9195,2195,662,Fair,6.4,0,131400,2025-11-22
9196,2196,676,Fair,4.6,2,118200,2025-06-05
9197,2197,474,Poor,9.4,2,352500,2025-03-21
9198,2198,707,Good,13.3,1,1048800,2025-04-24
9199,2199,688,Fair,11.2,4,601300,2025-02-02
9200,2200,605,Fair,7.6,3,276300,2025-04-24
9201,2201,755,Excellent,11.5,2,119000,2025-03-04
9202,2202,751,Excellent,10.7,0,313300,2025-01-26
9203,2203,720,Good,13.8,2,665200,2025-03-28
9204,2204,562,Poor,4.7,2,507400,2025-09-14
9205,2205,617,Fair,2.7,2,378400,2025-04-03
9206,2206,713,Good,7.6,2,814500,2025-07-19
9207,2207,650,Fair,6.1,0,1154500,2025-12-28
9208,2208,673,Fair,14.6,1,636600,2025-07-24
9209,2209,607,Fair,1.1,4,49500,2025-03-25
9210,2210,704,Good,14.1,0,716100,2025-04-17
9211,2211,803,Excellent,14.4,0,262700,2025-09-04
9212,2212,714,Good,1.7,0,338500,2025-01-05
9213,2213,763,Excellent,13.5,1,238700,2025-09-25
9214,2214,756,Excellent,7.6,2,162800,2025-10-31
9215,2215,663,Fair,11.7,0,35500,2025-01-14
9216,2216,676,Fair,2.1,0,392300,2025-11-05
9217,2217,800,Excellent,14.4,1,92800,2025-08-06
9218,2218,745,Good,9.5,1,479400,2025-08-22
9219,2219,762,Excellent,13.6,2,210100,2025-02-14
9220,2220,702,Good,10.4,0,823200,2025-06-09
9221,2221,661,Fair,8.5,0,1439300,2025-06-07
9222,2222,670,Fair,3.4,2,267300,2025-09-25
9223,2223,793,Excellent,3.5,0,188300,2025-04-10
9224,2224,690,Fair,7.6,0,156000,2025-03-24
9225,2225,784,Excellent,13.2,2,449700,2025-02-13
9226,2226,795,Excellent,2.6,2,178100,2025-06-02
9227,2227,759,Excellent,15.0,1,293200,2025-06-19
9228,2228,750,Excellent,13.3,3,129900,2025-01-21
9229,2229,817,Excellent,6.5,0,314300,2025-09-07
9230,2230,627,Fair,4.5,1,1341500,2025-07-08
9231,2231,659,Fair,13.9,2,154500,2025-11-18
9232,2232,596,Poor,2.7,0,304000,2025-12-23
9233,2233,578,Poor,5.9,1,466700,2025-01-21
9234,2234,687,Fair,2.2,1,998100,2025-10-09
9235,2235,710,Good,14.3,0,847100,2025-06-09
9236,2236,728,Good,9.6,1,577100,2025-08-07
9237,2237,638,Fair,5.7,1,433200,2025-01-17
9238,2238,659,Fair,4.9,0,3968900,2025-01-04
9239,2239,754,Excellent,7.2,2,567400,2025-02-08
9240,2240,580,Poor,2.3,0,389000,2025-09-28
9241,2241,691,Fair,13.5,2,887300,2025-10-16
9242,2242,788,Excellent,8.2,0,505100,2025-07-08
9243,2243,670,Fair,11.2,1,2960100,2025-05-22
9244,2244,658,Fair,4.3,1,181200,2025-12-12
9245,2245,783,Excellent,8.1,1,287300,2025-10-30
9246,2246,584,Poor,4.0,1,90200,2025-05-10
9247,2247,630,Fair,12.4,0,271600,2025-12-12
9248,2248,633,Fair,11.9,2,104100,2025-11-18
9249,2249,742,Good,3.1,2,334700,2025-06-25
9250,2250,570,Poor,2.0,1,160700,2025-07-13
9251,2251,783,Excellent,12.5,0,610300,2025-12-03
9252,2252,688,Fair,2.5,0,192600,2025-10-01
9253,2253,768,Excellent,8.7,3,569100,2025-06-28
9254,2254,783,Excellent,8.5,2,248200,2025-08-28
9255,2255,631,Fair,3.8,0,876400,2025-05-12
9256,2256,691,Fair,9.3,1,276000,2025-03-22
9257,2257,673,Fair,8.0,0,202900,2025-06-10
9258,2258,685,Fair,8.1,1,58300,2025-06-30
9259,2259,647,Fair,6.0,1,89100,2025-09-26
9260,2260,774,Excellent,12.7,1,587700,2025-11-23
9261,2261,676,Fair,2.2,1,94500,2025-02-27
9262,2262,665,Fair,7.1,3,709000,2025-07-10
9263,2263,774,Excellent,4.6,1,202800,2025-11-17
9264,2264,753,Excellent,12.9,1,296200,2025-12-26
9265,2265,712,Good,4.2,1,497900,2025-02-11
9266,2266,661,Fair,11.7,2,789800,2025-04-05
9267,2267,800,Excellent,9.6,3,80700,2025-12-22
9268,2268,611,Fair,13.2,0,86600,2025-03-30
9269,2269,770,Excellent,9.3,0,237000,2025-04-19
9270,2270,737,Good,8.8,2,880300,2025-08-21
9271,2271,595,Poor,12.2,2,305200,2025-10-23
9272,2272,696,Fair,8.9,3,851700,2025-12-16
9273,2273,591,Poor,12.8,0,67800,2025-04-12
9274,2274,664,Fair,1.7,0,180700,2025-01-21
9275,2275,711,Good,7.9,0,320800,2025-03-24
9276,2276,614,Fair,12.4,0,114200,2025-06-10
9277,2277,514,Poor,12.9,1,106400,2025-07-17
9278,2278,680,Fair,12.7,2,145600,2025-02-11
9279,2279,706,Good,9.5,0,212400,2025-02-06
9280,2280,662,Fair,14.9,1,107700,2025-07-19
9281,2281,689,Fair,3.5,0,897600,2025-11-29
9282,2282,677,Fair,3.4,1,359800,2025-06-03
9283,2283,614,Fair,1.5,0,398100,2025-02-08
9284,2284,836,Excellent,14.9,0,387200,2025-02-16
9285,2285,714,Good,5.9,2,1241300,2025-11-08
9286,2286,658,Fair,11.7,2,1847900,2025-04-20
9287,2287,628,Fair,1.8,1,233700,2025-07-05
9288,2288,660,Fair,5.2,0,484100,2025-07-04
9289,2289,663,Fair,9.7,0,229500,2025-11-23
9290,2290,693,Fair,8.3,0,665400,2025-08-04
9291,2291,776,Excellent,3.9,3,1072100,2025-04-20
9292,2292,630,Fair,7.5,2,298400,2025-07-19
9293,2293,703,Good,2.5,2,703100,2025-06-22
9294,2294,750,Excellent,8.6,0,223700,2025-11-17
9295,2295,639,Fair,2.4,1,852400,2025-01-04
9296,2296,639,Fair,9.9,0,134600,2025-03-02
9297,2297,577,Poor,3.2,1,114100,2025-06-20
9298,2298,816,Excellent,8.7,0,515600,2025-12-27
9299,2299,728,Good,2.8,0,838800,2025-05-27
9300,2300,647,Fair,6.6,0,539000,2025-12-08
9301,2301,644,Fair,5.9,0,778000,2025-12-22
9302,2302,613,Fair,11.6,1,139500,2025-05-09
9303,2303,702,Good,10.0,0,282100,2025-05-27
9304,2304,664,Fair,14.1,1,72600,2025-02-20
9305,2305,621,Fair,13.9,0,102500,2025-03-05
9306,2306,632,Fair,11.1,1,1111400,2025-03-04
9307,2307,744,Good,11.8,1,215300,2025-10-12
9308,2308,661,Fair,9.7,0,1596400,2025-02-12
9309,2309,598,Poor,10.7,1,348600,2025-03-11
9310,2310,695,Fair,9.6,2,246000,2025-09-13
9311,2311,639,Fair,5.4,0,239700,2025-10-22
9312,2312,738,Good,5.9,2,739500,2025-01-23
9313,2313,803,Excellent,9.0,0,269600,2025-09-14
9314,2314,545,Poor,11.1,2,311500,2025-03-02
9315,2315,637,Fair,6.7,1,397200,2025-07-26
9316,2316,700,Good,3.0,1,89500,2025-10-08
9317,2317,684,Fair,7.4,1,327600,2025-05-12
9318,2318,784,Excellent,14.5,2,286900,2025-12-31
9319,2319,689,Fair,4.0,2,452400,2025-12-30
9320,2320,705,Good,10.1,1,733000,2025-01-01
9321,2321,722,Good,14.8,2,242600,2025-02-09
9322,2322,639,Fair,6.3,1,473200,2025-10-04
9323,2323,729,Good,13.4,0,88600,2025-09-04
9324,2324,720,Good,13.1,1,1806700,2025-05-18
9325,2325,698,Fair,5.7,1,1200700,2025-11-18
9326,2326,546,Poor,2.4,2,222200,2025-01-17
9327,2327,633,Fair,3.5,0,330500,2025-05-04
9328,2328,704,Good,6.1,0,42300,2025-04-01
9329,2329,683,Fair,14.4,2,548600,2025-09-03
9330,2330,746,Good,4.8,1,155000,2025-04-23
9331,2331,747,Good,14.0,2,69400,2025-05-06
9332,2332,716,Good,3.5,0,409200,2025-09-23
9333,2333,747,Good,14.6,1,132500,2025-08-29
9334,2334,728,Good,5.1,2,118800,2025-05-18
9335,2335,651,Fair,9.9,1,604600,2025-09-03
9336,2336,690,Fair,2.0,0,1303000,2025-08-26
9337,2337,608,Fair,5.2,3,385700,2025-10-30
9338,2338,802,Excellent,3.9,2,930900,2025-01-09
9339,2339,596,Poor,1.0,1,221000,2025-02-15
9340,2340,534,Poor,3.2,2,511400,2025-12-25
9341,2341,849,Excellent,9.3,1,373400,2025-05-04
9342,2342,683,Fair,6.5,2,452200,2025-03-09
9343,2343,757,Excellent,11.1,0,128400,2025-12-31
9344,2344,745,Good,10.4,2,33700,2025-11-20
9345,2345,768,Excellent,12.2,0,1056700,2025-05-12
9346,2346,734,Good,13.1,1,239000,2025-12-27
9347,2347,735,Good,12.5,1,56000,2025-08-25
9348,2348,514,Poor,7.3,1,296300,2025-08-01
9349,2349,618,Fair,5.3,3,420300,2025-02-28
9350,2350,493,Poor,8.0,2,313800,2025-06-02
9351,2351,629,Fair,8.5,2,380400,2025-10-08
9352,2352,650,Fair,5.4,0,327800,2025-03-23
9353,2353,681,Fair,8.6,1,224500,2025-08-26
9354,2354,619,Fair,2.5,2,351600,2025-11-08
9355,2355,664,Fair,4.2,0,261200,2025-02-18
9356,2356,651,Fair,11.4,0,358900,2025-03-06
9357,2357,716,Good,3.6,0,428900,2025-07-08
9358,2358,747,Good,2.9,0,506300,2025-01-09
9359,2359,706,Good,5.0,2,192100,2025-04-06
9360,2360,737,Good,6.2,0,553600,2025-03-26
9361,2361,704,Good,5.6,2,446200,2025-02-05
9362,2362,779,Excellent,6.2,0,906300,2025-03-24
9363,2363,830,Excellent,3.0,1,357000,2025-06-12
9364,2364,507,Poor,3.3,2,745300,2025-08-02
9365,2365,775,Excellent,4.3,3,40700,2025-08-09
9366,2366,593,Poor,6.6,1,115800,2025-11-14
9367,2367,704,Good,5.7,1,816600,2025-11-15
9368,2368,710,Good,12.1,0,405400,2025-04-29
9369,2369,736,Good,8.4,1,116600,2025-03-17
9370,2370,686,Fair,9.1,0,355000,2025-03-10
9371,2371,690,Fair,8.8,2,786300,2025-04-04
9372,2372,716,Good,6.6,1,98900,2025-11-15
9373,2373,664,Fair,14.7,0,386600,2025-11-13
9374,2374,548,Poor,1.5,1,2150300,2025-12-21
9375,2375,690,Fair,4.0,1,145700,2025-10-20
9376,2376,634,Fair,5.0,1,132500,2025-09-11
9377,2377,627,Fair,13.3,0,32800,2025-01-04
9378,2378,620,Fair,13.9,1,215600,2025-02-25
9379,2379,542,Poor,12.8,1,690400,2025-02-12
9380,2380,660,Fair,6.8,1,188300,2025-10-04
9381,2381,690,Fair,13.8,1,3118900,2025-02-27
9382,2382,748,Good,2.4,2,6438500,2025-09-07
9383,2383,646,Fair,10.1,2,1522600,2025-05-24
9384,2384,808,Excellent,14.1,1,157200,2025-11-05
9385,2385,734,Good,11.6,0,397200,2025-01-18
9386,2386,606,Fair,4.9,1,177000,2025-11-09
9387,2387,653,Fair,11.0,4,167100,2025-12-17
9388,2388,842,Excellent,5.1,1,408800,2025-06-15
9389,2389,747,Good,2.6,1,116400,2025-02-01
9390,2390,650,Fair,11.0,3,54600,2025-04-22
9391,2391,757,Excellent,3.5,2,85300,2025-08-13
9392,2392,595,Poor,2.6,1,382200,2025-10-02
9393,2393,649,Fair,8.7,1,1651300,2025-12-06
9394,2394,515,Poor,9.7,2,699100,2025-10-31
9395,2395,735,Good,1.7,3,271400,2025-03-15
9396,2396,603,Fair,1.1,0,595300,2025-06-03
9397,2397,684,Fair,13.3,2,282200,2025-04-20
9398,2398,574,Poor,2.6,1,784300,2025-12-04
9399,2399,705,Good,9.2,1,592300,2025-06-22
9400,2400,684,Fair,14.3,1,34800,2025-09-28
9401,2401,579,Poor,8.2,0,167300,2025-05-26
9402,2402,654,Fair,3.0,0,554100,2025-10-14
9403,2403,700,Good,6.5,2,625000,2025-04-12
9404,2404,723,Good,9.7,0,197700,2025-01-15
9405,2405,809,Excellent,11.7,0,43700,2025-09-06
9406,2406,781,Excellent,9.5,1,362500,2025-03-06
9407,2407,638,Fair,1.5,1,75600,2025-12-27
9408,2408,637,Fair,3.0,1,141900,2025-06-23
9409,2409,583,Poor,6.2,1,1066100,2025-11-27
9410,2410,614,Fair,10.9,1,198800,2025-12-24
9411,2411,755,Excellent,9.2,2,158800,2025-01-30
9412,2412,571,Poor,1.6,1,267500,2025-02-10
9413,2413,678,Fair,12.2,1,680100,2025-03-08
9414,2414,667,Fair,9.5,4,239800,2025-09-30
9415,2415,633,Fair,13.4,1,1125400,2025-01-26
9416,2416,592,Poor,6.8,3,131000,2025-04-28
9417,2417,548,Poor,7.9,3,117400,2025-11-25
9418,2418,593,Poor,6.7,1,458800,2025-07-28
9419,2419,684,Fair,11.1,1,160100,2025-12-23
9420,2420,735,Good,11.5,1,462000,2025-09-05
9421,2421,811,Excellent,11.1,1,2359700,2025-04-05
9422,2422,715,Good,5.1,0,95800,2025-11-10
9423,2423,734,Good,9.9,2,402800,2025-04-05
9424,2424,811,Excellent,5.7,3,689000,2025-04-12
9425,2425,715,Good,12.7,0,165900,2025-08-02
9426,2426,764,Excellent,1.8,0,303500,2025-05-11
9427,2427,662,Fair,1.5,0,37800,2025-05-12
9428,2428,744,Good,2.4,3,299300,2025-04-12
9429,2429,706,Good,3.8,1,122600,2025-02-26
9430,2430,672,Fair,1.5,2,123900,2025-07-12
9431,2431,806,Excellent,2.0,0,249000,2025-09-12
9432,2432,600,Fair,5.3,4,200400,2025-06-11
9433,2433,626,Fair,2.4,0,98300,2025-02-01
9434,2434,778,Excellent,12.2,0,1225500,2025-06-21
9435,2435,763,Excellent,1.8,2,342700,2025-04-07
9436,2436,691,Fair,13.7,2,427600,2025-05-19
9437,2437,715,Good,13.2,0,180400,2025-10-19
9438,2438,729,Good,3.9,0,284000,2025-05-21
9439,2439,717,Good,2.0,3,45900,2025-11-09
9440,2440,708,Good,2.5,0,112000,2025-06-02
9441,2441,627,Fair,8.8,0,1148300,2025-07-17
9442,2442,783,Excellent,9.4,0,524800,2025-12-12
9443,2443,675,Fair,5.4,0,194300,2025-05-12
9444,2444,616,Fair,5.2,0,426700,2025-12-31
9445,2445,700,Good,8.4,4,62200,2025-01-26
9446,2446,716,Good,5.3,0,208500,2025-09-26
9447,2447,720,Good,14.1,1,301100,2025-03-13
9448,2448,763,Excellent,6.4,1,610300,2025-10-30
9449,2449,662,Fair,4.1,0,144900,2025-07-27
9450,2450,685,Fair,3.0,0,311600,2025-06-19
9451,2451,627,Fair,9.8,2,240300,2025-08-19
9452,2452,708,Good,5.6,1,420600,2025-10-14
9453,2453,626,Fair,3.6,0,371000,2025-06-17
9454,2454,646,Fair,4.9,0,288900,2025-08-03
9455,2455,764,Excellent,5.3,1,407600,2025-04-26
9456,2456,700,Good,9.8,2,174500,2025-05-24
9457,2457,797,Excellent,3.4,4,187300,2025-11-08
9458,2458,778,Excellent,11.3,1,73300,2025-11-26
9459,2459,706,Good,5.3,0,564900,2025-02-05
9460,2460,717,Good,7.8,0,266100,2025-08-11
9461,2461,672,Fair,10.2,1,113500,2025-08-24
9462,2462,768,Excellent,8.6,1,147400,2025-12-18
9463,2463,717,Good,10.3,2,1324700,2025-12-02
9464,2464,758,Excellent,5.5,0,237400,2025-07-03
9465,2465,641,Fair,14.5,0,438400,2025-08-30
9466,2466,588,Poor,7.4,2,189200,2025-10-31
9467,2467,728,Good,5.5,2,106700,2025-07-27
9468,2468,743,Good,5.1,2,311100,2025-02-27
9469,2469,696,Fair,1.6,1,808100,2025-09-28
9470,2470,733,Good,10.6,0,1131600,2025-05-29
9471,2471,626,Fair,4.7,0,1021700,2025-03-05
9472,2472,760,Excellent,14.4,2,540400,2025-05-15
9473,2473,778,Excellent,3.9,2,498800,2025-11-04
9474,2474,767,Excellent,8.4,0,132000,2025-01-19
9475,2475,699,Fair,11.3,0,321900,2025-03-27
9476,2476,779,Excellent,13.2,0,739000,2025-06-23
9477,2477,604,Fair,3.2,1,1093100,2025-02-07
9478,2478,733,Good,14.8,0,282300,2025-05-21
9479,2479,744,Good,13.7,1,206800,2025-10-27
9480,2480,728,Good,14.5,0,131200,2025-07-18
9481,2481,619,Fair,12.9,3,299800,2025-02-04
9482,2482,707,Good,13.3,0,864800,2025-05-11
9483,2483,671,Fair,9.4,4,193400,2025-08-15
9484,2484,543,Poor,12.8,4,547800,2025-05-24
9485,2485,602,Fair,8.5,0,857400,2025-05-24
9486,2486,777,Excellent,8.5,2,209700,2025-07-13
9487,2487,660,Fair,8.9,1,256800,2025-12-24
9488,2488,769,Excellent,14.9,0,944400,2025-12-03
9489,2489,776,Excellent,2.5,1,419300,2025-06-15
9490,2490,731,Good,12.3,0,1301500,2025-01-24
9491,2491,644,Fair,4.8,2,316700,2025-08-03
9492,2492,761,Excellent,6.1,1,863800,2025-12-30
9493,2493,706,Good,2.1,1,107700,2025-11-09
9494,2494,693,Fair,5.9,1,610500,2025-08-24
9495,2495,622,Fair,14.9,0,213500,2025-05-03
9496,2496,652,Fair,6.6,0,95500,2025-02-25
9497,2497,623,Fair,10.4,1,199100,2025-03-27
9498,2498,762,Excellent,2.7,1,266100,2025-11-18
9499,2499,805,Excellent,13.9,1,509000,2025-03-19
9500,2500,759,Excellent,12.6,1,275700,2025-04-02
9501,2501,705,Good,6.4,2,55100,2025-11-29
9502,2502,667,Fair,5.9,2,226000,2025-09-05
9503,2503,726,Good,7.1,1,302300,2025-04-12
9504,2504,659,Fair,6.6,2,541000,2025-12-03
9505,2505,688,Fair,4.6,1,698300,2025-03-14
9506,2506,628,Fair,14.9,0,158900,2025-11-14
9507,2507,739,Good,12.3,1,156100,2025-08-20
9508,2508,743,Good,4.8,0,146600,2025-01-14
9509,2509,758,Excellent,14.7,2,125200,2025-07-13
9510,2510,732,Good,1.2,3,69700,2025-08-22
9511,2511,727,Good,7.1,3,463800,2025-07-07
9512,2512,612,Fair,9.0,0,3183700,2025-10-04
9513,2513,609,Fair,1.5,0,655700,2025-01-30
9514,2514,715,Good,3.3,1,721500,2025-01-25
9515,2515,773,Excellent,4.6,1,454700,2025-07-06
9516,2516,670,Fair,11.1,1,89200,2025-08-19
9517,2517,690,Fair,14.2,1,227200,2025-12-21
9518,2518,691,Fair,9.7,1,562000,2025-05-14
9519,2519,552,Poor,8.9,1,95100,2025-05-11
9520,2520,708,Good,8.5,0,194400,2025-04-22
9521,2521,649,Fair,5.9,1,92300,2025-05-09
9522,2522,736,Good,12.6,0,191800,2025-03-06
9523,2523,688,Fair,8.6,0,1791200,2025-01-26
9524,2524,677,Fair,4.2,2,1292400,2025-01-18
9525,2525,678,Fair,2.9,0,347200,2025-05-14
9526,2526,665,Fair,14.8,1,1225000,2025-07-22
9527,2527,588,Poor,1.2,2,548600,2025-09-11
9528,2528,762,Excellent,14.1,2,239100,2025-02-09
9529,2529,642,Fair,4.1,0,98800,2025-01-30
9530,2530,655,Fair,10.2,1,219000,2025-03-19
9531,2531,696,Fair,5.2,1,231500,2025-11-26
9532,2532,606,Fair,13.0,2,210800,2025-09-06
9533,2533,653,Fair,8.6,0,271000,2025-10-14
9534,2534,834,Excellent,3.0,3,117600,2025-06-13
9535,2535,715,Good,4.8,2,93600,2025-12-01
9536,2536,626,Fair,5.5,0,88500,2025-02-17
9537,2537,534,Poor,13.4,1,447900,2025-03-19
9538,2538,765,Excellent,11.7,1,126800,2025-04-21
9539,2539,614,Fair,12.6,1,362800,2025-12-09
9540,2540,649,Fair,1.7,1,313000,2025-09-30
9541,2541,659,Fair,9.1,1,409400,2025-10-10
9542,2542,622,Fair,15.0,1,220200,2025-12-30
9543,2543,684,Fair,12.0,1,112100,2025-09-11
9544,2544,649,Fair,2.7,0,1425800,2025-05-06
9545,2545,736,Good,10.5,3,159600,2025-06-20
9546,2546,701,Good,11.4,1,1710500,2025-07-22
9547,2547,797,Excellent,8.2,0,89900,2025-05-09
9548,2548,799,Excellent,2.1,5,120500,2025-10-07
9549,2549,618,Fair,1.5,2,59600,2025-01-08
9550,2550,665,Fair,14.1,1,323300,2025-10-13
9551,2551,850,Excellent,4.6,0,539100,2025-01-18
9552,2552,603,Fair,6.3,0,79600,2025-11-29
9553,2553,750,Excellent,12.1,2,308100,2025-05-02
9554,2554,731,Good,10.6,0,207100,2025-05-06
9555,2555,626,Fair,14.6,0,46200,2025-08-16
9556,2556,630,Fair,2.3,0,273400,2025-03-24
9557,2557,828,Excellent,10.9,0,686900,2025-07-07
9558,2558,827,Excellent,2.2,0,1121700,2025-06-03
9559,2559,722,Good,1.0,0,66900,2025-05-04
9560,2560,586,Poor,2.7,2,752800,2025-12-20
9561,2561,784,Excellent,9.6,1,616900,2025-11-05
9562,2562,586,Poor,10.5,2,214900,2025-04-05
9563,2563,744,Good,7.1,1,63700,2025-05-02
9564,2564,569,Poor,1.6,0,404500,2025-12-28
9565,2565,691,Fair,9.9,0,65100,2025-03-12
9566,2566,756,Excellent,2.2,1,398200,2025-04-14
9567,2567,478,Poor,3.0,4,176600,2025-06-03
9568,2568,650,Fair,8.2,0,139600,2025-09-01
9569,2569,701,Good,5.8,2,387100,2025-06-10
9570,2570,664,Fair,7.5,3,2387800,2025-06-10
9571,2571,640,Fair,9.9,0,1115000,2025-06-29
9572,2572,680,Fair,3.2,1,297700,2025-06-17
9573,2573,768,Excellent,13.5,0,390800,2025-02-23
9574,2574,793,Excellent,8.8,2,272000,2025-08-27
9575,2575,743,Good,1.3,0,231000,2025-12-20
9576,2576,807,Excellent,9.8,0,1277200,2025-02-18
9577,2577,650,Fair,7.5,0,387400,2025-12-26
9578,2578,735,Good,10.8,2,481500,2025-05-14
9579,2579,614,Fair,12.0,0,433100,2025-10-16
9580,2580,850,Excellent,14.1,0,284300,2025-05-13
9581,2581,698,Fair,15.0,1,117300,2025-05-26
9582,2582,750,Excellent,8.7,1,137900,2025-05-11
9583,2583,558,Poor,8.9,0,398300,2025-12-20
9584,2584,749,Good,1.3,0,514600,2025-05-02
9585,2585,699,Fair,13.1,1,101900,2025-01-02
9586,2586,725,Good,1.4,3,161000,2025-03-06
9587,2587,691,Fair,9.9,2,183700,2025-10-18
9588,2588,681,Fair,2.4,1,128700,2025-11-20
9589,2589,667,Fair,5.0,0,47100,2025-02-04
9590,2590,683,Fair,3.0,3,91900,2025-11-24
9591,2591,800,Excellent,2.9,2,288800,2025-10-12
9592,2592,662,Fair,2.0,1,498700,2025-11-30
9593,2593,850,Excellent,5.5,0,161600,2025-10-25
9594,2594,695,Fair,6.9,3,451200,2025-04-23
9595,2595,795,Excellent,7.5,2,326500,2025-04-04
9596,2596,776,Excellent,7.2,1,561300,2025-04-24
9597,2597,573,Poor,8.3,2,1322800,2025-01-07
9598,2598,589,Poor,13.0,2,136000,2025-01-22
9599,2599,639,Fair,9.8,2,194600,2025-02-26
9600,2600,574,Poor,1.2,3,99200,2025-06-22
9601,2601,659,Fair,3.4,0,1168800,2025-07-01
9602,2602,692,Fair,5.9,0,202600,2025-01-02
9603,2603,739,Good,14.3,0,371400,2025-11-09
9604,2604,704,Good,2.1,1,537200,2025-04-28
9605,2605,690,Fair,10.9,4,1087300,2025-03-25
9606,2606,767,Excellent,1.5,1,78700,2025-11-27
9607,2607,757,Excellent,6.1,0,698800,2025-10-17
9608,2608,833,Excellent,11.8,2,51900,2025-02-13
9609,2609,704,Good,5.8,0,107400,2025-03-10
9610,2610,509,Poor,7.0,1,245900,2025-02-22
9611,2611,722,Good,13.7,0,294800,2025-12-16
9612,2612,850,Excellent,1.9,3,1180600,2025-10-16
9613,2613,767,Excellent,8.4,0,313100,2025-11-28
9614,2614,784,Excellent,6.1,4,290000,2025-11-21
9615,2615,697,Fair,14.5,0,355900,2025-05-09
9616,2616,758,Excellent,12.1,3,836900,2025-06-12
9617,2617,788,Excellent,2.7,0,157200,2025-09-08
9618,2618,665,Fair,14.0,0,68500,2025-01-25
9619,2619,652,Fair,4.0,0,326800,2025-05-12
9620,2620,724,Good,2.2,0,323800,2025-11-25
9621,2621,763,Excellent,8.6,0,255100,2025-04-28
9622,2622,483,Poor,11.3,3,1313700,2025-08-24
9623,2623,675,Fair,11.0,2,642500,2025-04-25
9624,2624,543,Poor,8.5,0,54100,2025-05-05
9625,2625,681,Fair,7.9,2,190900,2025-07-14
9626,2626,817,Excellent,14.6,0,469400,2025-04-04
9627,2627,643,Fair,12.5,0,437900,2025-07-31
9628,2628,669,Fair,10.8,0,810900,2025-05-07
9629,2629,740,Good,3.7,4,1168300,2025-05-18
9630,2630,765,Excellent,12.5,0,430900,2025-05-28
9631,2631,762,Excellent,11.5,0,519700,2025-10-23
9632,2632,693,Fair,14.9,1,86800,2025-03-16
9633,2633,733,Good,2.9,1,162400,2025-01-15
9634,2634,729,Good,11.0,1,182500,2025-06-05
9635,2635,637,Fair,14.7,2,83600,2025-12-30
9636,2636,559,Poor,7.5,0,594000,2025-02-04
9637,2637,623,Fair,11.3,1,335400,2025-01-07
9638,2638,798,Excellent,14.7,0,1562800,2025-07-01
9639,2639,850,Excellent,8.7,0,540700,2025-06-19
9640,2640,683,Fair,10.8,1,402200,2025-10-21
9641,2641,795,Excellent,1.3,0,1222900,2025-07-30
9642,2642,668,Fair,8.3,1,156800,2025-11-16
9643,2643,716,Good,4.6,2,58400,2025-02-26
9644,2644,644,Fair,2.8,2,698900,2025-12-30
9645,2645,766,Excellent,10.9,0,436000,2025-05-04
9646,2646,642,Fair,1.5,6,265900,2025-07-13
9647,2647,623,Fair,13.7,0,194800,2025-03-24
9648,2648,694,Fair,8.2,0,156000,2025-07-20
9649,2649,751,Excellent,10.1,1,297800,2025-09-09
9650,2650,702,Good,4.5,0,362400,2025-12-03
9651,2651,655,Fair,3.6,1,563000,2025-01-02
9652,2652,623,Fair,4.4,2,82500,2025-09-27
9653,2653,563,Poor,4.3,1,814300,2025-08-29
9654,2654,656,Fair,13.1,0,251000,2025-05-26
9655,2655,679,Fair,12.0,1,317600,2025-11-22
9656,2656,732,Good,12.9,1,153900,2025-03-17
9657,2657,602,Fair,11.3,0,455500,2025-08-18
9658,2658,740,Good,10.0,0,1568800,2025-11-30
9659,2659,645,Fair,8.4,0,610400,2025-09-26
9660,2660,651,Fair,4.7,0,201500,2025-03-14
9661,2661,784,Excellent,10.9,0,61900,2025-04-16
9662,2662,504,Poor,2.9,2,172900,2025-08-12
9663,2663,598,Poor,8.2,1,183200,2025-01-10
9664,2664,693,Fair,3.7,0,435800,2025-10-10
9665,2665,690,Fair,8.1,5,166100,2025-09-27
9666,2666,562,Poor,5.1,2,148100,2025-09-22
9667,2667,653,Fair,1.7,1,217600,2025-05-17
9668,2668,762,Excellent,8.1,0,287200,2025-08-06
9669,2669,603,Fair,3.5,1,224200,2025-08-12
9670,2670,771,Excellent,3.3,0,208000,2025-12-27
9671,2671,636,Fair,6.4,1,88300,2025-10-18
9672,2672,550,Poor,6.1,1,448000,2025-06-03
9673,2673,751,Excellent,13.1,2,118200,2025-06-18
9674,2674,709,Good,8.9,1,682000,2025-12-31
9675,2675,580,Poor,13.0,2,815000,2025-04-16
9676,2676,649,Fair,3.1,0,98800,2025-05-01
9677,2677,819,Excellent,6.0,1,1426200,2025-03-08
9678,2678,739,Good,8.8,2,807600,2025-10-13
9679,2679,774,Excellent,3.1,1,348500,2025-10-12
9680,2680,605,Fair,2.8,2,123300,2025-03-25
9681,2681,782,Excellent,10.3,0,30000,2025-11-20
9682,2682,583,Poor,10.2,0,301100,2025-01-14
9683,2683,586,Poor,4.3,3,336600,2025-12-31
9684,2684,753,Excellent,4.2,1,667000,2025-06-29
9685,2685,590,Poor,11.4,0,51300,2025-02-08
9686,2686,804,Excellent,2.6,1,730000,2025-10-04
9687,2687,596,Poor,13.9,2,827700,2025-11-23
9688,2688,617,Fair,14.2,1,440500,2025-01-06
9689,2689,776,Excellent,13.2,2,88900,2025-07-02
9690,2690,643,Fair,3.9,1,243800,2025-02-09
9691,2691,750,Excellent,1.2,1,106300,2025-07-17
9692,2692,606,Fair,14.1,1,92100,2025-06-02
9693,2693,669,Fair,5.8,3,104900,2025-09-09
9694,2694,746,Good,5.3,0,365500,2025-08-17
9695,2695,627,Fair,4.7,1,142100,2025-03-30
9696,2696,767,Excellent,4.4,1,242800,2025-01-22
9697,2697,663,Fair,11.3,3,546600,2025-11-08
9698,2698,699,Fair,13.7,0,298600,2025-10-29
9699,2699,615,Fair,12.0,2,209800,2025-04-30
9700,2700,632,Fair,10.4,3,264000,2025-07-03
9701,2701,627,Fair,5.0,2,1269100,2025-07-25
9702,2702,644,Fair,8.7,1,961100,2025-03-31
9703,2703,806,Excellent,4.3,0,33100,2025-04-26
9704,2704,774,Excellent,2.6,1,193800,2025-06-12
9705,2705,724,Good,2.7,1,304000,2025-04-14
9706,2706,641,Fair,9.5,1,1914600,2025-05-28
9707,2707,627,Fair,1.5,0,253900,2025-09-28
9708,2708,617,Fair,14.6,1,208800,2025-04-20
9709,2709,667,Fair,14.9,2,242000,2025-07-19
9710,2710,711,Good,3.1,1,270200,2025-10-07
9711,2711,736,Good,7.0,3,363900,2025-08-13
9712,2712,691,Fair,11.8,4,416900,2025-03-21
9713,2713,732,Good,14.4,0,251900,2025-09-08
9714,2714,760,Excellent,13.5,0,1577200,2025-08-08
9715,2715,662,Fair,4.6,1,309000,2025-10-27
9716,2716,772,Excellent,2.2,0,850400,2025-05-22
9717,2717,616,Fair,5.0,0,321100,2025-03-14
9718,2718,734,Good,7.1,1,206000,2025-07-24
9719,2719,692,Fair,6.0,1,456900,2025-08-10
9720,2720,703,Good,11.8,1,34500,2025-06-09
9721,2721,662,Fair,4.6,2,260400,2025-03-21
9722,2722,784,Excellent,13.0,2,21800,2025-04-25
9723,2723,645,Fair,4.2,2,99600,2025-01-25
9724,2724,794,Excellent,6.1,1,146300,2025-06-26
9725,2725,795,Excellent,7.3,1,293600,2025-10-06
9726,2726,724,Good,5.1,1,405500,2025-10-20
9727,2727,667,Fair,11.7,0,66700,2025-08-08
9728,2728,627,Fair,6.7,1,191600,2025-01-03
9729,2729,540,Poor,13.4,2,219100,2025-11-12
9730,2730,730,Good,14.5,0,1904100,2025-11-11
9731,2731,607,Fair,13.0,3,281300,2025-02-02
9732,2732,617,Fair,8.3,1,95400,2025-07-01
9733,2733,731,Good,8.1,1,647500,2025-02-08
9734,2734,658,Fair,4.0,0,235000,2025-06-02
9735,2735,706,Good,9.3,0,586600,2025-03-04
9736,2736,725,Good,14.3,0,741500,2025-03-30
9737,2737,810,Excellent,2.1,2,139200,2025-04-13
9738,2738,705,Good,11.5,1,207600,2025-12-07
9739,2739,649,Fair,13.2,3,213100,2025-07-06
9740,2740,684,Fair,14.8,0,663200,2025-06-08
9741,2741,647,Fair,5.7,1,1292000,2025-02-18
9742,2742,831,Excellent,6.0,1,1337000,2025-08-10
9743,2743,718,Good,4.2,1,248000,2025-12-25
9744,2744,734,Good,12.0,1,1194900,2025-07-07
9745,2745,791,Excellent,3.0,1,419700,2025-09-10
9746,2746,626,Fair,4.7,0,216700,2025-12-31
9747,2747,583,Poor,5.1,3,147800,2025-07-11
9748,2748,688,Fair,6.2,1,460200,2025-09-01
9749,2749,583,Poor,6.9,1,1264100,2025-03-12
9750,2750,659,Fair,8.8,2,904700,2025-12-13
9751,2751,527,Poor,14.3,1,146600,2025-03-18
9752,2752,589,Poor,4.5,1,409600,2025-08-09
9753,2753,782,Excellent,11.9,3,139100,2025-12-09
9754,2754,720,Good,10.5,0,362400,2025-09-21
9755,2755,825,Excellent,2.6,1,456300,2025-09-26
9756,2756,688,Fair,12.3,0,397700,2025-10-09
9757,2757,685,Fair,2.3,0,732900,2025-08-09
9758,2758,706,Good,11.3,0,157200,2025-04-01
9759,2759,850,Excellent,11.0,1,999700,2025-02-25
9760,2760,769,Excellent,10.7,2,214900,2025-04-16
9761,2761,627,Fair,4.9,0,107900,2025-10-14
9762,2762,721,Good,9.0,0,740600,2025-09-30
9763,2763,701,Good,11.7,0,453100,2025-10-20
9764,2764,744,Good,9.9,2,718900,2025-02-16
9765,2765,830,Excellent,12.3,1,343900,2025-11-03
9766,2766,734,Good,10.6,0,42100,2025-04-24
9767,2767,662,Fair,4.8,1,141000,2025-02-27
9768,2768,830,Excellent,3.1,4,333400,2025-02-13
9769,2769,592,Poor,9.8,0,284600,2025-12-20
9770,2770,670,Fair,11.6,0,1518900,2025-08-19
9771,2771,758,Excellent,3.0,0,146200,2025-09-24
9772,2772,631,Fair,3.4,0,655300,2025-01-12
9773,2773,686,Fair,1.2,1,507900,2025-07-24
9774,2774,637,Fair,8.4,1,34400,2025-02-23
9775,2775,687,Fair,8.6,0,295000,2025-02-03
9776,2776,638,Fair,8.0,4,331700,2025-09-05
9777,2777,696,Fair,5.4,1,978600,2025-05-16
9778,2778,665,Fair,7.0,1,63800,2025-08-18
9779,2779,790,Excellent,11.7,2,601600,2025-12-22
9780,2780,719,Good,3.5,1,428400,2025-10-05
9781,2781,745,Good,3.8,1,979700,2025-09-18
9782,2782,701,Good,10.3,1,170000,2025-01-20
9783,2783,657,Fair,13.1,3,600700,2025-08-03
9784,2784,715,Good,5.8,1,110300,2025-08-20
9785,2785,705,Good,14.1,1,1919600,2025-04-28
9786,2786,508,Poor,1.8,1,204800,2025-02-18
9787,2787,693,Fair,2.7,4,78700,2025-04-29
9788,2788,740,Good,7.4,1,137200,2025-05-27
9789,2789,636,Fair,11.1,1,717300,2025-08-06
9790,2790,755,Excellent,6.2,0,290900,2025-08-16
9791,2791,717,Good,8.8,2,744300,2025-09-20
9792,2792,660,Fair,1.4,1,1244700,2025-12-02
9793,2793,731,Good,7.5,1,719700,2025-01-10
9794,2794,662,Fair,4.4,1,694700,2025-12-29
9795,2795,711,Good,8.2,0,122400,2025-05-30
9796,2796,671,Fair,8.4,4,150700,2025-08-06
9797,2797,731,Good,11.5,2,103400,2025-05-13
9798,2798,791,Excellent,8.6,1,308400,2025-07-23
9799,2799,657,Fair,9.6,1,1697900,2025-01-24
9800,2800,758,Excellent,8.4,1,239100,2025-05-23
9801,2801,668,Fair,14.9,0,1457300,2025-12-10
9802,2802,668,Fair,12.1,2,71000,2025-08-04
9803,2803,660,Fair,11.6,2,199600,2025-08-22
9804,2804,563,Poor,9.8,4,130700,2025-02-24
9805,2805,728,Good,8.4,1,445800,2025-12-20
9806,2806,711,Good,5.8,3,415600,2025-06-20
9807,2807,702,Good,12.0,0,67400,2025-06-22
9808,2808,807,Excellent,3.7,1,141900,2025-10-08
9809,2809,815,Excellent,1.5,2,849400,2025-05-24
9810,2810,788,Excellent,10.8,1,714400,2025-09-04
9811,2811,672,Fair,3.0,2,141100,2025-01-29
9812,2812,669,Fair,13.7,1,153700,2025-11-16
9813,2813,614,Fair,11.8,2,269300,2025-05-04
9814,2814,695,Fair,9.4,2,136200,2025-06-22
9815,2815,691,Fair,5.4,1,432200,2025-08-22
9816,2816,730,Good,9.9,2,250100,2025-12-31
9817,2817,610,Fair,7.7,2,719900,2025-01-26
9818,2818,662,Fair,5.1,2,240000,2025-03-26
9819,2819,563,Poor,14.2,1,667700,2025-02-19
9820,2820,636,Fair,3.3,0,188200,2025-06-04
9821,2821,757,Excellent,11.5,0,191900,2025-04-10
9822,2822,607,Fair,12.2,0,287200,2025-03-21
9823,2823,821,Excellent,14.3,0,74300,2025-01-29
9824,2824,766,Excellent,8.7,0,280700,2025-05-15
9825,2825,728,Good,8.5,0,805100,2025-03-03
9826,2826,790,Excellent,13.9,3,107000,2025-03-12
9827,2827,681,Fair,12.2,0,734900,2025-10-17
9828,2828,635,Fair,11.7,0,321100,2025-05-13
9829,2829,683,Fair,12.0,2,352200,2025-04-27
9830,2830,561,Poor,7.9,0,432600,2025-01-08
9831,2831,779,Excellent,1.6,2,230200,2025-07-19
9832,2832,664,Fair,3.8,0,411300,2025-02-12
9833,2833,633,Fair,10.0,0,243300,2025-06-29
9834,2834,642,Fair,6.5,1,177000,2025-11-26
9835,2835,691,Fair,9.5,1,866200,2025-09-14
9836,2836,699,Fair,8.7,0,97900,2025-02-07
9837,2837,679,Fair,7.1,0,192300,2025-09-20
9838,2838,679,Fair,4.3,0,631900,2025-12-03
9839,2839,731,Good,11.1,1,131400,2025-07-03
9840,2840,608,Fair,13.7,0,256400,2025-10-07
9841,2841,707,Good,11.8,1,87200,2025-10-18
9842,2842,666,Fair,2.7,0,205700,2025-07-20
9843,2843,540,Poor,8.5,0,82200,2025-02-11
9844,2844,609,Fair,12.7,0,156400,2025-10-27
9845,2845,631,Fair,9.3,1,348200,2025-01-04
9846,2846,815,Excellent,7.2,1,285000,2025-12-30
9847,2847,724,Good,5.0,2,802900,2025-04-29
9848,2848,710,Good,5.6,3,573200,2025-03-18
9849,2849,653,Fair,4.4,0,215900,2025-10-07
9850,2850,652,Fair,3.7,0,706900,2025-11-23
9851,2851,601,Fair,9.2,0,264500,2025-05-03
9852,2852,666,Fair,8.1,2,162600,2025-12-13
9853,2853,793,Excellent,11.3,1,98600,2025-12-16
9854,2854,591,Poor,5.3,0,1117700,2025-06-05
9855,2855,646,Fair,7.5,3,945300,2025-11-25
9856,2856,759,Excellent,10.5,1,250000,2025-04-13
9857,2857,759,Excellent,14.5,0,278300,2025-12-25
9858,2858,636,Fair,5.9,0,243000,2025-12-07
9859,2859,777,Excellent,5.2,1,54000,2025-04-12
9860,2860,657,Fair,7.3,0,271700,2025-02-14
9861,2861,604,Fair,11.1,2,43700,2025-12-11
9862,2862,802,Excellent,14.5,0,103700,2025-03-11
9863,2863,697,Fair,8.5,2,296500,2025-02-18
9864,2864,677,Fair,12.4,1,623100,2025-04-29
9865,2865,703,Good,7.5,4,66500,2025-12-06
9866,2866,617,Fair,1.6,0,259400,2025-10-23
9867,2867,648,Fair,13.5,1,281100,2025-01-18
9868,2868,798,Excellent,5.1,3,258900,2025-02-16
9869,2869,829,Excellent,2.9,1,403400,2025-01-01
9870,2870,607,Fair,14.9,0,600200,2025-06-10
9871,2871,661,Fair,5.9,1,312200,2025-10-22
9872,2872,690,Fair,2.9,1,1198500,2025-04-22
9873,2873,705,Good,5.4,2,246500,2025-01-23
9874,2874,619,Fair,8.2,1,120100,2025-09-01
9875,2875,739,Good,2.2,1,1531900,2025-09-27
9876,2876,744,Good,5.9,3,2708000,2025-09-10
9877,2877,754,Excellent,10.4,5,514300,2025-10-20
9878,2878,746,Good,13.8,2,38500,2025-03-12
9879,2879,696,Fair,6.6,1,380700,2025-03-17
9880,2880,764,Excellent,8.9,0,160700,2025-06-14
9881,2881,731,Good,9.9,2,1143800,2025-09-20
9882,2882,579,Poor,2.0,1,296900,2025-04-19
9883,2883,579,Poor,5.8,3,162700,2025-06-29
9884,2884,713,Good,10.6,1,407200,2025-05-25
9885,2885,786,Excellent,11.3,0,957500,2025-07-09
9886,2886,723,Good,6.0,1,144100,2025-06-14
9887,2887,734,Good,1.1,0,602500,2025-01-14
9888,2888,611,Fair,1.1,0,54800,2025-09-01
9889,2889,695,Fair,8.5,0,277600,2025-11-07
9890,2890,776,Excellent,8.7,1,86700,2025-02-26
9891,2891,723,Good,8.8,1,139700,2025-01-04
9892,2892,698,Fair,11.1,1,876800,2025-08-02
9893,2893,735,Good,13.9,2,218800,2025-02-18
9894,2894,707,Good,14.9,0,155700,2025-03-22
9895,2895,778,Excellent,10.8,2,861200,2025-02-04
9896,2896,707,Good,8.2,0,504900,2025-06-30
9897,2897,688,Fair,3.0,0,55500,2025-06-09
9898,2898,611,Fair,6.4,3,281700,2025-12-24
9899,2899,781,Excellent,9.0,2,317400,2025-08-05
9900,2900,619,Fair,15.0,2,605800,2025-09-23
9901,2901,708,Good,2.8,0,232400,2025-09-08
9902,2902,750,Excellent,12.1,0,1723300,2025-04-23
9903,2903,824,Excellent,15.0,2,388700,2025-07-09
9904,2904,707,Good,12.3,0,72300,2025-01-02
9905,2905,794,Excellent,11.7,1,214400,2025-03-04
9906,2906,692,Fair,4.6,0,798000,2025-04-30
9907,2907,648,Fair,1.0,0,230000,2025-09-02
9908,2908,850,Excellent,4.2,0,330900,2025-09-29
9909,2909,599,Poor,12.1,1,290800,2025-05-11
9910,2910,850,Excellent,2.5,0,33600,2025-08-05
9911,2911,812,Excellent,5.1,2,208000,2025-01-18
9912,2912,647,Fair,8.9,0,199200,2025-08-19
9913,2913,739,Good,9.1,0,1325400,2025-10-25
9914,2914,585,Poor,8.6,3,990100,2025-08-20
9915,2915,734,Good,14.7,2,103400,2025-05-04
9916,2916,714,Good,1.2,1,78600,2025-02-19
9917,2917,755,Excellent,7.8,1,571500,2025-06-26
9918,2918,660,Fair,8.1,3,302800,2025-01-03
9919,2919,702,Good,5.1,0,349900,2025-03-13
9920,2920,726,Good,8.4,1,105400,2025-05-05
9921,2921,653,Fair,10.4,0,283000,2025-01-05
9922,2922,795,Excellent,10.4,2,161600,2025-07-04
9923,2923,700,Good,2.2,4,107800,2025-03-25
9924,2924,716,Good,12.2,1,219300,2025-06-02
9925,2925,628,Fair,14.0,1,254500,2025-07-17
9926,2926,566,Poor,2.7,1,99200,2025-08-08
9927,2927,589,Poor,6.8,0,212100,2025-01-23
9928,2928,735,Good,8.2,2,159600,2025-05-18
9929,2929,631,Fair,2.9,2,251400,2025-06-10
9930,2930,745,Good,8.0,1,206400,2025-03-14
9931,2931,814,Excellent,3.9,1,1345700,2025-07-14
9932,2932,748,Good,14.1,2,369100,2025-04-07
9933,2933,722,Good,7.3,1,193400,2025-03-15
9934,2934,739,Good,14.9,2,733800,2025-01-27
9935,2935,773,Excellent,1.7,1,45400,2025-06-12
9936,2936,713,Good,2.8,1,497400,2025-03-03
9937,2937,740,Good,7.2,0,360300,2025-09-20
9938,2938,648,Fair,13.2,2,390800,2025-07-18
9939,2939,617,Fair,8.8,1,187400,2025-08-02
9940,2940,652,Fair,11.3,0,637100,2025-09-23
9941,2941,666,Fair,6.9,0,409900,2025-01-27
9942,2942,662,Fair,1.6,1,653500,2025-03-09
9943,2943,776,Excellent,10.1,1,136400,2025-07-14
9944,2944,486,Poor,9.9,1,815800,2025-10-31
9945,2945,674,Fair,2.0,1,186100,2025-12-29
9946,2946,746,Good,3.4,0,79700,2025-11-19
9947,2947,743,Good,7.7,1,1557700,2025-12-11
9948,2948,629,Fair,7.3,2,632800,2025-11-23
9949,2949,820,Excellent,11.5,2,1689200,2025-10-29
9950,2950,586,Poor,6.4,0,294700,2025-04-08
9951,2951,664,Fair,10.3,1,730700,2025-07-21
9952,2952,667,Fair,10.9,0,916500,2025-09-05
9953,2953,666,Fair,10.0,2,219700,2025-12-14
9954,2954,792,Excellent,9.3,1,70700,2025-01-11
9955,2955,691,Fair,12.3,0,435500,2025-02-01
9956,2956,714,Good,10.2,1,387500,2025-11-24
9957,2957,756,Excellent,12.7,2,402700,2025-05-28
9958,2958,642,Fair,9.9,1,300200,2025-05-13
9959,2959,678,Fair,3.2,2,188500,2025-09-26
9960,2960,816,Excellent,5.3,0,173400,2025-07-22
9961,2961,718,Good,5.6,1,558300,2025-05-02
9962,2962,608,Fair,2.3,2,18400,2025-04-08
9963,2963,626,Fair,10.7,1,64700,2025-08-24
9964,2964,757,Excellent,9.3,0,56700,2025-05-11
9965,2965,605,Fair,9.3,1,48900,2025-09-09
9966,2966,655,Fair,7.7,1,263800,2025-09-09
9967,2967,705,Good,8.6,1,496700,2025-12-19
9968,2968,691,Fair,1.1,3,481200,2025-02-25
9969,2969,801,Excellent,2.3,3,100200,2025-09-06
9970,2970,506,Poor,10.6,0,64300,2025-07-21
9971,2971,726,Good,4.7,0,348100,2025-09-06
9972,2972,669,Fair,2.5,0,475900,2025-10-29
9973,2973,789,Excellent,5.6,0,505200,2025-06-25
9974,2974,672,Fair,4.6,2,83600,2025-04-15
9975,2975,675,Fair,1.4,1,632000,2025-09-02
9976,2976,690,Fair,6.7,1,353000,2025-08-13
9977,2977,640,Fair,1.4,0,122400,2025-12-19
9978,2978,646,Fair,1.0,0,170700,2025-05-31
9979,2979,679,Fair,12.1,1,134500,2025-11-07
9980,2980,813,Excellent,5.4,2,144400,2025-02-23
9981,2981,653,Fair,8.9,2,805000,2025-11-17
9982,2982,638,Fair,5.2,0,479400,2025-08-07
9983,2983,660,Fair,14.0,2,110600,2025-11-03
9984,2984,690,Fair,11.2,1,199800,2025-08-24
9985,2985,824,Excellent,6.2,1,515400,2025-12-13
9986,2986,633,Fair,3.9,0,48400,2025-06-13
9987,2987,850,Excellent,2.9,2,514300,2025-10-15
9988,2988,724,Good,11.7,2,1779500,2025-12-25
9989,2989,615,Fair,7.3,0,398400,2025-02-26
9990,2990,649,Fair,4.2,0,254400,2025-01-29
9991,2991,545,Poor,13.9,2,76400,2025-03-28
9992,2992,698,Fair,6.5,0,37700,2025-03-20
9993,2993,769,Excellent,8.6,2,189600,2025-12-29
9994,2994,692,Fair,13.0,1,467200,2025-11-04
9995,2995,750,Excellent,12.7,1,259300,2025-03-30
9996,2996,722,Good,9.9,1,904700,2025-06-28
9997,2997,781,Excellent,13.4,1,418200,2025-10-14
9998,2998,617,Fair,14.3,2,146300,2025-03-25
9999,2999,756,Excellent,14.1,1,930900,2025-08-11
10000,3000,832,Excellent,5.9,0,510900,2025-05-24
10001,3001,850,Excellent,6.6,3,72500,2025-06-13
10002,3002,797,Excellent,4.4,0,122800,2025-10-22
10003,3003,703,Good,12.7,0,192800,2025-05-19
10004,3004,618,Fair,2.7,0,1470300,2025-05-28
10005,3005,629,Fair,6.0,2,584000,2025-11-08
10006,3006,677,Fair,1.1,3,118700,2025-08-29
10007,3007,829,Excellent,9.3,2,5194100,2025-08-31
10008,3008,650,Fair,10.2,2,608700,2025-06-19
10009,3009,703,Good,4.5,0,103100,2025-02-16
10010,3010,761,Excellent,11.3,2,229500,2025-01-06
10011,3011,450,Poor,6.3,0,188300,2025-12-31
10012,3012,610,Fair,5.4,0,140800,2025-02-04
10013,3013,836,Excellent,14.4,3,969500,2025-03-12
10014,3014,768,Excellent,9.2,1,267500,2025-10-20
10015,3015,769,Excellent,4.5,0,692500,2025-06-27
10016,3016,620,Fair,14.8,1,268300,2025-05-03
10017,3017,799,Excellent,6.4,2,217100,2025-09-02
10018,3018,629,Fair,10.1,0,175300,2025-01-09
10019,3019,697,Fair,11.1,0,304900,2025-11-27
10020,3020,742,Good,6.9,0,148800,2025-08-01
10021,3021,752,Excellent,8.5,1,291900,2025-11-12
10022,3022,727,Good,4.4,3,179600,2025-02-20
10023,3023,675,Fair,7.5,2,89500,2025-10-29
10024,3024,551,Poor,5.4,0,217300,2025-11-23
10025,3025,696,Fair,8.7,1,60500,2025-03-05
10026,3026,527,Poor,10.4,0,1016500,2025-08-20
10027,3027,733,Good,9.6,0,471400,2025-01-21
10028,3028,617,Fair,11.9,0,197500,2025-01-05
10029,3029,678,Fair,1.6,0,61100,2025-01-06
10030,3030,652,Fair,2.1,1,303900,2025-02-12
10031,3031,732,Good,3.9,1,368100,2025-10-09
10032,3032,631,Fair,14.8,0,437200,2025-12-15
10033,3033,709,Good,12.2,0,149600,2025-02-23
10034,3034,704,Good,13.9,1,362400,2025-05-11
10035,3035,695,Fair,4.8,1,1674600,2025-05-19
10036,3036,719,Good,9.0,2,187900,2025-08-03
10037,3037,600,Fair,8.8,1,761500,2025-01-25
10038,3038,603,Fair,9.0,2,296200,2025-03-06
10039,3039,798,Excellent,11.0,1,264100,2025-09-17
10040,3040,575,Poor,6.5,1,337300,2025-07-17
10041,3041,850,Excellent,10.5,0,185100,2025-04-19
10042,3042,680,Fair,12.0,0,340600,2025-01-16
10043,3043,626,Fair,5.0,1,715500,2025-07-22
10044,3044,755,Excellent,14.2,3,675900,2025-05-22
10045,3045,648,Fair,8.3,0,844100,2025-12-24
10046,3046,715,Good,11.3,2,171100,2025-04-23
10047,3047,783,Excellent,11.2,0,316000,2025-03-15
10048,3048,743,Good,8.9,0,2128500,2025-02-22
10049,3049,722,Good,5.5,2,125000,2025-04-28
10050,3050,739,Good,10.3,3,271400,2025-07-05
10051,3051,693,Fair,2.2,1,100800,2025-03-04
10052,3052,751,Excellent,14.7,1,331100,2025-05-21
10053,3053,610,Fair,3.6,1,766200,2025-10-28
10054,3054,799,Excellent,4.9,0,1405900,2025-08-14
10055,3055,678,Fair,14.4,2,122100,2025-08-13
10056,3056,703,Good,3.6,2,142500,2025-07-02
10057,3057,666,Fair,3.4,1,1244100,2025-06-10
10058,3058,735,Good,12.3,2,19600,2025-03-03
10059,3059,769,Excellent,4.5,0,168800,2025-03-22
10060,3060,616,Fair,2.3,0,719000,2025-11-25
10061,3061,685,Fair,4.2,0,64800,2025-01-16
10062,3062,703,Good,13.4,2,116700,2025-08-17
10063,3063,723,Good,4.9,0,931700,2025-04-07
10064,3064,668,Fair,10.7,1,50200,2025-12-26
10065,3065,658,Fair,6.5,1,48400,2025-11-16
10066,3066,756,Excellent,4.7,0,638900,2025-11-22
10067,3067,728,Good,3.0,0,1293400,2025-05-20
10068,3068,706,Good,14.6,0,1089700,2025-05-10
10069,3069,784,Excellent,8.3,1,29100,2025-05-23
10070,3070,590,Poor,2.6,0,1119000,2025-12-03
10071,3071,750,Excellent,3.8,2,322100,2025-06-29
10072,3072,718,Good,6.7,0,145000,2025-06-12
10073,3073,581,Poor,8.6,0,129200,2025-12-17
10074,3074,777,Excellent,3.5,2,563100,2025-05-03
10075,3075,734,Good,4.9,0,444600,2025-02-07
10076,3076,744,Good,12.0,0,1062600,2025-10-25
10077,3077,667,Fair,6.8,2,170800,2025-12-31
10078,3078,747,Good,1.0,1,193500,2025-08-20
10079,3079,635,Fair,1.8,2,619900,2025-12-03
10080,3080,589,Poor,7.2,1,147000,2025-09-09
10081,3081,689,Fair,1.8,0,627400,2025-01-07
10082,3082,741,Good,3.4,1,109900,2025-02-25
10083,3083,766,Excellent,11.2,1,1878500,2025-06-17
10084,3084,701,Good,7.7,0,1804300,2025-11-13
10085,3085,696,Fair,7.8,1,154700,2025-08-07
10086,3086,766,Excellent,9.4,0,317400,2025-03-06
10087,3087,665,Fair,12.0,2,335000,2025-07-13
10088,3088,648,Fair,3.2,0,266000,2025-04-03
10089,3089,811,Excellent,3.4,1,121800,2025-12-07
10090,3090,669,Fair,2.7,2,329700,2025-06-19
10091,3091,759,Excellent,14.1,1,79200,2025-08-14
10092,3092,792,Excellent,9.1,1,1196100,2025-08-19
10093,3093,706,Good,2.3,0,1269300,2025-10-08
10094,3094,710,Good,4.1,2,1009800,2025-01-06
10095,3095,825,Excellent,11.2,0,1075400,2025-09-21
10096,3096,592,Poor,1.4,2,585100,2025-02-22
10097,3097,591,Poor,11.2,0,132400,2025-01-19
10098,3098,751,Excellent,13.8,1,92000,2025-09-22
10099,3099,659,Fair,1.8,0,114100,2025-06-10
10100,3100,755,Excellent,3.6,2,450600,2025-09-21
10101,3101,686,Fair,1.0,1,90000,2025-10-21
10102,3102,752,Excellent,2.5,2,351000,2025-06-09
10103,3103,624,Fair,9.6,1,494900,2025-01-23
10104,3104,736,Good,1.6,2,254100,2025-06-11
10105,3105,652,Fair,7.0,0,310200,2025-12-09
10106,3106,744,Good,8.0,2,3133200,2025-01-07
10107,3107,850,Excellent,13.7,1,291600,2025-12-29
10108,3108,630,Fair,7.6,1,431400,2025-01-24
10109,3109,663,Fair,3.0,1,864800,2025-05-10
10110,3110,680,Fair,5.1,1,677500,2025-09-12
10111,3111,714,Good,10.4,0,636000,2025-09-13
10112,3112,518,Poor,2.6,5,384200,2025-09-07
10113,3113,692,Fair,4.2,1,385100,2025-12-05
10114,3114,674,Fair,14.9,1,58300,2025-04-16
10115,3115,674,Fair,1.1,3,1430400,2025-12-22
10116,3116,712,Good,3.1,0,176000,2025-11-08
10117,3117,717,Good,12.8,1,661500,2025-12-14
10118,3118,715,Good,2.4,0,242900,2025-02-01
10119,3119,609,Fair,1.5,1,4949600,2025-03-18
10120,3120,671,Fair,2.7,3,142400,2025-11-22
10121,3121,668,Fair,10.7,5,2523700,2025-04-03
10122,3122,730,Good,14.9,0,267500,2025-01-10
10123,3123,618,Fair,9.3,3,578900,2025-11-26
10124,3124,705,Good,2.7,0,304700,2025-02-03
10125,3125,811,Excellent,3.6,0,1250000,2025-12-06
10126,3126,490,Poor,8.5,1,337400,2025-04-21
10127,3127,677,Fair,11.0,3,401000,2025-10-16
10128,3128,541,Poor,10.3,1,329200,2025-12-10
10129,3129,690,Fair,9.0,1,499300,2025-04-07
10130,3130,753,Excellent,14.8,3,130200,2025-11-09
10131,3131,652,Fair,3.8,2,41100,2025-05-30
10132,3132,759,Excellent,3.4,2,454200,2025-07-23
10133,3133,792,Excellent,13.0,2,2042700,2025-08-10
10134,3134,720,Good,5.1,3,207200,2025-02-01
10135,3135,651,Fair,5.7,0,598800,2025-05-05
10136,3136,730,Good,8.7,2,79100,2025-04-18
10137,3137,816,Excellent,6.3,2,181800,2025-07-30
10138,3138,590,Poor,5.0,1,313300,2025-01-02
10139,3139,773,Excellent,13.8,0,292000,2025-07-02
10140,3140,593,Poor,2.8,1,820000,2025-02-28
10141,3141,576,Poor,6.7,1,58500,2025-10-16
10142,3142,597,Poor,1.0,2,257400,2025-04-06
10143,3143,687,Fair,12.3,2,170800,2025-09-07
10144,3144,785,Excellent,3.4,0,132100,2025-04-15
10145,3145,539,Poor,11.8,3,155400,2025-07-30
10146,3146,764,Excellent,3.1,1,383400,2025-09-27
10147,3147,679,Fair,6.8,2,342200,2025-02-28
10148,3148,607,Fair,11.2,0,251300,2025-09-28
10149,3149,734,Good,4.8,1,88900,2025-01-29
10150,3150,654,Fair,5.4,1,235900,2025-07-22
10151,3151,850,Excellent,10.3,1,827200,2025-04-22
10152,3152,727,Good,3.6,2,68400,2025-12-31
10153,3153,694,Fair,14.3,0,157800,2025-05-03
10154,3154,739,Good,3.6,2,106900,2025-07-20
10155,3155,791,Excellent,11.5,0,111000,2025-10-30
10156,3156,798,Excellent,12.2,0,241200,2025-07-04
10157,3157,760,Excellent,6.2,1,168600,2025-02-27
10158,3158,793,Excellent,3.2,2,138700,2025-12-15
10159,3159,780,Excellent,3.3,0,305200,2025-09-12
10160,3160,758,Excellent,14.8,4,73200,2025-08-17
10161,3161,660,Fair,11.2,1,1808500,2025-12-07
10162,3162,784,Excellent,7.3,2,180100,2025-02-22
10163,3163,658,Fair,4.6,1,214000,2025-12-08
10164,3164,710,Good,1.3,0,220300,2025-11-16
10165,3165,662,Fair,10.4,0,125400,2025-09-01
10166,3166,741,Good,14.4,1,925400,2025-12-04
10167,3167,786,Excellent,2.5,1,378200,2025-09-15
10168,3168,659,Fair,11.6,1,31400,2025-03-01
10169,3169,584,Poor,3.1,0,98500,2025-08-17
10170,3170,766,Excellent,12.1,1,167900,2025-12-06
10171,3171,768,Excellent,6.2,0,530800,2025-10-31
10172,3172,807,Excellent,11.0,0,876200,2025-04-28
10173,3173,757,Excellent,14.0,1,265300,2025-01-26
10174,3174,759,Excellent,9.7,2,1254200,2025-12-06
10175,3175,636,Fair,13.9,4,601900,2025-05-30
10176,3176,745,Good,4.3,0,2065300,2025-06-20
10177,3177,850,Excellent,14.7,1,181300,2025-09-10
10178,3178,649,Fair,13.2,0,208700,2025-01-20
10179,3179,599,Poor,2.5,0,363600,2025-12-15
10180,3180,701,Good,6.8,1,154400,2025-10-31
10181,3181,760,Excellent,14.0,1,606600,2025-12-17
10182,3182,706,Good,2.1,1,98600,2025-03-02
10183,3183,824,Excellent,7.4,2,79200,2025-05-31
10184,3184,625,Fair,11.1,1,285300,2025-08-24
10185,3185,576,Poor,1.5,2,1136800,2025-11-13
10186,3186,797,Excellent,11.5,1,467200,2025-08-18
10187,3187,584,Poor,6.1,3,625500,2025-12-02
10188,3188,714,Good,4.5,1,1345700,2025-07-10
10189,3189,795,Excellent,9.1,5,442800,2025-10-02
10190,3190,706,Good,8.6,0,219800,2025-07-22
10191,3191,638,Fair,13.2,2,1112300,2025-07-23
10192,3192,785,Excellent,10.5,4,715700,2025-08-16
10193,3193,703,Good,6.9,0,155000,2025-09-26
10194,3194,673,Fair,10.1,4,139700,2025-06-28
10195,3195,813,Excellent,11.5,1,286100,2025-11-27
10196,3196,662,Fair,14.1,1,673700,2025-09-14
10197,3197,645,Fair,10.9,0,125000,2025-06-18
10198,3198,622,Fair,8.6,4,338600,2025-01-03
10199,3199,781,Excellent,6.2,3,677900,2025-01-08
10200,3200,722,Good,13.5,0,240300,2025-12-02
10201,3201,653,Fair,12.1,2,386600,2025-04-17
10202,3202,582,Poor,2.1,1,466300,2025-02-09
10203,3203,796,Excellent,10.8,1,590800,2025-07-07
10204,3204,655,Fair,8.5,2,322300,2025-09-21
10205,3205,554,Poor,2.5,1,268200,2025-11-26
10206,3206,697,Fair,8.9,1,749000,2025-08-31
10207,3207,767,Excellent,3.7,1,29800,2025-06-14
10208,3208,744,Good,10.9,0,650900,2025-10-10
10209,3209,696,Fair,4.9,2,507100,2025-04-05
10210,3210,657,Fair,3.1,2,1181900,2025-05-11
10211,3211,648,Fair,2.1,2,503300,2025-09-19
10212,3212,786,Excellent,7.9,0,118000,2025-07-28
10213,3213,544,Poor,3.8,1,329000,2025-01-10
10214,3214,619,Fair,13.0,0,124200,2025-01-29
10215,3215,683,Fair,1.0,1,841800,2025-05-28
10216,3216,540,Poor,12.8,0,32700,2025-12-01
10217,3217,674,Fair,8.3,2,71000,2025-03-07
10218,3218,598,Poor,13.9,3,101800,2025-01-12
10219,3219,726,Good,3.9,1,69300,2025-01-13
10220,3220,647,Fair,2.4,2,223900,2025-12-30
10221,3221,660,Fair,9.7,2,205800,2025-04-12
10222,3222,642,Fair,10.9,3,632600,2025-06-22
10223,3223,741,Good,6.2,2,53800,2025-08-01
10224,3224,685,Fair,1.2,1,185200,2025-06-18
10225,3225,761,Excellent,6.7,1,379300,2025-07-27
10226,3226,781,Excellent,4.3,2,129700,2025-12-13
10227,3227,668,Fair,5.9,4,67800,2025-03-03
10228,3228,638,Fair,8.1,2,566300,2025-01-09
10229,3229,659,Fair,10.8,0,500800,2025-05-05
10230,3230,850,Excellent,14.5,2,44400,2025-06-11
10231,3231,644,Fair,3.0,0,203900,2025-01-19
10232,3232,677,Fair,10.5,1,172600,2025-12-12
10233,3233,706,Good,4.3,0,1538100,2025-03-28
10234,3234,731,Good,4.1,0,54800,2025-01-18
10235,3235,698,Fair,9.9,1,200100,2025-08-25
10236,3236,823,Excellent,11.9,1,594600,2025-06-23
10237,3237,708,Good,14.7,1,269400,2025-04-14
10238,3238,679,Fair,11.8,0,786200,2025-08-25
10239,3239,762,Excellent,3.2,0,50400,2025-05-06
10240,3240,624,Fair,4.2,2,94100,2025-02-18
10241,3241,730,Good,11.7,1,225900,2025-04-12
10242,3242,662,Fair,8.4,1,465700,2025-03-15
10243,3243,786,Excellent,5.1,1,301100,2025-06-20
10244,3244,792,Excellent,7.6,0,520300,2025-05-18
10245,3245,677,Fair,13.8,1,221600,2025-03-26
10246,3246,625,Fair,11.6,0,92300,2025-06-15
10247,3247,550,Poor,7.3,2,493200,2025-02-07
10248,3248,707,Good,14.7,3,75700,2025-09-06
10249,3249,530,Poor,12.1,2,125500,2025-09-25
10250,3250,684,Fair,1.1,1,87500,2025-11-04
10251,3251,648,Fair,2.6,2,353600,2025-04-15
10252,3252,732,Good,8.8,0,279100,2025-12-14
10253,3253,689,Fair,5.9,2,107700,2025-01-24
10254,3254,648,Fair,12.4,2,146900,2025-10-14
10255,3255,754,Excellent,13.5,1,218500,2025-03-23
10256,3256,608,Fair,4.4,2,530700,2025-09-12
10257,3257,732,Good,11.7,1,307700,2025-01-23
10258,3258,845,Excellent,8.5,1,387700,2025-11-23
10259,3259,762,Excellent,6.5,0,442900,2025-03-13
10260,3260,660,Fair,12.0,1,294300,2025-04-28
10261,3261,614,Fair,8.9,1,363500,2025-02-07
10262,3262,760,Excellent,9.9,2,263900,2025-06-05
10263,3263,598,Poor,1.9,2,1130100,2025-12-13
10264,3264,690,Fair,9.2,5,482900,2025-05-07
10265,3265,744,Good,5.2,1,1563300,2025-10-04
10266,3266,614,Fair,7.9,1,939300,2025-01-27
10267,3267,610,Fair,4.1,2,250900,2025-02-25
10268,3268,591,Poor,9.6,1,251300,2025-05-05
10269,3269,810,Excellent,3.1,2,67500,2025-12-28
10270,3270,817,Excellent,2.7,1,110500,2025-01-21
10271,3271,816,Excellent,3.6,4,744400,2025-01-14
10272,3272,826,Excellent,12.4,1,712600,2025-08-29
10273,3273,643,Fair,1.5,1,48700,2025-04-17
10274,3274,554,Poor,11.2,1,980000,2025-03-11
10275,3275,818,Excellent,1.8,0,871200,2025-07-23
10276,3276,760,Excellent,9.3,1,820500,2025-01-28
10277,3277,754,Excellent,11.8,1,475700,2025-08-09
10278,3278,612,Fair,4.2,4,473900,2025-04-12
10279,3279,697,Fair,3.7,1,253900,2025-03-08
10280,3280,702,Good,5.0,0,169700,2025-05-04
10281,3281,685,Fair,10.8,1,833600,2025-10-16
10282,3282,626,Fair,4.6,1,237000,2025-08-30
10283,3283,547,Poor,8.0,1,9500,2025-01-12
10284,3284,634,Fair,2.9,1,524400,2025-07-22
10285,3285,475,Poor,7.5,2,116200,2025-08-08
10286,3286,659,Fair,9.7,3,344000,2025-06-28
10287,3287,644,Fair,2.0,0,1336000,2025-08-14
10288,3288,602,Fair,12.4,2,1989900,2025-08-02
10289,3289,720,Good,14.1,2,560100,2025-12-25
10290,3290,664,Fair,3.7,0,980200,2025-09-25
10291,3291,670,Fair,11.6,2,586500,2025-01-19
10292,3292,794,Excellent,5.4,2,618900,2025-12-17
10293,3293,666,Fair,10.5,1,686200,2025-11-11
10294,3294,724,Good,5.3,1,114700,2025-09-26
10295,3295,609,Fair,13.1,0,94800,2025-10-02
10296,3296,709,Good,5.9,1,746900,2025-06-13
10297,3297,682,Fair,12.9,2,395200,2025-08-02
10298,3298,697,Fair,11.7,0,346200,2025-08-10
10299,3299,598,Poor,3.7,0,195700,2025-09-26
10300,3300,605,Fair,3.2,0,217300,2025-03-25
10301,3301,664,Fair,11.9,4,929700,2025-08-19
10302,3302,790,Excellent,6.5,1,139700,2025-02-13
10303,3303,582,Poor,14.3,0,303600,2025-03-17
10304,3304,816,Excellent,14.2,1,147600,2025-12-31
10305,3305,637,Fair,10.7,1,74100,2025-12-03
10306,3306,696,Fair,8.0,1,330300,2025-06-10
10307,3307,765,Excellent,3.7,1,584400,2025-08-24
10308,3308,663,Fair,13.4,0,115300,2025-11-04
10309,3309,672,Fair,2.1,0,158300,2025-12-25
10310,3310,798,Excellent,6.2,0,103400,2025-04-27
10311,3311,772,Excellent,5.5,0,338200,2025-03-31
10312,3312,743,Good,14.4,0,193700,2025-12-05
10313,3313,679,Fair,2.7,1,44400,2025-09-26
10314,3314,684,Fair,13.5,2,218200,2025-09-11
10315,3315,610,Fair,7.4,2,765200,2025-05-18
10316,3316,669,Fair,1.7,0,851400,2025-04-05
10317,3317,695,Fair,11.2,1,890700,2025-06-04
10318,3318,687,Fair,2.4,2,122700,2025-07-14
10319,3319,712,Good,4.3,0,103200,2025-11-21
10320,3320,773,Excellent,12.2,0,167500,2025-01-05
10321,3321,577,Poor,3.2,0,720100,2025-03-12
10322,3322,643,Fair,5.6,2,697800,2025-04-14
10323,3323,776,Excellent,6.1,0,300800,2025-02-25
10324,3324,850,Excellent,9.2,0,820700,2025-11-03
10325,3325,609,Fair,12.1,1,518000,2025-11-08
10326,3326,643,Fair,4.2,1,194400,2025-06-19
10327,3327,592,Poor,3.9,0,219900,2025-05-21
10328,3328,537,Poor,4.1,1,95800,2025-02-03
10329,3329,711,Good,6.3,1,268300,2025-12-22
10330,3330,735,Good,8.5,2,173300,2025-02-22
10331,3331,668,Fair,1.2,0,121700,2025-01-03
10332,3332,668,Fair,11.9,0,154600,2025-11-26
10333,3333,682,Fair,14.0,1,1151400,2025-09-07
10334,3334,647,Fair,12.8,1,197800,2025-04-17
10335,3335,687,Fair,1.5,1,1240500,2025-04-09
10336,3336,794,Excellent,8.3,0,315900,2025-10-20
10337,3337,628,Fair,12.4,2,244100,2025-06-29
10338,3338,669,Fair,5.8,0,479700,2025-05-14
10339,3339,680,Fair,13.6,3,35100,2025-05-29
10340,3340,647,Fair,13.4,1,1953100,2025-10-28
10341,3341,695,Fair,3.0,1,708700,2025-05-13
10342,3342,503,Poor,7.9,0,361200,2025-09-16
10343,3343,733,Good,1.4,2,623900,2025-10-03
10344,3344,617,Fair,4.9,2,315100,2025-07-23
10345,3345,627,Fair,12.4,1,173700,2025-03-02
10346,3346,677,Fair,14.7,0,293800,2025-06-09
10347,3347,586,Poor,13.8,3,205300,2025-05-27
10348,3348,790,Excellent,1.6,1,133600,2025-05-23
10349,3349,628,Fair,14.0,2,210300,2025-11-26
10350,3350,850,Excellent,12.5,1,363300,2025-11-09
10351,3351,737,Good,13.1,3,413100,2025-06-03
10352,3352,647,Fair,13.8,3,1067600,2025-11-22
10353,3353,667,Fair,7.8,1,227100,2025-04-21
10354,3354,701,Good,4.0,4,158900,2025-03-31
10355,3355,817,Excellent,1.3,2,96700,2025-02-18
10356,3356,761,Excellent,1.3,2,446700,2025-05-11
10357,3357,756,Excellent,10.0,0,1114800,2025-07-30
10358,3358,667,Fair,5.7,0,211000,2025-08-16
10359,3359,647,Fair,7.9,1,180700,2025-09-10
10360,3360,738,Good,2.8,1,653500,2025-04-04
10361,3361,790,Excellent,14.7,1,115200,2025-06-14
10362,3362,680,Fair,2.8,1,1289400,2025-04-19
10363,3363,639,Fair,7.2,0,280300,2025-03-01
10364,3364,613,Fair,7.2,2,420700,2025-04-08
10365,3365,564,Poor,1.1,0,310400,2025-07-06
10366,3366,656,Fair,10.3,3,31500,2025-08-24
10367,3367,671,Fair,8.5,0,282700,2025-03-22
10368,3368,688,Fair,8.0,0,212700,2025-02-11
10369,3369,731,Good,12.5,0,426000,2025-05-31
10370,3370,655,Fair,4.4,0,839100,2025-03-14
10371,3371,825,Excellent,13.1,1,467600,2025-01-27
10372,3372,605,Fair,13.1,1,164700,2025-03-22
10373,3373,741,Good,12.6,0,1321000,2025-08-21
10374,3374,599,Poor,5.8,1,312400,2025-06-23
10375,3375,626,Fair,3.3,1,950000,2025-09-30
10376,3376,711,Good,7.7,1,663600,2025-04-23
10377,3377,768,Excellent,4.6,1,122400,2025-09-07
10378,3378,669,Fair,1.7,1,779100,2025-09-08
10379,3379,696,Fair,4.9,1,655100,2025-01-15
10380,3380,785,Excellent,7.6,1,321600,2025-06-18
10381,3381,598,Poor,2.6,1,200700,2025-03-14
10382,3382,748,Good,14.2,2,624500,2025-09-27
10383,3383,638,Fair,10.2,1,733500,2025-09-21
10384,3384,708,Good,2.9,1,207500,2025-11-28
10385,3385,730,Good,12.4,1,517600,2025-03-08
10386,3386,602,Fair,14.0,1,221600,2025-09-16
10387,3387,634,Fair,4.7,1,183000,2025-05-12
10388,3388,740,Good,3.0,0,442800,2025-05-04
10389,3389,670,Fair,5.5,1,610300,2025-08-12
10390,3390,636,Fair,12.7,0,478500,2025-06-23
10391,3391,705,Good,3.5,2,265100,2025-09-27
10392,3392,609,Fair,11.9,0,106900,2025-05-21
10393,3393,601,Fair,11.0,0,227000,2025-05-16
10394,3394,511,Poor,10.1,2,419500,2025-08-18
10395,3395,717,Good,7.1,5,2085000,2025-04-12
10396,3396,692,Fair,6.1,0,125000,2025-10-29
10397,3397,731,Good,2.2,1,270400,2025-10-14
10398,3398,782,Excellent,6.0,1,259400,2025-04-01
10399,3399,672,Fair,9.4,1,39900,2025-07-28
10400,3400,685,Fair,13.6,0,176400,2025-02-04
10401,3401,716,Good,12.7,2,102400,2025-03-03
10402,3402,647,Fair,1.5,1,208900,2025-06-01
10403,3403,581,Poor,2.9,0,1160800,2025-03-06
10404,3404,604,Fair,12.9,3,541300,2025-08-09
10405,3405,687,Fair,14.2,1,350800,2025-12-12
10406,3406,765,Excellent,1.8,0,1734700,2025-10-27
10407,3407,808,Excellent,10.8,0,1066900,2025-12-21
10408,3408,669,Fair,6.1,3,145600,2025-02-20
10409,3409,703,Good,6.1,1,57900,2025-04-18
10410,3410,830,Excellent,10.0,0,37100,2025-12-10
10411,3411,729,Good,12.3,2,135900,2025-06-23
10412,3412,700,Good,4.8,2,180000,2025-10-16
10413,3413,706,Good,10.9,2,1207500,2025-07-11
10414,3414,734,Good,9.9,2,885100,2025-12-23
10415,3415,598,Poor,8.2,1,686200,2025-06-16
10416,3416,747,Good,9.4,0,190700,2025-09-01
10417,3417,723,Good,1.3,0,253100,2025-09-12
10418,3418,772,Excellent,1.1,0,207800,2025-02-27
10419,3419,727,Good,8.7,0,2181900,2025-01-26
10420,3420,767,Excellent,8.3,1,170700,2025-04-27
10421,3421,621,Fair,2.0,1,146900,2025-08-30
10422,3422,645,Fair,7.9,1,498800,2025-08-18
10423,3423,701,Good,11.6,3,126100,2025-11-27
10424,3424,634,Fair,8.6,2,495600,2025-09-10
10425,3425,754,Excellent,8.2,2,389200,2025-04-03
10426,3426,584,Poor,11.1,4,153900,2025-08-09
10427,3427,678,Fair,3.4,1,220100,2025-07-14
10428,3428,648,Fair,7.4,1,140200,2025-07-20
10429,3429,634,Fair,3.1,3,747300,2025-08-15
10430,3430,587,Poor,8.3,1,262700,2025-02-26
10431,3431,693,Fair,9.3,1,247400,2025-03-11
10432,3432,684,Fair,2.7,0,621600,2025-09-05
10433,3433,833,Excellent,2.1,1,550900,2025-03-14
10434,3434,850,Excellent,3.3,0,370400,2025-09-12
10435,3435,610,Fair,9.2,1,767800,2025-09-21
10436,3436,547,Poor,3.7,3,260800,2025-04-01
10437,3437,600,Fair,4.9,0,134400,2025-05-06
10438,3438,685,Fair,10.8,2,342800,2025-10-17
10439,3439,774,Excellent,4.5,1,290500,2025-08-28
10440,3440,654,Fair,6.6,2,1092900,2025-11-21
10441,3441,733,Good,14.0,2,236600,2025-01-10
10442,3442,630,Fair,12.5,0,1254900,2025-07-31
10443,3443,653,Fair,4.6,0,100500,2025-01-22
10444,3444,703,Good,9.4,2,242600,2025-06-06
10445,3445,689,Fair,10.3,0,225800,2025-06-08
10446,3446,687,Fair,13.6,2,224700,2025-09-19
10447,3447,609,Fair,8.7,0,835000,2025-04-20
10448,3448,782,Excellent,8.9,2,197700,2025-09-20
10449,3449,781,Excellent,13.4,1,732300,2025-12-19
10450,3450,783,Excellent,1.8,1,277900,2025-01-13
10451,3451,639,Fair,9.8,1,274700,2025-03-04
10452,3452,699,Fair,6.8,0,89900,2025-01-24
10453,3453,651,Fair,13.7,0,927800,2025-12-16
10454,3454,617,Fair,14.4,0,1192700,2025-12-19
10455,3455,711,Good,3.4,0,97400,2025-12-06
10456,3456,531,Poor,4.9,2,1284600,2025-01-19
10457,3457,754,Excellent,4.8,2,81800,2025-12-05
10458,3458,603,Fair,2.4,0,257800,2025-08-18
10459,3459,667,Fair,7.8,1,273900,2025-03-29
10460,3460,520,Poor,8.2,2,228600,2025-03-10
10461,3461,826,Excellent,9.0,1,799200,2025-05-30
10462,3462,739,Good,10.3,0,587900,2025-11-12
10463,3463,696,Fair,1.9,2,65000,2025-10-05
10464,3464,638,Fair,9.7,0,1128600,2025-04-02
10465,3465,610,Fair,13.8,3,1353100,2025-05-25
10466,3466,675,Fair,7.4,0,552600,2025-12-17
10467,3467,713,Good,2.5,2,219100,2025-06-24
10468,3468,673,Fair,2.2,1,365600,2025-05-25
10469,3469,730,Good,4.9,1,232200,2025-07-10
10470,3470,829,Excellent,11.5,2,723300,2025-05-15
10471,3471,610,Fair,4.7,1,59800,2025-01-29
10472,3472,708,Good,12.4,1,430200,2025-08-25
10473,3473,821,Excellent,12.5,1,848200,2025-07-19
10474,3474,667,Fair,7.4,1,240600,2025-09-17
10475,3475,680,Fair,5.2,0,493000,2025-12-26
10476,3476,725,Good,9.4,2,61700,2025-04-28
10477,3477,741,Good,12.3,0,127200,2025-09-29
10478,3478,769,Excellent,1.9,0,428700,2025-03-21
10479,3479,698,Fair,14.3,1,450300,2025-12-08
10480,3480,630,Fair,10.0,1,177800,2025-03-16
10481,3481,732,Good,6.6,1,394800,2025-07-06
10482,3482,617,Fair,8.1,1,285100,2025-02-10
10483,3483,715,Good,6.4,0,57400,2025-09-03
10484,3484,696,Fair,6.8,0,243400,2025-11-12
10485,3485,694,Fair,9.3,1,575700,2025-02-27
10486,3486,684,Fair,1.8,1,990100,2025-08-18
10487,3487,765,Excellent,3.5,1,241600,2025-04-22
10488,3488,736,Good,4.2,0,424700,2025-07-23
10489,3489,742,Good,6.7,0,350400,2025-02-09
10490,3490,655,Fair,6.2,0,485400,2025-02-27
10491,3491,567,Poor,11.1,3,167500,2025-07-08
10492,3492,660,Fair,4.6,0,281200,2025-06-22
10493,3493,723,Good,1.8,0,489700,2025-03-18
10494,3494,692,Fair,1.8,0,431100,2025-02-17
10495,3495,658,Fair,1.2,2,517900,2025-03-31
10496,3496,707,Good,1.5,0,614700,2025-01-11
10497,3497,670,Fair,13.0,1,346400,2025-02-25
10498,3498,694,Fair,10.8,3,391800,2025-10-06
10499,3499,541,Poor,14.9,0,180100,2025-02-02
10500,3500,748,Good,1.3,2,651000,2025-06-29
10501,3501,736,Good,12.9,1,113500,2025-04-26
10502,3502,848,Excellent,10.7,0,523800,2025-01-28
10503,3503,637,Fair,10.0,0,337800,2025-04-25
10504,3504,652,Fair,6.0,4,157500,2025-08-08
10505,3505,703,Good,6.3,0,163700,2025-08-14
10506,3506,687,Fair,12.8,0,363900,2025-08-31
10507,3507,808,Excellent,11.0,1,239800,2025-06-28
10508,3508,659,Fair,10.4,2,203800,2025-11-04
10509,3509,678,Fair,1.4,1,437700,2025-07-19
10510,3510,648,Fair,3.6,4,66300,2025-09-22
10511,3511,804,Excellent,14.5,0,325900,2025-10-01
10512,3512,727,Good,7.4,1,214300,2025-07-13
10513,3513,808,Excellent,11.9,1,99300,2025-03-23
10514,3514,850,Excellent,6.5,2,221400,2025-06-17
10515,3515,633,Fair,11.7,3,92000,2025-03-07
10516,3516,771,Excellent,2.7,0,869100,2025-01-22
10517,3517,671,Fair,1.6,1,573900,2025-12-02
10518,3518,638,Fair,7.5,0,631800,2025-04-11
10519,3519,580,Poor,9.3,1,475400,2025-12-18
10520,3520,850,Excellent,5.5,3,43700,2025-11-26
10521,3521,765,Excellent,11.0,0,104000,2025-12-27
10522,3522,673,Fair,7.9,0,670500,2025-06-25
10523,3523,737,Good,14.0,0,1770100,2025-09-29
10524,3524,554,Poor,2.2,0,420600,2025-02-18
10525,3525,683,Fair,1.9,1,1047900,2025-12-20
10526,3526,633,Fair,13.7,2,144200,2025-04-11
10527,3527,798,Excellent,10.4,1,171100,2025-03-04
10528,3528,803,Excellent,10.4,0,548000,2025-11-08
10529,3529,757,Excellent,1.4,0,146000,2025-12-20
10530,3530,761,Excellent,14.1,3,70100,2025-12-30
10531,3531,641,Fair,11.8,1,588900,2025-11-29
10532,3532,744,Good,11.7,4,157100,2025-02-06
10533,3533,587,Poor,13.8,2,52500,2025-07-26
10534,3534,576,Poor,9.1,1,852600,2025-08-10
10535,3535,682,Fair,6.5,0,472600,2025-08-11
10536,3536,730,Good,7.7,1,562100,2025-12-15
10537,3537,735,Good,11.9,0,594100,2025-12-20
10538,3538,596,Poor,11.8,0,718500,2025-02-01
10539,3539,574,Poor,9.5,2,471800,2025-12-30
10540,3540,656,Fair,4.1,1,78600,2025-05-31
10541,3541,624,Fair,12.5,1,112900,2025-03-15
10542,3542,736,Good,10.1,1,742400,2025-03-13
10543,3543,614,Fair,4.1,3,503000,2025-10-04
10544,3544,836,Excellent,7.7,1,266700,2025-07-22
10545,3545,717,Good,15.0,2,65900,2025-04-13
10546,3546,679,Fair,5.6,2,140900,2025-06-24
10547,3547,604,Fair,2.6,1,228000,2025-07-30
10548,3548,591,Poor,1.3,0,152100,2025-09-10
10549,3549,666,Fair,3.6,1,116900,2025-12-20
10550,3550,647,Fair,3.6,3,405000,2025-11-14
10551,3551,560,Poor,13.0,0,1124800,2025-10-21
10552,3552,793,Excellent,3.2,1,534200,2025-12-20
10553,3553,607,Fair,13.1,5,195700,2025-06-03
10554,3554,716,Good,2.2,2,282600,2025-10-23
10555,3555,723,Good,13.7,2,521900,2025-05-24
10556,3556,569,Poor,4.6,2,175300,2025-01-19
10557,3557,661,Fair,9.6,1,363600,2025-01-29
10558,3558,584,Poor,3.2,2,217800,2025-12-31
10559,3559,721,Good,6.5,3,213400,2025-07-08
10560,3560,695,Fair,2.2,2,71900,2025-06-13
10561,3561,684,Fair,9.1,0,312200,2025-12-07
10562,3562,628,Fair,5.8,1,433400,2025-09-23
10563,3563,779,Excellent,12.9,0,640900,2025-06-24
10564,3564,662,Fair,3.5,1,62500,2025-06-21
10565,3565,579,Poor,4.9,2,707300,2025-04-26
10566,3566,619,Fair,3.5,2,577300,2025-12-30
10567,3567,539,Poor,8.9,1,1128900,2025-09-08
10568,3568,641,Fair,2.6,2,216200,2025-01-07
10569,3569,622,Fair,3.7,2,319100,2025-07-16
10570,3570,742,Good,10.5,2,119200,2025-10-02
10571,3571,733,Good,2.0,0,283700,2025-02-02
10572,3572,706,Good,11.4,0,225800,2025-06-01
10573,3573,761,Excellent,2.5,0,344000,2025-01-23
10574,3574,602,Fair,9.2,2,288600,2025-09-12
10575,3575,714,Good,15.0,0,622800,2025-03-27
10576,3576,582,Poor,3.4,1,249800,2025-12-22
10577,3577,654,Fair,4.7,3,943500,2025-06-30
10578,3578,716,Good,13.6,1,32600,2025-05-29
10579,3579,650,Fair,9.8,2,960600,2025-12-04
10580,3580,812,Excellent,7.9,0,86700,2025-04-12
10581,3581,664,Fair,8.9,1,628900,2025-04-01
10582,3582,750,Excellent,5.1,0,551100,2025-02-06
10583,3583,670,Fair,13.0,1,114200,2025-02-18
10584,3584,700,Good,11.4,0,902200,2025-02-08
10585,3585,663,Fair,10.0,0,103300,2025-01-30
10586,3586,703,Good,14.0,1,91400,2025-02-12
10587,3587,819,Excellent,9.1,5,200400,2025-07-25
10588,3588,806,Excellent,8.2,0,209300,2025-08-14
10589,3589,653,Fair,14.7,1,173900,2025-02-01
10590,3590,673,Fair,3.9,2,319500,2025-05-06
10591,3591,694,Fair,3.0,1,418700,2025-04-05
10592,3592,738,Good,3.3,1,279100,2025-01-02
10593,3593,829,Excellent,14.9,2,105300,2025-10-30
10594,3594,786,Excellent,10.1,0,139300,2025-04-09
10595,3595,670,Fair,5.3,1,1999600,2025-01-23
10596,3596,720,Good,4.5,0,116600,2025-12-07
10597,3597,707,Good,1.8,0,120600,2025-08-06
10598,3598,645,Fair,2.8,0,74200,2025-08-10
10599,3599,766,Excellent,13.7,1,718300,2025-10-24
10600,3600,501,Poor,11.5,4,712000,2025-10-25
10601,3601,765,Excellent,14.2,0,428900,2025-03-13
10602,3602,721,Good,6.9,1,955100,2025-06-16
10603,3603,555,Poor,9.4,0,156500,2025-08-13
10604,3604,612,Fair,7.8,2,106100,2025-05-18
10605,3605,535,Poor,13.3,1,384600,2025-07-29
10606,3606,817,Excellent,14.9,2,459200,2025-04-22
10607,3607,616,Fair,14.1,1,356100,2025-08-16
10608,3608,758,Excellent,9.4,2,227100,2025-08-21
10609,3609,761,Excellent,1.9,1,756700,2025-02-19
10610,3610,681,Fair,9.6,0,288500,2025-11-27
10611,3611,640,Fair,2.4,1,376700,2025-08-24
10612,3612,728,Good,2.9,2,292300,2025-09-14
10613,3613,706,Good,3.7,0,192600,2025-07-19
10614,3614,760,Excellent,6.1,1,115200,2025-07-16
10615,3615,602,Fair,9.3,0,438400,2025-01-01
10616,3616,767,Excellent,5.7,1,42800,2025-10-10
10617,3617,791,Excellent,7.3,2,169500,2025-12-31
10618,3618,671,Fair,1.7,1,191300,2025-07-08
10619,3619,618,Fair,9.7,1,100700,2025-05-05
10620,3620,654,Fair,10.2,1,230600,2025-06-25
10621,3621,642,Fair,2.4,0,448400,2025-10-06
10622,3622,676,Fair,12.0,1,336700,2025-12-31
10623,3623,635,Fair,10.1,2,178900,2025-05-19
10624,3624,724,Good,7.9,1,523400,2025-12-22
10625,3625,738,Good,8.7,1,380300,2025-04-12
10626,3626,663,Fair,8.0,1,107000,2025-10-14
10627,3627,543,Poor,1.8,0,149200,2025-11-07
10628,3628,723,Good,11.3,1,84200,2025-11-14
10629,3629,579,Poor,8.2,0,219100,2025-05-27
10630,3630,709,Good,3.4,0,164300,2025-12-18
10631,3631,695,Fair,10.5,1,244100,2025-10-23
10632,3632,665,Fair,10.7,0,1710700,2025-12-24
10633,3633,738,Good,4.0,5,68800,2025-09-30
10634,3634,717,Good,12.2,1,54400,2025-12-21
10635,3635,719,Good,7.4,1,1152400,2025-01-12
10636,3636,752,Excellent,3.5,4,482000,2025-05-23
10637,3637,659,Fair,10.2,2,722100,2025-06-16
10638,3638,658,Fair,9.4,1,219900,2025-09-26
10639,3639,771,Excellent,3.4,1,557500,2025-04-04
10640,3640,738,Good,13.2,2,267800,2025-04-16
10641,3641,655,Fair,13.0,0,654500,2025-10-02
10642,3642,540,Poor,12.7,1,749600,2025-07-20
10643,3643,719,Good,6.6,0,688800,2025-11-09
10644,3644,726,Good,12.5,3,166500,2025-04-02
10645,3645,599,Poor,12.8,2,326000,2025-08-24
10646,3646,626,Fair,15.0,2,126600,2025-03-01
10647,3647,659,Fair,14.4,4,493500,2025-08-23
10648,3648,724,Good,6.4,0,407200,2025-07-03
10649,3649,850,Excellent,3.8,0,71500,2025-12-26
10650,3650,774,Excellent,5.1,1,453500,2025-08-21
10651,3651,577,Poor,7.9,1,444100,2025-05-07
10652,3652,657,Fair,12.3,2,500000,2025-04-11
10653,3653,683,Fair,11.1,1,312800,2025-05-15
10654,3654,728,Good,12.0,1,498800,2025-08-21
10655,3655,629,Fair,6.3,1,398100,2025-03-09
10656,3656,734,Good,4.5,1,134600,2025-03-28
10657,3657,652,Fair,1.3,0,529400,2025-08-24
10658,3658,734,Good,9.8,0,127300,2025-04-18
10659,3659,696,Fair,12.1,1,114700,2025-05-17
10660,3660,843,Excellent,13.4,1,362900,2025-09-22
10661,3661,763,Excellent,7.7,2,27200,2025-11-29
10662,3662,789,Excellent,14.0,2,164500,2025-03-04
10663,3663,611,Fair,3.8,3,226300,2025-08-18
10664,3664,650,Fair,8.2,1,988200,2025-08-26
10665,3665,715,Good,4.0,2,247100,2025-12-15
10666,3666,597,Poor,3.6,0,1697900,2025-09-04
10667,3667,768,Excellent,14.3,0,78500,2025-06-08
10668,3668,700,Good,12.4,1,458700,2025-02-07
10669,3669,772,Excellent,1.2,0,538100,2025-09-01
10670,3670,726,Good,4.8,0,131000,2025-01-07
10671,3671,693,Fair,3.9,1,276600,2025-12-26
10672,3672,681,Fair,3.1,1,273000,2025-03-18
10673,3673,632,Fair,10.8,0,797900,2025-09-14
10674,3674,628,Fair,8.9,0,81900,2025-02-06
10675,3675,757,Excellent,7.4,0,1627900,2025-12-16
10676,3676,740,Good,3.7,1,54300,2025-03-07
10677,3677,783,Excellent,4.9,0,439300,2025-04-10
10678,3678,649,Fair,6.0,1,136700,2025-11-28
10679,3679,774,Excellent,12.0,0,460900,2025-09-18
10680,3680,677,Fair,14.8,0,165400,2025-11-08
10681,3681,733,Good,3.6,1,1007500,2025-02-11
10682,3682,787,Excellent,5.8,5,328400,2025-02-18
10683,3683,845,Excellent,4.9,1,205700,2025-10-29
10684,3684,770,Excellent,1.6,0,109400,2025-03-12
10685,3685,705,Good,4.1,0,425300,2025-09-03
10686,3686,732,Good,13.6,1,449900,2025-01-02
10687,3687,784,Excellent,12.8,1,216400,2025-11-19
10688,3688,743,Good,3.3,1,308000,2025-03-03
10689,3689,660,Fair,6.1,1,386900,2025-12-02
10690,3690,736,Good,5.4,2,534200,2025-01-27
10691,3691,788,Excellent,3.1,1,122200,2025-12-08
10692,3692,826,Excellent,9.7,0,198200,2025-03-08
10693,3693,695,Fair,8.8,1,519900,2025-05-25
10694,3694,606,Fair,7.0,2,272700,2025-08-02
10695,3695,557,Poor,13.0,2,55400,2025-11-23
10696,3696,750,Excellent,9.7,1,1257400,2025-02-26
10697,3697,575,Poor,4.6,3,642600,2025-10-13
10698,3698,714,Good,6.2,0,62200,2025-07-30
10699,3699,771,Excellent,3.1,2,166100,2025-07-12
10700,3700,678,Fair,9.3,0,1235400,2025-04-24
10701,3701,578,Poor,9.2,0,452100,2025-05-02
10702,3702,596,Poor,13.2,2,81900,2025-12-26
10703,3703,621,Fair,13.0,1,51500,2025-04-13
10704,3704,681,Fair,12.7,0,61400,2025-06-04
10705,3705,780,Excellent,8.7,1,192900,2025-03-15
10706,3706,691,Fair,10.1,3,547700,2025-12-20
10707,3707,850,Excellent,11.9,0,75400,2025-06-24
10708,3708,768,Excellent,2.3,0,501000,2025-01-14
10709,3709,712,Good,5.2,0,136100,2025-06-16
10710,3710,685,Fair,3.4,1,56400,2025-02-24
10711,3711,653,Fair,8.2,0,219300,2025-01-26
10712,3712,701,Good,12.7,1,1772400,2025-02-13
10713,3713,731,Good,4.2,2,1005200,2025-03-10
10714,3714,714,Good,11.2,1,191500,2025-02-07
10715,3715,653,Fair,6.7,2,361500,2025-12-02
10716,3716,613,Fair,13.6,1,177700,2025-01-12
10717,3717,830,Excellent,9.8,2,51000,2025-04-15
10718,3718,738,Good,14.7,0,173400,2025-09-01
10719,3719,717,Good,4.4,4,533000,2025-12-30
10720,3720,728,Good,13.9,1,104000,2025-09-30
10721,3721,773,Excellent,6.0,1,786500,2025-10-08
10722,3722,655,Fair,9.7,1,817800,2025-07-11
10723,3723,680,Fair,3.4,1,199900,2025-03-29
10724,3724,634,Fair,11.6,1,331500,2025-05-19
10725,3725,689,Fair,14.7,2,968300,2025-05-26
10726,3726,639,Fair,12.0,0,415900,2025-06-13
10727,3727,615,Fair,9.6,1,1115400,2025-09-16
10728,3728,569,Poor,7.3,0,61900,2025-12-05
10729,3729,814,Excellent,5.8,2,177700,2025-11-22
10730,3730,665,Fair,6.9,3,223400,2025-03-28
10731,3731,727,Good,5.6,2,918800,2025-11-23
10732,3732,697,Fair,12.7,0,300200,2025-12-30
10733,3733,727,Good,13.5,1,154400,2025-08-27
10734,3734,540,Poor,14.3,3,271400,2025-09-22
10735,3735,655,Fair,6.9,0,479000,2025-07-13
10736,3736,777,Excellent,8.6,0,225800,2025-05-08
10737,3737,836,Excellent,9.1,2,637900,2025-05-02
10738,3738,663,Fair,10.1,3,333100,2025-09-01
10739,3739,671,Fair,1.0,1,228600,2025-02-16
10740,3740,770,Excellent,12.8,0,866900,2025-11-16
10741,3741,723,Good,4.8,1,1095100,2025-12-31
10742,3742,692,Fair,7.6,1,858700,2025-04-22
10743,3743,685,Fair,12.8,2,145200,2025-10-30
10744,3744,647,Fair,15.0,3,876700,2025-03-16
10745,3745,645,Fair,12.1,0,739000,2025-10-25
10746,3746,700,Good,1.3,2,107100,2025-11-01
10747,3747,714,Good,6.2,1,221900,2025-01-30
10748,3748,718,Good,4.5,2,919500,2025-01-08
10749,3749,639,Fair,14.5,0,708800,2025-12-07
10750,3750,790,Excellent,4.7,1,187000,2025-01-08
10751,3751,568,Poor,14.2,0,112700,2025-08-27
10752,3752,730,Good,14.1,1,966600,2025-07-10
10753,3753,650,Fair,12.8,1,497700,2025-05-08
10754,3754,625,Fair,2.4,1,309900,2025-01-11
10755,3755,666,Fair,1.0,1,145800,2025-09-13
10756,3756,571,Poor,12.1,2,573400,2025-08-21
10757,3757,717,Good,12.8,2,118100,2025-07-05
10758,3758,811,Excellent,14.5,0,132900,2025-05-01
10759,3759,642,Fair,4.1,2,430700,2025-06-16
10760,3760,850,Excellent,11.3,0,730900,2025-05-24
10761,3761,625,Fair,8.3,1,341100,2025-11-23
10762,3762,658,Fair,5.6,1,216500,2025-12-18
10763,3763,792,Excellent,9.5,1,666500,2025-04-11
10764,3764,600,Fair,8.7,1,106100,2025-01-22
10765,3765,673,Fair,5.1,3,127500,2025-07-18
10766,3766,819,Excellent,4.8,1,797700,2025-09-26
10767,3767,602,Fair,7.8,2,103500,2025-03-23
10768,3768,734,Good,7.6,0,60200,2025-06-19
10769,3769,728,Good,5.2,1,123400,2025-01-13
10770,3770,546,Poor,4.7,3,798400,2025-07-16
10771,3771,644,Fair,14.4,1,670400,2025-04-05
10772,3772,850,Excellent,13.1,1,80400,2025-09-24
10773,3773,707,Good,12.4,1,143400,2025-11-15
10774,3774,719,Good,4.0,2,78600,2025-12-24
10775,3775,708,Good,3.7,2,532000,2025-02-20
10776,3776,843,Excellent,12.3,1,99800,2025-07-07
10777,3777,617,Fair,3.6,1,450100,2025-10-30
10778,3778,639,Fair,8.0,2,249100,2025-01-04
10779,3779,682,Fair,4.1,1,326400,2025-09-20
10780,3780,732,Good,6.3,0,66300,2025-12-09
10781,3781,702,Good,12.9,3,669800,2025-01-31
10782,3782,704,Good,13.5,2,1206700,2025-04-28
10783,3783,649,Fair,15.0,1,1136900,2025-07-28
10784,3784,736,Good,14.2,0,317800,2025-07-21
10785,3785,548,Poor,10.4,1,47500,2025-03-27
10786,3786,649,Fair,7.0,3,216500,2025-01-30
10787,3787,628,Fair,1.8,0,382000,2025-06-06
10788,3788,607,Fair,9.5,2,338500,2025-07-28
10789,3789,556,Poor,3.9,1,74700,2025-02-12
10790,3790,707,Good,12.9,2,569000,2025-03-26
10791,3791,722,Good,8.7,1,600500,2025-06-25
10792,3792,723,Good,11.3,3,601900,2025-08-19
10793,3793,761,Excellent,10.4,0,157300,2025-12-26
10794,3794,774,Excellent,5.9,3,81400,2025-05-30
10795,3795,537,Poor,11.6,0,193200,2025-11-15
10796,3796,737,Good,12.8,0,866900,2025-09-17
10797,3797,704,Good,11.4,0,125500,2025-12-12
10798,3798,703,Good,11.9,0,137300,2025-01-03
10799,3799,681,Fair,6.0,0,115500,2025-12-03
10800,3800,649,Fair,14.2,2,205600,2025-08-23
10801,3801,730,Good,6.9,0,435800,2025-12-05
10802,3802,616,Fair,13.6,3,551800,2025-03-23
10803,3803,773,Excellent,13.0,0,96400,2025-09-09
10804,3804,653,Fair,2.7,2,745900,2025-11-03
10805,3805,537,Poor,14.5,4,846700,2025-06-03
10806,3806,698,Fair,14.9,3,232000,2025-10-18
10807,3807,602,Fair,9.5,1,86100,2025-12-02
10808,3808,600,Fair,12.0,0,929700,2025-09-28
10809,3809,741,Good,14.1,0,420500,2025-06-23
10810,3810,760,Excellent,1.3,0,1664300,2025-01-24
10811,3811,682,Fair,14.0,0,82100,2025-01-02
10812,3812,539,Poor,9.8,0,389900,2025-07-06
10813,3813,730,Good,12.6,1,1124000,2025-06-13
10814,3814,666,Fair,8.6,0,455900,2025-02-14
10815,3815,793,Excellent,8.4,2,42000,2025-12-17
10816,3816,838,Excellent,13.6,2,45800,2025-04-04
10817,3817,577,Poor,8.1,3,1512500,2025-07-23
10818,3818,850,Excellent,7.6,0,172400,2025-05-03
10819,3819,573,Poor,9.5,0,461000,2025-02-06
10820,3820,650,Fair,8.3,1,93100,2025-04-28
10821,3821,767,Excellent,7.2,1,179800,2025-12-07
10822,3822,636,Fair,3.5,1,708000,2025-05-20
10823,3823,629,Fair,6.6,0,386900,2025-05-02
10824,3824,562,Poor,4.9,2,200100,2025-08-20
10825,3825,590,Poor,6.6,1,615400,2025-08-17
10826,3826,629,Fair,9.3,0,285300,2025-08-16
10827,3827,748,Good,9.5,1,738700,2025-11-24
10828,3828,816,Excellent,4.3,0,203800,2025-08-07
10829,3829,633,Fair,2.2,0,391100,2025-06-04
10830,3830,660,Fair,11.4,1,1813200,2025-12-22
10831,3831,615,Fair,8.4,1,345800,2025-01-07
10832,3832,575,Poor,7.2,2,559800,2025-01-03
10833,3833,576,Poor,2.8,1,62300,2025-01-04
10834,3834,594,Poor,6.8,1,342300,2025-08-04
10835,3835,686,Fair,12.5,0,360700,2025-09-21
10836,3836,643,Fair,9.1,1,100800,2025-02-14
10837,3837,662,Fair,2.3,0,235100,2025-07-24
10838,3838,720,Good,5.7,4,231000,2025-07-20
10839,3839,683,Fair,14.7,0,110400,2025-09-07
10840,3840,603,Fair,8.6,2,190000,2025-07-31
10841,3841,762,Excellent,5.0,3,2009000,2025-05-13
10842,3842,538,Poor,13.8,0,306100,2025-06-23
10843,3843,632,Fair,5.7,1,397400,2025-03-10
10844,3844,819,Excellent,11.2,3,1637400,2025-10-18
10845,3845,716,Good,3.1,0,31900,2025-05-23
10846,3846,555,Poor,3.2,1,2084700,2025-01-17
10847,3847,571,Poor,8.9,0,586900,2025-11-28
10848,3848,665,Fair,4.4,2,99000,2025-09-05
10849,3849,654,Fair,1.7,0,98300,2025-08-16
10850,3850,743,Good,14.0,0,615000,2025-06-20
10851,3851,775,Excellent,1.8,0,602900,2025-12-01
10852,3852,651,Fair,11.0,2,443600,2025-07-25
10853,3853,682,Fair,5.7,0,127900,2025-04-01
10854,3854,613,Fair,14.1,0,370500,2025-04-24
10855,3855,678,Fair,14.8,1,168000,2025-01-22
10856,3856,613,Fair,5.7,0,234600,2025-05-17
10857,3857,692,Fair,9.3,0,123500,2025-10-30
10858,3858,643,Fair,11.8,1,163000,2025-08-01
10859,3859,737,Good,2.7,0,45200,2025-01-03
10860,3860,769,Excellent,10.9,0,1160700,2025-10-14
10861,3861,787,Excellent,13.7,1,140400,2025-01-13
10862,3862,693,Fair,3.5,1,1031100,2025-01-02
10863,3863,736,Good,12.7,2,199200,2025-09-20
10864,3864,653,Fair,2.6,0,175700,2025-10-12
10865,3865,627,Fair,9.0,4,45900,2025-05-12
10866,3866,587,Poor,5.8,0,1666800,2025-12-10
10867,3867,717,Good,7.6,0,771400,2025-08-22
10868,3868,536,Poor,5.2,2,128000,2025-08-31
10869,3869,755,Excellent,4.6,2,686600,2025-06-22
10870,3870,663,Fair,11.4,0,786400,2025-09-21
10871,3871,668,Fair,4.1,1,360400,2025-02-11
10872,3872,741,Good,6.7,1,350700,2025-05-25
10873,3873,552,Poor,4.8,3,296600,2025-12-06
10874,3874,673,Fair,4.3,0,148300,2025-11-21
10875,3875,808,Excellent,9.8,0,208900,2025-12-21
10876,3876,669,Fair,1.6,2,125700,2025-10-24
10877,3877,591,Poor,12.0,0,760700,2025-02-23
10878,3878,664,Fair,8.6,1,1335900,2025-06-09
10879,3879,788,Excellent,12.6,0,415800,2025-08-11
10880,3880,633,Fair,4.0,0,187200,2025-08-11
10881,3881,575,Poor,10.9,0,200900,2025-02-12
10882,3882,655,Fair,6.9,0,412800,2025-03-10
10883,3883,585,Poor,2.1,1,496100,2025-04-10
10884,3884,521,Poor,11.5,0,341900,2025-07-23
10885,3885,747,Good,11.7,1,157000,2025-07-27
10886,3886,769,Excellent,4.8,0,861400,2025-09-29
10887,3887,721,Good,13.8,1,336000,2025-06-10
10888,3888,757,Excellent,11.7,4,454300,2025-06-03
10889,3889,660,Fair,5.3,3,45100,2025-10-06
10890,3890,791,Excellent,4.3,1,246600,2025-03-30
10891,3891,643,Fair,7.2,3,568600,2025-07-01
10892,3892,690,Fair,5.1,4,98700,2025-12-06
10893,3893,627,Fair,4.0,1,62300,2025-02-16
10894,3894,585,Poor,6.6,0,830600,2025-09-01
10895,3895,642,Fair,1.4,1,336000,2025-09-06
10896,3896,850,Excellent,6.6,3,359400,2025-08-29
10897,3897,805,Excellent,4.1,0,430800,2025-04-28
10898,3898,748,Good,4.7,0,378700,2025-06-13
10899,3899,658,Fair,2.2,0,20600,2025-10-18
10900,3900,656,Fair,9.2,2,208100,2025-06-20
10901,3901,818,Excellent,7.6,2,263700,2025-01-05
10902,3902,692,Fair,11.5,3,346900,2025-09-17
10903,3903,749,Good,14.8,0,307200,2025-02-27
10904,3904,648,Fair,2.7,1,203700,2025-07-19
10905,3905,668,Fair,4.8,2,663000,2025-12-29
10906,3906,749,Good,10.6,0,232200,2025-05-18
10907,3907,635,Fair,4.3,3,354300,2025-11-14
10908,3908,716,Good,1.4,1,1261300,2025-08-25
10909,3909,637,Fair,2.5,0,82200,2025-05-28
10910,3910,728,Good,7.1,2,39000,2025-10-15
10911,3911,635,Fair,7.0,0,408400,2025-10-31
10912,3912,821,Excellent,14.6,2,508900,2025-08-07
10913,3913,685,Fair,7.5,2,2129000,2025-06-26
10914,3914,748,Good,10.5,1,308800,2025-10-09
10915,3915,688,Fair,7.9,3,256000,2025-06-12
10916,3916,652,Fair,4.8,1,186800,2025-10-11
10917,3917,733,Good,2.5,1,796600,2025-11-17
10918,3918,777,Excellent,13.0,0,474400,2025-07-05
10919,3919,581,Poor,3.1,1,627900,2025-01-06
10920,3920,700,Good,2.4,0,384800,2025-02-19
10921,3921,682,Fair,4.0,4,648900,2025-11-01
10922,3922,706,Good,1.0,2,1061800,2025-02-15
10923,3923,792,Excellent,2.0,4,512900,2025-08-05
10924,3924,751,Excellent,9.9,1,184600,2025-07-28
10925,3925,777,Excellent,4.4,1,125800,2025-12-12
10926,3926,710,Good,5.7,3,345000,2025-04-06
10927,3927,657,Fair,12.7,0,1171300,2025-01-25
10928,3928,508,Poor,11.8,1,361200,2025-12-18
10929,3929,796,Excellent,7.9,0,67400,2025-05-05
10930,3930,502,Poor,9.6,3,1485500,2025-12-27
10931,3931,809,Excellent,2.2,1,454400,2025-03-04
10932,3932,746,Good,11.7,0,276600,2025-12-05
10933,3933,838,Excellent,8.2,1,258000,2025-11-18
10934,3934,710,Good,9.0,0,37700,2025-06-12
10935,3935,728,Good,10.3,1,142300,2025-12-02
10936,3936,676,Fair,8.0,0,140300,2025-10-16
10937,3937,696,Fair,8.3,3,526500,2025-08-31
10938,3938,636,Fair,8.0,2,248000,2025-11-02
10939,3939,681,Fair,8.0,1,800600,2025-06-01
10940,3940,627,Fair,11.5,3,43000,2025-04-05
10941,3941,693,Fair,7.0,0,2290900,2025-12-03
10942,3942,688,Fair,1.0,1,918200,2025-04-07
10943,3943,688,Fair,9.6,2,441300,2025-10-20
10944,3944,683,Fair,14.3,1,219600,2025-12-22
10945,3945,644,Fair,4.6,3,610100,2025-03-04
10946,3946,732,Good,12.4,0,324900,2025-09-05
10947,3947,714,Good,7.4,1,250900,2025-11-15
10948,3948,711,Good,10.0,0,587700,2025-10-02
10949,3949,619,Fair,13.5,2,655400,2025-02-08
10950,3950,741,Good,11.8,1,413000,2025-04-14
10951,3951,633,Fair,13.4,0,195100,2025-03-24
10952,3952,651,Fair,1.1,0,269100,2025-07-19
10953,3953,697,Fair,3.6,3,89300,2025-04-15
10954,3954,776,Excellent,6.9,2,84900,2025-06-28
10955,3955,599,Poor,12.9,2,174500,2025-03-01
10956,3956,616,Fair,12.7,0,718100,2025-09-13
10957,3957,543,Poor,3.6,1,333500,2025-12-04
10958,3958,728,Good,3.0,3,707600,2025-07-25
10959,3959,665,Fair,12.7,2,959200,2025-07-29
10960,3960,722,Good,8.6,2,415700,2025-08-17
10961,3961,715,Good,9.8,0,118000,2025-12-14
10962,3962,749,Good,12.3,0,623300,2025-05-02
10963,3963,690,Fair,4.0,2,108100,2025-05-04
10964,3964,637,Fair,2.9,1,185400,2025-12-19
10965,3965,707,Good,13.0,1,1016300,2025-05-15
10966,3966,721,Good,2.6,1,298600,2025-07-07
10967,3967,664,Fair,2.2,5,454300,2025-05-13
10968,3968,697,Fair,4.9,1,47800,2025-04-01
10969,3969,589,Poor,5.4,1,225500,2025-04-12
10970,3970,595,Poor,4.4,2,386700,2025-06-10
10971,3971,565,Poor,11.4,1,326900,2025-12-23
10972,3972,712,Good,14.6,2,609800,2025-05-05
10973,3973,745,Good,3.8,2,169600,2025-10-20
10974,3974,583,Poor,11.9,2,842500,2025-05-23
10975,3975,702,Good,1.6,0,197900,2025-09-30
10976,3976,724,Good,2.7,1,306200,2025-02-06
10977,3977,660,Fair,8.2,1,123300,2025-09-16
10978,3978,810,Excellent,15.0,2,493800,2025-06-03
10979,3979,581,Poor,14.3,0,151600,2025-04-14
10980,3980,662,Fair,2.6,1,380200,2025-05-01
10981,3981,472,Poor,4.4,1,624600,2025-10-28
10982,3982,716,Good,14.2,0,688700,2025-05-14
10983,3983,635,Fair,3.1,0,3165900,2025-04-09
10984,3984,542,Poor,11.4,4,301900,2025-08-04
10985,3985,735,Good,1.0,0,227100,2025-08-31
10986,3986,678,Fair,9.8,0,170400,2025-08-19
10987,3987,667,Fair,7.9,3,521600,2025-08-14
10988,3988,775,Excellent,7.6,1,267400,2025-01-13
10989,3989,631,Fair,12.6,2,140300,2025-11-09
10990,3990,738,Good,2.1,0,136300,2025-08-23
10991,3991,749,Good,6.3,1,929300,2025-11-25
10992,3992,648,Fair,7.2,0,663200,2025-03-24
10993,3993,691,Fair,2.7,1,986900,2025-08-31
10994,3994,816,Excellent,2.2,1,83100,2025-08-12
10995,3995,614,Fair,3.5,1,217400,2025-12-07
10996,3996,732,Good,4.4,0,131700,2025-08-12
10997,3997,695,Fair,14.5,1,338400,2025-07-04
10998,3998,785,Excellent,7.7,3,147300,2025-06-23
10999,3999,687,Fair,8.1,0,1054700,2025-09-25
11000,4000,741,Good,10.9,2,217600,2025-04-07
11001,4001,570,Poor,10.6,0,1594900,2025-11-17
11002,4002,529,Poor,8.0,0,651800,2025-11-01
11003,4003,611,Fair,5.8,2,677200,2025-05-07
11004,4004,657,Fair,5.6,1,1420600,2025-08-03
11005,4005,663,Fair,1.8,3,319300,2025-01-28
11006,4006,772,Excellent,13.6,1,640700,2025-02-19
11007,4007,661,Fair,11.8,3,398200,2025-09-25
11008,4008,692,Fair,9.7,2,147500,2025-03-24
11009,4009,700,Good,6.5,1,169900,2025-09-01
11010,4010,643,Fair,9.2,0,250200,2025-08-13
11011,4011,689,Fair,7.8,1,449600,2025-01-18
11012,4012,769,Excellent,4.8,0,590400,2025-08-14
11013,4013,712,Good,5.2,0,497400,2025-12-29
11014,4014,734,Good,13.2,2,504900,2025-04-21
11015,4015,715,Good,9.9,0,233800,2025-11-20
11016,4016,814,Excellent,1.0,0,40800,2025-03-17
11017,4017,611,Fair,5.6,1,596300,2025-01-23
11018,4018,850,Excellent,5.8,4,146300,2025-06-05
11019,4019,765,Excellent,10.9,1,2087800,2025-07-22
11020,4020,778,Excellent,10.8,1,409000,2025-08-08
11021,4021,788,Excellent,7.5,1,1037000,2025-02-09
11022,4022,768,Excellent,14.3,3,111200,2025-04-08
11023,4023,593,Poor,13.2,3,828900,2025-10-31
11024,4024,605,Fair,13.1,2,571200,2025-06-11
11025,4025,742,Good,5.9,2,421300,2025-08-01
11026,4026,733,Good,7.0,0,116500,2025-04-02
11027,4027,756,Excellent,6.9,2,159200,2025-07-09
11028,4028,693,Fair,7.2,1,540900,2025-06-11
11029,4029,591,Poor,13.4,1,159200,2025-02-26
11030,4030,682,Fair,4.5,1,142200,2025-08-21
11031,4031,746,Good,12.2,0,190300,2025-01-29
11032,4032,671,Fair,8.2,0,471500,2025-12-12
11033,4033,690,Fair,4.5,0,1078200,2025-07-24
11034,4034,692,Fair,8.4,0,435500,2025-05-04
11035,4035,651,Fair,3.7,1,899200,2025-12-20
11036,4036,629,Fair,2.5,1,264300,2025-01-08
11037,4037,848,Excellent,12.7,1,1879200,2025-12-15
11038,4038,807,Excellent,10.8,1,993900,2025-04-17
11039,4039,770,Excellent,3.9,1,671000,2025-12-26
11040,4040,721,Good,14.2,1,452700,2025-04-02
11041,4041,615,Fair,1.3,1,428700,2025-06-07
11042,4042,757,Excellent,5.7,3,78400,2025-12-09
11043,4043,774,Excellent,1.3,2,75200,2025-12-15
11044,4044,664,Fair,3.0,2,540300,2025-03-25
11045,4045,610,Fair,3.5,0,320300,2025-12-03
11046,4046,722,Good,12.3,0,497500,2025-02-08
11047,4047,770,Excellent,14.9,3,108500,2025-02-02
11048,4048,642,Fair,13.1,0,1181600,2025-11-30
11049,4049,730,Good,9.9,0,250100,2025-10-14
11050,4050,622,Fair,11.1,2,422400,2025-07-27
11051,4051,605,Fair,8.3,0,190700,2025-10-04
11052,4052,705,Good,6.9,1,402500,2025-06-27
11053,4053,629,Fair,10.7,0,2561900,2025-07-07
11054,4054,722,Good,14.6,1,850300,2025-08-03
11055,4055,569,Poor,1.4,4,179800,2025-12-12
11056,4056,626,Fair,5.4,1,121300,2025-07-20
11057,4057,767,Excellent,5.6,1,412900,2025-11-10
11058,4058,742,Good,6.8,0,222800,2025-06-21
11059,4059,721,Good,9.8,1,163100,2025-07-26
11060,4060,657,Fair,8.2,2,1794600,2025-10-15
11061,4061,691,Fair,1.3,0,50600,2025-02-28
11062,4062,673,Fair,6.8,0,568400,2025-12-25
11063,4063,850,Excellent,9.7,1,1723900,2025-08-24
11064,4064,714,Good,8.1,1,105600,2025-03-22
11065,4065,633,Fair,13.2,1,206100,2025-06-26
11066,4066,684,Fair,6.6,1,223200,2025-11-13
11067,4067,564,Poor,1.2,2,1277200,2025-02-09
11068,4068,547,Poor,5.0,4,292200,2025-03-23
11069,4069,800,Excellent,2.9,1,1895900,2025-06-11
11070,4070,711,Good,4.5,1,645800,2025-04-23
11071,4071,656,Fair,6.1,0,218500,2025-03-30
11072,4072,688,Fair,10.5,1,108700,2025-01-12
11073,4073,682,Fair,5.5,3,120800,2025-12-29
11074,4074,695,Fair,13.4,0,544700,2025-09-22
11075,4075,776,Excellent,5.2,1,3029800,2025-08-20
11076,4076,730,Good,2.9,0,195900,2025-03-30
11077,4077,659,Fair,3.4,2,168300,2025-08-04
11078,4078,559,Poor,14.1,2,540900,2025-02-18
11079,4079,615,Fair,7.4,0,251400,2025-09-27
11080,4080,747,Good,6.6,2,197500,2025-10-31
11081,4081,807,Excellent,2.0,0,1213300,2025-11-09
11082,4082,624,Fair,11.3,2,1187500,2025-12-15
11083,4083,613,Fair,10.7,3,388100,2025-03-01
11084,4084,658,Fair,6.3,0,166900,2025-12-03
11085,4085,824,Excellent,10.7,0,425400,2025-09-03
11086,4086,701,Good,6.1,2,754500,2025-10-26
11087,4087,633,Fair,2.0,1,1008300,2025-08-02
11088,4088,663,Fair,11.3,0,825400,2025-03-23
11089,4089,650,Fair,14.5,1,29200,2025-12-13
11090,4090,743,Good,10.1,2,467100,2025-03-05
11091,4091,837,Excellent,4.9,0,600300,2025-09-15
11092,4092,700,Good,4.8,1,689900,2025-09-14
11093,4093,772,Excellent,14.0,1,414200,2025-04-28
11094,4094,589,Poor,5.2,1,311900,2025-11-16
11095,4095,850,Excellent,11.8,3,230400,2025-11-24
11096,4096,590,Poor,10.0,1,146900,2025-12-07
11097,4097,781,Excellent,9.3,1,169700,2025-01-24
11098,4098,715,Good,3.5,0,1040000,2025-08-24
11099,4099,596,Poor,1.5,1,570800,2025-11-11
11100,4100,753,Excellent,7.8,2,630900,2025-04-12
11101,4101,688,Fair,14.8,1,179900,2025-11-08
11102,4102,622,Fair,3.7,1,485400,2025-01-05
11103,4103,691,Fair,8.5,0,1572600,2025-04-19
11104,4104,566,Poor,10.4,0,339900,2025-07-02
11105,4105,654,Fair,7.8,1,611700,2025-04-29
11106,4106,618,Fair,8.1,1,190400,2025-10-19
11107,4107,676,Fair,10.3,1,211400,2025-11-24
11108,4108,560,Poor,12.4,1,388000,2025-12-16
11109,4109,556,Poor,5.7,1,160500,2025-07-02
11110,4110,626,Fair,13.6,1,153200,2025-05-18
11111,4111,687,Fair,7.8,2,257700,2025-03-26
11112,4112,617,Fair,10.3,1,360500,2025-06-23
11113,4113,725,Good,2.5,0,172900,2025-02-21
11114,4114,743,Good,7.9,1,350200,2025-08-14
11115,4115,627,Fair,1.2,0,109300,2025-08-14
11116,4116,794,Excellent,6.5,1,347800,2025-05-12
11117,4117,667,Fair,1.8,1,54600,2025-07-03
11118,4118,827,Excellent,13.6,0,794100,2025-09-24
11119,4119,671,Fair,10.4,0,74100,2025-04-15
11120,4120,606,Fair,12.1,1,1216400,2025-06-27
11121,4121,782,Excellent,7.5,0,441100,2025-07-08
11122,4122,612,Fair,12.9,0,510500,2025-05-31
11123,4123,775,Excellent,13.2,0,202300,2025-04-23
11124,4124,699,Fair,6.0,1,488900,2025-10-13
11125,4125,648,Fair,6.3,1,355300,2025-05-03
11126,4126,632,Fair,8.1,1,106500,2025-03-29
11127,4127,684,Fair,1.6,1,600000,2025-01-25
11128,4128,741,Good,14.9,1,141700,2025-01-30
11129,4129,687,Fair,6.0,1,2464500,2025-06-16
11130,4130,801,Excellent,7.6,0,148200,2025-03-15
11131,4131,602,Fair,11.6,0,70000,2025-03-14
11132,4132,683,Fair,5.2,1,1377500,2025-04-22
11133,4133,773,Excellent,3.8,1,604900,2025-07-30
11134,4134,600,Fair,2.8,2,451800,2025-06-29
11135,4135,768,Excellent,8.4,3,182400,2025-01-05
11136,4136,691,Fair,1.1,1,317900,2025-11-28
11137,4137,698,Fair,10.9,1,260300,2025-07-21
11138,4138,665,Fair,7.5,2,670000,2025-09-13
11139,4139,599,Poor,8.4,1,176000,2025-05-22
11140,4140,684,Fair,4.7,0,190900,2025-01-20
11141,4141,648,Fair,3.5,1,574600,2025-04-10
11142,4142,804,Excellent,10.8,3,992000,2025-10-08
11143,4143,728,Good,3.9,1,211700,2025-06-18
11144,4144,693,Fair,11.9,0,536500,2025-11-21
11145,4145,789,Excellent,3.9,1,764600,2025-08-21
11146,4146,686,Fair,9.6,2,131300,2025-04-01
11147,4147,743,Good,10.0,0,233600,2025-09-15
11148,4148,777,Excellent,8.1,2,64100,2025-01-28
11149,4149,670,Fair,15.0,0,1916700,2025-02-13
11150,4150,723,Good,6.3,1,374100,2025-05-21
11151,4151,657,Fair,13.4,1,681200,2025-03-26
11152,4152,776,Excellent,3.4,1,210100,2025-10-26
11153,4153,688,Fair,5.7,1,192000,2025-11-07
11154,4154,793,Excellent,3.0,0,272800,2025-11-16
11155,4155,705,Good,9.5,1,256100,2025-09-25
11156,4156,850,Excellent,9.9,2,2523400,2025-10-24
11157,4157,637,Fair,7.3,1,428900,2025-02-13
11158,4158,754,Excellent,11.1,2,551800,2025-01-11
11159,4159,687,Fair,13.1,0,305800,2025-10-02
11160,4160,673,Fair,11.9,3,322400,2025-11-12
11161,4161,548,Poor,4.4,1,553300,2025-07-19
11162,4162,695,Fair,5.5,1,290700,2025-07-18
11163,4163,617,Fair,6.3,1,1059500,2025-05-01
11164,4164,667,Fair,3.9,1,142900,2025-01-14
11165,4165,620,Fair,6.1,1,896400,2025-03-05
11166,4166,630,Fair,4.3,2,858900,2025-08-08
11167,4167,610,Fair,14.9,2,1956800,2025-06-01
11168,4168,610,Fair,12.0,0,62400,2025-09-03
11169,4169,571,Poor,13.0,0,792700,2025-04-05
11170,4170,718,Good,13.9,2,165100,2025-09-25
11171,4171,691,Fair,10.3,1,671600,2025-07-12
11172,4172,743,Good,3.5,2,667300,2025-02-27
11173,4173,661,Fair,11.6,0,138900,2025-04-04
11174,4174,641,Fair,1.2,1,570400,2025-10-25
11175,4175,683,Fair,2.6,0,221400,2025-01-01
11176,4176,743,Good,1.4,2,161000,2025-12-28
11177,4177,712,Good,2.9,2,55200,2025-11-24
11178,4178,691,Fair,11.5,1,1067800,2025-07-25
11179,4179,740,Good,13.4,0,276300,2025-07-12
11180,4180,690,Fair,4.9,0,116600,2025-08-12
11181,4181,646,Fair,2.7,1,399000,2025-02-07
11182,4182,758,Excellent,4.8,1,330100,2025-11-28
11183,4183,596,Poor,10.1,0,131000,2025-11-04
11184,4184,583,Poor,5.9,0,133300,2025-04-21
11185,4185,688,Fair,14.5,0,812900,2025-09-09
11186,4186,696,Fair,2.8,2,362900,2025-12-02
11187,4187,707,Good,14.9,2,167600,2025-03-25
11188,4188,665,Fair,1.2,2,212900,2025-12-30
11189,4189,791,Excellent,7.3,0,215900,2025-06-09
11190,4190,578,Poor,4.5,1,66300,2025-06-04
11191,4191,700,Good,8.9,0,700300,2025-04-08
11192,4192,747,Good,2.4,1,216000,2025-07-08
11193,4193,794,Excellent,13.3,1,261100,2025-03-27
11194,4194,790,Excellent,2.9,0,497400,2025-03-03
11195,4195,608,Fair,9.2,3,919600,2025-09-16
11196,4196,717,Good,1.5,3,359700,2025-03-22
11197,4197,674,Fair,5.4,2,112400,2025-12-13
11198,4198,689,Fair,3.1,0,239800,2025-12-25
11199,4199,775,Excellent,14.7,2,282000,2025-04-05
11200,4200,832,Excellent,1.2,2,57800,2025-10-14
11201,4201,710,Good,5.9,0,460500,2025-08-09
11202,4202,541,Poor,5.2,1,542300,2025-07-11
11203,4203,565,Poor,10.2,1,326100,2025-06-19
11204,4204,687,Fair,1.8,1,141400,2025-02-27
11205,4205,765,Excellent,12.3,0,363100,2025-02-12
11206,4206,631,Fair,7.5,0,754500,2025-06-09
11207,4207,676,Fair,7.3,0,246800,2025-06-07
11208,4208,811,Excellent,4.2,0,614600,2025-08-23
11209,4209,660,Fair,7.9,0,442700,2025-12-05
11210,4210,821,Excellent,6.1,1,54600,2025-10-28
11211,4211,658,Fair,4.4,0,188600,2025-05-24
11212,4212,758,Excellent,3.4,3,480200,2025-01-10
11213,4213,696,Fair,11.2,1,338200,2025-11-26
11214,4214,748,Good,3.0,1,699200,2025-12-14
11215,4215,841,Excellent,3.4,0,371200,2025-09-25
11216,4216,721,Good,9.1,2,538500,2025-06-05
11217,4217,785,Excellent,4.2,1,222000,2025-01-18
11218,4218,623,Fair,7.4,0,405300,2025-10-11
11219,4219,620,Fair,8.7,0,119600,2025-08-19
11220,4220,568,Poor,4.8,0,656200,2025-09-27
11221,4221,611,Fair,5.8,1,383100,2025-09-21
11222,4222,804,Excellent,3.9,1,100500,2025-12-22
11223,4223,715,Good,7.4,0,244200,2025-09-16
11224,4224,670,Fair,14.9,2,2851800,2025-07-21
11225,4225,705,Good,6.1,1,252500,2025-05-17
11226,4226,741,Good,10.1,2,227300,2025-02-16
11227,4227,748,Good,9.9,0,151400,2025-03-04
11228,4228,706,Good,12.0,1,113600,2025-03-18
11229,4229,794,Excellent,11.0,2,124500,2025-12-08
11230,4230,617,Fair,1.2,0,1844500,2025-05-01
11231,4231,664,Fair,5.3,2,416800,2025-01-13
11232,4232,778,Excellent,13.2,1,84100,2025-06-28
11233,4233,762,Excellent,8.6,0,305300,2025-11-12
11234,4234,718,Good,2.5,2,757400,2025-11-27
11235,4235,649,Fair,4.9,2,439700,2025-06-06
11236,4236,749,Good,5.0,0,87000,2025-01-16
11237,4237,622,Fair,13.2,1,537800,2025-09-03
11238,4238,779,Excellent,8.7,3,308300,2025-07-11
11239,4239,804,Excellent,9.5,0,363800,2025-12-07
11240,4240,647,Fair,6.1,1,1587500,2025-02-24
11241,4241,850,Excellent,1.8,3,294600,2025-11-30
11242,4242,615,Fair,2.1,1,159800,2025-11-07
11243,4243,676,Fair,6.9,0,63200,2025-07-07
11244,4244,674,Fair,3.5,0,160700,2025-06-18
11245,4245,682,Fair,2.5,0,152400,2025-07-27
11246,4246,797,Excellent,4.7,1,53900,2025-01-09
11247,4247,723,Good,11.4,2,549000,2025-01-06
11248,4248,628,Fair,2.0,2,472500,2025-04-12
11249,4249,698,Fair,7.3,1,293700,2025-05-26
11250,4250,740,Good,12.6,3,122400,2025-10-07
11251,4251,729,Good,4.8,1,375500,2025-02-20
11252,4252,782,Excellent,5.2,2,528200,2025-09-30
11253,4253,697,Fair,13.4,1,1471500,2025-08-16
11254,4254,750,Excellent,10.1,2,410400,2025-10-04
11255,4255,679,Fair,12.2,1,454200,2025-03-24
11256,4256,641,Fair,5.0,0,349000,2025-11-14
11257,4257,604,Fair,15.0,1,252000,2025-12-13
11258,4258,807,Excellent,3.0,2,606400,2025-04-27
11259,4259,577,Poor,14.5,1,286200,2025-03-16
11260,4260,709,Good,13.6,2,263000,2025-11-06
11261,4261,721,Good,8.7,3,216100,2025-06-20
11262,4262,616,Fair,9.2,3,230300,2025-08-02
11263,4263,758,Excellent,11.9,0,406300,2025-07-30
11264,4264,589,Poor,5.3,1,525400,2025-05-31
11265,4265,647,Fair,8.4,2,157200,2025-08-28
11266,4266,762,Excellent,13.6,0,362900,2025-05-01
11267,4267,592,Poor,2.0,0,134100,2025-11-05
11268,4268,751,Excellent,13.7,1,529000,2025-08-03
11269,4269,774,Excellent,11.2,1,1127600,2025-10-23
11270,4270,770,Excellent,11.8,1,492500,2025-09-22
11271,4271,718,Good,1.9,0,225500,2025-06-01
11272,4272,627,Fair,3.6,0,754800,2025-11-28
11273,4273,616,Fair,14.0,2,98600,2025-03-17
11274,4274,652,Fair,2.7,1,393800,2025-08-12
11275,4275,460,Poor,9.8,1,3822200,2025-05-10
11276,4276,692,Fair,12.0,1,136000,2025-09-08
11277,4277,681,Fair,4.2,1,224200,2025-11-22
11278,4278,696,Fair,10.8,1,246200,2025-09-17
11279,4279,672,Fair,1.9,1,109700,2025-11-13
11280,4280,703,Good,8.0,0,152600,2025-07-24
11281,4281,696,Fair,5.7,1,308100,2025-05-06
11282,4282,580,Poor,10.0,2,1276500,2025-07-11
11283,4283,711,Good,13.4,1,462000,2025-02-05
11284,4284,688,Fair,2.8,1,822600,2025-02-10
11285,4285,561,Poor,7.3,0,636600,2025-12-25
11286,4286,757,Excellent,6.9,0,410000,2025-06-15
11287,4287,668,Fair,5.5,5,59900,2025-12-04
11288,4288,738,Good,7.7,2,1282100,2025-05-23
11289,4289,687,Fair,13.3,1,757500,2025-10-31
11290,4290,556,Poor,14.6,1,386900,2025-12-19
11291,4291,709,Good,1.0,1,94700,2025-08-22
11292,4292,727,Good,11.3,0,80800,2025-08-16
11293,4293,778,Excellent,9.6,3,102100,2025-07-10
11294,4294,759,Excellent,14.9,0,161500,2025-01-25
11295,4295,780,Excellent,2.3,1,417600,2025-09-17
11296,4296,745,Good,12.4,4,239700,2025-01-18
11297,4297,653,Fair,14.1,2,326200,2025-04-30
11298,4298,655,Fair,13.8,2,493800,2025-12-19
11299,4299,764,Excellent,8.8,2,975200,2025-03-25
11300,4300,661,Fair,5.6,2,170300,2025-08-01
11301,4301,730,Good,10.0,3,66900,2025-11-25
11302,4302,818,Excellent,5.3,1,145700,2025-03-06
11303,4303,644,Fair,6.8,2,516000,2025-01-27
11304,4304,745,Good,7.2,2,637200,2025-07-26
11305,4305,630,Fair,5.2,0,650400,2025-03-29
11306,4306,734,Good,5.8,2,160500,2025-08-24
11307,4307,811,Excellent,1.1,2,402500,2025-02-19
11308,4308,790,Excellent,5.2,1,1179200,2025-07-02
11309,4309,661,Fair,7.6,4,589500,2025-12-31
11310,4310,808,Excellent,3.4,1,61700,2025-08-21
11311,4311,673,Fair,12.3,1,286900,2025-07-05
11312,4312,850,Excellent,8.5,0,221800,2025-03-30
11313,4313,692,Fair,12.1,3,78100,2025-03-27
11314,4314,740,Good,2.8,1,1124500,2025-04-14
11315,4315,737,Good,12.5,3,86300,2025-04-20
11316,4316,608,Fair,14.4,1,273500,2025-04-30
11317,4317,793,Excellent,5.9,1,973700,2025-03-29
11318,4318,706,Good,5.0,1,136200,2025-02-25
11319,4319,648,Fair,10.1,1,291300,2025-06-04
11320,4320,634,Fair,9.9,1,466300,2025-03-31
11321,4321,645,Fair,2.6,0,146000,2025-10-21
11322,4322,684,Fair,14.0,2,178800,2025-12-27
11323,4323,610,Fair,7.7,4,393400,2025-07-15
11324,4324,629,Fair,11.7,1,532400,2025-01-23
11325,4325,560,Poor,6.0,0,609000,2025-03-24
11326,4326,629,Fair,4.7,0,125600,2025-07-03
11327,4327,792,Excellent,2.6,1,69500,2025-07-26
11328,4328,780,Excellent,4.8,0,646600,2025-08-11
11329,4329,710,Good,14.9,2,921000,2025-03-29
11330,4330,848,Excellent,10.2,3,3100200,2025-02-22
11331,4331,781,Excellent,12.2,1,5012300,2025-07-21
11332,4332,723,Good,14.4,3,1463500,2025-07-19
11333,4333,731,Good,2.1,4,118200,2025-07-14
11334,4334,697,Fair,3.3,3,252400,2025-01-04
11335,4335,596,Poor,14.0,3,536000,2025-12-27
11336,4336,670,Fair,8.9,2,455200,2025-01-21
11337,4337,495,Poor,9.9,1,257900,2025-11-06
11338,4338,608,Fair,7.0,1,987600,2025-09-01
11339,4339,794,Excellent,12.4,0,191700,2025-05-06
11340,4340,696,Fair,8.2,3,367100,2025-12-31
11341,4341,610,Fair,12.6,1,321400,2025-07-20
11342,4342,730,Good,14.9,2,462000,2025-02-21
11343,4343,735,Good,10.1,0,491900,2025-08-31
11344,4344,806,Excellent,8.4,2,138400,2025-07-30
11345,4345,823,Excellent,6.1,1,24100,2025-05-25
11346,4346,749,Good,3.7,3,197700,2025-02-13
11347,4347,576,Poor,10.2,0,375600,2025-04-17
11348,4348,850,Excellent,1.9,1,468700,2025-06-01
11349,4349,792,Excellent,14.4,0,172700,2025-04-23
11350,4350,754,Excellent,10.1,1,389700,2025-08-11
11351,4351,689,Fair,14.4,2,381700,2025-06-04
11352,4352,574,Poor,4.8,0,165000,2025-06-23
11353,4353,648,Fair,14.3,1,259000,2025-12-13
11354,4354,686,Fair,9.6,1,101900,2025-12-13
11355,4355,660,Fair,12.3,1,51500,2025-06-12
11356,4356,772,Excellent,3.5,3,901000,2025-07-04
11357,4357,684,Fair,8.0,1,359000,2025-10-12
11358,4358,632,Fair,9.0,0,220900,2025-11-09
11359,4359,728,Good,6.5,1,422200,2025-07-17
11360,4360,628,Fair,4.5,1,456100,2025-02-24
11361,4361,568,Poor,13.7,2,1843000,2025-03-12
11362,4362,728,Good,2.2,2,1002400,2025-07-17
11363,4363,685,Fair,3.2,0,411200,2025-02-22
11364,4364,702,Good,5.5,3,2067000,2025-01-14
11365,4365,793,Excellent,13.9,0,276300,2025-01-21
11366,4366,709,Good,8.9,2,894100,2025-12-26
11367,4367,733,Good,6.2,1,186000,2025-01-14
11368,4368,691,Fair,6.6,2,314900,2025-11-05
11369,4369,751,Excellent,12.7,0,548700,2025-04-25
11370,4370,530,Poor,1.4,2,364700,2025-12-18
11371,4371,632,Fair,1.2,1,389900,2025-08-06
11372,4372,661,Fair,1.6,2,375900,2025-07-14
11373,4373,654,Fair,7.6,1,969500,2025-07-26
11374,4374,631,Fair,9.1,1,327600,2025-12-07
11375,4375,684,Fair,9.7,1,175800,2025-12-16
11376,4376,680,Fair,11.2,1,286400,2025-04-21
11377,4377,684,Fair,3.7,1,960400,2025-06-16
11378,4378,705,Good,4.7,0,648500,2025-04-11
11379,4379,727,Good,4.4,1,272500,2025-06-18
11380,4380,632,Fair,3.1,2,149200,2025-06-05
11381,4381,651,Fair,4.4,1,182700,2025-09-15
11382,4382,759,Excellent,9.6,4,296100,2025-10-05
11383,4383,619,Fair,6.1,0,278400,2025-08-24
11384,4384,629,Fair,11.8,1,155600,2025-05-08
11385,4385,632,Fair,8.5,0,705800,2025-12-18
11386,4386,675,Fair,4.0,1,179900,2025-05-03
11387,4387,765,Excellent,7.5,1,133000,2025-07-08
11388,4388,729,Good,9.3,1,251200,2025-12-02
11389,4389,625,Fair,13.1,1,456200,2025-10-19
11390,4390,826,Excellent,12.7,1,131300,2025-12-03
11391,4391,638,Fair,7.0,0,313900,2025-11-01
11392,4392,568,Poor,10.1,0,203000,2025-09-16
11393,4393,827,Excellent,5.2,0,223500,2025-10-06
11394,4394,627,Fair,9.9,2,297500,2025-12-23
11395,4395,682,Fair,13.8,1,511100,2025-08-19
11396,4396,680,Fair,9.7,1,302600,2025-06-05
11397,4397,734,Good,5.3,0,3169300,2025-04-19
11398,4398,552,Poor,10.0,0,558200,2025-12-27
11399,4399,667,Fair,13.6,1,432900,2025-11-24
11400,4400,662,Fair,2.9,1,228400,2025-02-02
11401,4401,796,Excellent,7.8,1,190400,2025-05-06
11402,4402,649,Fair,5.5,0,744800,2025-03-09
11403,4403,666,Fair,4.4,3,72000,2025-09-02
11404,4404,747,Good,6.5,0,825100,2025-11-23
11405,4405,728,Good,6.5,0,854200,2025-09-24
11406,4406,636,Fair,3.9,2,269700,2025-05-16
11407,4407,722,Good,6.7,1,848300,2025-10-03
11408,4408,635,Fair,9.9,1,231700,2025-03-03
11409,4409,750,Excellent,1.4,0,276000,2025-06-20
11410,4410,678,Fair,14.8,0,474200,2025-04-13
11411,4411,596,Poor,5.1,3,214900,2025-04-02
11412,4412,529,Poor,9.7,2,570200,2025-03-16
11413,4413,662,Fair,5.0,0,197500,2025-04-24
11414,4414,631,Fair,6.5,3,384400,2025-05-01
11415,4415,672,Fair,8.7,1,3222800,2025-08-02
11416,4416,686,Fair,9.6,1,462400,2025-07-17
11417,4417,546,Poor,11.8,1,797800,2025-09-20
11418,4418,635,Fair,12.1,0,681900,2025-05-18
11419,4419,680,Fair,8.3,0,50400,2025-06-17
11420,4420,698,Fair,2.1,1,275800,2025-01-04
11421,4421,750,Excellent,8.8,1,1030100,2025-07-20
11422,4422,763,Excellent,7.7,0,103300,2025-04-12
11423,4423,672,Fair,4.0,3,256700,2025-01-19
11424,4424,679,Fair,1.1,2,2041800,2025-01-22
11425,4425,654,Fair,5.4,1,108700,2025-12-25
11426,4426,739,Good,4.6,2,845400,2025-05-09
11427,4427,661,Fair,7.8,1,138000,2025-05-29
11428,4428,617,Fair,11.7,1,500400,2025-08-26
11429,4429,565,Poor,7.1,1,579500,2025-01-07
11430,4430,619,Fair,14.3,2,620800,2025-11-29
11431,4431,670,Fair,4.1,2,128900,2025-01-23
11432,4432,763,Excellent,4.1,1,863500,2025-03-31
11433,4433,693,Fair,9.5,2,158900,2025-01-18
11434,4434,699,Fair,13.5,4,73400,2025-03-12
11435,4435,690,Fair,10.4,2,124500,2025-03-07
11436,4436,786,Excellent,10.4,2,141700,2025-02-22
11437,4437,728,Good,12.3,2,592800,2025-07-11
11438,4438,689,Fair,10.4,0,749900,2025-05-22
11439,4439,645,Fair,11.6,2,342600,2025-01-25
11440,4440,595,Poor,13.1,1,126600,2025-09-07
11441,4441,814,Excellent,1.1,1,186600,2025-02-02
11442,4442,750,Excellent,13.4,1,277600,2025-06-25
11443,4443,675,Fair,4.0,1,99000,2025-02-08
11444,4444,825,Excellent,13.8,0,110800,2025-07-31
11445,4445,689,Fair,4.7,0,298600,2025-12-30
11446,4446,629,Fair,7.4,0,248300,2025-05-13
11447,4447,782,Excellent,14.1,0,111300,2025-04-23
11448,4448,594,Poor,2.5,1,966400,2025-05-29
11449,4449,660,Fair,11.4,1,160000,2025-11-11
11450,4450,600,Fair,6.5,1,102900,2025-03-18
11451,4451,630,Fair,1.3,2,955900,2025-01-14
11452,4452,705,Good,14.1,2,395000,2025-02-23
11453,4453,715,Good,2.6,0,231500,2025-09-10
11454,4454,607,Fair,11.8,3,159700,2025-06-22
11455,4455,826,Excellent,6.4,0,215200,2025-06-18
11456,4456,533,Poor,12.3,3,154800,2025-04-02
11457,4457,700,Good,11.5,1,188300,2025-05-09
11458,4458,702,Good,9.9,2,350600,2025-05-10
11459,4459,710,Good,14.1,2,132500,2025-03-13
11460,4460,756,Excellent,2.4,1,29700,2025-09-12
11461,4461,461,Poor,12.2,0,1376400,2025-05-21
11462,4462,632,Fair,10.4,1,100600,2025-11-03
11463,4463,701,Good,5.4,2,70800,2025-05-06
11464,4464,818,Excellent,8.6,0,894500,2025-09-08
11465,4465,646,Fair,10.0,0,196600,2025-01-02
11466,4466,676,Fair,11.3,4,408500,2025-01-10
11467,4467,744,Good,3.6,0,639100,2025-10-13
11468,4468,599,Poor,2.4,0,692100,2025-08-12
11469,4469,692,Fair,2.4,2,474900,2025-03-06
11470,4470,682,Fair,5.1,1,163900,2025-04-19
11471,4471,644,Fair,3.2,0,93600,2025-10-27
11472,4472,728,Good,8.5,0,1516300,2025-02-11
11473,4473,850,Excellent,7.1,0,337600,2025-09-16
11474,4474,703,Good,13.5,0,456200,2025-04-21
11475,4475,522,Poor,11.0,1,193800,2025-01-28
11476,4476,625,Fair,3.9,1,402800,2025-02-20
11477,4477,801,Excellent,1.6,2,205100,2025-08-01
11478,4478,672,Fair,10.9,1,231600,2025-05-05
11479,4479,602,Fair,12.8,1,89100,2025-09-26
11480,4480,747,Good,10.8,0,449400,2025-02-09
11481,4481,642,Fair,10.0,0,37400,2025-06-03
11482,4482,693,Fair,4.5,2,828100,2025-12-26
11483,4483,605,Fair,7.9,1,1682500,2025-06-07
11484,4484,659,Fair,11.1,0,200600,2025-10-21
11485,4485,688,Fair,3.7,0,666800,2025-12-27
11486,4486,682,Fair,7.7,2,211700,2025-09-29
11487,4487,718,Good,2.6,0,297900,2025-04-20
11488,4488,705,Good,8.4,1,182300,2025-08-22
11489,4489,614,Fair,9.0,1,204900,2025-11-07
11490,4490,816,Excellent,8.5,0,204900,2025-06-26
11491,4491,678,Fair,7.6,1,53600,2025-05-07
11492,4492,589,Poor,9.2,2,403100,2025-03-21
11493,4493,523,Poor,15.0,1,55200,2025-02-21
11494,4494,696,Fair,9.7,3,209900,2025-11-01
11495,4495,621,Fair,11.5,1,60500,2025-10-31
11496,4496,733,Good,3.7,1,214400,2025-11-26
11497,4497,694,Fair,8.4,1,379000,2025-03-23
11498,4498,850,Excellent,1.1,2,1022900,2025-10-21
11499,4499,595,Poor,1.4,2,287300,2025-09-30
11500,4500,769,Excellent,5.5,1,229700,2025-02-10
11501,4501,608,Fair,7.5,1,109500,2025-11-06
11502,4502,752,Excellent,9.1,0,136500,2025-10-23
11503,4503,797,Excellent,13.4,2,861200,2025-10-14
11504,4504,664,Fair,11.8,2,453800,2025-12-12
11505,4505,635,Fair,5.2,1,132300,2025-06-03
11506,4506,678,Fair,11.4,1,47800,2025-08-20
11507,4507,634,Fair,8.7,0,1313000,2025-11-28
11508,4508,811,Excellent,11.9,2,98300,2025-05-26
11509,4509,675,Fair,6.8,0,297000,2025-10-18
11510,4510,723,Good,2.3,0,136400,2025-02-25
11511,4511,725,Good,9.7,1,111600,2025-01-30
11512,4512,757,Excellent,8.8,1,353900,2025-03-16
11513,4513,656,Fair,14.4,0,648500,2025-02-21
11514,4514,748,Good,3.3,1,542100,2025-07-15
11515,4515,788,Excellent,10.2,1,514100,2025-11-07
11516,4516,678,Fair,7.6,0,119400,2025-08-16
11517,4517,590,Poor,6.3,0,349200,2025-05-18
11518,4518,793,Excellent,12.1,1,404500,2025-07-01
11519,4519,703,Good,12.3,1,84000,2025-10-17
11520,4520,690,Fair,11.0,2,45800,2025-07-10
11521,4521,741,Good,2.2,3,314200,2025-06-08
11522,4522,797,Excellent,5.8,1,142600,2025-07-11
11523,4523,673,Fair,1.7,1,93800,2025-06-27
11524,4524,784,Excellent,5.8,0,49000,2025-12-29
11525,4525,695,Fair,10.1,1,159000,2025-02-06
11526,4526,737,Good,8.3,0,1238200,2025-08-12
11527,4527,644,Fair,10.8,1,651400,2025-06-09
11528,4528,671,Fair,8.7,0,1121900,2025-07-28
11529,4529,771,Excellent,8.8,1,154000,2025-10-18
11530,4530,543,Poor,8.2,0,787600,2025-09-06
11531,4531,743,Good,6.1,1,913900,2025-07-04
11532,4532,718,Good,7.3,0,1142700,2025-12-07
11533,4533,815,Excellent,2.6,0,238200,2025-10-15
11534,4534,765,Excellent,12.7,0,194900,2025-08-14
11535,4535,703,Good,13.4,2,277200,2025-08-14
11536,4536,595,Poor,11.7,0,325900,2025-01-08
11537,4537,646,Fair,9.2,0,92300,2025-01-23
11538,4538,673,Fair,9.0,1,179000,2025-08-11
11539,4539,802,Excellent,7.6,1,816800,2025-12-15
11540,4540,750,Excellent,4.2,0,181600,2025-06-15
11541,4541,630,Fair,6.4,0,320500,2025-10-02
11542,4542,720,Good,14.9,2,460500,2025-10-28
11543,4543,656,Fair,3.0,3,919800,2025-02-05
11544,4544,642,Fair,8.6,0,516600,2025-06-26
11545,4545,737,Good,13.1,0,693800,2025-07-07
11546,4546,679,Fair,7.3,2,442900,2025-11-08
11547,4547,603,Fair,9.5,0,389500,2025-11-16
11548,4548,752,Excellent,12.6,2,657900,2025-11-14
11549,4549,701,Good,8.7,2,36900,2025-08-15
11550,4550,663,Fair,11.2,0,566600,2025-02-28
11551,4551,802,Excellent,5.9,0,46300,2025-09-14
11552,4552,770,Excellent,11.3,0,188500,2025-04-07
11553,4553,699,Fair,1.6,2,672000,2025-07-28
11554,4554,562,Poor,3.1,2,258900,2025-09-06
11555,4555,773,Excellent,9.9,1,281600,2025-11-29
11556,4556,654,Fair,7.3,1,372300,2025-09-18
11557,4557,678,Fair,12.6,1,1595400,2025-02-27
11558,4558,667,Fair,5.8,1,42600,2025-02-26
11559,4559,593,Poor,11.7,2,156700,2025-06-19
11560,4560,724,Good,2.9,0,1051900,2025-03-14
11561,4561,627,Fair,14.0,1,239000,2025-12-07
11562,4562,720,Good,6.9,0,251600,2025-01-22
11563,4563,620,Fair,4.2,0,554900,2025-02-22
11564,4564,656,Fair,12.0,2,97900,2025-02-26
11565,4565,717,Good,14.3,2,663900,2025-04-13
11566,4566,699,Fair,13.9,1,215900,2025-04-22
11567,4567,737,Good,4.3,0,258600,2025-11-03
11568,4568,742,Good,10.4,1,144200,2025-09-18
11569,4569,790,Excellent,8.7,1,472400,2025-05-15
11570,4570,690,Fair,11.2,2,225700,2025-11-16
11571,4571,781,Excellent,7.8,0,384400,2025-07-04
11572,4572,666,Fair,7.6,1,214700,2025-01-26
11573,4573,748,Good,13.4,1,288700,2025-01-25
11574,4574,774,Excellent,13.2,2,181300,2025-11-21
11575,4575,774,Excellent,12.0,1,219400,2025-09-21
11576,4576,581,Poor,10.9,6,138700,2025-01-09
11577,4577,454,Poor,10.5,0,123000,2025-11-06
11578,4578,732,Good,1.8,3,1450100,2025-08-08
11579,4579,690,Fair,11.5,2,354000,2025-10-03
11580,4580,711,Good,9.9,0,45700,2025-07-14
11581,4581,697,Fair,5.2,2,269900,2025-06-21
11582,4582,665,Fair,12.5,1,728000,2025-06-19
11583,4583,733,Good,12.7,1,66800,2025-04-22
11584,4584,715,Good,14.1,1,496600,2025-06-20
11585,4585,682,Fair,6.9,2,283800,2025-08-02
11586,4586,692,Fair,8.7,2,60600,2025-06-23
11587,4587,736,Good,13.7,2,168900,2025-10-17
11588,4588,645,Fair,5.4,3,246600,2025-03-09
11589,4589,607,Fair,12.2,2,94300,2025-05-26
11590,4590,605,Fair,14.9,2,150500,2025-05-19
11591,4591,652,Fair,10.1,1,368600,2025-08-07
11592,4592,801,Excellent,14.8,0,371100,2025-11-25
11593,4593,700,Good,8.2,1,442700,2025-01-25
11594,4594,639,Fair,3.1,1,163600,2025-09-09
11595,4595,705,Good,3.5,0,792400,2025-08-03
11596,4596,612,Fair,11.2,0,263500,2025-06-14
11597,4597,676,Fair,1.0,2,202400,2025-03-22
11598,4598,659,Fair,10.3,1,241700,2025-11-04
11599,4599,591,Poor,3.1,0,410400,2025-03-18
11600,4600,772,Excellent,14.8,0,387400,2025-11-20
11601,4601,662,Fair,3.3,0,197000,2025-10-11
11602,4602,687,Fair,8.7,0,694400,2025-06-07
11603,4603,742,Good,10.4,1,246400,2025-06-23
11604,4604,716,Good,12.5,2,550800,2025-06-17
11605,4605,696,Fair,7.4,1,1017700,2025-05-29
11606,4606,672,Fair,14.1,5,189200,2025-05-23
11607,4607,745,Good,7.7,1,210300,2025-05-11
11608,4608,689,Fair,4.5,0,109100,2025-12-03
11609,4609,701,Good,9.3,0,127800,2025-04-07
11610,4610,773,Excellent,10.2,1,545500,2025-09-21
11611,4611,778,Excellent,8.1,0,540800,2025-12-12
11612,4612,710,Good,11.3,0,56800,2025-06-14
11613,4613,698,Fair,6.9,1,118700,2025-01-19
11614,4614,739,Good,1.1,3,1035300,2025-10-10
11615,4615,671,Fair,4.7,0,139100,2025-01-16
11616,4616,671,Fair,14.2,2,235300,2025-01-02
11617,4617,685,Fair,11.7,2,309800,2025-01-10
11618,4618,614,Fair,3.7,1,344500,2025-04-16
11619,4619,850,Excellent,1.9,1,80100,2025-01-17
11620,4620,660,Fair,5.9,0,344600,2025-07-23
11621,4621,725,Good,12.7,0,21900,2025-01-07
11622,4622,689,Fair,2.5,2,165500,2025-07-20
11623,4623,742,Good,8.6,0,216100,2025-02-15
11624,4624,661,Fair,4.9,0,68700,2025-06-27
11625,4625,706,Good,11.2,0,540100,2025-01-10
11626,4626,626,Fair,1.0,0,130900,2025-09-29
11627,4627,781,Excellent,4.9,0,1348400,2025-09-14
11628,4628,740,Good,10.5,0,431700,2025-05-17
11629,4629,584,Poor,8.7,1,238900,2025-01-13
11630,4630,691,Fair,11.9,0,577300,2025-07-08
11631,4631,586,Poor,3.2,0,65900,2025-05-24
11632,4632,630,Fair,8.4,1,351100,2025-08-14
11633,4633,759,Excellent,3.7,0,95900,2025-10-13
11634,4634,504,Poor,9.9,0,621400,2025-07-24
11635,4635,768,Excellent,2.8,1,197900,2025-11-24
11636,4636,718,Good,3.1,1,44700,2025-07-02
11637,4637,684,Fair,5.6,0,86700,2025-01-11
11638,4638,756,Excellent,6.6,1,297600,2025-11-27
11639,4639,850,Excellent,8.0,1,405600,2025-02-17
11640,4640,590,Poor,9.1,0,72800,2025-09-20
11641,4641,817,Excellent,7.6,2,55400,2025-09-14
11642,4642,762,Excellent,1.6,1,201500,2025-03-28
11643,4643,637,Fair,5.8,3,1256800,2025-02-01
11644,4644,729,Good,1.9,1,183100,2025-11-14
11645,4645,607,Fair,2.7,0,362500,2025-05-23
11646,4646,653,Fair,2.3,1,27600,2025-04-02
11647,4647,532,Poor,3.2,1,3393400,2025-07-08
11648,4648,589,Poor,12.4,0,110400,2025-03-19
11649,4649,719,Good,9.8,4,324300,2025-11-29
11650,4650,725,Good,8.1,1,56000,2025-02-03
11651,4651,724,Good,11.3,2,430900,2025-05-28
11652,4652,738,Good,14.5,0,173500,2025-04-28
11653,4653,699,Fair,6.8,1,367200,2025-01-24
11654,4654,741,Good,6.1,1,227700,2025-01-28
11655,4655,770,Excellent,14.7,1,455300,2025-09-24
11656,4656,708,Good,11.8,2,761600,2025-08-31
11657,4657,657,Fair,11.9,0,83500,2025-08-02
11658,4658,679,Fair,9.4,1,1330400,2025-02-07
11659,4659,627,Fair,8.1,3,156100,2025-07-28
11660,4660,754,Excellent,8.7,2,446900,2025-08-02
11661,4661,570,Poor,10.1,2,133800,2025-05-09
11662,4662,678,Fair,6.3,1,333200,2025-05-01
11663,4663,733,Good,12.0,4,212000,2025-07-31
11664,4664,613,Fair,13.7,1,1766800,2025-06-10
11665,4665,585,Poor,9.0,2,147400,2025-04-19
11666,4666,519,Poor,6.3,1,1260100,2025-03-06
11667,4667,669,Fair,10.7,1,119800,2025-03-05
11668,4668,604,Fair,3.6,1,1258700,2025-01-09
11669,4669,756,Excellent,14.6,2,719500,2025-02-01
11670,4670,574,Poor,10.2,2,213300,2025-11-06
11671,4671,730,Good,1.9,0,255600,2025-05-05
11672,4672,592,Poor,8.4,1,344700,2025-10-09
11673,4673,577,Poor,11.5,1,300300,2025-11-14
11674,4674,600,Fair,4.9,0,430800,2025-04-19
11675,4675,771,Excellent,1.7,0,332900,2025-06-19
11676,4676,600,Fair,7.8,5,121600,2025-06-25
11677,4677,776,Excellent,12.7,2,185600,2025-09-02
11678,4678,705,Good,4.5,3,384900,2025-09-13
11679,4679,651,Fair,11.0,0,113400,2025-10-13
11680,4680,611,Fair,6.7,1,185900,2025-08-20
11681,4681,833,Excellent,1.8,4,482200,2025-05-31
11682,4682,646,Fair,5.3,2,372300,2025-04-13
11683,4683,646,Fair,5.4,0,229900,2025-01-25
11684,4684,799,Excellent,13.7,0,747000,2025-05-21
11685,4685,812,Excellent,14.7,1,716800,2025-06-02
11686,4686,680,Fair,3.9,0,176100,2025-09-30
11687,4687,779,Excellent,7.0,1,544300,2025-04-18
11688,4688,644,Fair,14.7,3,133700,2025-01-27
11689,4689,850,Excellent,6.7,1,378800,2025-05-19
11690,4690,592,Poor,5.9,0,375300,2025-05-14
11691,4691,621,Fair,2.5,0,300000,2025-03-20
11692,4692,788,Excellent,11.5,1,235600,2025-10-20
11693,4693,668,Fair,7.3,1,315300,2025-08-12
11694,4694,793,Excellent,9.9,2,295600,2025-08-04
11695,4695,655,Fair,8.1,2,38700,2025-07-22
11696,4696,739,Good,3.4,1,1041300,2025-04-16
11697,4697,638,Fair,3.5,1,526500,2025-06-14
11698,4698,684,Fair,14.2,0,197900,2025-07-21
11699,4699,594,Poor,13.5,1,702900,2025-11-11
11700,4700,686,Fair,9.5,4,187400,2025-01-10
11701,4701,624,Fair,1.0,1,26800,2025-09-14
11702,4702,845,Excellent,7.1,2,406200,2025-08-25
11703,4703,666,Fair,8.4,1,70500,2025-02-21
11704,4704,600,Fair,7.3,2,89900,2025-08-03
11705,4705,742,Good,14.0,1,112700,2025-05-26
11706,4706,599,Poor,1.6,5,326500,2025-12-09
11707,4707,756,Excellent,10.2,0,348000,2025-09-18
11708,4708,648,Fair,5.4,1,776000,2025-12-24
11709,4709,687,Fair,8.8,1,99000,2025-08-11
11710,4710,676,Fair,10.2,1,155100,2025-04-13
11711,4711,671,Fair,7.2,0,952000,2025-07-31
11712,4712,695,Fair,3.1,0,479700,2025-12-15
11713,4713,640,Fair,8.3,0,395800,2025-02-17
11714,4714,608,Fair,14.1,0,290000,2025-10-16
11715,4715,693,Fair,8.5,1,430200,2025-07-04
11716,4716,660,Fair,2.7,0,308100,2025-04-13
11717,4717,594,Poor,12.5,1,327900,2025-08-12
11718,4718,736,Good,4.1,4,453300,2025-10-08
11719,4719,689,Fair,6.2,1,132100,2025-10-27
11720,4720,608,Fair,7.0,1,355300,2025-04-01
11721,4721,672,Fair,5.8,0,52000,2025-04-21
11722,4722,679,Fair,6.7,1,301300,2025-11-18
11723,4723,613,Fair,12.1,0,190900,2025-05-08
11724,4724,850,Excellent,4.1,1,624900,2025-09-08
11725,4725,689,Fair,7.6,3,85300,2025-07-15
11726,4726,674,Fair,1.3,1,357300,2025-06-02
11727,4727,850,Excellent,8.1,2,523000,2025-10-06
11728,4728,724,Good,2.6,3,586000,2025-12-22
11729,4729,781,Excellent,5.0,0,166800,2025-12-09
11730,4730,697,Fair,5.5,0,218000,2025-04-30
11731,4731,695,Fair,2.2,0,436200,2025-10-11
11732,4732,626,Fair,6.0,1,106200,2025-09-21
11733,4733,740,Good,8.0,1,200500,2025-08-13
11734,4734,829,Excellent,7.0,0,137000,2025-09-11
11735,4735,808,Excellent,4.9,2,58900,2025-06-06
11736,4736,599,Poor,5.1,1,1122300,2025-07-03
11737,4737,829,Excellent,9.9,1,307100,2025-01-15
11738,4738,628,Fair,11.1,3,116800,2025-10-20
11739,4739,619,Fair,9.1,1,36300,2025-12-29
11740,4740,624,Fair,14.7,2,400300,2025-04-30
11741,4741,661,Fair,14.2,2,73300,2025-12-07
11742,4742,545,Poor,2.4,0,164200,2025-09-05
11743,4743,694,Fair,4.7,2,287400,2025-04-28
11744,4744,671,Fair,13.2,0,98100,2025-04-02
11745,4745,693,Fair,1.4,0,1327700,2025-02-05
11746,4746,653,Fair,9.3,0,119100,2025-12-02
11747,4747,571,Poor,14.4,0,98100,2025-01-12
11748,4748,670,Fair,10.5,1,368100,2025-01-28
11749,4749,782,Excellent,2.3,0,217700,2025-10-16
11750,4750,614,Fair,11.5,1,1704600,2025-03-16
11751,4751,624,Fair,6.3,1,1065800,2025-03-20
11752,4752,724,Good,13.9,2,1158100,2025-07-30
11753,4753,597,Poor,5.0,2,492000,2025-07-02
11754,4754,707,Good,7.6,3,548900,2025-03-20
11755,4755,723,Good,11.5,1,214700,2025-07-20
11756,4756,648,Fair,4.6,0,551400,2025-07-24
11757,4757,634,Fair,3.5,2,165700,2025-11-02
11758,4758,584,Poor,1.0,3,266700,2025-01-29
11759,4759,631,Fair,7.8,0,85900,2025-11-10
11760,4760,733,Good,14.0,1,202000,2025-10-09
11761,4761,753,Excellent,4.9,0,496300,2025-01-23
11762,4762,695,Fair,1.6,3,802300,2025-01-17
11763,4763,644,Fair,9.7,3,450200,2025-05-13
11764,4764,695,Fair,1.8,1,1032900,2025-02-28
11765,4765,629,Fair,8.1,3,83700,2025-05-24
11766,4766,703,Good,6.3,5,481000,2025-04-13
11767,4767,746,Good,7.7,1,136000,2025-04-04
11768,4768,655,Fair,3.3,2,437500,2025-09-18
11769,4769,630,Fair,2.3,0,144300,2025-10-09
11770,4770,653,Fair,11.5,6,179700,2025-06-20
11771,4771,772,Excellent,4.4,1,647300,2025-05-06
11772,4772,850,Excellent,12.2,0,373600,2025-03-27
11773,4773,739,Good,11.6,3,141500,2025-07-05
11774,4774,685,Fair,3.8,1,77200,2025-04-19
11775,4775,617,Fair,13.7,2,136200,2025-01-02
11776,4776,612,Fair,3.3,2,281500,2025-02-13
11777,4777,722,Good,12.2,1,100700,2025-07-23
11778,4778,632,Fair,6.9,3,374400,2025-04-16
11779,4779,767,Excellent,3.6,2,111800,2025-08-07
11780,4780,645,Fair,14.1,0,252300,2025-04-19
11781,4781,797,Excellent,14.5,0,402400,2025-02-13
11782,4782,659,Fair,8.2,1,193800,2025-08-05
11783,4783,775,Excellent,7.6,2,779600,2025-11-01
11784,4784,740,Good,13.6,2,418000,2025-04-01
11785,4785,754,Excellent,9.3,1,130100,2025-03-22
11786,4786,685,Fair,4.7,2,108400,2025-07-04
11787,4787,640,Fair,7.0,1,1213600,2025-05-14
11788,4788,766,Excellent,12.7,2,806600,2025-12-04
11789,4789,824,Excellent,13.0,2,217700,2025-10-26
11790,4790,615,Fair,14.1,1,389200,2025-02-13
11791,4791,726,Good,5.0,1,231500,2025-03-07
11792,4792,725,Good,10.5,1,539400,2025-10-28
11793,4793,702,Good,2.0,0,347900,2025-01-19
11794,4794,797,Excellent,11.2,1,48900,2025-08-31
11795,4795,632,Fair,8.9,0,838900,2025-09-05
11796,4796,772,Excellent,4.5,1,1011700,2025-01-04
11797,4797,669,Fair,10.2,1,195700,2025-04-07
11798,4798,515,Poor,2.9,2,396800,2025-12-20
11799,4799,581,Poor,5.7,1,796600,2025-04-06
11800,4800,693,Fair,6.6,1,6382100,2025-07-29
11801,4801,782,Excellent,11.9,0,481900,2025-08-24
11802,4802,771,Excellent,5.3,1,411000,2025-05-17
11803,4803,698,Fair,1.7,1,651100,2025-12-23
11804,4804,604,Fair,3.5,3,711300,2025-02-17
11805,4805,599,Poor,9.5,0,484100,2025-06-13
11806,4806,722,Good,1.2,2,94000,2025-07-14
11807,4807,687,Fair,12.1,1,351800,2025-10-01
11808,4808,763,Excellent,13.6,1,391000,2025-10-23
11809,4809,665,Fair,7.9,1,80000,2025-11-17
11810,4810,632,Fair,10.9,2,531800,2025-06-30
11811,4811,669,Fair,7.5,0,108500,2025-04-24
11812,4812,689,Fair,5.3,2,983700,2025-11-05
11813,4813,538,Poor,3.3,1,146000,2025-03-03
11814,4814,725,Good,8.3,2,701700,2025-05-06
11815,4815,701,Good,14.0,1,162000,2025-06-12
11816,4816,761,Excellent,13.5,0,934500,2025-07-04
11817,4817,749,Good,13.9,4,1043400,2025-11-13
11818,4818,771,Excellent,14.5,0,498700,2025-05-20
11819,4819,816,Excellent,3.3,0,170200,2025-08-31
11820,4820,700,Good,3.1,1,438400,2025-02-18
11821,4821,525,Poor,7.0,2,155700,2025-05-30
11822,4822,755,Excellent,10.7,3,107600,2025-03-31
11823,4823,780,Excellent,7.2,0,189000,2025-11-20
11824,4824,673,Fair,13.5,3,286500,2025-11-23
11825,4825,539,Poor,11.0,0,169200,2025-12-17
11826,4826,768,Excellent,9.9,1,236700,2025-10-05
11827,4827,689,Fair,2.0,0,181600,2025-12-25
11828,4828,590,Poor,3.5,0,303800,2025-10-23
11829,4829,670,Fair,7.0,2,244500,2025-05-27
11830,4830,690,Fair,14.7,0,76600,2025-02-22
11831,4831,670,Fair,5.7,0,290300,2025-10-13
11832,4832,652,Fair,9.8,2,146300,2025-06-03
11833,4833,761,Excellent,14.8,1,132800,2025-05-30
11834,4834,791,Excellent,4.7,1,132000,2025-03-02
11835,4835,835,Excellent,3.3,1,351000,2025-03-14
11836,4836,615,Fair,8.6,2,430400,2025-10-29
11837,4837,788,Excellent,8.7,1,336700,2025-02-27
11838,4838,704,Good,13.9,0,577800,2025-01-29
11839,4839,718,Good,1.4,1,300200,2025-08-12
11840,4840,781,Excellent,6.7,1,337600,2025-02-22
11841,4841,686,Fair,5.4,2,139000,2025-06-08
11842,4842,676,Fair,9.0,2,467900,2025-10-15
11843,4843,638,Fair,1.1,1,263500,2025-01-09
11844,4844,603,Fair,11.0,1,526900,2025-02-06
11845,4845,643,Fair,7.8,1,275000,2025-09-21
11846,4846,703,Good,10.8,2,300800,2025-03-09
11847,4847,686,Fair,7.3,0,147400,2025-11-04
11848,4848,661,Fair,7.6,1,260000,2025-10-29
11849,4849,664,Fair,13.5,2,1869900,2025-09-30
11850,4850,769,Excellent,4.0,0,56700,2025-01-21
11851,4851,703,Good,4.0,1,199300,2025-02-17
11852,4852,615,Fair,8.8,1,606900,2025-09-22
11853,4853,694,Fair,10.2,1,157600,2025-09-09
11854,4854,736,Good,6.0,0,331300,2025-01-05
11855,4855,762,Excellent,8.3,3,274400,2025-01-06
11856,4856,732,Good,4.2,1,644800,2025-08-18
11857,4857,754,Excellent,2.9,2,240700,2025-02-15
11858,4858,728,Good,4.3,0,68200,2025-04-07
11859,4859,539,Poor,13.8,2,1372000,2025-04-22
11860,4860,678,Fair,12.2,0,267300,2025-07-26
11861,4861,683,Fair,3.0,0,346000,2025-12-23
11862,4862,843,Excellent,1.7,0,199400,2025-05-11
11863,4863,747,Good,2.3,0,348400,2025-06-08
11864,4864,668,Fair,5.1,2,726500,2025-04-13
11865,4865,632,Fair,12.4,0,263300,2025-05-15
11866,4866,664,Fair,5.5,0,148800,2025-01-16
11867,4867,629,Fair,3.6,1,92700,2025-04-02
11868,4868,850,Excellent,6.5,2,863400,2025-08-15
11869,4869,689,Fair,2.7,2,201700,2025-05-23
11870,4870,752,Excellent,7.6,4,493200,2025-09-20
11871,4871,729,Good,10.5,1,559500,2025-12-21
11872,4872,739,Good,6.2,1,244900,2025-04-22
11873,4873,624,Fair,3.4,3,279500,2025-08-28
11874,4874,790,Excellent,7.3,2,303200,2025-07-03
11875,4875,683,Fair,11.7,0,619600,2025-04-08
11876,4876,803,Excellent,2.1,0,144200,2025-05-27
11877,4877,722,Good,2.0,1,249800,2025-07-25
11878,4878,822,Excellent,5.5,1,390500,2025-01-19
11879,4879,735,Good,6.8,2,397800,2025-03-28
11880,4880,676,Fair,4.0,0,524900,2025-09-17
11881,4881,795,Excellent,1.4,1,90700,2025-07-11
11882,4882,700,Good,4.1,0,223600,2025-05-10
11883,4883,730,Good,7.1,2,433200,2025-07-23
11884,4884,697,Fair,2.1,0,93100,2025-01-23
11885,4885,649,Fair,11.0,2,1457800,2025-07-03
11886,4886,678,Fair,8.7,1,74400,2025-04-17
11887,4887,743,Good,7.1,2,108000,2025-03-23
11888,4888,763,Excellent,8.3,3,157800,2025-12-03
11889,4889,539,Poor,10.2,1,142600,2025-06-08
11890,4890,714,Good,14.9,3,471100,2025-11-10
11891,4891,684,Fair,11.9,0,323900,2025-09-25
11892,4892,587,Poor,8.6,1,134700,2025-05-01
11893,4893,754,Excellent,11.8,0,1941300,2025-06-12
11894,4894,825,Excellent,7.7,1,589400,2025-01-04
11895,4895,801,Excellent,5.4,2,379100,2025-10-11
11896,4896,515,Poor,4.7,2,573400,2025-08-18
11897,4897,714,Good,6.6,2,429700,2025-10-16
11898,4898,641,Fair,1.0,0,357700,2025-11-26
11899,4899,656,Fair,3.5,3,472400,2025-07-25
11900,4900,671,Fair,2.8,3,289400,2025-01-05
11901,4901,523,Poor,14.4,1,548700,2025-09-23
11902,4902,536,Poor,1.9,3,322300,2025-06-02
11903,4903,696,Fair,8.0,3,233700,2025-01-17
11904,4904,709,Good,13.9,1,1302900,2025-08-31
11905,4905,675,Fair,9.5,3,323400,2025-07-08
11906,4906,596,Poor,7.9,2,240200,2025-07-31
11907,4907,660,Fair,11.4,2,138500,2025-11-12
11908,4908,798,Excellent,5.9,1,122100,2025-10-16
11909,4909,663,Fair,3.7,1,312000,2025-05-17
11910,4910,652,Fair,12.9,2,216600,2025-06-27
11911,4911,783,Excellent,1.8,2,154100,2025-06-08
11912,4912,674,Fair,12.3,4,961100,2025-06-23
11913,4913,741,Good,2.4,3,766200,2025-08-31
11914,4914,725,Good,9.8,2,122400,2025-04-21
11915,4915,623,Fair,7.7,0,220200,2025-05-12
11916,4916,616,Fair,15.0,2,69600,2025-01-31
11917,4917,589,Poor,6.4,2,192600,2025-01-04
11918,4918,614,Fair,14.4,2,162700,2025-01-18
11919,4919,752,Excellent,6.7,0,259600,2025-12-04
11920,4920,628,Fair,10.5,0,135100,2025-08-20
11921,4921,680,Fair,10.0,2,60800,2025-10-17
11922,4922,669,Fair,2.2,2,182700,2025-02-17
11923,4923,718,Good,11.4,1,931600,2025-03-04
11924,4924,588,Poor,3.9,2,169300,2025-09-27
11925,4925,772,Excellent,6.4,1,1718700,2025-03-31
11926,4926,798,Excellent,12.0,1,141200,2025-03-28
11927,4927,688,Fair,14.2,2,322300,2025-10-16
11928,4928,522,Poor,8.8,2,401200,2025-03-22
11929,4929,626,Fair,8.3,0,117500,2025-06-19
11930,4930,714,Good,8.1,0,67600,2025-06-09
11931,4931,718,Good,12.4,0,797200,2025-04-22
11932,4932,671,Fair,14.9,0,803500,2025-04-09
11933,4933,773,Excellent,9.9,1,1051000,2025-06-20
11934,4934,647,Fair,6.3,1,143600,2025-07-04
11935,4935,764,Excellent,4.1,2,418200,2025-05-23
11936,4936,690,Fair,3.8,0,310700,2025-11-02
11937,4937,648,Fair,13.0,0,274500,2025-08-31
11938,4938,745,Good,14.9,3,212400,2025-03-12
11939,4939,687,Fair,10.8,2,602900,2025-03-04
11940,4940,757,Excellent,14.4,0,3197200,2025-03-11
11941,4941,850,Excellent,5.9,0,384800,2025-05-21
11942,4942,620,Fair,9.8,2,352200,2025-04-14
11943,4943,756,Excellent,8.2,1,166200,2025-05-26
11944,4944,738,Good,7.7,0,549800,2025-06-12
11945,4945,823,Excellent,9.9,1,32800,2025-01-01
11946,4946,759,Excellent,5.3,0,222400,2025-08-04
11947,4947,808,Excellent,10.0,2,416500,2025-05-05
11948,4948,616,Fair,10.4,2,374200,2025-02-05
11949,4949,594,Poor,12.7,1,275200,2025-08-30
11950,4950,619,Fair,11.2,0,57100,2025-07-27
11951,4951,678,Fair,5.5,1,1153500,2025-09-12
11952,4952,794,Excellent,7.3,1,368900,2025-10-29
11953,4953,810,Excellent,2.7,2,293800,2025-09-10
11954,4954,663,Fair,4.6,1,931400,2025-06-14
11955,4955,682,Fair,8.3,2,890600,2025-05-02
11956,4956,602,Fair,2.4,1,247300,2025-03-23
11957,4957,695,Fair,9.0,0,237600,2025-10-27
11958,4958,675,Fair,6.5,1,459300,2025-12-15
11959,4959,675,Fair,1.5,2,911300,2025-11-20
11960,4960,779,Excellent,7.1,1,728600,2025-03-17
11961,4961,720,Good,4.9,3,125800,2025-11-29
11962,4962,592,Poor,1.9,2,112800,2025-11-30
11963,4963,499,Poor,5.1,1,137900,2025-06-28
11964,4964,731,Good,5.1,0,491400,2025-07-21
11965,4965,707,Good,6.0,1,212300,2025-03-27
11966,4966,718,Good,6.1,0,469200,2025-09-22
11967,4967,707,Good,7.0,4,93400,2025-12-03
11968,4968,604,Fair,2.3,0,142500,2025-12-10
11969,4969,676,Fair,1.1,2,466800,2025-03-10
11970,4970,667,Fair,11.3,0,74600,2025-04-16
11971,4971,684,Fair,5.7,2,1488900,2025-03-06
11972,4972,756,Excellent,9.6,2,815200,2025-01-27
11973,4973,647,Fair,5.3,0,1043600,2025-01-06
11974,4974,603,Fair,14.8,2,599200,2025-11-05
11975,4975,790,Excellent,5.4,2,55600,2025-04-27
11976,4976,635,Fair,9.5,1,825000,2025-05-26
11977,4977,776,Excellent,4.1,0,577300,2025-06-13
11978,4978,850,Excellent,8.2,0,221800,2025-04-07
11979,4979,803,Excellent,9.1,1,199800,2025-11-06
11980,4980,740,Good,3.6,2,606000,2025-06-11
11981,4981,675,Fair,2.7,0,72000,2025-10-15
11982,4982,758,Excellent,14.6,0,686100,2025-02-20
11983,4983,688,Fair,13.5,3,168000,2025-05-11
11984,4984,796,Excellent,10.2,0,347800,2025-11-17
11985,4985,738,Good,13.1,1,359100,2025-09-11
11986,4986,718,Good,2.3,4,88800,2025-12-07
11987,4987,694,Fair,11.2,0,70100,2025-01-13
11988,4988,653,Fair,5.0,0,375600,2025-01-08
11989,4989,690,Fair,8.6,1,286600,2025-09-21
11990,4990,712,Good,11.7,0,386000,2025-11-10
11991,4991,671,Fair,1.5,0,120400,2025-12-13
11992,4992,712,Good,10.7,0,659900,2025-12-25
11993,4993,764,Excellent,7.1,0,893200,2025-12-09
11994,4994,711,Good,7.2,3,233900,2025-05-16
11995,4995,650,Fair,13.7,2,106000,2025-11-13
11996,4996,483,Poor,13.0,0,180300,2025-09-05
11997,4997,781,Excellent,1.8,3,389900,2025-07-18
11998,4998,682,Fair,9.7,1,448900,2025-03-17
11999,4999,705,Good,7.1,0,1737400,2025-12-24
12000,5000,731,Good,2.6,0,629300,2025-12-29
12001,5001,731,Good,12.9,0,239000,2025-04-04
12002,5002,747,Good,2.0,0,484100,2025-11-26
12003,5003,766,Excellent,1.4,3,403800,2025-01-18
12004,5004,747,Good,3.8,0,313400,2025-06-21
12005,5005,456,Poor,5.2,1,1340000,2025-05-28
12006,5006,719,Good,1.9,0,170600,2025-01-02
12007,5007,709,Good,10.0,0,515100,2025-01-30
12008,5008,671,Fair,7.1,0,506600,2025-06-21
12009,5009,726,Good,6.8,1,1539600,2025-09-07
12010,5010,692,Fair,3.0,0,46900,2025-02-16
12011,5011,647,Fair,7.1,2,896000,2025-10-26
12012,5012,783,Excellent,6.5,1,110700,2025-01-11
12013,5013,716,Good,6.4,3,75700,2025-10-02
12014,5014,703,Good,4.1,3,127700,2025-01-04
12015,5015,534,Poor,2.3,0,79200,2025-06-15
12016,5016,850,Excellent,4.6,0,872600,2025-07-20
12017,5017,550,Poor,10.3,1,1283500,2025-06-11
12018,5018,729,Good,2.0,0,159100,2025-11-03
12019,5019,743,Good,6.4,1,248600,2025-08-27
12020,5020,813,Excellent,8.2,2,829900,2025-04-14
12021,5021,618,Fair,14.5,2,1349700,2025-12-05
12022,5022,629,Fair,12.8,0,343500,2025-02-06
12023,5023,750,Excellent,13.8,3,202100,2025-08-12
12024,5024,739,Good,12.5,0,83600,2025-02-28
12025,5025,818,Excellent,9.2,4,102000,2025-12-30
12026,5026,772,Excellent,13.1,0,1299500,2025-08-08
12027,5027,665,Fair,8.9,1,103000,2025-12-27
12028,5028,682,Fair,6.0,0,426800,2025-10-01
12029,5029,729,Good,6.2,2,241400,2025-01-25
12030,5030,575,Poor,8.9,3,219900,2025-07-26
12031,5031,732,Good,12.3,2,74200,2025-01-25
12032,5032,738,Good,2.9,1,245700,2025-03-25
12033,5033,629,Fair,1.5,0,1303500,2025-09-05
12034,5034,674,Fair,12.1,0,296900,2025-09-05
12035,5035,541,Poor,10.1,1,499400,2025-02-20
12036,5036,760,Excellent,12.5,0,79900,2025-01-10
12037,5037,721,Good,14.7,0,271100,2025-06-26
12038,5038,592,Poor,4.5,0,253900,2025-05-05
12039,5039,610,Fair,3.7,1,268800,2025-06-15
12040,5040,657,Fair,5.8,1,442100,2025-12-14
12041,5041,754,Excellent,13.3,0,373800,2025-05-06
12042,5042,728,Good,1.2,2,123700,2025-10-29
12043,5043,628,Fair,1.1,0,155400,2025-09-04
12044,5044,646,Fair,4.0,3,300200,2025-03-11
12045,5045,694,Fair,6.3,0,2024400,2025-01-11
12046,5046,630,Fair,5.2,0,152600,2025-03-24
12047,5047,651,Fair,12.5,1,197500,2025-06-09
12048,5048,742,Good,10.7,3,222800,2025-02-27
12049,5049,598,Poor,12.7,0,404200,2025-12-07
12050,5050,679,Fair,6.4,2,713900,2025-03-20
12051,5051,674,Fair,9.3,0,425400,2025-07-04
12052,5052,687,Fair,8.2,2,118000,2025-03-18
12053,5053,710,Good,7.6,1,528500,2025-03-12
12054,5054,736,Good,5.0,2,1175600,2025-04-26
12055,5055,749,Good,10.9,1,312000,2025-07-04
12056,5056,664,Fair,8.3,1,237200,2025-11-19
12057,5057,679,Fair,2.1,1,1451100,2025-01-15
12058,5058,716,Good,1.0,1,92200,2025-12-06
12059,5059,704,Good,1.3,0,338300,2025-01-03
12060,5060,733,Good,2.1,1,411400,2025-02-27
12061,5061,724,Good,6.2,0,391200,2025-10-10
12062,5062,628,Fair,5.3,0,534400,2025-07-07
12063,5063,831,Excellent,3.2,0,104100,2025-09-16
12064,5064,690,Fair,8.2,0,235700,2025-06-24
12065,5065,742,Good,14.6,2,212900,2025-03-06
12066,5066,736,Good,3.2,1,109600,2025-01-11
12067,5067,710,Good,4.5,0,81600,2025-10-08
12068,5068,710,Good,7.5,2,937300,2025-07-10
12069,5069,760,Excellent,10.0,0,347100,2025-01-04
12070,5070,674,Fair,9.4,1,128600,2025-12-05
12071,5071,748,Good,8.3,3,128900,2025-02-23
12072,5072,728,Good,11.3,1,290600,2025-03-01
12073,5073,778,Excellent,12.8,0,680800,2025-06-05
12074,5074,653,Fair,15.0,1,135700,2025-05-18
12075,5075,696,Fair,7.5,1,495600,2025-06-13
12076,5076,626,Fair,14.9,2,1102500,2025-03-21
12077,5077,773,Excellent,11.2,1,489300,2025-11-11
12078,5078,635,Fair,10.2,2,145300,2025-06-22
12079,5079,715,Good,10.0,0,271600,2025-06-28
12080,5080,656,Fair,13.8,0,228900,2025-02-15
12081,5081,776,Excellent,14.3,0,195700,2025-09-13
12082,5082,686,Fair,3.5,0,294200,2025-12-15
12083,5083,739,Good,7.9,0,188200,2025-05-12
12084,5084,609,Fair,14.2,1,128800,2025-06-19
12085,5085,643,Fair,6.3,2,455100,2025-05-16
12086,5086,736,Good,4.3,2,700200,2025-04-15
12087,5087,787,Excellent,2.4,3,759500,2025-10-29
12088,5088,729,Good,9.4,1,119500,2025-01-26
12089,5089,850,Excellent,10.8,0,743300,2025-01-01
12090,5090,749,Good,3.7,1,1258400,2025-09-11
12091,5091,691,Fair,10.4,1,116700,2025-07-30
12092,5092,666,Fair,13.6,0,134200,2025-07-29
12093,5093,826,Excellent,4.4,0,96700,2025-03-31
12094,5094,751,Excellent,2.7,0,111700,2025-02-08
12095,5095,651,Fair,12.7,1,1086000,2025-01-27
12096,5096,641,Fair,13.8,1,132900,2025-07-17
12097,5097,640,Fair,4.0,2,571100,2025-08-18
12098,5098,728,Good,11.1,0,74800,2025-01-16
12099,5099,576,Poor,9.3,2,88000,2025-11-19
12100,5100,652,Fair,4.3,1,146300,2025-01-22
12101,5101,712,Good,12.5,0,506400,2025-03-14
12102,5102,692,Fair,7.6,1,251000,2025-07-03
12103,5103,656,Fair,10.8,1,282000,2025-05-15
12104,5104,742,Good,5.2,1,147700,2025-11-28
12105,5105,742,Good,12.4,1,183400,2025-01-01
12106,5106,674,Fair,4.7,1,107100,2025-07-27
12107,5107,650,Fair,6.1,0,556300,2025-01-14
12108,5108,755,Excellent,6.5,0,410000,2025-08-10
12109,5109,678,Fair,3.9,2,228700,2025-09-01
12110,5110,691,Fair,13.2,1,222100,2025-05-27
12111,5111,749,Good,2.6,1,382900,2025-10-02
12112,5112,607,Fair,8.9,1,705200,2025-03-18
12113,5113,651,Fair,12.4,0,168600,2025-04-18
12114,5114,670,Fair,9.1,0,550800,2025-11-26
12115,5115,833,Excellent,5.6,1,168800,2025-04-21
12116,5116,596,Poor,11.9,0,243700,2025-05-05
12117,5117,693,Fair,8.0,1,251500,2025-04-03
12118,5118,624,Fair,3.3,3,818300,2025-08-25
12119,5119,850,Excellent,5.4,2,193900,2025-09-05
12120,5120,710,Good,9.3,2,47000,2025-05-23
12121,5121,619,Fair,10.2,0,125600,2025-07-28
12122,5122,567,Poor,8.7,1,1726500,2025-11-15
12123,5123,736,Good,4.8,3,67700,2025-01-23
12124,5124,704,Good,9.3,3,55300,2025-01-10
12125,5125,738,Good,5.7,0,621300,2025-09-13
12126,5126,615,Fair,4.1,2,558200,2025-06-26
12127,5127,830,Excellent,14.2,2,215800,2025-09-11
12128,5128,696,Fair,5.4,1,482500,2025-12-18
12129,5129,722,Good,5.7,0,201900,2025-10-17
12130,5130,737,Good,13.6,1,124900,2025-04-05
12131,5131,698,Fair,3.0,1,1385600,2025-10-22
12132,5132,788,Excellent,9.2,0,164200,2025-03-21
12133,5133,650,Fair,12.0,0,89100,2025-08-06
12134,5134,767,Excellent,4.8,1,65800,2025-07-28
12135,5135,790,Excellent,12.8,1,975700,2025-04-10
12136,5136,768,Excellent,11.8,1,350300,2025-01-23
12137,5137,798,Excellent,7.8,1,638700,2025-10-08
12138,5138,635,Fair,2.7,1,1599600,2025-07-16
12139,5139,727,Good,14.6,1,189800,2025-09-04
12140,5140,721,Good,9.7,0,2022300,2025-03-31
12141,5141,696,Fair,8.2,1,268900,2025-09-10
12142,5142,737,Good,13.4,2,320700,2025-01-06
12143,5143,781,Excellent,6.9,0,1055300,2025-01-19
12144,5144,636,Fair,8.9,2,311300,2025-10-02
12145,5145,599,Poor,13.0,1,637000,2025-04-20
12146,5146,675,Fair,6.5,0,194600,2025-04-05
12147,5147,504,Poor,11.8,2,429800,2025-03-28
12148,5148,685,Fair,4.6,0,1058600,2025-01-13
12149,5149,797,Excellent,10.8,0,514900,2025-12-08
12150,5150,583,Poor,8.1,3,207100,2025-07-14
12151,5151,659,Fair,3.3,1,322400,2025-03-17
12152,5152,605,Fair,2.9,1,208200,2025-08-17
12153,5153,720,Good,7.4,1,279700,2025-06-08
12154,5154,738,Good,11.0,1,1164700,2025-11-29
12155,5155,692,Fair,9.4,2,338100,2025-01-23
12156,5156,639,Fair,13.0,4,649900,2025-07-24
12157,5157,704,Good,6.5,1,471000,2025-11-22
12158,5158,783,Excellent,12.8,1,966600,2025-08-28
12159,5159,757,Excellent,1.5,0,117100,2025-11-10
12160,5160,659,Fair,6.1,3,361600,2025-07-14
12161,5161,666,Fair,2.0,0,1595200,2025-07-18
12162,5162,664,Fair,13.9,3,166200,2025-05-18
12163,5163,727,Good,7.7,1,2150500,2025-08-11
12164,5164,586,Poor,5.4,0,140100,2025-11-20
12165,5165,731,Good,7.9,1,234500,2025-11-22
12166,5166,649,Fair,8.5,0,620700,2025-12-04
12167,5167,670,Fair,12.8,2,344000,2025-08-03
12168,5168,635,Fair,8.6,0,48700,2025-01-08
12169,5169,745,Good,7.0,2,433600,2025-08-04
12170,5170,646,Fair,14.5,2,338900,2025-10-11
12171,5171,618,Fair,14.6,0,184300,2025-09-12
12172,5172,647,Fair,1.5,2,239100,2025-11-19
12173,5173,609,Fair,10.9,1,46900,2025-07-24
12174,5174,755,Excellent,6.2,1,183100,2025-06-10
12175,5175,607,Fair,10.5,2,578400,2025-04-24
12176,5176,687,Fair,9.9,1,350500,2025-09-02
12177,5177,641,Fair,5.6,1,745600,2025-12-02
12178,5178,808,Excellent,14.8,1,1598300,2025-07-22
12179,5179,722,Good,6.0,0,142900,2025-08-05
12180,5180,643,Fair,9.8,1,134700,2025-05-25
12181,5181,703,Good,12.4,4,705900,2025-05-14
12182,5182,622,Fair,3.0,2,260900,2025-06-23
12183,5183,740,Good,5.2,3,254600,2025-09-27
12184,5184,703,Good,3.8,1,3421300,2025-06-14
12185,5185,721,Good,11.9,1,922900,2025-04-17
12186,5186,618,Fair,12.2,2,346200,2025-09-05
12187,5187,586,Poor,4.6,2,475700,2025-11-28
12188,5188,565,Poor,1.1,0,363500,2025-12-05
12189,5189,571,Poor,6.9,2,92000,2025-12-07
12190,5190,691,Fair,10.6,1,412300,2025-01-29
12191,5191,834,Excellent,9.7,2,264700,2025-08-08
12192,5192,660,Fair,7.2,0,166400,2025-07-28
12193,5193,647,Fair,5.2,0,212900,2025-02-18
12194,5194,686,Fair,7.6,1,97400,2025-01-02
12195,5195,631,Fair,1.2,1,75100,2025-07-17
12196,5196,594,Poor,2.0,1,160800,2025-03-30
12197,5197,641,Fair,3.3,2,141200,2025-07-30
12198,5198,673,Fair,9.8,1,1691500,2025-03-11
12199,5199,829,Excellent,4.1,1,1061500,2025-07-12
12200,5200,653,Fair,6.9,2,199200,2025-02-15
12201,5201,705,Good,9.7,1,483300,2025-03-04
12202,5202,587,Poor,12.6,2,298300,2025-04-29
12203,5203,742,Good,8.7,1,185900,2025-08-14
12204,5204,635,Fair,3.5,0,128800,2025-12-07
12205,5205,605,Fair,14.3,2,225200,2025-01-27
12206,5206,613,Fair,2.3,2,194300,2025-07-10
12207,5207,642,Fair,6.1,0,260800,2025-10-06
12208,5208,603,Fair,13.9,3,1905900,2025-08-16
12209,5209,712,Good,9.4,0,275900,2025-12-22
12210,5210,609,Fair,10.3,1,97900,2025-08-12
12211,5211,738,Good,5.2,0,250200,2025-10-22
12212,5212,652,Fair,2.1,1,855800,2025-02-27
12213,5213,621,Fair,6.1,2,1879500,2025-10-28
12214,5214,639,Fair,6.6,1,88800,2025-07-28
12215,5215,614,Fair,4.8,0,311900,2025-05-22
12216,5216,692,Fair,4.0,2,414700,2025-05-30
12217,5217,649,Fair,6.0,1,741800,2025-01-17
12218,5218,773,Excellent,10.0,0,256500,2025-08-28
12219,5219,517,Poor,14.3,2,302200,2025-02-07
12220,5220,778,Excellent,10.9,1,205800,2025-12-12
12221,5221,640,Fair,11.9,0,92800,2025-10-14
12222,5222,810,Excellent,5.3,1,702100,2025-04-08
12223,5223,699,Fair,2.5,2,127600,2025-02-27
12224,5224,780,Excellent,5.1,1,73000,2025-12-13
12225,5225,684,Fair,6.6,0,196900,2025-01-17
12226,5226,680,Fair,10.7,2,66200,2025-04-30
12227,5227,619,Fair,14.2,4,208500,2025-01-23
12228,5228,683,Fair,12.3,2,198400,2025-07-29
12229,5229,615,Fair,4.7,0,276300,2025-08-01
12230,5230,704,Good,12.5,3,195200,2025-05-28
12231,5231,702,Good,6.8,1,315400,2025-04-06
12232,5232,681,Fair,3.5,1,1622000,2025-09-17
12233,5233,783,Excellent,7.5,1,31700,2025-03-14
12234,5234,727,Good,8.9,2,1187800,2025-11-27
12235,5235,621,Fair,11.7,0,82200,2025-02-18
12236,5236,733,Good,5.9,1,450400,2025-08-10
12237,5237,761,Excellent,3.1,2,941200,2025-12-31
12238,5238,510,Poor,2.3,2,252300,2025-10-09
12239,5239,609,Fair,2.6,0,360000,2025-02-01
12240,5240,655,Fair,14.3,2,581300,2025-01-28
12241,5241,629,Fair,14.3,1,769500,2025-11-03
12242,5242,738,Good,14.6,0,104600,2025-06-17
12243,5243,624,Fair,5.2,0,437400,2025-02-06
12244,5244,615,Fair,3.7,1,283900,2025-08-22
12245,5245,708,Good,14.7,1,468700,2025-06-28
12246,5246,673,Fair,14.8,0,466300,2025-02-26
12247,5247,774,Excellent,2.1,0,284000,2025-08-21
12248,5248,718,Good,11.5,1,303000,2025-12-02
12249,5249,850,Excellent,5.0,0,488400,2025-03-13
12250,5250,608,Fair,13.7,0,200800,2025-07-14
12251,5251,575,Poor,2.2,2,593600,2025-01-03
12252,5252,793,Excellent,13.4,0,154300,2025-07-21
12253,5253,850,Excellent,1.0,0,1788200,2025-07-10
12254,5254,673,Fair,8.3,1,466000,2025-07-26
12255,5255,666,Fair,5.7,1,377100,2025-04-21
12256,5256,700,Good,7.0,1,180000,2025-12-13
12257,5257,626,Fair,7.1,1,269700,2025-02-20
12258,5258,544,Poor,10.2,0,441700,2025-08-26
12259,5259,708,Good,1.3,1,916400,2025-05-14
12260,5260,691,Fair,10.7,0,106900,2025-10-08
12261,5261,586,Poor,1.3,0,89500,2025-08-14
12262,5262,644,Fair,3.6,1,198100,2025-01-26
12263,5263,585,Poor,9.5,1,208900,2025-08-04
12264,5264,718,Good,2.2,3,201400,2025-03-21
12265,5265,688,Fair,14.9,0,461200,2025-10-19
12266,5266,702,Good,12.0,1,370000,2025-01-21
12267,5267,729,Good,10.9,0,243800,2025-08-10
12268,5268,772,Excellent,4.7,0,1021800,2025-02-18
12269,5269,703,Good,1.7,3,2378700,2025-12-06
12270,5270,736,Good,14.7,2,491100,2025-03-01
12271,5271,826,Excellent,3.1,1,447500,2025-12-28
12272,5272,762,Excellent,12.6,1,321200,2025-08-30
12273,5273,706,Good,3.8,2,109900,2025-01-19
12274,5274,702,Good,6.2,0,731500,2025-03-19
12275,5275,628,Fair,10.7,2,242900,2025-12-22
12276,5276,642,Fair,14.2,0,284800,2025-05-11
12277,5277,683,Fair,1.3,1,339300,2025-08-02
12278,5278,663,Fair,4.7,1,101800,2025-05-08
12279,5279,831,Excellent,11.7,2,981300,2025-04-17
12280,5280,718,Good,3.4,0,639200,2025-06-30
12281,5281,712,Good,2.6,2,143400,2025-07-13
12282,5282,778,Excellent,1.6,2,117300,2025-11-14
12283,5283,704,Good,8.0,0,147700,2025-02-14
12284,5284,669,Fair,11.7,0,146000,2025-02-26
12285,5285,709,Good,14.5,1,109100,2025-12-23
12286,5286,720,Good,4.7,0,398100,2025-07-02
12287,5287,795,Excellent,2.7,0,394200,2025-10-02
12288,5288,588,Poor,6.6,1,97800,2025-11-13
12289,5289,635,Fair,1.8,1,1886000,2025-01-05
12290,5290,685,Fair,5.6,2,121700,2025-06-03
12291,5291,760,Excellent,10.0,0,48600,2025-01-19
12292,5292,749,Good,3.4,0,534300,2025-01-31
12293,5293,698,Fair,9.8,1,296600,2025-05-27
12294,5294,766,Excellent,14.6,0,211700,2025-12-28
12295,5295,639,Fair,13.1,1,339300,2025-12-03
12296,5296,831,Excellent,6.0,1,287400,2025-12-12
12297,5297,627,Fair,6.9,0,562600,2025-05-05
12298,5298,561,Poor,6.9,0,250300,2025-11-24
12299,5299,735,Good,13.0,1,192200,2025-12-26
12300,5300,583,Poor,14.9,5,364400,2025-01-25
12301,5301,652,Fair,12.6,0,612700,2025-06-02
12302,5302,679,Fair,8.8,1,274800,2025-08-25
12303,5303,721,Good,2.4,1,287100,2025-08-02
12304,5304,766,Excellent,14.4,3,961600,2025-05-21
12305,5305,589,Poor,13.0,0,312700,2025-10-25
12306,5306,606,Fair,12.8,0,80600,2025-05-23
12307,5307,850,Excellent,6.5,4,322100,2025-01-23
12308,5308,674,Fair,7.3,2,302100,2025-10-11
12309,5309,567,Poor,2.7,1,378000,2025-04-22
12310,5310,614,Fair,14.1,2,369100,2025-09-26
12311,5311,650,Fair,14.2,0,304300,2025-04-06
12312,5312,690,Fair,4.6,0,402800,2025-11-27
12313,5313,779,Excellent,10.7,2,101100,2025-06-21
12314,5314,813,Excellent,3.8,0,2296100,2025-10-18
12315,5315,628,Fair,6.5,1,320100,2025-10-30
12316,5316,647,Fair,5.2,0,114700,2025-08-23
12317,5317,701,Good,6.5,2,79700,2025-11-02
12318,5318,636,Fair,5.3,1,455200,2025-03-28
12319,5319,779,Excellent,5.8,0,209900,2025-10-23
12320,5320,850,Excellent,12.1,1,392500,2025-11-29
12321,5321,692,Fair,5.2,1,2019800,2025-07-17
12322,5322,715,Good,12.4,0,307100,2025-08-09
12323,5323,646,Fair,9.0,0,798400,2025-10-25
12324,5324,715,Good,11.9,0,124400,2025-05-23
12325,5325,610,Fair,13.9,2,379700,2025-03-01
12326,5326,619,Fair,2.9,2,139300,2025-11-10
12327,5327,554,Poor,5.8,0,105900,2025-10-16
12328,5328,751,Excellent,1.8,1,355700,2025-01-02
12329,5329,794,Excellent,6.7,2,1139600,2025-06-02
12330,5330,767,Excellent,4.3,0,716200,2025-09-11
12331,5331,697,Fair,9.0,4,3469700,2025-02-28
12332,5332,667,Fair,12.0,1,286300,2025-09-08
12333,5333,683,Fair,7.8,1,407200,2025-01-25
12334,5334,614,Fair,5.7,1,545900,2025-05-13
12335,5335,761,Excellent,3.1,3,332500,2025-08-31
12336,5336,769,Excellent,1.4,1,666700,2025-03-03
12337,5337,610,Fair,10.5,2,184500,2025-04-14
12338,5338,620,Fair,1.4,0,160900,2025-03-19
12339,5339,591,Poor,13.9,1,189000,2025-07-28
12340,5340,671,Fair,9.3,1,121100,2025-04-15
12341,5341,688,Fair,5.9,2,66000,2025-04-01
12342,5342,695,Fair,1.6,1,261000,2025-06-13
12343,5343,590,Poor,6.8,1,40100,2025-12-20
12344,5344,635,Fair,13.1,1,209000,2025-04-25
12345,5345,635,Fair,14.6,0,46600,2025-05-30
12346,5346,745,Good,2.2,0,1267600,2025-08-21
12347,5347,615,Fair,11.9,2,209300,2025-03-27
12348,5348,694,Fair,4.6,0,23900,2025-01-28
12349,5349,637,Fair,6.3,0,308400,2025-02-17
12350,5350,676,Fair,8.7,0,381000,2025-07-07
12351,5351,761,Excellent,14.9,1,174600,2025-03-25
12352,5352,597,Poor,3.9,1,1281200,2025-03-04
12353,5353,494,Poor,2.8,1,509900,2025-01-02
12354,5354,590,Poor,9.3,4,240300,2025-10-06
12355,5355,721,Good,12.9,0,482000,2025-02-20
12356,5356,600,Fair,10.1,2,1209700,2025-08-14
12357,5357,637,Fair,5.9,2,100500,2025-03-21
12358,5358,724,Good,14.7,0,143400,2025-09-03
12359,5359,750,Excellent,14.9,0,306900,2025-07-25
12360,5360,767,Excellent,11.8,0,66500,2025-04-26
12361,5361,732,Good,12.2,1,388000,2025-09-14
12362,5362,606,Fair,11.7,3,1321000,2025-01-15
12363,5363,810,Excellent,4.6,2,267700,2025-08-05
12364,5364,619,Fair,3.1,0,72100,2025-02-12
12365,5365,642,Fair,8.8,1,617500,2025-04-13
12366,5366,690,Fair,14.4,0,1317000,2025-10-21
12367,5367,711,Good,13.3,1,25900,2025-03-04
12368,5368,798,Excellent,2.5,1,484200,2025-08-19
12369,5369,643,Fair,1.8,2,537200,2025-08-26
12370,5370,719,Good,13.2,1,461100,2025-11-03
12371,5371,643,Fair,9.6,1,370600,2025-09-07
12372,5372,811,Excellent,5.3,1,334100,2025-03-19
12373,5373,722,Good,8.9,2,237100,2025-03-24
12374,5374,787,Excellent,4.1,1,1137000,2025-06-03
12375,5375,604,Fair,14.3,1,325400,2025-08-18
12376,5376,648,Fair,12.6,0,2624400,2025-04-07
12377,5377,709,Good,14.5,2,703300,2025-06-23
12378,5378,788,Excellent,3.6,1,331500,2025-05-20
12379,5379,764,Excellent,12.8,1,131300,2025-04-03
12380,5380,803,Excellent,8.8,1,497900,2025-05-20
12381,5381,791,Excellent,5.5,1,141500,2025-01-29
12382,5382,748,Good,7.7,1,166000,2025-12-27
12383,5383,702,Good,14.2,0,216400,2025-03-02
12384,5384,606,Fair,10.7,0,94800,2025-02-10
12385,5385,529,Poor,6.0,1,1462300,2025-05-28
12386,5386,699,Fair,15.0,0,101600,2025-10-29
12387,5387,750,Excellent,5.8,0,383300,2025-09-04
12388,5388,486,Poor,12.4,0,146500,2025-06-07
12389,5389,602,Fair,12.0,2,82800,2025-10-22
12390,5390,614,Fair,11.1,3,244600,2025-09-03
12391,5391,676,Fair,10.4,1,264100,2025-10-23
12392,5392,698,Fair,2.5,0,1177200,2025-06-28
12393,5393,771,Excellent,14.9,2,436400,2025-09-15
12394,5394,591,Poor,3.3,0,364000,2025-08-06
12395,5395,716,Good,9.3,1,595500,2025-06-05
12396,5396,586,Poor,4.5,1,233000,2025-11-03
12397,5397,753,Excellent,3.4,0,173100,2025-04-30
12398,5398,654,Fair,8.8,1,165800,2025-09-21
12399,5399,599,Poor,12.7,1,157000,2025-10-14
12400,5400,640,Fair,6.3,1,391700,2025-02-08
12401,5401,606,Fair,2.1,0,80700,2025-07-07
12402,5402,697,Fair,9.7,1,243800,2025-08-30
12403,5403,737,Good,11.7,0,988700,2025-03-24
12404,5404,767,Excellent,5.1,0,395100,2025-07-24
12405,5405,651,Fair,10.7,1,274400,2025-05-24
12406,5406,794,Excellent,2.1,4,187200,2025-10-06
12407,5407,688,Fair,6.1,0,138200,2025-07-01
12408,5408,785,Excellent,7.6,2,931800,2025-11-21
12409,5409,678,Fair,11.9,2,328800,2025-01-12
12410,5410,673,Fair,5.7,3,189600,2025-10-19
12411,5411,733,Good,7.4,1,228300,2025-02-26
12412,5412,713,Good,9.8,1,135100,2025-06-03
12413,5413,648,Fair,9.7,3,331900,2025-04-02
12414,5414,777,Excellent,8.2,2,330300,2025-03-31
12415,5415,618,Fair,5.6,3,520300,2025-01-04
12416,5416,733,Good,10.4,0,76400,2025-08-09
12417,5417,730,Good,12.7,1,338300,2025-05-24
12418,5418,770,Excellent,3.2,1,497700,2025-01-22
12419,5419,771,Excellent,5.8,0,259500,2025-07-11
12420,5420,676,Fair,10.4,4,1008900,2025-04-17
12421,5421,692,Fair,11.6,0,538300,2025-11-22
12422,5422,687,Fair,11.9,2,797700,2025-08-08
12423,5423,821,Excellent,10.1,0,114400,2025-08-27
12424,5424,739,Good,7.7,1,58200,2025-12-07
12425,5425,768,Excellent,10.0,1,387400,2025-08-06
12426,5426,671,Fair,2.9,2,48300,2025-02-08
12427,5427,605,Fair,3.9,3,175500,2025-09-02
12428,5428,620,Fair,14.0,1,292400,2025-05-30
12429,5429,766,Excellent,13.9,0,588300,2025-01-30
12430,5430,635,Fair,11.1,1,325900,2025-06-10
12431,5431,850,Excellent,5.6,0,1109700,2025-04-14
12432,5432,660,Fair,10.1,1,160400,2025-06-07
12433,5433,716,Good,10.6,0,132300,2025-11-05
12434,5434,716,Good,8.2,1,2303300,2025-05-14
12435,5435,703,Good,11.5,0,261600,2025-02-23
12436,5436,599,Poor,1.4,0,337300,2025-12-01
12437,5437,709,Good,4.6,0,180700,2025-02-05
12438,5438,708,Good,12.1,0,135600,2025-11-15
12439,5439,668,Fair,14.1,0,260500,2025-05-11
12440,5440,829,Excellent,13.3,1,771700,2025-11-09
12441,5441,565,Poor,11.0,0,245700,2025-03-21
12442,5442,577,Poor,3.3,1,31900,2025-09-29
12443,5443,747,Good,6.2,1,111200,2025-04-30
12444,5444,683,Fair,1.7,0,1638200,2025-05-14
12445,5445,624,Fair,10.0,1,30700,2025-07-24
12446,5446,705,Good,7.3,2,155700,2025-09-22
12447,5447,762,Excellent,9.0,2,445700,2025-08-21
12448,5448,568,Poor,14.7,0,455600,2025-01-28
12449,5449,744,Good,6.6,1,464900,2025-10-28
12450,5450,715,Good,5.3,2,670600,2025-02-27
12451,5451,673,Fair,3.1,1,246200,2025-01-29
12452,5452,708,Good,3.0,1,119700,2025-12-17
12453,5453,710,Good,8.3,0,246300,2025-11-09
12454,5454,731,Good,11.5,3,878600,2025-02-02
12455,5455,616,Fair,8.9,3,67400,2025-04-18
12456,5456,772,Excellent,13.2,0,198600,2025-09-29
12457,5457,764,Excellent,5.4,0,305200,2025-12-11
12458,5458,767,Excellent,9.3,2,166300,2025-07-10
12459,5459,561,Poor,10.3,1,187100,2025-03-22
12460,5460,776,Excellent,4.9,2,432600,2025-03-23
12461,5461,662,Fair,6.5,0,338200,2025-04-06
12462,5462,730,Good,9.3,2,704100,2025-05-26
12463,5463,541,Poor,1.3,2,493900,2025-02-26
12464,5464,639,Fair,13.4,2,761900,2025-08-06
12465,5465,753,Excellent,2.6,0,167600,2025-08-30
12466,5466,729,Good,1.7,1,3130500,2025-10-11
12467,5467,609,Fair,4.0,1,66200,2025-06-17
12468,5468,741,Good,8.0,1,618400,2025-05-16
12469,5469,629,Fair,5.6,1,120300,2025-05-21
12470,5470,670,Fair,7.2,1,68600,2025-06-21
12471,5471,602,Fair,2.2,0,1349000,2025-02-16
12472,5472,716,Good,4.3,0,214700,2025-01-10
12473,5473,772,Excellent,2.4,0,95200,2025-10-24
12474,5474,756,Excellent,4.2,1,208600,2025-07-14
12475,5475,622,Fair,10.8,2,162500,2025-11-26
12476,5476,687,Fair,9.1,1,259500,2025-01-15
12477,5477,572,Poor,5.7,0,223300,2025-08-04
12478,5478,792,Excellent,4.7,1,88300,2025-07-08
12479,5479,691,Fair,15.0,0,317600,2025-09-10
12480,5480,739,Good,11.8,2,296500,2025-11-26
12481,5481,705,Good,12.5,0,1293100,2025-02-21
12482,5482,643,Fair,1.4,4,1102100,2025-02-28
12483,5483,648,Fair,1.8,0,301600,2025-06-25
12484,5484,724,Good,11.0,0,454100,2025-10-22
12485,5485,813,Excellent,3.7,0,116800,2025-05-06
12486,5486,664,Fair,7.0,0,543000,2025-02-11
12487,5487,778,Excellent,3.6,1,3509800,2025-11-03
12488,5488,759,Excellent,3.5,0,107100,2025-11-02
12489,5489,666,Fair,2.5,1,173100,2025-12-14
12490,5490,773,Excellent,9.3,1,374200,2025-12-27
12491,5491,766,Excellent,11.4,0,354300,2025-09-11
12492,5492,529,Poor,1.8,3,332500,2025-03-07
12493,5493,743,Good,4.9,2,161800,2025-02-27
12494,5494,786,Excellent,10.2,4,85000,2025-05-07
12495,5495,602,Fair,6.5,0,138800,2025-01-04
12496,5496,591,Poor,10.9,4,633300,2025-08-23
12497,5497,706,Good,11.6,2,1870700,2025-02-01
12498,5498,808,Excellent,1.5,1,486500,2025-06-24
12499,5499,608,Fair,6.3,2,221500,2025-03-03
12500,5500,572,Poor,11.2,1,631600,2025-08-14
12501,5501,656,Fair,6.3,1,88500,2025-05-24
12502,5502,646,Fair,1.1,2,291600,2025-01-18
12503,5503,565,Poor,5.7,1,175400,2025-08-08
12504,5504,646,Fair,13.2,0,232500,2025-08-22
12505,5505,716,Good,14.3,1,180500,2025-08-23
12506,5506,829,Excellent,8.8,0,110400,2025-12-28
12507,5507,732,Good,5.3,1,1385800,2025-11-17
12508,5508,750,Excellent,7.5,2,171300,2025-03-21
12509,5509,608,Fair,4.3,1,170700,2025-10-20
12510,5510,683,Fair,3.4,2,284800,2025-03-14
12511,5511,673,Fair,7.9,1,361400,2025-12-03
12512,5512,714,Good,11.3,1,1282700,2025-04-10
12513,5513,735,Good,4.1,0,349700,2025-09-13
12514,5514,761,Excellent,13.7,1,493800,2025-11-11
12515,5515,692,Fair,3.4,2,56900,2025-12-17
12516,5516,651,Fair,8.8,0,394700,2025-06-11
12517,5517,782,Excellent,11.9,0,151400,2025-10-20
12518,5518,744,Good,4.0,1,153900,2025-06-11
12519,5519,736,Good,5.2,0,103000,2025-12-23
12520,5520,687,Fair,1.7,2,221700,2025-05-09
12521,5521,781,Excellent,14.2,0,423500,2025-11-05
12522,5522,596,Poor,7.8,1,442500,2025-09-10
12523,5523,757,Excellent,1.9,1,358700,2025-03-03
12524,5524,757,Excellent,12.6,2,171200,2025-05-23
12525,5525,622,Fair,9.0,1,156200,2025-08-11
12526,5526,639,Fair,1.8,1,206000,2025-11-03
12527,5527,594,Poor,7.3,1,330400,2025-01-14
12528,5528,728,Good,7.1,1,73100,2025-12-30
12529,5529,496,Poor,3.0,2,238000,2025-04-08
12530,5530,707,Good,6.9,0,214600,2025-02-28
12531,5531,633,Fair,5.0,0,412400,2025-06-29
12532,5532,616,Fair,10.8,0,3831600,2025-01-01
12533,5533,549,Poor,1.1,0,296900,2025-08-15
12534,5534,624,Fair,2.5,1,303200,2025-05-25
12535,5535,797,Excellent,13.9,0,543300,2025-11-08
12536,5536,636,Fair,7.1,0,250100,2025-05-13
12537,5537,721,Good,3.5,2,441900,2025-05-25
12538,5538,608,Fair,12.1,0,972900,2025-10-01
12539,5539,767,Excellent,12.9,2,230600,2025-12-11
12540,5540,735,Good,4.0,1,1182200,2025-11-07
12541,5541,673,Fair,11.0,0,357000,2025-02-16
12542,5542,707,Good,9.6,2,614700,2025-07-27
12543,5543,714,Good,11.4,1,756900,2025-08-27
12544,5544,615,Fair,12.0,2,987300,2025-08-30
12545,5545,629,Fair,10.3,2,834300,2025-04-14
12546,5546,759,Excellent,14.4,1,1050000,2025-10-04
12547,5547,806,Excellent,13.1,0,350000,2025-06-06
12548,5548,701,Good,4.2,1,159400,2025-07-07
12549,5549,742,Good,13.8,1,328700,2025-06-23
12550,5550,780,Excellent,6.0,3,113900,2025-04-10
12551,5551,666,Fair,11.2,2,222900,2025-01-10
12552,5552,684,Fair,12.9,1,176100,2025-03-25
12553,5553,744,Good,7.1,2,78200,2025-02-22
12554,5554,850,Excellent,1.7,0,687000,2025-05-07
12555,5555,746,Good,14.3,0,997200,2025-05-15
12556,5556,713,Good,2.0,0,155700,2025-10-13
12557,5557,646,Fair,5.9,1,533600,2025-12-15
12558,5558,686,Fair,9.4,5,3282700,2025-02-24
12559,5559,742,Good,2.6,0,876800,2025-09-01
12560,5560,734,Good,12.7,1,119100,2025-03-06
12561,5561,645,Fair,3.8,0,672300,2025-01-21
12562,5562,788,Excellent,14.8,0,257200,2025-09-20
12563,5563,788,Excellent,13.8,1,657600,2025-10-27
12564,5564,682,Fair,9.5,0,2404500,2025-11-20
12565,5565,711,Good,10.2,1,282200,2025-12-25
12566,5566,642,Fair,8.5,1,1068700,2025-09-05
12567,5567,629,Fair,6.5,0,152400,2025-05-23
12568,5568,716,Good,5.9,2,194500,2025-04-08
12569,5569,631,Fair,13.5,0,50700,2025-01-02
12570,5570,739,Good,9.1,0,1295700,2025-12-23
12571,5571,660,Fair,12.5,1,67300,2025-05-11
12572,5572,769,Excellent,8.2,2,108400,2025-06-25
12573,5573,684,Fair,5.3,0,368000,2025-02-16
12574,5574,546,Poor,2.3,2,1898100,2025-08-29
12575,5575,662,Fair,5.5,1,54100,2025-12-22
12576,5576,698,Fair,13.3,1,418300,2025-01-27
12577,5577,560,Poor,11.0,1,83300,2025-02-05
12578,5578,567,Poor,12.0,0,1357300,2025-12-05
12579,5579,676,Fair,11.8,2,349700,2025-12-20
12580,5580,765,Excellent,2.7,2,1216500,2025-12-02
12581,5581,737,Good,3.2,0,151000,2025-06-29
12582,5582,689,Fair,5.4,0,199000,2025-02-20
12583,5583,626,Fair,5.2,1,129400,2025-12-08
12584,5584,622,Fair,1.9,1,1105100,2025-06-09
12585,5585,739,Good,3.1,1,1079100,2025-09-15
12586,5586,705,Good,13.0,3,166300,2025-01-17
12587,5587,754,Excellent,9.2,0,721900,2025-10-06
12588,5588,780,Excellent,5.8,2,273600,2025-06-21
12589,5589,656,Fair,8.4,1,52200,2025-10-29
12590,5590,723,Good,4.7,2,471900,2025-02-23
12591,5591,733,Good,9.2,1,648100,2025-01-13
12592,5592,638,Fair,2.0,1,809100,2025-07-21
12593,5593,642,Fair,13.6,0,320200,2025-11-23
12594,5594,744,Good,4.4,1,220600,2025-09-03
12595,5595,690,Fair,12.5,1,191900,2025-09-28
12596,5596,625,Fair,10.2,0,677100,2025-08-16
12597,5597,629,Fair,8.3,1,438100,2025-03-03
12598,5598,594,Poor,14.0,4,169100,2025-07-20
12599,5599,663,Fair,3.2,0,387100,2025-06-01
12600,5600,613,Fair,2.7,2,575000,2025-03-11
12601,5601,698,Fair,5.5,1,586300,2025-07-08
12602,5602,850,Excellent,12.6,2,299700,2025-11-23
12603,5603,725,Good,1.5,0,918900,2025-07-27
12604,5604,770,Excellent,4.4,1,147600,2025-05-11
12605,5605,720,Good,6.9,0,313400,2025-06-06
12606,5606,566,Poor,11.0,4,694600,2025-10-04
12607,5607,699,Fair,5.2,3,396900,2025-02-23
12608,5608,639,Fair,7.3,3,323400,2025-09-01
12609,5609,628,Fair,5.7,1,153400,2025-08-03
12610,5610,673,Fair,2.3,0,94100,2025-01-11
12611,5611,737,Good,11.3,0,162000,2025-08-07
12612,5612,667,Fair,7.5,3,861900,2025-07-24
12613,5613,754,Excellent,12.4,4,166800,2025-07-20
12614,5614,704,Good,10.7,0,300300,2025-03-13
12615,5615,714,Good,1.8,0,1798300,2025-04-19
12616,5616,686,Fair,8.0,2,756500,2025-01-27
12617,5617,786,Excellent,14.9,0,261900,2025-12-15
12618,5618,637,Fair,5.3,1,240400,2025-10-16
12619,5619,642,Fair,7.9,2,1096800,2025-01-05
12620,5620,666,Fair,10.1,3,220500,2025-09-22
12621,5621,728,Good,3.8,1,302200,2025-05-21
12622,5622,738,Good,10.8,0,253200,2025-08-13
12623,5623,648,Fair,10.2,1,1311800,2025-12-16
12624,5624,757,Excellent,6.2,0,297900,2025-03-30
12625,5625,616,Fair,5.0,1,224100,2025-05-14
12626,5626,743,Good,13.9,0,560400,2025-04-13
12627,5627,717,Good,2.8,1,1731100,2025-11-26
12628,5628,691,Fair,7.0,1,99900,2025-05-05
12629,5629,725,Good,11.7,0,409300,2025-10-31
12630,5630,681,Fair,3.1,2,142300,2025-03-24
12631,5631,709,Good,14.1,2,1092100,2025-09-24
12632,5632,850,Excellent,8.4,0,110100,2025-09-20
12633,5633,757,Excellent,8.1,0,622400,2025-12-27
12634,5634,649,Fair,6.9,1,154800,2025-02-26
12635,5635,667,Fair,13.1,0,1315900,2025-10-14
12636,5636,781,Excellent,14.3,1,2643100,2025-07-06
12637,5637,660,Fair,6.3,1,908400,2025-06-23
12638,5638,818,Excellent,8.6,1,288700,2025-12-03
12639,5639,747,Good,5.4,1,101500,2025-12-01
12640,5640,588,Poor,6.2,2,356600,2025-05-15
12641,5641,755,Excellent,1.4,0,379400,2025-04-04
12642,5642,528,Poor,12.0,1,2441400,2025-12-17
12643,5643,664,Fair,14.6,1,338400,2025-01-09
12644,5644,754,Excellent,11.8,0,158200,2025-01-09
12645,5645,550,Poor,8.3,0,360800,2025-04-23
12646,5646,842,Excellent,12.6,0,212500,2025-05-02
12647,5647,763,Excellent,13.0,2,275600,2025-04-18
12648,5648,617,Fair,8.6,1,2101300,2025-12-08
12649,5649,804,Excellent,14.1,1,139900,2025-09-29
12650,5650,547,Poor,1.4,0,712800,2025-09-15
12651,5651,614,Fair,1.1,0,226100,2025-07-17
12652,5652,584,Poor,2.1,2,290800,2025-04-28
12653,5653,542,Poor,1.8,1,296600,2025-06-05
12654,5654,665,Fair,6.9,1,125500,2025-05-08
12655,5655,704,Good,14.2,0,509500,2025-02-12
12656,5656,702,Good,10.5,1,39300,2025-03-04
12657,5657,700,Good,10.2,0,228900,2025-05-25
12658,5658,694,Fair,6.4,1,391200,2025-10-02
12659,5659,601,Fair,8.5,2,504600,2025-01-23
12660,5660,652,Fair,5.3,1,483800,2025-12-30
12661,5661,484,Poor,8.2,2,108700,2025-10-02
12662,5662,771,Excellent,11.5,2,206200,2025-05-09
12663,5663,697,Fair,8.8,1,340600,2025-10-26
12664,5664,695,Fair,6.9,1,152600,2025-10-08
12665,5665,748,Good,12.8,0,351900,2025-07-01
12666,5666,754,Excellent,5.0,1,488000,2025-09-19
12667,5667,663,Fair,7.7,0,184200,2025-08-16
12668,5668,681,Fair,14.7,2,534900,2025-09-08
12669,5669,807,Excellent,14.5,0,238700,2025-03-22
12670,5670,646,Fair,1.1,2,143900,2025-03-17
12671,5671,807,Excellent,8.5,1,985100,2025-10-08
12672,5672,664,Fair,5.7,1,194000,2025-07-21
12673,5673,547,Poor,5.1,3,82300,2025-04-29
12674,5674,697,Fair,9.3,0,189400,2025-09-09
12675,5675,663,Fair,7.2,0,374500,2025-05-02
12676,5676,589,Poor,11.3,1,406200,2025-06-23
12677,5677,684,Fair,1.4,2,112500,2025-12-25
12678,5678,654,Fair,14.0,2,525300,2025-02-28
12679,5679,831,Excellent,8.9,1,288700,2025-02-24
12680,5680,763,Excellent,10.6,0,81300,2025-06-01
12681,5681,618,Fair,9.5,2,66600,2025-11-27
12682,5682,634,Fair,14.8,2,363000,2025-06-01
12683,5683,765,Excellent,14.8,1,224700,2025-06-17
12684,5684,781,Excellent,9.5,0,135300,2025-05-28
12685,5685,665,Fair,10.6,0,171700,2025-12-09
12686,5686,654,Fair,9.7,0,274600,2025-07-16
12687,5687,680,Fair,5.3,0,268700,2025-05-04
12688,5688,712,Good,3.7,0,269000,2025-08-16
12689,5689,744,Good,6.6,0,262500,2025-11-29
12690,5690,748,Good,10.6,4,1769800,2025-07-13
12691,5691,611,Fair,1.8,2,189500,2025-12-15
12692,5692,663,Fair,8.2,2,578400,2025-03-20
12693,5693,533,Poor,6.7,2,518600,2025-01-08
12694,5694,688,Fair,8.4,1,177800,2025-12-20
12695,5695,586,Poor,13.0,2,65000,2025-02-24
12696,5696,635,Fair,1.7,1,205600,2025-02-06
12697,5697,773,Excellent,11.7,1,67500,2025-12-12
12698,5698,719,Good,10.3,1,58700,2025-09-06
12699,5699,716,Good,3.9,1,189800,2025-07-19
12700,5700,690,Fair,11.3,1,322200,2025-09-27
12701,5701,795,Excellent,7.9,0,247400,2025-03-30
12702,5702,643,Fair,7.7,3,69100,2025-08-14
12703,5703,702,Good,7.8,2,100600,2025-11-19
12704,5704,698,Fair,14.3,1,343500,2025-06-09
12705,5705,664,Fair,14.2,0,524100,2025-12-01
12706,5706,850,Excellent,13.8,1,141600,2025-05-02
12707,5707,598,Poor,13.4,2,292500,2025-10-01
12708,5708,551,Poor,1.5,0,361100,2025-08-25
12709,5709,698,Fair,6.6,0,1419400,2025-09-24
12710,5710,645,Fair,13.5,1,1245000,2025-11-26
12711,5711,516,Poor,11.6,1,512800,2025-05-12
12712,5712,718,Good,7.4,4,47500,2025-07-01
12713,5713,708,Good,11.8,0,1134900,2025-07-12
12714,5714,774,Excellent,3.9,0,459100,2025-04-20
12715,5715,648,Fair,9.4,1,167200,2025-08-02
12716,5716,551,Poor,8.5,3,1768200,2025-08-28
12717,5717,620,Fair,9.0,0,225800,2025-05-21
12718,5718,546,Poor,11.1,0,2078000,2025-03-14
12719,5719,802,Excellent,14.3,1,108600,2025-01-03
12720,5720,765,Excellent,4.7,1,204100,2025-01-02
12721,5721,786,Excellent,11.6,2,47100,2025-12-10
12722,5722,740,Good,10.0,1,197600,2025-07-29
12723,5723,585,Poor,10.7,0,887100,2025-11-08
12724,5724,660,Fair,7.0,1,181600,2025-02-27
12725,5725,749,Good,14.2,1,141300,2025-08-05
12726,5726,563,Poor,7.7,1,924900,2025-09-14
12727,5727,723,Good,2.7,0,345700,2025-04-23
12728,5728,748,Good,10.5,2,339200,2025-03-12
12729,5729,850,Excellent,2.8,2,111900,2025-04-12
12730,5730,762,Excellent,5.5,2,120800,2025-02-14
12731,5731,726,Good,4.2,1,240200,2025-05-24
12732,5732,692,Fair,8.5,0,52700,2025-05-03
12733,5733,731,Good,5.9,2,616800,2025-09-30
12734,5734,736,Good,3.2,1,520300,2025-08-18
12735,5735,535,Poor,12.1,1,436900,2025-01-30
12736,5736,706,Good,7.6,2,91800,2025-10-20
12737,5737,492,Poor,7.4,4,565400,2025-10-01
12738,5738,521,Poor,13.4,2,139100,2025-07-23
12739,5739,693,Fair,8.5,1,916500,2025-08-28
12740,5740,726,Good,10.9,0,227900,2025-09-24
12741,5741,591,Poor,5.6,1,321800,2025-03-01
12742,5742,772,Excellent,8.9,2,529300,2025-08-23
12743,5743,804,Excellent,11.2,3,393100,2025-09-04
12744,5744,750,Excellent,5.2,1,16800,2025-06-03
12745,5745,688,Fair,10.6,1,63400,2025-03-21
12746,5746,713,Good,9.0,3,148000,2025-02-07
12747,5747,698,Fair,7.1,2,432400,2025-05-17
12748,5748,706,Good,11.0,0,1410000,2025-08-13
12749,5749,613,Fair,5.4,0,227600,2025-08-30
12750,5750,662,Fair,11.0,0,622600,2025-07-30
12751,5751,694,Fair,8.7,1,552400,2025-02-15
12752,5752,715,Good,4.4,4,89800,2025-06-21
12753,5753,734,Good,10.4,1,298600,2025-02-11
12754,5754,615,Fair,13.4,0,174500,2025-01-23
12755,5755,677,Fair,5.3,2,131100,2025-12-28
12756,5756,670,Fair,12.4,3,1387400,2025-10-17
12757,5757,837,Excellent,5.7,2,423100,2025-08-18
12758,5758,709,Good,12.5,2,141600,2025-07-16
12759,5759,741,Good,1.7,1,175400,2025-07-12
12760,5760,765,Excellent,1.1,1,337100,2025-06-03
12761,5761,754,Excellent,2.6,0,419200,2025-02-24
12762,5762,537,Poor,13.2,1,51500,2025-09-12
12763,5763,677,Fair,8.5,2,994000,2025-01-15
12764,5764,741,Good,9.3,2,360500,2025-06-30
12765,5765,700,Good,12.8,2,130700,2025-03-20
12766,5766,565,Poor,1.7,0,2640500,2025-01-11
12767,5767,612,Fair,6.4,4,444100,2025-02-27
12768,5768,623,Fair,10.0,1,1209300,2025-08-27
12769,5769,715,Good,6.7,1,919100,2025-10-25
12770,5770,708,Good,1.4,0,1845400,2025-12-03
12771,5771,804,Excellent,10.1,0,777800,2025-07-16
12772,5772,691,Fair,6.5,1,702100,2025-06-10
12773,5773,705,Good,1.3,1,597200,2025-06-21
12774,5774,590,Poor,3.4,0,1096200,2025-12-11
12775,5775,678,Fair,4.0,1,180800,2025-05-15
12776,5776,850,Excellent,8.1,1,436100,2025-08-14
12777,5777,716,Good,3.6,1,183000,2025-11-04
12778,5778,648,Fair,6.1,0,693900,2025-09-26
12779,5779,721,Good,11.5,2,229300,2025-02-01
12780,5780,768,Excellent,12.3,1,245200,2025-10-22
12781,5781,727,Good,12.1,2,53900,2025-03-19
12782,5782,752,Excellent,10.7,2,1803600,2025-11-15
12783,5783,762,Excellent,8.6,0,98200,2025-01-20
12784,5784,702,Good,8.7,0,441000,2025-01-16
12785,5785,715,Good,14.3,2,521200,2025-06-07
12786,5786,645,Fair,13.3,3,1067200,2025-04-15
12787,5787,644,Fair,10.1,1,192600,2025-08-02
12788,5788,684,Fair,7.6,2,88300,2025-12-23
12789,5789,591,Poor,11.2,0,712400,2025-03-15
12790,5790,718,Good,1.9,2,854200,2025-03-13
12791,5791,630,Fair,14.2,2,417900,2025-08-09
12792,5792,703,Good,8.7,1,313200,2025-11-30
12793,5793,729,Good,8.0,2,290700,2025-07-22
12794,5794,591,Poor,5.1,1,111000,2025-08-13
12795,5795,721,Good,1.0,1,39900,2025-12-28
12796,5796,535,Poor,1.9,1,1332600,2025-02-18
12797,5797,734,Good,4.7,0,303400,2025-04-11
12798,5798,735,Good,8.6,1,628400,2025-08-17
12799,5799,740,Good,2.2,3,218500,2025-05-13
12800,5800,716,Good,14.6,2,218600,2025-12-27
12801,5801,651,Fair,6.8,1,197300,2025-10-26
12802,5802,654,Fair,5.4,0,251500,2025-02-16
12803,5803,644,Fair,8.4,1,827600,2025-07-06
12804,5804,767,Excellent,1.9,4,338200,2025-07-16
12805,5805,817,Excellent,12.9,1,1362500,2025-09-12
12806,5806,696,Fair,7.4,2,108200,2025-01-19
12807,5807,616,Fair,3.5,1,255900,2025-11-08
12808,5808,669,Fair,3.3,1,286100,2025-06-03
12809,5809,763,Excellent,6.1,1,578500,2025-07-13
12810,5810,732,Good,9.0,2,159800,2025-04-02
12811,5811,693,Fair,6.8,3,846700,2025-05-11
12812,5812,670,Fair,9.4,2,531800,2025-12-01
12813,5813,563,Poor,10.9,2,1266400,2025-02-19
12814,5814,674,Fair,11.5,2,190100,2025-08-14
12815,5815,661,Fair,6.6,2,67100,2025-09-23
12816,5816,658,Fair,11.0,0,715100,2025-07-03
12817,5817,711,Good,3.0,0,802600,2025-12-20
12818,5818,821,Excellent,8.2,1,37300,2025-01-16
12819,5819,691,Fair,2.0,1,499300,2025-10-20
12820,5820,735,Good,4.4,2,397100,2025-04-10
12821,5821,685,Fair,9.2,3,183900,2025-10-05
12822,5822,685,Fair,11.4,0,1217300,2025-10-15
12823,5823,776,Excellent,2.3,0,205000,2025-03-22
12824,5824,718,Good,3.9,1,1388700,2025-11-25
12825,5825,748,Good,14.9,0,698100,2025-09-09
12826,5826,783,Excellent,5.7,0,572000,2025-06-29
12827,5827,717,Good,5.0,2,465000,2025-02-02
12828,5828,708,Good,2.2,0,580100,2025-04-30
12829,5829,745,Good,10.7,0,175700,2025-04-07
12830,5830,641,Fair,8.1,0,102200,2025-01-14
12831,5831,643,Fair,3.2,1,1385800,2025-04-11
12832,5832,633,Fair,9.9,0,180000,2025-11-13
12833,5833,653,Fair,8.4,0,247900,2025-08-13
12834,5834,601,Fair,8.9,2,89700,2025-11-17
12835,5835,566,Poor,14.9,1,523400,2025-08-27
12836,5836,628,Fair,1.4,0,115400,2025-03-27
12837,5837,514,Poor,13.8,1,435800,2025-01-30
12838,5838,711,Good,12.8,0,224200,2025-10-10
12839,5839,697,Fair,6.8,1,369500,2025-03-05
12840,5840,746,Good,13.3,2,1372900,2025-10-16
12841,5841,620,Fair,10.1,1,108200,2025-11-05
12842,5842,727,Good,13.5,0,188500,2025-03-21
12843,5843,629,Fair,9.3,0,150100,2025-06-04
12844,5844,748,Good,4.0,3,468200,2025-06-14
12845,5845,553,Poor,9.1,3,435300,2025-12-16
12846,5846,672,Fair,3.5,1,246900,2025-10-26
12847,5847,660,Fair,3.0,1,863000,2025-07-30
12848,5848,750,Excellent,10.2,0,307600,2025-04-09
12849,5849,749,Good,14.3,1,173200,2025-09-24
12850,5850,781,Excellent,9.2,0,983700,2025-02-21
12851,5851,539,Poor,12.1,0,242000,2025-05-06
12852,5852,802,Excellent,3.4,1,257900,2025-05-02
12853,5853,621,Fair,10.2,0,277800,2025-02-01
12854,5854,818,Excellent,11.3,2,367100,2025-12-02
12855,5855,850,Excellent,1.6,1,873100,2025-10-12
12856,5856,779,Excellent,2.4,2,669700,2025-10-19
12857,5857,626,Fair,11.9,0,524600,2025-03-29
12858,5858,597,Poor,7.2,3,125500,2025-06-20
12859,5859,637,Fair,6.7,0,293700,2025-11-04
12860,5860,733,Good,13.9,1,264300,2025-11-05
12861,5861,610,Fair,14.9,1,496800,2025-03-09
12862,5862,551,Poor,11.7,0,252000,2025-05-13
12863,5863,771,Excellent,12.1,2,1094200,2025-03-24
12864,5864,645,Fair,3.9,0,536100,2025-06-25
12865,5865,759,Excellent,3.7,1,510400,2025-04-22
12866,5866,748,Good,14.7,1,124500,2025-09-14
12867,5867,705,Good,10.7,1,157300,2025-12-21
12868,5868,753,Excellent,10.6,2,187000,2025-09-15
12869,5869,801,Excellent,5.0,0,302300,2025-07-10
12870,5870,747,Good,13.4,0,876400,2025-02-28
12871,5871,749,Good,1.6,1,151300,2025-09-19
12872,5872,719,Good,4.8,0,69700,2025-04-14
12873,5873,658,Fair,3.5,0,1090000,2025-08-18
12874,5874,713,Good,11.0,1,198100,2025-07-31
12875,5875,706,Good,11.0,2,283400,2025-12-05
12876,5876,727,Good,8.5,2,743000,2025-06-25
12877,5877,715,Good,1.1,1,860800,2025-02-17
12878,5878,656,Fair,13.2,0,131900,2025-04-30
12879,5879,775,Excellent,14.4,1,382000,2025-12-10
12880,5880,650,Fair,3.8,0,1051200,2025-11-25
12881,5881,720,Good,12.8,3,311700,2025-02-01
12882,5882,729,Good,14.6,0,812500,2025-12-26
12883,5883,611,Fair,5.6,3,348200,2025-09-10
12884,5884,807,Excellent,3.6,1,808500,2025-09-18
12885,5885,687,Fair,14.7,0,994300,2025-03-26
12886,5886,615,Fair,1.8,3,1429400,2025-01-17
12887,5887,690,Fair,4.9,2,459700,2025-01-24
12888,5888,617,Fair,11.4,1,210800,2025-12-13
12889,5889,647,Fair,9.6,1,384300,2025-04-22
12890,5890,645,Fair,10.6,2,404700,2025-03-23
12891,5891,680,Fair,10.9,0,303000,2025-12-08
12892,5892,792,Excellent,10.6,0,581900,2025-01-06
12893,5893,698,Fair,5.8,2,499600,2025-10-11
12894,5894,702,Good,5.4,1,387200,2025-04-16
12895,5895,654,Fair,7.0,1,2174700,2025-05-28
12896,5896,711,Good,12.3,0,144300,2025-07-27
12897,5897,688,Fair,14.1,2,417500,2025-05-27
12898,5898,684,Fair,7.4,2,302600,2025-01-08
12899,5899,743,Good,2.2,1,57000,2025-10-01
12900,5900,619,Fair,14.1,1,170300,2025-10-20
12901,5901,785,Excellent,2.1,0,84000,2025-07-08
12902,5902,488,Poor,3.2,1,636500,2025-06-22
12903,5903,683,Fair,13.1,1,96800,2025-08-11
12904,5904,792,Excellent,8.7,4,87000,2025-02-07
12905,5905,781,Excellent,5.9,0,249400,2025-01-02
12906,5906,702,Good,14.0,0,219500,2025-08-12
12907,5907,629,Fair,14.4,0,209700,2025-02-28
12908,5908,680,Fair,5.6,2,112600,2025-03-16
12909,5909,850,Excellent,13.2,1,671800,2025-05-13
12910,5910,743,Good,10.5,1,256500,2025-12-28
12911,5911,562,Poor,4.8,1,719800,2025-08-09
12912,5912,696,Fair,14.2,1,123700,2025-07-31
12913,5913,645,Fair,1.9,2,168800,2025-05-28
12914,5914,595,Poor,5.5,0,136700,2025-03-23
12915,5915,726,Good,6.5,1,293200,2025-07-04
12916,5916,617,Fair,10.7,2,163200,2025-12-03
12917,5917,806,Excellent,1.5,2,791600,2025-03-09
12918,5918,791,Excellent,13.5,1,39500,2025-10-02
12919,5919,635,Fair,10.2,1,1371800,2025-09-06
12920,5920,631,Fair,4.9,2,228700,2025-09-10
12921,5921,740,Good,10.2,1,149400,2025-03-28
12922,5922,766,Excellent,8.5,2,1574700,2025-10-10
12923,5923,671,Fair,5.7,1,274100,2025-04-26
12924,5924,763,Excellent,1.4,1,229600,2025-06-19
12925,5925,815,Excellent,8.7,1,172100,2025-09-09
12926,5926,715,Good,2.2,2,236500,2025-10-28
12927,5927,613,Fair,12.3,0,464800,2025-11-30
12928,5928,749,Good,2.2,0,478300,2025-11-20
12929,5929,701,Good,7.0,2,102800,2025-07-15
12930,5930,666,Fair,7.1,1,104700,2025-12-09
12931,5931,746,Good,8.8,1,756700,2025-02-05
12932,5932,781,Excellent,1.6,1,186600,2025-08-18
12933,5933,704,Good,3.9,2,284700,2025-05-13
12934,5934,519,Poor,3.8,1,334700,2025-10-10
12935,5935,699,Fair,9.4,1,1124000,2025-06-14
12936,5936,707,Good,4.7,2,986900,2025-01-27
12937,5937,850,Excellent,3.0,0,408000,2025-04-05
12938,5938,700,Good,1.3,1,163400,2025-11-28
12939,5939,677,Fair,12.8,2,2408800,2025-06-24
12940,5940,742,Good,14.6,2,563700,2025-03-17
12941,5941,667,Fair,10.8,1,1026700,2025-05-08
12942,5942,639,Fair,6.8,0,242100,2025-09-03
12943,5943,570,Poor,2.7,0,106000,2025-10-05
12944,5944,645,Fair,7.7,0,474300,2025-07-02
12945,5945,547,Poor,7.4,2,304600,2025-11-27
12946,5946,711,Good,6.9,0,1326700,2025-12-26
12947,5947,706,Good,6.3,1,273800,2025-02-21
12948,5948,742,Good,8.0,0,200800,2025-12-25
12949,5949,613,Fair,2.0,3,952300,2025-04-12
12950,5950,582,Poor,1.5,1,205900,2025-09-13
12951,5951,844,Excellent,1.9,1,234100,2025-03-18
12952,5952,684,Fair,3.8,1,74700,2025-09-19
12953,5953,742,Good,4.9,1,827700,2025-11-06
12954,5954,700,Good,3.4,1,255700,2025-01-02
12955,5955,746,Good,4.5,1,103900,2025-07-22
12956,5956,707,Good,3.6,1,851100,2025-11-24
12957,5957,630,Fair,3.1,1,236100,2025-06-07
12958,5958,731,Good,5.1,1,1540800,2025-12-13
12959,5959,713,Good,6.6,3,946600,2025-05-08
12960,5960,564,Poor,11.4,0,101200,2025-05-12
12961,5961,712,Good,14.4,1,574900,2025-12-10
12962,5962,661,Fair,13.9,3,772600,2025-12-18
12963,5963,640,Fair,7.7,1,66400,2025-02-11
12964,5964,763,Excellent,7.5,1,237700,2025-12-21
12965,5965,685,Fair,2.8,1,185000,2025-06-19
12966,5966,687,Fair,14.6,0,798000,2025-11-03
12967,5967,697,Fair,11.6,2,133200,2025-09-16
12968,5968,688,Fair,12.9,1,380800,2025-07-29
12969,5969,683,Fair,4.3,1,1711500,2025-02-06
12970,5970,799,Excellent,6.6,3,48300,2025-01-22
12971,5971,639,Fair,2.4,2,326900,2025-06-10
12972,5972,560,Poor,14.2,2,337000,2025-08-18
12973,5973,693,Fair,5.0,0,32300,2025-12-25
12974,5974,620,Fair,9.3,1,66400,2025-12-20
12975,5975,608,Fair,3.1,1,654700,2025-12-09
12976,5976,689,Fair,12.2,1,285100,2025-11-14
12977,5977,711,Good,3.6,2,357800,2025-02-04
12978,5978,677,Fair,12.3,2,263100,2025-10-12
12979,5979,656,Fair,6.6,1,919800,2025-11-18
12980,5980,675,Fair,9.1,1,2608900,2025-11-02
12981,5981,686,Fair,4.8,2,818000,2025-01-14
12982,5982,690,Fair,13.4,0,36300,2025-02-17
12983,5983,556,Poor,11.6,1,290400,2025-10-27
12984,5984,756,Excellent,6.0,1,1070200,2025-08-30
12985,5985,581,Poor,9.2,1,203900,2025-03-13
12986,5986,640,Fair,2.8,0,1077300,2025-09-16
12987,5987,573,Poor,3.2,2,221500,2025-07-18
12988,5988,703,Good,8.5,1,97200,2025-04-08
12989,5989,637,Fair,10.0,2,574000,2025-10-31
12990,5990,676,Fair,8.8,1,452900,2025-05-06
12991,5991,634,Fair,8.8,1,174600,2025-06-09
12992,5992,611,Fair,11.4,0,967300,2025-09-22
12993,5993,502,Poor,13.6,2,56500,2025-09-04
12994,5994,646,Fair,6.4,1,773200,2025-07-04
12995,5995,599,Poor,8.5,2,183400,2025-10-29
12996,5996,729,Good,13.5,3,1460700,2025-02-27
12997,5997,846,Excellent,7.5,0,626200,2025-07-03
12998,5998,827,Excellent,7.2,1,219800,2025-09-28
12999,5999,684,Fair,11.7,2,125700,2025-04-29
13000,6000,631,Fair,13.3,1,69800,2025-08-11
