customer_id,customer_name,age,gender,city,state,employment_type,annual_income,customer_since
1001,Rahul Sharma,43,Male,Ahmedabad,Gujarat,Salaried,372300,2021-03-25
1002,Priya Patel,37,Male,Kochi,Kerala,Salaried,363300,2021-05-11
1003,Amit Verma,44,Male,Bhubaneswar,Odisha,Freelancer,221900,2025-04-13
1004,Neha Joshi,53,Male,Gurugram,Haryana,Salaried,1175800,2016-09-17
1005,Rohit Kumar,36,Male,Hyderabad,Telangana,Salaried,1182400,2025-03-06
1006,Anjali Malhotra,36,Female,Bengaluru,Karnataka,Salaried,1192800,2019-09-14
1007,Vikas Mehta,54,Female,Ahmedabad,Gujarat,Salaried,887900,2019-02-21
1008,Pooja Singh,46,Female,Jaipur,Rajasthan,Freelancer,232000,2020-02-08
1009,Arjun Agarwal,33,Male,Hyderabad,Telangana,Salaried,426400,2016-10-04
1010,Simran Gupta,43,Male,Patna,Bihar,Retired,823700,2021-11-10
1011,Karan Mishra,33,Male,Patna,Bihar,Retired,808000,2024-03-25
1012,Sneha Yadav,33,Female,Ahmedabad,Gujarat,Salaried,663500,2025-11-27
1013,Aditya Sharma,40,Female,Bengaluru,Karnataka,Salaried,918700,2018-04-02
1014,Nisha Patel,21,Female,Bhopal,Madhya Pradesh,Freelancer,754800,2021-12-15
1015,Manish Verma,21,Male,Ahmedabad,Gujarat,Salaried,801500,2017-06-15
1016,Kavita Joshi,32,Male,Mumbai,Maharashtra,Salaried,527700,2023-09-21
1017,Rahul Kumar,28,Male,Chennai,Tamil Nadu,Salaried,1287100,2016-06-15
1018,Priya Malhotra,41,Female,Lucknow,Uttar Pradesh,Self-employed,591800,2018-04-10
1019,Amit Mehta,29,Female,Ahmedabad,Gujarat,Business,360800,2016-08-23
1020,Neha Singh,24,Female,Kochi,Kerala,Salaried,490800,2018-11-21
1021,Rohit Agarwal,53,Female,Bhubaneswar,Odisha,Salaried,619200,2019-06-08
1022,Anjali Gupta,36,Male,Hyderabad,Telangana,Freelancer,1295700,2016-07-09
1023,Vikas Mishra,39,Female,Lucknow,Uttar Pradesh,Business,732800,2023-05-28
1024,Pooja Yadav,24,Female,Bengaluru,Karnataka,Self-employed,677000,2017-09-04
1025,Arjun Sharma,33,Male,Mumbai,Maharashtra,Business,377400,2020-03-11
1026,Simran Patel,39,Male,Ludhiana,Punjab,Salaried,1155300,2025-08-29
1027,Karan Verma,26,Male,Chennai,Tamil Nadu,Business,524000,2022-04-21
1028,Sneha Joshi,42,Male,Kochi,Kerala,Salaried,709900,2025-03-04
1029,Aditya Kumar,32,Male,Bhopal,Madhya Pradesh,Salaried,1692900,2020-09-19
1030,Nisha Malhotra,35,Female,Jaipur,Rajasthan,Business,992200,2018-08-30
1031,Manish Mehta,32,Male,Ludhiana,Punjab,Salaried,306300,2024-07-24
1032,Kavita Singh,57,Male,Ludhiana,Punjab,Retired,283400,2017-10-10
1033,Rahul Agarwal,38,Male,Gurugram,Haryana,Salaried,723900,2016-04-15
1034,Priya Gupta,27,Female,Delhi,Delhi,Freelancer,384900,2020-05-23
1035,Amit Mishra,46,Female,Bhubaneswar,Odisha,Retired,1071500,2016-07-10
1036,Neha Yadav,26,Male,Lucknow,Uttar Pradesh,Salaried,767600,2018-09-29
1037,Rohit Sharma,40,Female,Kochi,Kerala,Business,821400,2019-07-25
1038,Anjali Patel,21,Female,Mumbai,Maharashtra,Salaried,508400,2020-04-16
1039,Vikas Verma,25,Male,Chennai,Tamil Nadu,Freelancer,1954400,2022-01-31
1040,Pooja Joshi,40,Male,Chennai,Tamil Nadu,Self-employed,3581400,2020-11-28
1041,Arjun Kumar,45,Female,Bengaluru,Karnataka,Business,643500,2017-09-26
1042,Simran Malhotra,40,Female,Ahmedabad,Gujarat,Self-employed,910700,2016-03-25
1043,Karan Mehta,37,Female,Ahmedabad,Gujarat,Salaried,791300,2021-07-04
1044,Sneha Singh,35,Female,Mumbai,Maharashtra,Salaried,650200,2024-03-14
1045,Aditya Agarwal,23,Female,Jaipur,Rajasthan,Salaried,474600,2017-12-28
1046,Nisha Gupta,31,Female,Bhopal,Madhya Pradesh,Business,413000,2024-12-31
1047,Manish Mishra,33,Male,Kochi,Kerala,Self-employed,401600,2024-06-12
1048,Kavita Yadav,49,Male,Kolkata,West Bengal,Business,937300,2018-11-26
1049,Rahul Sharma,41,Male,Ahmedabad,Gujarat,Salaried,563500,2024-06-25
1050,Priya Patel,21,Female,Patna,Bihar,Self-employed,181600,2020-08-14
1051,Amit Verma,41,Female,Lucknow,Uttar Pradesh,Salaried,957900,2020-05-18
1052,Neha Joshi,34,Female,Kolkata,West Bengal,Business,734400,2016-03-10
1053,Rohit Kumar,31,Male,Gurugram,Haryana,Retired,1573000,2016-06-02
1054,Anjali Malhotra,44,Female,Lucknow,Uttar Pradesh,Salaried,920800,2020-01-01
1055,Vikas Mehta,48,Male,Chennai,Tamil Nadu,Salaried,332600,2023-09-13
1056,Pooja Singh,47,Male,Kochi,Kerala,Salaried,220000,2022-05-07
1057,Arjun Agarwal,30,Female,Hyderabad,Telangana,Business,504900,2023-02-01
1058,Simran Gupta,35,Female,Lucknow,Uttar Pradesh,Self-employed,531800,2021-07-12
1059,Karan Mishra,41,Other,Kolkata,West Bengal,Business,1259900,2019-01-02
1060,Sneha Yadav,48,Male,Kochi,Kerala,Salaried,746300,2017-07-24
1061,Aditya Sharma,33,Male,Lucknow,Uttar Pradesh,Business,1399100,2016-05-28
1062,Nisha Patel,36,Male,Bengaluru,Karnataka,Business,361900,2025-10-17
1063,Manish Verma,27,Male,Kolkata,West Bengal,Salaried,1275300,2021-08-19
1064,Kavita Joshi,26,Female,Bhopal,Madhya Pradesh,Self-employed,1115000,2023-05-15
1065,Rahul Kumar,46,Female,Jaipur,Rajasthan,Salaried,247200,2025-10-13
1066,Priya Malhotra,52,Female,Lucknow,Uttar Pradesh,Self-employed,1552300,2021-10-10
1067,Amit Mehta,37,Male,Bengaluru,Karnataka,Freelancer,789600,2019-11-12
1068,Neha Singh,48,Female,Ludhiana,Punjab,Salaried,930500,2021-04-02
1069,Rohit Agarwal,42,Male,Jaipur,Rajasthan,Freelancer,466100,2018-02-12
1070,Anjali Gupta,32,Female,Kochi,Kerala,Self-employed,1512400,2020-10-19
1071,Vikas Mishra,42,Male,Mumbai,Maharashtra,Salaried,390700,2025-01-16
1072,Pooja Yadav,53,Male,Patna,Bihar,Self-employed,1185300,2021-02-14
1073,Arjun Sharma,38,Male,Kochi,Kerala,Self-employed,1177800,2023-01-19
1074,Simran Patel,54,Female,Jaipur,Rajasthan,Salaried,438900,2020-04-22
1075,Karan Verma,21,Male,Bhopal,Madhya Pradesh,Salaried,2232600,2020-09-08
1076,Sneha Joshi,46,Male,Bengaluru,Karnataka,Salaried,851900,2022-10-28
1077,Aditya Kumar,39,Female,Kochi,Kerala,Salaried,1074600,2019-09-06
1078,Nisha Malhotra,35,Male,Delhi,Delhi,Salaried,323800,2019-01-11
1079,Manish Mehta,39,Male,Mumbai,Maharashtra,Salaried,2403800,2025-08-06
1080,Kavita Singh,21,Male,Bhubaneswar,Odisha,Salaried,382400,2016-01-17
1081,Rahul Agarwal,36,Male,Hyderabad,Telangana,Freelancer,1317900,2022-08-13
1082,Priya Gupta,42,Female,Kochi,Kerala,Salaried,434000,2020-08-18
1083,Amit Mishra,53,Female,Hyderabad,Telangana,Business,533600,2023-06-24
1084,Neha Yadav,33,Male,Bhopal,Madhya Pradesh,Self-employed,1157300,2024-02-03
1085,Rohit Sharma,30,Female,Bengaluru,Karnataka,Business,1319800,2017-08-05
1086,Anjali Patel,33,Male,Delhi,Delhi,Salaried,372700,2016-09-11
1087,Vikas Verma,47,Male,Bhubaneswar,Odisha,Retired,1366300,2022-11-08
1088,Pooja Joshi,41,Male,Mumbai,Maharashtra,Self-employed,1332500,2023-05-14
1089,Arjun Kumar,33,Male,Lucknow,Uttar Pradesh,Freelancer,447700,2017-07-14
1090,Simran Malhotra,43,Male,Ahmedabad,Gujarat,Salaried,1806800,2023-01-24
1091,Karan Mehta,39,Female,Patna,Bihar,Salaried,336600,2019-11-16
1092,Sneha Singh,48,Female,Bhopal,Madhya Pradesh,Business,531900,2016-11-15
1093,Aditya Agarwal,31,Male,Bhubaneswar,Odisha,Salaried,976100,2016-08-07
1094,Nisha Gupta,35,Female,Patna,Bihar,Self-employed,469000,2017-11-29
1095,Manish Mishra,34,Female,Kochi,Kerala,Salaried,867100,2019-12-08
1096,Kavita Yadav,23,Female,Bhubaneswar,Odisha,Self-employed,856300,2016-02-01
1097,Rahul Sharma,41,Female,Bhubaneswar,Odisha,Retired,676700,2017-12-15
1098,Priya Patel,41,Male,Delhi,Delhi,Self-employed,1185500,2023-09-02
1099,Amit Verma,38,Female,Bhopal,Madhya Pradesh,Business,661500,2018-11-05
1100,Neha Joshi,36,Female,Chennai,Tamil Nadu,Self-employed,851900,2017-02-12
1101,Rohit Kumar,24,Female,Ahmedabad,Gujarat,Self-employed,1409000,2023-11-15
1102,Anjali Malhotra,34,Male,Ahmedabad,Gujarat,Retired,1158600,2022-01-29
1103,Vikas Mehta,35,Male,Delhi,Delhi,Freelancer,1155600,2024-11-24
1104,Pooja Singh,30,Male,Kochi,Kerala,Business,398600,2025-12-23
1105,Arjun Agarwal,36,Male,Hyderabad,Telangana,Salaried,1001000,2025-10-08
1106,Simran Gupta,42,Male,Ahmedabad,Gujarat,Self-employed,462600,2018-07-24
1107,Karan Mishra,57,Female,Patna,Bihar,Salaried,370700,2019-02-01
1108,Sneha Yadav,40,Male,Lucknow,Uttar Pradesh,Salaried,721000,2019-09-02
1109,Aditya Sharma,41,Female,Hyderabad,Telangana,Self-employed,456100,2017-12-07
1110,Nisha Patel,37,Female,Kolkata,West Bengal,Freelancer,1158500,2024-04-11
1111,Manish Verma,21,Female,Kolkata,West Bengal,Freelancer,1173900,2018-02-21
1112,Kavita Joshi,38,Male,Mumbai,Maharashtra,Salaried,263400,2019-04-19
1113,Rahul Kumar,39,Male,Kolkata,West Bengal,Salaried,475600,2021-12-19
1114,Priya Malhotra,63,Female,Ludhiana,Punjab,Freelancer,336000,2023-06-03
1115,Amit Mehta,36,Female,Ahmedabad,Gujarat,Salaried,581500,2019-03-24
1116,Neha Singh,41,Other,Patna,Bihar,Self-employed,963400,2022-08-03
1117,Rohit Agarwal,38,Male,Gurugram,Haryana,Salaried,656400,2019-06-12
1118,Anjali Gupta,26,Male,Chennai,Tamil Nadu,Salaried,542200,2023-09-08
1119,Vikas Mishra,49,Female,Ahmedabad,Gujarat,Retired,1533300,2016-06-13
1120,Pooja Yadav,46,Male,Hyderabad,Telangana,Salaried,211100,2023-07-27
1121,Arjun Sharma,46,Female,Ludhiana,Punjab,Salaried,1480800,2022-10-10
1122,Simran Patel,29,Male,Jaipur,Rajasthan,Salaried,556000,2023-06-17
1123,Karan Verma,52,Male,Mumbai,Maharashtra,Freelancer,718500,2022-12-10
1124,Sneha Joshi,24,Male,Mumbai,Maharashtra,Freelancer,561200,2016-07-31
1125,Aditya Kumar,44,Male,Hyderabad,Telangana,Salaried,1752300,2021-05-02
1126,Nisha Malhotra,60,Female,Ahmedabad,Gujarat,Salaried,381100,2018-02-04
1127,Manish Mehta,28,Female,Chennai,Tamil Nadu,Self-employed,754900,2022-01-13
1128,Kavita Singh,32,Male,Kolkata,West Bengal,Salaried,1002400,2024-08-12
1129,Rahul Agarwal,39,Female,Kochi,Kerala,Business,309200,2022-10-18
1130,Priya Gupta,33,Male,Bhopal,Madhya Pradesh,Salaried,452200,2019-04-16
1131,Amit Mishra,22,Female,Chennai,Tamil Nadu,Salaried,691300,2020-12-24
1132,Neha Yadav,39,Male,Ludhiana,Punjab,Business,460500,2023-11-29
1133,Rohit Sharma,27,Female,Kolkata,West Bengal,Salaried,478900,2017-10-06
1134,Anjali Patel,43,Female,Delhi,Delhi,Freelancer,618700,2020-07-18
1135,Vikas Verma,29,Female,Kolkata,West Bengal,Salaried,1072100,2022-06-17
1136,Pooja Joshi,53,Female,Chennai,Tamil Nadu,Salaried,621200,2021-01-29
1137,Arjun Kumar,30,Female,Lucknow,Uttar Pradesh,Retired,1357200,2016-05-06
1138,Simran Malhotra,35,Female,Kochi,Kerala,Salaried,433200,2017-01-11
1139,Karan Mehta,46,Female,Mumbai,Maharashtra,Business,376700,2025-05-09
1140,Sneha Singh,26,Female,Delhi,Delhi,Salaried,2163700,2016-08-12
1141,Aditya Agarwal,40,Male,Kolkata,West Bengal,Self-employed,522300,2024-06-15
1142,Nisha Gupta,51,Male,Patna,Bihar,Business,364700,2017-05-11
1143,Manish Mishra,22,Male,Kochi,Kerala,Salaried,287700,2021-07-09
1144,Kavita Yadav,40,Male,Ahmedabad,Gujarat,Business,1354800,2017-04-17
1145,Rahul Sharma,41,Female,Ludhiana,Punjab,Self-employed,621600,2021-03-03
1146,Priya Patel,46,Male,Ahmedabad,Gujarat,Salaried,652300,2025-04-05
1147,Amit Verma,26,Female,Bhubaneswar,Odisha,Self-employed,687100,2019-03-06
1148,Neha Joshi,25,Male,Bhubaneswar,Odisha,Self-employed,1309200,2022-11-27
1149,Rohit Kumar,43,Male,Patna,Bihar,Salaried,679500,2016-08-04
1150,Anjali Malhotra,41,Male,Ludhiana,Punjab,Salaried,2722500,2016-07-14
1151,Vikas Mehta,41,Female,Gurugram,Haryana,Salaried,807300,2022-02-26
1152,Pooja Singh,41,Male,Lucknow,Uttar Pradesh,Salaried,1344900,2016-12-31
1153,Arjun Agarwal,31,Male,Ahmedabad,Gujarat,Business,1167900,2023-07-29
1154,Simran Gupta,40,Female,Jaipur,Rajasthan,Self-employed,735100,2020-03-31
1155,Karan Mishra,41,Female,Lucknow,Uttar Pradesh,Retired,543100,2022-09-13
1156,Sneha Yadav,31,Male,Jaipur,Rajasthan,Salaried,900200,2020-03-28
1157,Aditya Sharma,57,Male,Bhubaneswar,Odisha,Salaried,992900,2023-03-22
1158,Nisha Patel,43,Male,Chennai,Tamil Nadu,Business,547400,2016-08-01
1159,Manish Verma,26,Female,Hyderabad,Telangana,Self-employed,821900,2022-07-16
1160,Kavita Joshi,45,Male,Ahmedabad,Gujarat,Self-employed,1480300,2025-04-23
1161,Rahul Kumar,28,Male,Bhubaneswar,Odisha,Salaried,2341500,2024-03-25
1162,Priya Malhotra,46,Male,Bhubaneswar,Odisha,Salaried,1199900,2016-04-28
1163,Amit Mehta,50,Male,Gurugram,Haryana,Salaried,2089300,2025-07-28
1164,Neha Singh,30,Female,Kochi,Kerala,Retired,530600,2020-09-12
1165,Rohit Agarwal,48,Male,Bengaluru,Karnataka,Salaried,1103400,2023-11-23
1166,Anjali Gupta,42,Male,Gurugram,Haryana,Freelancer,1566000,2018-04-21
1167,Vikas Mishra,46,Male,Lucknow,Uttar Pradesh,Business,458100,2023-12-24
1168,Pooja Yadav,57,Male,Chennai,Tamil Nadu,Salaried,574200,2025-06-06
1169,Arjun Sharma,36,Male,Chennai,Tamil Nadu,Self-employed,1950700,2020-07-30
1170,Simran Patel,30,Female,Gurugram,Haryana,Freelancer,438700,2019-04-17
1171,Karan Verma,29,Female,Lucknow,Uttar Pradesh,Freelancer,358700,2019-12-26
1172,Sneha Joshi,30,Female,Ludhiana,Punjab,Salaried,1738000,2020-10-09
1173,Aditya Kumar,37,Female,Bhubaneswar,Odisha,Salaried,1448500,2018-08-02
1174,Nisha Malhotra,41,Female,Bengaluru,Karnataka,Salaried,951200,2022-09-15
1175,Manish Mehta,41,Male,Gurugram,Haryana,Salaried,731400,2025-06-27
1176,Kavita Singh,46,Female,Gurugram,Haryana,Self-employed,589300,2024-01-09
1177,Rahul Agarwal,38,Female,Kochi,Kerala,Freelancer,875800,2017-07-19
1178,Priya Gupta,53,Female,Kochi,Kerala,Salaried,1788200,2024-08-16
1179,Amit Mishra,35,Male,Kolkata,West Bengal,Business,855200,2022-10-07
1180,Neha Yadav,65,Male,Bhubaneswar,Odisha,Self-employed,2469800,2016-04-27
1181,Rohit Sharma,44,Female,Patna,Bihar,Salaried,457700,2017-01-02
1182,Anjali Patel,29,Female,Gurugram,Haryana,Salaried,741900,2019-02-03
1183,Vikas Verma,27,Female,Bhopal,Madhya Pradesh,Business,610900,2024-09-11
1184,Pooja Joshi,43,Male,Ahmedabad,Gujarat,Freelancer,412900,2025-03-28
1185,Arjun Kumar,36,Male,Mumbai,Maharashtra,Business,689400,2023-05-01
1186,Simran Malhotra,45,Male,Delhi,Delhi,Salaried,943500,2021-04-01
1187,Karan Mehta,43,Female,Ludhiana,Punjab,Salaried,1000600,2022-01-04
1188,Sneha Singh,37,Male,Gurugram,Haryana,Salaried,2474600,2021-03-04
1189,Aditya Agarwal,30,Male,Patna,Bihar,Self-employed,968300,2022-01-06
1190,Nisha Gupta,23,Other,Mumbai,Maharashtra,Business,1411800,2018-03-26
1191,Manish Mishra,34,Male,Ahmedabad,Gujarat,Salaried,777800,2022-04-22
1192,Kavita Yadav,47,Female,Bengaluru,Karnataka,Freelancer,1887500,2021-10-30
1193,Rahul Sharma,40,Male,Hyderabad,Telangana,Self-employed,2805200,2021-08-25
1194,Priya Patel,26,Female,Ludhiana,Punjab,Business,1004400,2018-06-19
1195,Amit Verma,40,Female,Ahmedabad,Gujarat,Retired,434500,2016-07-11
1196,Neha Joshi,42,Female,Chennai,Tamil Nadu,Salaried,554600,2023-08-02
1197,Rohit Kumar,29,Female,Mumbai,Maharashtra,Freelancer,875800,2019-01-02
1198,Anjali Malhotra,40,Male,Ludhiana,Punjab,Salaried,964100,2025-03-02
1199,Vikas Mehta,39,Male,Kochi,Kerala,Salaried,1101300,2018-12-20
1200,Pooja Singh,27,Male,Ahmedabad,Gujarat,Freelancer,966000,2024-04-08
1201,Arjun Agarwal,42,Female,Bhubaneswar,Odisha,Freelancer,752900,2018-08-08
1202,Simran Gupta,44,Female,Lucknow,Uttar Pradesh,Self-employed,528600,2023-01-27
1203,Karan Mishra,49,Male,Lucknow,Uttar Pradesh,Self-employed,935100,2025-11-15
1204,Sneha Yadav,49,Female,Ahmedabad,Gujarat,Business,2080400,2022-07-18
1205,Aditya Sharma,24,Male,Patna,Bihar,Freelancer,1314300,2022-09-08
1206,Nisha Patel,29,Female,Jaipur,Rajasthan,Salaried,1006400,2018-07-31
1207,Manish Verma,43,Female,Jaipur,Rajasthan,Business,1321300,2016-09-14
1208,Kavita Joshi,43,Male,Ludhiana,Punjab,Self-employed,611500,2019-05-06
1209,Rahul Kumar,43,Male,Ahmedabad,Gujarat,Self-employed,567100,2021-10-01
1210,Priya Malhotra,70,Male,Lucknow,Uttar Pradesh,Salaried,497100,2017-10-12
1211,Amit Mehta,44,Female,Mumbai,Maharashtra,Self-employed,700100,2022-05-07
1212,Neha Singh,49,Male,Jaipur,Rajasthan,Retired,594600,2022-02-26
1213,Rohit Agarwal,48,Male,Chennai,Tamil Nadu,Self-employed,1457700,2017-01-30
1214,Anjali Gupta,45,Male,Jaipur,Rajasthan,Retired,577500,2022-08-22
1215,Vikas Mishra,35,Male,Lucknow,Uttar Pradesh,Salaried,482300,2021-03-29
1216,Pooja Yadav,46,Male,Jaipur,Rajasthan,Business,2183100,2023-06-16
1217,Arjun Sharma,30,Female,Lucknow,Uttar Pradesh,Business,585100,2023-01-26
1218,Simran Patel,36,Male,Lucknow,Uttar Pradesh,Business,816100,2018-07-11
1219,Karan Verma,33,Female,Gurugram,Haryana,Self-employed,961300,2024-08-25
1220,Sneha Joshi,39,Female,Hyderabad,Telangana,Self-employed,401400,2017-02-01
1221,Aditya Kumar,61,Male,Chennai,Tamil Nadu,Freelancer,1479700,2019-04-20
1222,Nisha Malhotra,21,Male,Lucknow,Uttar Pradesh,Business,1064700,2023-12-24
1223,Manish Mehta,45,Female,Mumbai,Maharashtra,Salaried,1767300,2019-07-30
1224,Kavita Singh,22,Female,Delhi,Delhi,Freelancer,516200,2025-11-13
1225,Rahul Agarwal,33,Male,Jaipur,Rajasthan,Salaried,792000,2017-07-14
1226,Priya Gupta,49,Male,Lucknow,Uttar Pradesh,Salaried,766400,2016-07-08
1227,Amit Mishra,39,Male,Kochi,Kerala,Freelancer,867100,2016-07-23
1228,Neha Yadav,27,Female,Patna,Bihar,Salaried,337000,2024-04-03
1229,Rohit Sharma,31,Male,Lucknow,Uttar Pradesh,Business,797100,2016-02-13
1230,Anjali Patel,45,Male,Bengaluru,Karnataka,Salaried,342200,2018-09-30
1231,Vikas Verma,31,Female,Lucknow,Uttar Pradesh,Salaried,913400,2025-03-25
1232,Pooja Joshi,40,Female,Jaipur,Rajasthan,Self-employed,232600,2024-05-24
1233,Arjun Kumar,38,Male,Patna,Bihar,Salaried,270900,2023-05-11
1234,Simran Malhotra,31,Male,Lucknow,Uttar Pradesh,Business,1176500,2024-04-29
1235,Karan Mehta,59,Female,Hyderabad,Telangana,Salaried,555200,2023-07-11
1236,Sneha Singh,44,Male,Ahmedabad,Gujarat,Salaried,435600,2020-09-01
1237,Aditya Agarwal,21,Male,Kolkata,West Bengal,Salaried,1508800,2019-07-26
1238,Nisha Gupta,40,Female,Jaipur,Rajasthan,Salaried,898100,2017-12-13
1239,Manish Mishra,31,Male,Bengaluru,Karnataka,Business,1211600,2025-06-18
1240,Kavita Yadav,47,Female,Chennai,Tamil Nadu,Salaried,684500,2023-05-08
1241,Rahul Sharma,30,Female,Patna,Bihar,Self-employed,3274300,2023-10-22
1242,Priya Patel,37,Male,Mumbai,Maharashtra,Freelancer,537900,2016-11-06
1243,Amit Verma,43,Male,Delhi,Delhi,Business,1957700,2018-05-27
1244,Neha Joshi,47,Female,Mumbai,Maharashtra,Business,725100,2025-11-08
1245,Rohit Kumar,26,Female,Ahmedabad,Gujarat,Salaried,301900,2018-05-06
1246,Anjali Malhotra,35,Female,Bengaluru,Karnataka,Salaried,978100,2022-05-10
1247,Vikas Mehta,33,Female,Delhi,Delhi,Freelancer,891800,2025-09-23
1248,Pooja Singh,31,Male,Kochi,Kerala,Business,420700,2025-08-23
1249,Arjun Agarwal,56,Female,Mumbai,Maharashtra,Self-employed,451600,2020-04-04
1250,Simran Gupta,42,Male,Kolkata,West Bengal,Business,739900,2017-06-14
1251,Karan Mishra,25,Male,Bengaluru,Karnataka,Salaried,909100,2025-11-05
1252,Sneha Yadav,47,Male,Jaipur,Rajasthan,Salaried,192700,2016-01-17
1253,Aditya Sharma,59,Male,Patna,Bihar,Business,1338500,2023-07-28
1254,Nisha Patel,48,Female,Mumbai,Maharashtra,Business,571400,2024-06-28
1255,Manish Verma,23,Male,Jaipur,Rajasthan,Self-employed,360500,2017-04-14
1256,Kavita Joshi,33,Male,Kolkata,West Bengal,Freelancer,1258500,2018-03-21
1257,Rahul Kumar,51,Male,Lucknow,Uttar Pradesh,Salaried,740300,2019-08-20
1258,Priya Malhotra,31,Female,Chennai,Tamil Nadu,Salaried,1464100,2017-07-08
1259,Amit Mehta,42,Female,Patna,Bihar,Freelancer,954300,2021-11-10
1260,Neha Singh,46,Male,Mumbai,Maharashtra,Business,749400,2018-05-31
1261,Rohit Agarwal,29,Male,Bhopal,Madhya Pradesh,Self-employed,689600,2023-03-10
1262,Anjali Gupta,37,Male,Ahmedabad,Gujarat,Salaried,978100,2023-05-02
1263,Vikas Mishra,21,Female,Mumbai,Maharashtra,Salaried,597400,2018-03-31
1264,Pooja Yadav,28,Female,Bhopal,Madhya Pradesh,Business,469300,2017-08-06
1265,Arjun Sharma,35,Female,Delhi,Delhi,Salaried,1048900,2018-04-25
1266,Simran Patel,26,Female,Patna,Bihar,Freelancer,692700,2024-11-07
1267,Karan Verma,54,Male,Gurugram,Haryana,Retired,764000,2021-06-19
1268,Sneha Joshi,24,Female,Bhopal,Madhya Pradesh,Business,1365400,2018-04-21
1269,Aditya Kumar,34,Male,Kolkata,West Bengal,Salaried,704500,2022-07-03
1270,Nisha Malhotra,39,Male,Hyderabad,Telangana,Business,756200,2020-12-09
1271,Manish Mehta,52,Male,Delhi,Delhi,Salaried,539300,2017-12-30
1272,Kavita Singh,24,Female,Bhubaneswar,Odisha,Salaried,950500,2016-09-10
1273,Rahul Agarwal,50,Female,Ludhiana,Punjab,Salaried,909100,2020-01-03
1274,Priya Gupta,38,Male,Kolkata,West Bengal,Salaried,1230900,2023-03-03
1275,Amit Mishra,28,Female,Chennai,Tamil Nadu,Freelancer,545400,2023-02-04
1276,Neha Yadav,43,Female,Delhi,Delhi,Salaried,583100,2018-04-30
1277,Rohit Sharma,40,Male,Patna,Bihar,Salaried,1159500,2021-12-07
1278,Anjali Patel,32,Male,Mumbai,Maharashtra,Retired,861600,2024-04-10
1279,Vikas Verma,39,Male,Jaipur,Rajasthan,Salaried,455600,2018-04-01
1280,Pooja Joshi,34,Female,Lucknow,Uttar Pradesh,Business,1538700,2023-01-05
1281,Arjun Kumar,39,Male,Delhi,Delhi,Salaried,294700,2020-04-21
1282,Simran Malhotra,45,Male,Mumbai,Maharashtra,Salaried,1154500,2018-09-05
1283,Karan Mehta,54,Male,Ludhiana,Punjab,Freelancer,374000,2021-11-14
1284,Sneha Singh,26,Female,Kolkata,West Bengal,Salaried,2115900,2018-05-20
1285,Aditya Agarwal,59,Male,Chennai,Tamil Nadu,Self-employed,320700,2019-10-25
1286,Nisha Gupta,21,Male,Lucknow,Uttar Pradesh,Salaried,1413500,2025-07-20
1287,Manish Mishra,36,Male,Ahmedabad,Gujarat,Salaried,717100,2016-09-13
1288,Kavita Yadav,44,Female,Patna,Bihar,Salaried,613000,2016-05-07
1289,Rahul Sharma,41,Female,Kolkata,West Bengal,Salaried,830500,2019-10-14
1290,Priya Patel,32,Male,Jaipur,Rajasthan,Salaried,1061700,2019-03-25
1291,Amit Verma,36,Female,Mumbai,Maharashtra,Business,456100,2021-10-05
1292,Neha Joshi,33,Female,Delhi,Delhi,Self-employed,478900,2023-03-14
1293,Rohit Kumar,32,Female,Mumbai,Maharashtra,Salaried,1072100,2021-05-25
1294,Anjali Malhotra,46,Female,Kolkata,West Bengal,Salaried,293300,2017-07-09
1295,Vikas Mehta,42,Male,Ahmedabad,Gujarat,Freelancer,543900,2023-08-03
1296,Pooja Singh,31,Male,Mumbai,Maharashtra,Freelancer,3993600,2023-05-24
1297,Arjun Agarwal,47,Female,Ahmedabad,Gujarat,Business,440400,2024-08-13
1298,Simran Gupta,41,Male,Patna,Bihar,Freelancer,1410000,2022-01-14
1299,Karan Mishra,46,Female,Jaipur,Rajasthan,Salaried,543400,2016-03-25
1300,Sneha Yadav,44,Male,Hyderabad,Telangana,Salaried,992300,2016-11-17
1301,Aditya Sharma,30,Female,Bengaluru,Karnataka,Self-employed,1074900,2022-06-14
1302,Nisha Patel,32,Female,Hyderabad,Telangana,Self-employed,1395500,2020-04-02
1303,Manish Verma,45,Male,Bhopal,Madhya Pradesh,Self-employed,671800,2016-10-10
1304,Kavita Joshi,44,Male,Kolkata,West Bengal,Salaried,2239400,2024-07-10
1305,Rahul Kumar,38,Female,Kolkata,West Bengal,Retired,542400,2024-05-08
1306,Priya Malhotra,39,Female,Mumbai,Maharashtra,Business,853100,2021-04-01
1307,Amit Mehta,51,Male,Bhopal,Madhya Pradesh,Salaried,858300,2021-12-21
1308,Neha Singh,32,Female,Kolkata,West Bengal,Business,404600,2017-09-05
1309,Rohit Agarwal,43,Male,Bhopal,Madhya Pradesh,Salaried,640900,2023-05-20
1310,Anjali Gupta,36,Male,Kochi,Kerala,Salaried,819700,2019-11-28
1311,Vikas Mishra,36,Female,Mumbai,Maharashtra,Salaried,591300,2020-02-25
1312,Pooja Yadav,49,Female,Delhi,Delhi,Salaried,2871500,2025-01-06
1313,Arjun Sharma,46,Female,Mumbai,Maharashtra,Salaried,472900,2016-08-16
1314,Simran Patel,46,Female,Lucknow,Uttar Pradesh,Business,1434800,2021-01-03
1315,Karan Verma,51,Male,Kolkata,West Bengal,Salaried,1201300,2025-08-24
1316,Sneha Joshi,38,Female,Delhi,Delhi,Self-employed,744300,2024-05-03
1317,Aditya Kumar,45,Male,Patna,Bihar,Salaried,466000,2019-08-22
1318,Nisha Malhotra,35,Male,Bengaluru,Karnataka,Salaried,491500,2021-04-16
1319,Manish Mehta,41,Male,Mumbai,Maharashtra,Freelancer,564100,2016-04-28
1320,Kavita Singh,37,Male,Jaipur,Rajasthan,Self-employed,280900,2024-03-04
1321,Rahul Agarwal,39,Male,Mumbai,Maharashtra,Retired,431900,2022-06-29
1322,Priya Gupta,44,Male,Kochi,Kerala,Retired,331900,2018-07-09
1323,Amit Mishra,30,Male,Bengaluru,Karnataka,Salaried,1572300,2022-01-15
1324,Neha Yadav,59,Male,Mumbai,Maharashtra,Salaried,1053900,2022-04-05
1325,Rohit Sharma,28,Female,Kolkata,West Bengal,Freelancer,1155600,2022-09-09
1326,Anjali Patel,26,Male,Hyderabad,Telangana,Retired,1036800,2016-11-15
1327,Vikas Verma,50,Male,Chennai,Tamil Nadu,Self-employed,822100,2024-12-04
1328,Pooja Joshi,46,Female,Mumbai,Maharashtra,Business,1674800,2022-06-14
1329,Arjun Kumar,44,Female,Lucknow,Uttar Pradesh,Business,536000,2022-04-15
1330,Simran Malhotra,44,Female,Mumbai,Maharashtra,Salaried,795300,2023-01-29
1331,Karan Mehta,38,Male,Mumbai,Maharashtra,Self-employed,1131100,2017-12-01
1332,Sneha Singh,29,Female,Ludhiana,Punjab,Freelancer,362600,2025-10-17
1333,Aditya Agarwal,39,Male,Chennai,Tamil Nadu,Business,4118300,2022-09-07
1334,Nisha Gupta,31,Male,Chennai,Tamil Nadu,Salaried,761900,2023-05-23
1335,Manish Mishra,48,Male,Delhi,Delhi,Salaried,810900,2018-10-14
1336,Kavita Yadav,37,Female,Bhubaneswar,Odisha,Salaried,1497200,2017-02-09
1337,Rahul Sharma,30,Male,Hyderabad,Telangana,Salaried,1240500,2024-05-05
1338,Priya Patel,35,Male,Hyderabad,Telangana,Freelancer,765900,2019-04-19
1339,Amit Verma,42,Male,Bhubaneswar,Odisha,Salaried,805600,2021-08-30
1340,Neha Joshi,32,Female,Hyderabad,Telangana,Salaried,327900,2020-08-25
1341,Rohit Kumar,30,Female,Ludhiana,Punjab,Salaried,552300,2020-05-25
1342,Anjali Malhotra,40,Male,Ludhiana,Punjab,Self-employed,996800,2016-06-03
1343,Vikas Mehta,40,Female,Jaipur,Rajasthan,Self-employed,957400,2021-01-25
1344,Pooja Singh,33,Male,Bengaluru,Karnataka,Salaried,1468100,2018-05-16
1345,Arjun Agarwal,33,Female,Bhubaneswar,Odisha,Salaried,701900,2017-07-12
1346,Simran Gupta,40,Male,Mumbai,Maharashtra,Salaried,349700,2016-07-12
1347,Karan Mishra,24,Female,Gurugram,Haryana,Self-employed,1341100,2025-01-08
1348,Sneha Yadav,24,Male,Lucknow,Uttar Pradesh,Salaried,1652300,2022-09-12
1349,Aditya Sharma,31,Female,Mumbai,Maharashtra,Retired,1229200,2022-05-16
1350,Nisha Patel,36,Male,Kolkata,West Bengal,Self-employed,685400,2024-04-15
1351,Manish Verma,41,Male,Mumbai,Maharashtra,Salaried,1332100,2018-10-30
1352,Kavita Joshi,53,Male,Jaipur,Rajasthan,Business,4944200,2019-10-31
1353,Rahul Kumar,47,Female,Jaipur,Rajasthan,Salaried,799000,2022-11-24
1354,Priya Malhotra,36,Male,Kolkata,West Bengal,Business,364500,2022-01-08
1355,Amit Mehta,38,Female,Jaipur,Rajasthan,Salaried,543300,2024-09-30
1356,Neha Singh,28,Male,Lucknow,Uttar Pradesh,Self-employed,1057900,2021-07-24
1357,Rohit Agarwal,38,Female,Kochi,Kerala,Business,310300,2018-03-12
1358,Anjali Gupta,35,Female,Gurugram,Haryana,Freelancer,823200,2017-07-06
1359,Vikas Mishra,41,Female,Bhubaneswar,Odisha,Salaried,924500,2019-12-18
1360,Pooja Yadav,30,Female,Kochi,Kerala,Salaried,1744800,2020-03-26
1361,Arjun Sharma,43,Female,Delhi,Delhi,Self-employed,1541800,2017-12-30
1362,Simran Patel,53,Male,Bengaluru,Karnataka,Freelancer,1206600,2023-01-04
1363,Karan Verma,37,Female,Kolkata,West Bengal,Freelancer,228300,2018-10-09
1364,Sneha Joshi,42,Male,Patna,Bihar,Salaried,1244700,2016-06-19
1365,Aditya Kumar,45,Female,Chennai,Tamil Nadu,Salaried,1105600,2018-04-29
1366,Nisha Malhotra,34,Female,Ahmedabad,Gujarat,Self-employed,863400,2018-03-04
1367,Manish Mehta,40,Male,Kochi,Kerala,Salaried,289600,2020-05-07
1368,Kavita Singh,38,Male,Jaipur,Rajasthan,Salaried,489200,2016-05-04
1369,Rahul Agarwal,39,Male,Delhi,Delhi,Salaried,394800,2016-06-23
1370,Priya Gupta,30,Female,Delhi,Delhi,Self-employed,247600,2022-12-26
1371,Amit Mishra,38,Female,Kolkata,West Bengal,Retired,748800,2020-12-05
1372,Neha Yadav,43,Female,Mumbai,Maharashtra,Retired,483600,2025-06-18
1373,Rohit Sharma,53,Female,Bengaluru,Karnataka,Salaried,3177900,2023-07-21
1374,Anjali Patel,48,Female,Lucknow,Uttar Pradesh,Self-employed,683500,2025-12-21
1375,Vikas Verma,60,Male,Hyderabad,Telangana,Freelancer,1527900,2016-04-15
1376,Pooja Joshi,30,Male,Mumbai,Maharashtra,Salaried,316400,2021-05-24
1377,Arjun Kumar,47,Female,Mumbai,Maharashtra,Business,560300,2020-07-18
1378,Simran Malhotra,40,Female,Mumbai,Maharashtra,Salaried,791100,2023-01-19
1379,Karan Mehta,60,Female,Bhopal,Madhya Pradesh,Salaried,455100,2016-02-07
1380,Sneha Singh,30,Male,Ludhiana,Punjab,Salaried,594600,2017-01-29
1381,Aditya Agarwal,30,Male,Delhi,Delhi,Salaried,665300,2018-07-09
1382,Nisha Gupta,32,Male,Mumbai,Maharashtra,Business,659500,2022-11-29
1383,Manish Mishra,21,Male,Bhopal,Madhya Pradesh,Salaried,2080600,2020-01-30
1384,Kavita Yadav,33,Male,Delhi,Delhi,Salaried,923400,2017-12-22
1385,Rahul Sharma,30,Female,Ahmedabad,Gujarat,Salaried,976300,2025-10-16
1386,Priya Patel,40,Male,Kolkata,West Bengal,Freelancer,1009200,2021-07-23
1387,Amit Verma,41,Female,Lucknow,Uttar Pradesh,Self-employed,1050500,2022-06-20
1388,Neha Joshi,57,Male,Lucknow,Uttar Pradesh,Self-employed,716600,2019-08-01
1389,Rohit Kumar,48,Female,Chennai,Tamil Nadu,Self-employed,628700,2025-09-05
1390,Anjali Malhotra,32,Male,Hyderabad,Telangana,Salaried,822100,2021-07-22
1391,Vikas Mehta,29,Male,Lucknow,Uttar Pradesh,Salaried,1417000,2020-08-30
1392,Pooja Singh,43,Male,Ludhiana,Punjab,Business,1393400,2025-02-17
1393,Arjun Agarwal,25,Female,Ludhiana,Punjab,Salaried,657100,2020-06-21
1394,Simran Gupta,56,Female,Lucknow,Uttar Pradesh,Salaried,1144100,2019-12-23
1395,Karan Mishra,50,Male,Patna,Bihar,Business,673900,2016-12-30
1396,Sneha Yadav,33,Male,Lucknow,Uttar Pradesh,Salaried,764100,2022-02-06
1397,Aditya Sharma,21,Female,Bhopal,Madhya Pradesh,Salaried,578000,2018-01-03
1398,Nisha Patel,52,Male,Mumbai,Maharashtra,Self-employed,678700,2024-01-02
1399,Manish Verma,37,Male,Ahmedabad,Gujarat,Salaried,1568400,2024-04-29
1400,Kavita Joshi,50,Female,Gurugram,Haryana,Business,789100,2023-06-01
1401,Rahul Kumar,22,Female,Mumbai,Maharashtra,Self-employed,807900,2016-08-31
1402,Priya Malhotra,32,Male,Ahmedabad,Gujarat,Self-employed,338400,2016-11-08
1403,Amit Mehta,38,Male,Kochi,Kerala,Business,632700,2016-03-16
1404,Neha Singh,38,Female,Ludhiana,Punjab,Salaried,656800,2022-04-28
1405,Rohit Agarwal,33,Male,Patna,Bihar,Salaried,475300,2016-08-18
1406,Anjali Gupta,44,Male,Kolkata,West Bengal,Salaried,759000,2023-07-13
1407,Vikas Mishra,27,Female,Kolkata,West Bengal,Salaried,592300,2025-06-13
1408,Pooja Yadav,37,Female,Bhopal,Madhya Pradesh,Retired,783700,2023-05-17
1409,Arjun Sharma,39,Male,Ahmedabad,Gujarat,Business,801800,2025-04-03
1410,Simran Patel,43,Other,Gurugram,Haryana,Salaried,443400,2019-11-12
1411,Karan Verma,45,Female,Chennai,Tamil Nadu,Salaried,602300,2023-09-05
1412,Sneha Joshi,27,Male,Bengaluru,Karnataka,Salaried,782600,2019-09-10
1413,Aditya Kumar,23,Other,Bhubaneswar,Odisha,Salaried,1438600,2018-04-21
1414,Nisha Malhotra,51,Male,Kolkata,West Bengal,Salaried,863700,2024-01-05
1415,Manish Mehta,41,Male,Delhi,Delhi,Self-employed,521100,2020-01-19
1416,Kavita Singh,31,Female,Hyderabad,Telangana,Freelancer,934000,2025-10-23
1417,Rahul Agarwal,54,Male,Delhi,Delhi,Business,1918400,2025-05-07
1418,Priya Gupta,39,Male,Delhi,Delhi,Salaried,1241700,2017-05-30
1419,Amit Mishra,50,Male,Kochi,Kerala,Salaried,1013500,2022-10-25
1420,Neha Yadav,39,Male,Ludhiana,Punjab,Self-employed,1117800,2020-04-21
1421,Rohit Sharma,59,Female,Hyderabad,Telangana,Business,1655800,2023-03-15
1422,Anjali Patel,56,Female,Bhubaneswar,Odisha,Freelancer,1355200,2022-04-28
1423,Vikas Verma,36,Other,Gurugram,Haryana,Freelancer,1024300,2023-08-28
1424,Pooja Joshi,48,Male,Jaipur,Rajasthan,Self-employed,1350000,2018-03-29
1425,Arjun Kumar,44,Male,Lucknow,Uttar Pradesh,Business,413700,2024-05-07
1426,Simran Malhotra,52,Male,Lucknow,Uttar Pradesh,Salaried,328300,2025-09-04
1427,Karan Mehta,28,Male,Hyderabad,Telangana,Self-employed,817700,2023-12-24
1428,Sneha Singh,45,Male,Chennai,Tamil Nadu,Salaried,778900,2017-08-30
1429,Aditya Agarwal,49,Female,Bhopal,Madhya Pradesh,Salaried,556100,2024-02-05
1430,Nisha Gupta,21,Female,Chennai,Tamil Nadu,Self-employed,1181200,2025-01-11
1431,Manish Mishra,26,Female,Chennai,Tamil Nadu,Salaried,269200,2017-06-06
1432,Kavita Yadav,21,Male,Jaipur,Rajasthan,Salaried,558900,2020-12-06
1433,Rahul Sharma,35,Female,Ludhiana,Punjab,Salaried,574400,2019-04-27
1434,Priya Patel,45,Male,Bengaluru,Karnataka,Salaried,304900,2024-12-24
1435,Amit Verma,53,Male,Bhubaneswar,Odisha,Salaried,1706500,2018-11-02
1436,Neha Joshi,39,Female,Gurugram,Haryana,Salaried,355100,2016-06-10
1437,Rohit Kumar,54,Female,Chennai,Tamil Nadu,Salaried,542700,2025-12-22
1438,Anjali Malhotra,24,Male,Mumbai,Maharashtra,Salaried,1235800,2020-02-25
1439,Vikas Mehta,21,Male,Hyderabad,Telangana,Retired,1070000,2025-08-07
1440,Pooja Singh,37,Male,Kochi,Kerala,Salaried,407700,2021-08-14
1441,Arjun Agarwal,42,Female,Kochi,Kerala,Salaried,1091600,2021-07-24
1442,Simran Gupta,38,Male,Kolkata,West Bengal,Self-employed,879600,2016-07-20
1443,Karan Mishra,21,Female,Ahmedabad,Gujarat,Freelancer,2706000,2022-09-29
1444,Sneha Yadav,37,Male,Jaipur,Rajasthan,Business,936600,2018-11-01
1445,Aditya Sharma,25,Male,Bengaluru,Karnataka,Salaried,693900,2018-08-05
1446,Nisha Patel,45,Male,Bhubaneswar,Odisha,Self-employed,468200,2019-11-21
1447,Manish Verma,42,Male,Lucknow,Uttar Pradesh,Business,498100,2019-09-26
1448,Kavita Joshi,29,Male,Bhubaneswar,Odisha,Business,476200,2018-01-21
1449,Rahul Kumar,33,Female,Lucknow,Uttar Pradesh,Business,1594300,2018-08-07
1450,Priya Malhotra,27,Female,Kolkata,West Bengal,Freelancer,757400,2022-08-17
1451,Amit Mehta,37,Female,Bhopal,Madhya Pradesh,Freelancer,1023500,2025-06-11
1452,Neha Singh,48,Female,Delhi,Delhi,Self-employed,1724900,2019-06-02
1453,Rohit Agarwal,28,Female,Gurugram,Haryana,Salaried,205000,2019-04-20
1454,Anjali Gupta,43,Female,Kolkata,West Bengal,Self-employed,1515400,2019-08-13
1455,Vikas Mishra,33,Female,Ludhiana,Punjab,Business,773200,2019-08-23
1456,Pooja Yadav,30,Male,Bhubaneswar,Odisha,Salaried,952700,2017-03-06
1457,Arjun Sharma,37,Male,Jaipur,Rajasthan,Retired,475500,2023-06-30
1458,Simran Patel,28,Male,Lucknow,Uttar Pradesh,Salaried,495100,2021-12-05
1459,Karan Verma,32,Male,Jaipur,Rajasthan,Self-employed,981400,2025-05-16
1460,Sneha Joshi,26,Male,Gurugram,Haryana,Freelancer,2783900,2017-08-10
1461,Aditya Kumar,58,Female,Patna,Bihar,Salaried,1302300,2024-07-14
1462,Nisha Malhotra,38,Male,Chennai,Tamil Nadu,Self-employed,1504300,2022-03-24
1463,Manish Mehta,31,Male,Patna,Bihar,Salaried,674800,2025-05-20
1464,Kavita Singh,40,Male,Hyderabad,Telangana,Salaried,539100,2025-03-19
1465,Rahul Agarwal,37,Male,Ahmedabad,Gujarat,Salaried,488200,2019-06-17
1466,Priya Gupta,36,Male,Ludhiana,Punjab,Salaried,573400,2022-07-23
1467,Amit Mishra,44,Male,Delhi,Delhi,Salaried,242500,2016-05-20
1468,Neha Yadav,46,Male,Delhi,Delhi,Retired,503400,2016-07-22
1469,Rohit Sharma,33,Male,Lucknow,Uttar Pradesh,Retired,551100,2018-09-30
1470,Anjali Patel,32,Female,Jaipur,Rajasthan,Salaried,681000,2020-07-23
1471,Vikas Verma,35,Female,Lucknow,Uttar Pradesh,Business,806400,2018-05-10
1472,Pooja Joshi,21,Male,Mumbai,Maharashtra,Salaried,915500,2018-04-24
1473,Arjun Kumar,23,Male,Bhopal,Madhya Pradesh,Salaried,743900,2024-04-30
1474,Simran Malhotra,52,Male,Bhopal,Madhya Pradesh,Salaried,544700,2025-02-22
1475,Karan Mehta,54,Female,Bhubaneswar,Odisha,Retired,254700,2022-06-18
1476,Sneha Singh,36,Male,Delhi,Delhi,Retired,546600,2025-07-21
1477,Aditya Agarwal,44,Male,Delhi,Delhi,Salaried,439300,2021-04-22
1478,Nisha Gupta,41,Female,Ahmedabad,Gujarat,Salaried,969100,2016-05-16
1479,Manish Mishra,69,Male,Kolkata,West Bengal,Salaried,1236700,2020-07-09
1480,Kavita Yadav,49,Male,Chennai,Tamil Nadu,Self-employed,1256800,2022-07-26
1481,Rahul Sharma,37,Male,Kochi,Kerala,Self-employed,1137300,2024-11-06
1482,Priya Patel,28,Female,Mumbai,Maharashtra,Salaried,696900,2020-08-17
1483,Amit Verma,22,Female,Ludhiana,Punjab,Business,562800,2022-01-29
1484,Neha Joshi,40,Female,Patna,Bihar,Salaried,497300,2019-02-27
1485,Rohit Kumar,30,Male,Delhi,Delhi,Freelancer,327300,2016-03-19
1486,Anjali Malhotra,24,Male,Chennai,Tamil Nadu,Business,1294100,2018-09-05
1487,Vikas Mehta,32,Female,Chennai,Tamil Nadu,Salaried,681300,2017-07-22
1488,Pooja Singh,27,Female,Kochi,Kerala,Business,377900,2023-12-20
1489,Arjun Agarwal,55,Male,Kochi,Kerala,Business,476000,2021-10-05
1490,Simran Gupta,47,Female,Gurugram,Haryana,Salaried,465600,2025-07-03
1491,Karan Mishra,38,Male,Kolkata,West Bengal,Salaried,768000,2022-08-07
1492,Sneha Yadav,53,Male,Lucknow,Uttar Pradesh,Retired,1349100,2025-04-29
1493,Aditya Sharma,39,Female,Jaipur,Rajasthan,Salaried,619400,2016-05-13
1494,Nisha Patel,29,Male,Bhubaneswar,Odisha,Salaried,217300,2021-08-23
1495,Manish Verma,53,Female,Delhi,Delhi,Self-employed,675900,2016-10-09
1496,Kavita Joshi,43,Male,Kolkata,West Bengal,Business,688300,2023-10-24
1497,Rahul Kumar,28,Male,Ludhiana,Punjab,Business,662700,2025-07-24
1498,Priya Malhotra,36,Female,Delhi,Delhi,Freelancer,531100,2016-05-06
1499,Amit Mehta,29,Female,Patna,Bihar,Self-employed,845300,2021-07-19
1500,Neha Singh,24,Male,Patna,Bihar,Salaried,777800,2020-11-30
1501,Rohit Agarwal,47,Male,Mumbai,Maharashtra,Self-employed,739800,2021-01-23
1502,Anjali Gupta,57,Female,Bengaluru,Karnataka,Business,941100,2016-08-05
1503,Vikas Mishra,24,Male,Ahmedabad,Gujarat,Salaried,592100,2018-01-14
1504,Pooja Yadav,44,Female,Bengaluru,Karnataka,Salaried,573900,2023-06-20
1505,Arjun Sharma,31,Female,Mumbai,Maharashtra,Salaried,1602200,2025-09-30
1506,Simran Patel,33,Male,Bhubaneswar,Odisha,Self-employed,1020200,2024-05-02
1507,Karan Verma,32,Male,Chennai,Tamil Nadu,Freelancer,1181900,2016-09-16
1508,Sneha Joshi,29,Male,Hyderabad,Telangana,Business,1472100,2019-05-26
1509,Aditya Kumar,38,Female,Bhopal,Madhya Pradesh,Retired,1001600,2021-01-17
1510,Nisha Malhotra,30,Male,Kolkata,West Bengal,Salaried,1249700,2020-08-08
1511,Manish Mehta,41,Male,Bengaluru,Karnataka,Freelancer,314600,2020-02-21
1512,Kavita Singh,37,Male,Jaipur,Rajasthan,Business,839100,2020-01-06
1513,Rahul Agarwal,36,Female,Delhi,Delhi,Salaried,678300,2016-04-08
1514,Priya Gupta,29,Male,Bhopal,Madhya Pradesh,Retired,1887100,2016-06-30
1515,Amit Mishra,32,Male,Jaipur,Rajasthan,Salaried,1249200,2022-01-25
1516,Neha Yadav,46,Female,Lucknow,Uttar Pradesh,Freelancer,530200,2022-03-30
1517,Rohit Sharma,43,Female,Delhi,Delhi,Freelancer,920700,2018-08-13
1518,Anjali Patel,28,Female,Kolkata,West Bengal,Business,822500,2019-01-21
1519,Vikas Verma,39,Male,Bhubaneswar,Odisha,Self-employed,962900,2017-04-16
1520,Pooja Joshi,46,Male,Jaipur,Rajasthan,Salaried,428300,2020-03-19
1521,Arjun Kumar,21,Female,Delhi,Delhi,Self-employed,914200,2019-01-13
1522,Simran Malhotra,43,Male,Ahmedabad,Gujarat,Salaried,661600,2017-11-09
1523,Karan Mehta,31,Female,Delhi,Delhi,Business,876000,2020-03-22
1524,Sneha Singh,44,Female,Lucknow,Uttar Pradesh,Business,503500,2017-01-15
1525,Aditya Agarwal,30,Male,Jaipur,Rajasthan,Freelancer,543600,2025-07-10
1526,Nisha Gupta,21,Female,Gurugram,Haryana,Salaried,1430400,2019-06-09
1527,Manish Mishra,22,Female,Lucknow,Uttar Pradesh,Business,420600,2022-04-17
1528,Kavita Yadav,38,Male,Ludhiana,Punjab,Retired,438000,2024-08-22
1529,Rahul Sharma,41,Female,Kolkata,West Bengal,Business,729000,2022-06-24
1530,Priya Patel,29,Male,Ahmedabad,Gujarat,Salaried,490600,2022-02-18
1531,Amit Verma,44,Male,Ludhiana,Punjab,Salaried,461000,2020-07-16
1532,Neha Joshi,21,Male,Kolkata,West Bengal,Salaried,794600,2024-03-03
1533,Rohit Kumar,37,Female,Kolkata,West Bengal,Self-employed,327800,2023-04-02
1534,Anjali Malhotra,26,Female,Mumbai,Maharashtra,Self-employed,430800,2023-04-08
1535,Vikas Mehta,31,Male,Mumbai,Maharashtra,Retired,2321200,2025-03-25
1536,Pooja Singh,38,Male,Gurugram,Haryana,Salaried,965600,2025-05-22
1537,Arjun Agarwal,29,Female,Chennai,Tamil Nadu,Salaried,497400,2020-04-29
1538,Simran Gupta,34,Male,Ludhiana,Punjab,Self-employed,944000,2018-02-03
1539,Karan Mishra,48,Female,Mumbai,Maharashtra,Business,1024600,2025-08-25
1540,Sneha Yadav,32,Male,Delhi,Delhi,Retired,1296000,2024-01-11
1541,Aditya Sharma,46,Male,Mumbai,Maharashtra,Business,699300,2018-09-17
1542,Nisha Patel,27,Male,Bhopal,Madhya Pradesh,Salaried,1283200,2020-05-05
1543,Manish Verma,43,Female,Bhopal,Madhya Pradesh,Self-employed,244400,2022-12-28
1544,Kavita Joshi,52,Male,Gurugram,Haryana,Freelancer,419500,2021-10-13
1545,Rahul Kumar,21,Female,Kochi,Kerala,Self-employed,820700,2025-12-16
1546,Priya Malhotra,30,Male,Kochi,Kerala,Salaried,899100,2022-03-19
1547,Amit Mehta,44,Male,Gurugram,Haryana,Salaried,454200,2017-04-10
1548,Neha Singh,36,Male,Ludhiana,Punjab,Salaried,865000,2021-10-20
1549,Rohit Agarwal,42,Female,Delhi,Delhi,Business,532200,2018-06-06
1550,Anjali Gupta,32,Female,Delhi,Delhi,Salaried,644000,2022-11-26
1551,Vikas Mishra,39,Male,Lucknow,Uttar Pradesh,Salaried,1317800,2023-05-26
1552,Pooja Yadav,36,Male,Kolkata,West Bengal,Salaried,1236400,2016-01-19
1553,Arjun Sharma,50,Male,Kolkata,West Bengal,Self-employed,433400,2023-01-13
1554,Simran Patel,41,Male,Hyderabad,Telangana,Salaried,419300,2018-02-22
1555,Karan Verma,41,Male,Lucknow,Uttar Pradesh,Business,598200,2020-09-02
1556,Sneha Joshi,34,Female,Patna,Bihar,Salaried,739000,2017-02-18
1557,Aditya Kumar,33,Female,Hyderabad,Telangana,Salaried,522300,2016-12-29
1558,Nisha Malhotra,34,Male,Kochi,Kerala,Self-employed,1329300,2023-01-19
1559,Manish Mehta,42,Male,Patna,Bihar,Salaried,907900,2019-01-08
1560,Kavita Singh,34,Female,Bhopal,Madhya Pradesh,Salaried,937700,2018-03-06
1561,Rahul Agarwal,41,Female,Patna,Bihar,Salaried,373700,2019-04-28
1562,Priya Gupta,59,Male,Jaipur,Rajasthan,Freelancer,1425200,2019-03-17
1563,Amit Mishra,47,Male,Patna,Bihar,Business,180000,2020-08-25
1564,Neha Yadav,35,Male,Chennai,Tamil Nadu,Salaried,1186500,2017-03-18
1565,Rohit Sharma,50,Male,Jaipur,Rajasthan,Salaried,1253800,2022-05-01
1566,Anjali Patel,34,Male,Kolkata,West Bengal,Retired,591300,2017-10-11
1567,Vikas Verma,21,Male,Bhubaneswar,Odisha,Business,1510500,2017-05-23
1568,Pooja Joshi,28,Female,Patna,Bihar,Salaried,724400,2025-03-26
1569,Arjun Kumar,21,Male,Kochi,Kerala,Business,776200,2017-04-10
1570,Simran Malhotra,34,Male,Bengaluru,Karnataka,Business,904000,2022-08-09
1571,Karan Mehta,38,Male,Bhopal,Madhya Pradesh,Business,4327300,2019-11-23
1572,Sneha Singh,55,Female,Bengaluru,Karnataka,Self-employed,1571100,2022-12-15
1573,Aditya Agarwal,41,Female,Bengaluru,Karnataka,Salaried,1102900,2023-02-02
1574,Nisha Gupta,36,Male,Bhopal,Madhya Pradesh,Salaried,454000,2021-01-13
1575,Manish Mishra,46,Male,Chennai,Tamil Nadu,Freelancer,811600,2020-02-12
1576,Kavita Yadav,21,Female,Ahmedabad,Gujarat,Self-employed,479600,2024-11-13
1577,Rahul Sharma,40,Male,Ahmedabad,Gujarat,Salaried,1178800,2020-06-14
1578,Priya Patel,46,Male,Kolkata,West Bengal,Freelancer,810200,2019-01-19
1579,Amit Verma,23,Male,Jaipur,Rajasthan,Freelancer,404100,2017-12-23
1580,Neha Joshi,49,Male,Kolkata,West Bengal,Retired,784200,2018-04-21
1581,Rohit Kumar,41,Male,Mumbai,Maharashtra,Freelancer,470100,2022-06-05
1582,Anjali Malhotra,34,Female,Bengaluru,Karnataka,Retired,815000,2022-01-30
1583,Vikas Mehta,44,Female,Mumbai,Maharashtra,Salaried,467600,2017-10-07
1584,Pooja Singh,61,Male,Jaipur,Rajasthan,Freelancer,761400,2025-06-06
1585,Arjun Agarwal,40,Female,Ahmedabad,Gujarat,Business,1133200,2016-01-24
1586,Simran Gupta,40,Male,Lucknow,Uttar Pradesh,Salaried,728400,2024-12-16
1587,Karan Mishra,33,Male,Ahmedabad,Gujarat,Salaried,604900,2017-12-31
1588,Sneha Yadav,30,Female,Hyderabad,Telangana,Retired,838700,2016-01-07
1589,Aditya Sharma,46,Female,Lucknow,Uttar Pradesh,Salaried,1100500,2024-06-04
1590,Nisha Patel,29,Male,Chennai,Tamil Nadu,Freelancer,407900,2024-11-06
1591,Manish Verma,39,Male,Ludhiana,Punjab,Salaried,865600,2020-06-08
1592,Kavita Joshi,33,Female,Jaipur,Rajasthan,Salaried,1548000,2024-01-04
1593,Rahul Kumar,43,Female,Gurugram,Haryana,Self-employed,1028200,2019-06-25
1594,Priya Malhotra,41,Female,Hyderabad,Telangana,Salaried,774200,2016-06-14
1595,Amit Mehta,48,Male,Bhopal,Madhya Pradesh,Business,1066300,2017-03-03
1596,Neha Singh,33,Male,Kolkata,West Bengal,Self-employed,961900,2022-01-01
1597,Rohit Agarwal,35,Male,Patna,Bihar,Salaried,1135200,2020-03-14
1598,Anjali Gupta,28,Male,Bhubaneswar,Odisha,Salaried,246400,2025-11-23
1599,Vikas Mishra,34,Female,Lucknow,Uttar Pradesh,Salaried,319200,2018-07-21
1600,Pooja Yadav,42,Male,Jaipur,Rajasthan,Salaried,1303400,2022-12-31
1601,Arjun Sharma,46,Male,Kolkata,West Bengal,Business,327700,2024-02-02
1602,Simran Patel,29,Female,Mumbai,Maharashtra,Salaried,935300,2025-01-04
1603,Karan Verma,47,Male,Bhopal,Madhya Pradesh,Salaried,618000,2023-05-16
1604,Sneha Joshi,52,Male,Chennai,Tamil Nadu,Self-employed,433600,2020-05-18
1605,Aditya Kumar,42,Female,Gurugram,Haryana,Salaried,909000,2021-10-24
1606,Nisha Malhotra,57,Female,Jaipur,Rajasthan,Salaried,837700,2020-07-24
1607,Manish Mehta,30,Female,Jaipur,Rajasthan,Salaried,2394100,2018-04-03
1608,Kavita Singh,26,Male,Bengaluru,Karnataka,Freelancer,531900,2019-09-04
1609,Rahul Agarwal,21,Female,Ludhiana,Punjab,Freelancer,1656000,2018-11-27
1610,Priya Gupta,53,Female,Patna,Bihar,Business,910400,2017-07-19
1611,Amit Mishra,45,Male,Jaipur,Rajasthan,Salaried,521400,2020-07-23
1612,Neha Yadav,37,Male,Ludhiana,Punjab,Salaried,1164000,2020-03-17
1613,Rohit Sharma,41,Female,Ahmedabad,Gujarat,Self-employed,1023800,2025-01-30
1614,Anjali Patel,27,Male,Chennai,Tamil Nadu,Business,764900,2019-03-09
1615,Vikas Verma,62,Female,Gurugram,Haryana,Retired,868300,2019-07-05
1616,Pooja Joshi,39,Male,Kochi,Kerala,Salaried,540100,2023-04-18
1617,Arjun Kumar,39,Male,Delhi,Delhi,Salaried,476200,2022-08-25
1618,Simran Malhotra,45,Male,Jaipur,Rajasthan,Business,1138800,2023-12-05
1619,Karan Mehta,43,Female,Lucknow,Uttar Pradesh,Freelancer,663100,2025-09-19
1620,Sneha Singh,40,Male,Delhi,Delhi,Freelancer,717700,2019-04-23
1621,Aditya Agarwal,30,Female,Kolkata,West Bengal,Business,874800,2016-10-29
1622,Nisha Gupta,43,Female,Kolkata,West Bengal,Retired,867800,2020-02-26
1623,Manish Mishra,57,Female,Ludhiana,Punjab,Self-employed,341700,2018-01-25
1624,Kavita Yadav,51,Female,Bhopal,Madhya Pradesh,Freelancer,1521600,2016-06-12
1625,Rahul Sharma,54,Female,Bengaluru,Karnataka,Retired,801700,2020-07-25
1626,Priya Patel,33,Male,Bengaluru,Karnataka,Freelancer,670900,2019-05-11
1627,Amit Verma,28,Female,Hyderabad,Telangana,Salaried,950500,2025-07-11
1628,Neha Joshi,37,Female,Delhi,Delhi,Salaried,854200,2019-05-18
1629,Rohit Kumar,39,Male,Ahmedabad,Gujarat,Self-employed,1143600,2021-02-25
1630,Anjali Malhotra,49,Male,Bhubaneswar,Odisha,Self-employed,1008200,2021-11-18
1631,Vikas Mehta,21,Female,Ludhiana,Punjab,Freelancer,1113100,2025-08-18
1632,Pooja Singh,53,Male,Ahmedabad,Gujarat,Salaried,1576700,2018-06-16
1633,Arjun Agarwal,36,Female,Kochi,Kerala,Salaried,1219300,2018-02-21
1634,Simran Gupta,34,Male,Delhi,Delhi,Business,686600,2021-06-17
1635,Karan Mishra,28,Male,Kolkata,West Bengal,Salaried,404400,2020-05-03
1636,Sneha Yadav,21,Female,Kolkata,West Bengal,Salaried,1876900,2022-08-12
1637,Aditya Sharma,46,Male,Hyderabad,Telangana,Salaried,658100,2025-01-23
1638,Nisha Patel,39,Male,Kochi,Kerala,Self-employed,578200,2017-12-27
1639,Manish Verma,25,Female,Gurugram,Haryana,Salaried,288600,2025-03-16
1640,Kavita Joshi,25,Male,Patna,Bihar,Freelancer,903500,2022-08-16
1641,Rahul Kumar,35,Female,Mumbai,Maharashtra,Salaried,814000,2023-12-19
1642,Priya Malhotra,55,Female,Lucknow,Uttar Pradesh,Freelancer,326000,2019-12-25
1643,Amit Mehta,35,Female,Ludhiana,Punjab,Self-employed,962300,2022-05-16
1644,Neha Singh,23,Male,Ahmedabad,Gujarat,Salaried,570200,2025-09-08
1645,Rohit Agarwal,36,Male,Bhopal,Madhya Pradesh,Salaried,3293600,2022-06-21
1646,Anjali Gupta,35,Female,Kochi,Kerala,Salaried,548400,2021-07-05
1647,Vikas Mishra,21,Female,Lucknow,Uttar Pradesh,Self-employed,590400,2019-01-05
1648,Pooja Yadav,37,Female,Hyderabad,Telangana,Salaried,463600,2018-03-26
1649,Arjun Sharma,36,Female,Chennai,Tamil Nadu,Salaried,1514600,2016-05-30
1650,Simran Patel,45,Male,Delhi,Delhi,Self-employed,611000,2025-06-29
1651,Karan Verma,56,Male,Gurugram,Haryana,Salaried,503400,2018-10-05
1652,Sneha Joshi,49,Male,Bhopal,Madhya Pradesh,Salaried,1106400,2020-02-28
1653,Aditya Kumar,35,Male,Ludhiana,Punjab,Business,351000,2019-08-13
1654,Nisha Malhotra,27,Male,Ahmedabad,Gujarat,Retired,1057700,2017-10-30
1655,Manish Mehta,64,Female,Kolkata,West Bengal,Salaried,1997900,2017-02-10
1656,Kavita Singh,39,Male,Ludhiana,Punjab,Salaried,1024200,2022-05-23
1657,Rahul Agarwal,38,Male,Lucknow,Uttar Pradesh,Retired,1065200,2025-10-04
1658,Priya Gupta,38,Male,Kolkata,West Bengal,Salaried,1210300,2024-02-12
1659,Amit Mishra,40,Female,Kochi,Kerala,Retired,1920600,2025-11-16
1660,Neha Yadav,37,Female,Chennai,Tamil Nadu,Salaried,1459000,2025-08-28
1661,Rohit Sharma,32,Female,Hyderabad,Telangana,Freelancer,955200,2017-05-06
1662,Anjali Patel,33,Female,Jaipur,Rajasthan,Salaried,1233000,2018-10-29
1663,Vikas Verma,38,Male,Hyderabad,Telangana,Retired,460700,2021-04-25
1664,Pooja Joshi,33,Female,Mumbai,Maharashtra,Salaried,1149400,2019-03-01
1665,Arjun Kumar,31,Male,Bhubaneswar,Odisha,Business,431400,2019-01-05
1666,Simran Malhotra,39,Male,Delhi,Delhi,Salaried,612900,2023-08-17
1667,Karan Mehta,35,Female,Chennai,Tamil Nadu,Salaried,180000,2021-12-18
1668,Sneha Singh,53,Female,Lucknow,Uttar Pradesh,Business,935300,2018-09-23
1669,Aditya Agarwal,21,Male,Chennai,Tamil Nadu,Self-employed,526300,2021-03-26
1670,Nisha Gupta,49,Male,Bhopal,Madhya Pradesh,Freelancer,1381900,2019-12-06
1671,Manish Mishra,50,Female,Bhubaneswar,Odisha,Salaried,929500,2019-01-18
1672,Kavita Yadav,21,Male,Jaipur,Rajasthan,Freelancer,1391800,2022-12-20
1673,Rahul Sharma,35,Male,Bengaluru,Karnataka,Salaried,413300,2023-04-23
1674,Priya Patel,34,Male,Bengaluru,Karnataka,Retired,1327700,2018-06-07
1675,Amit Verma,24,Male,Delhi,Delhi,Retired,2388200,2016-12-19
1676,Neha Joshi,30,Female,Jaipur,Rajasthan,Salaried,1141800,2022-05-07
1677,Rohit Kumar,27,Male,Kochi,Kerala,Freelancer,1158400,2019-11-16
1678,Anjali Malhotra,56,Male,Ahmedabad,Gujarat,Freelancer,823300,2017-03-07
1679,Vikas Mehta,47,Male,Ludhiana,Punjab,Salaried,562000,2018-01-08
1680,Pooja Singh,51,Female,Bhopal,Madhya Pradesh,Self-employed,1139900,2022-11-24
1681,Arjun Agarwal,45,Male,Patna,Bihar,Salaried,327600,2020-11-14
1682,Simran Gupta,27,Male,Jaipur,Rajasthan,Freelancer,596000,2019-08-24
1683,Karan Mishra,33,Male,Ahmedabad,Gujarat,Salaried,283200,2017-05-22
1684,Sneha Yadav,43,Female,Mumbai,Maharashtra,Salaried,509300,2016-02-24
1685,Aditya Sharma,26,Female,Bhubaneswar,Odisha,Salaried,1067600,2021-09-15
1686,Nisha Patel,45,Female,Gurugram,Haryana,Self-employed,990300,2018-06-18
1687,Manish Verma,36,Female,Kolkata,West Bengal,Freelancer,771300,2021-10-03
1688,Kavita Joshi,34,Female,Gurugram,Haryana,Retired,823700,2017-06-07
1689,Rahul Kumar,45,Female,Kolkata,West Bengal,Salaried,265800,2024-02-10
1690,Priya Malhotra,42,Male,Gurugram,Haryana,Salaried,611000,2017-04-07
1691,Amit Mehta,34,Male,Hyderabad,Telangana,Business,515600,2017-11-27
1692,Neha Singh,50,Female,Patna,Bihar,Self-employed,522000,2020-02-10
1693,Rohit Agarwal,27,Male,Ahmedabad,Gujarat,Salaried,1043000,2020-11-07
1694,Anjali Gupta,44,Male,Delhi,Delhi,Salaried,467200,2017-12-16
1695,Vikas Mishra,44,Female,Mumbai,Maharashtra,Self-employed,537800,2019-05-19
1696,Pooja Yadav,35,Male,Gurugram,Haryana,Salaried,238000,2025-01-10
1697,Arjun Sharma,41,Female,Gurugram,Haryana,Business,638000,2024-06-05
1698,Simran Patel,25,Female,Jaipur,Rajasthan,Self-employed,412300,2023-08-11
1699,Karan Verma,47,Male,Bhopal,Madhya Pradesh,Freelancer,783400,2021-01-20
1700,Sneha Joshi,36,Female,Mumbai,Maharashtra,Self-employed,444500,2025-11-20
1701,Aditya Kumar,33,Male,Hyderabad,Telangana,Salaried,794400,2018-09-15
1702,Nisha Malhotra,48,Male,Bengaluru,Karnataka,Freelancer,692600,2021-01-02
1703,Manish Mehta,31,Female,Kochi,Kerala,Self-employed,1881300,2016-07-30
1704,Kavita Singh,24,Female,Bhubaneswar,Odisha,Salaried,985900,2024-12-04
1705,Rahul Agarwal,22,Female,Lucknow,Uttar Pradesh,Self-employed,272700,2024-08-12
1706,Priya Gupta,44,Male,Bhubaneswar,Odisha,Salaried,374000,2018-01-23
1707,Amit Mishra,25,Female,Lucknow,Uttar Pradesh,Freelancer,773100,2024-09-20
1708,Neha Yadav,56,Male,Bengaluru,Karnataka,Self-employed,449700,2024-10-27
1709,Rohit Sharma,21,Female,Delhi,Delhi,Business,180000,2017-03-11
1710,Anjali Patel,55,Male,Bengaluru,Karnataka,Salaried,1575500,2021-03-16
1711,Vikas Verma,40,Female,Patna,Bihar,Salaried,1114500,2016-03-24
1712,Pooja Joshi,37,Male,Chennai,Tamil Nadu,Retired,998900,2019-05-20
1713,Arjun Kumar,33,Male,Bengaluru,Karnataka,Business,537000,2018-02-17
1714,Simran Malhotra,42,Male,Kolkata,West Bengal,Salaried,948900,2018-04-13
1715,Karan Mehta,38,Female,Jaipur,Rajasthan,Salaried,509100,2022-11-13
1716,Sneha Singh,49,Male,Kolkata,West Bengal,Salaried,839400,2021-05-14
1717,Aditya Agarwal,39,Female,Mumbai,Maharashtra,Business,452000,2016-06-25
1718,Nisha Gupta,40,Male,Lucknow,Uttar Pradesh,Business,1726800,2020-12-11
1719,Manish Mishra,34,Male,Patna,Bihar,Business,316200,2022-06-17
1720,Kavita Yadav,37,Male,Jaipur,Rajasthan,Self-employed,1477100,2020-09-13
1721,Rahul Sharma,41,Female,Kochi,Kerala,Business,766200,2024-11-04
1722,Priya Patel,21,Male,Bhubaneswar,Odisha,Salaried,573000,2020-09-20
1723,Amit Verma,25,Female,Delhi,Delhi,Salaried,822200,2016-07-04
1724,Neha Joshi,45,Female,Delhi,Delhi,Self-employed,1122600,2020-02-03
1725,Rohit Kumar,40,Female,Mumbai,Maharashtra,Retired,1590500,2021-06-02
1726,Anjali Malhotra,36,Male,Delhi,Delhi,Business,891000,2019-08-25
1727,Vikas Mehta,38,Female,Hyderabad,Telangana,Self-employed,459500,2016-09-02
1728,Pooja Singh,41,Female,Patna,Bihar,Self-employed,773300,2021-01-26
1729,Arjun Agarwal,33,Male,Ludhiana,Punjab,Retired,2037200,2024-05-22
1730,Simran Gupta,30,Female,Bhopal,Madhya Pradesh,Salaried,1573900,2017-01-18
1731,Karan Mishra,40,Male,Lucknow,Uttar Pradesh,Salaried,1236300,2024-07-10
1732,Sneha Yadav,28,Male,Delhi,Delhi,Retired,1161800,2016-10-11
1733,Aditya Sharma,42,Male,Hyderabad,Telangana,Freelancer,1101900,2024-04-15
1734,Nisha Patel,21,Male,Hyderabad,Telangana,Salaried,1418500,2018-09-14
1735,Manish Verma,48,Male,Ludhiana,Punjab,Self-employed,583400,2016-10-26
1736,Kavita Joshi,43,Male,Ahmedabad,Gujarat,Salaried,355900,2018-06-19
1737,Rahul Kumar,41,Female,Gurugram,Haryana,Salaried,779000,2019-12-30
1738,Priya Malhotra,48,Male,Hyderabad,Telangana,Retired,478400,2019-10-24
1739,Amit Mehta,55,Male,Gurugram,Haryana,Salaried,419800,2023-12-31
1740,Neha Singh,48,Male,Bengaluru,Karnataka,Freelancer,504700,2022-12-08
1741,Rohit Agarwal,21,Female,Patna,Bihar,Salaried,2942400,2022-10-19
1742,Anjali Gupta,25,Female,Hyderabad,Telangana,Self-employed,808300,2018-03-16
1743,Vikas Mishra,32,Female,Kolkata,West Bengal,Salaried,915200,2025-07-31
1744,Pooja Yadav,38,Female,Gurugram,Haryana,Business,382900,2022-02-06
1745,Arjun Sharma,43,Male,Gurugram,Haryana,Self-employed,272100,2024-01-09
1746,Simran Patel,31,Female,Chennai,Tamil Nadu,Self-employed,478000,2021-04-05
1747,Karan Verma,40,Male,Patna,Bihar,Salaried,1654200,2018-05-26
1748,Sneha Joshi,30,Male,Bengaluru,Karnataka,Salaried,901400,2017-11-24
1749,Aditya Kumar,32,Female,Ludhiana,Punjab,Salaried,1042400,2022-07-15
1750,Nisha Malhotra,24,Male,Lucknow,Uttar Pradesh,Salaried,1125800,2022-12-13
1751,Manish Mehta,29,Female,Ahmedabad,Gujarat,Self-employed,541800,2022-12-17
1752,Kavita Singh,24,Female,Mumbai,Maharashtra,Self-employed,1609100,2021-06-19
1753,Rahul Agarwal,28,Male,Kolkata,West Bengal,Self-employed,529600,2017-12-30
1754,Priya Gupta,49,Male,Gurugram,Haryana,Self-employed,1625400,2019-04-01
1755,Amit Mishra,29,Male,Gurugram,Haryana,Salaried,956600,2020-04-30
1756,Neha Yadav,64,Female,Mumbai,Maharashtra,Salaried,280400,2022-11-08
1757,Rohit Sharma,43,Female,Kochi,Kerala,Salaried,497000,2024-08-29
1758,Anjali Patel,40,Male,Gurugram,Haryana,Freelancer,281000,2016-04-14
1759,Vikas Verma,29,Male,Delhi,Delhi,Self-employed,1422100,2023-07-29
1760,Pooja Joshi,45,Female,Kolkata,West Bengal,Salaried,739900,2017-03-14
1761,Arjun Kumar,32,Female,Bengaluru,Karnataka,Salaried,220200,2020-03-01
1762,Simran Malhotra,39,Male,Mumbai,Maharashtra,Freelancer,922200,2019-09-13
1763,Karan Mehta,64,Male,Kolkata,West Bengal,Business,558200,2023-05-22
1764,Sneha Singh,37,Female,Lucknow,Uttar Pradesh,Business,331600,2025-11-21
1765,Aditya Agarwal,49,Male,Bhopal,Madhya Pradesh,Salaried,1887400,2017-05-23
1766,Nisha Gupta,31,Male,Lucknow,Uttar Pradesh,Salaried,795600,2016-09-07
1767,Manish Mishra,38,Female,Bhopal,Madhya Pradesh,Retired,638200,2024-03-31
1768,Kavita Yadav,56,Female,Bhubaneswar,Odisha,Business,602100,2019-04-29
1769,Rahul Sharma,32,Male,Kolkata,West Bengal,Salaried,326300,2021-09-25
1770,Priya Patel,56,Male,Bhubaneswar,Odisha,Freelancer,366000,2018-05-28
1771,Amit Verma,45,Male,Kolkata,West Bengal,Business,1520500,2019-06-28
1772,Neha Joshi,32,Male,Mumbai,Maharashtra,Salaried,577900,2018-10-14
1773,Rohit Kumar,44,Female,Delhi,Delhi,Salaried,759200,2023-09-23
1774,Anjali Malhotra,48,Male,Mumbai,Maharashtra,Salaried,243600,2024-01-11
1775,Vikas Mehta,44,Female,Lucknow,Uttar Pradesh,Salaried,363300,2016-03-04
1776,Pooja Singh,22,Female,Lucknow,Uttar Pradesh,Business,1048900,2016-11-15
1777,Arjun Agarwal,31,Male,Jaipur,Rajasthan,Salaried,923200,2018-05-09
1778,Simran Gupta,36,Male,Patna,Bihar,Business,1967300,2023-09-28
1779,Karan Mishra,37,Male,Bengaluru,Karnataka,Retired,1569800,2020-03-27
1780,Sneha Yadav,44,Female,Patna,Bihar,Salaried,660600,2025-03-17
1781,Aditya Sharma,40,Female,Bhopal,Madhya Pradesh,Self-employed,972800,2021-09-07
1782,Nisha Patel,25,Male,Chennai,Tamil Nadu,Business,630100,2020-08-01
1783,Manish Verma,42,Female,Ludhiana,Punjab,Business,2322100,2017-03-12
1784,Kavita Joshi,44,Female,Jaipur,Rajasthan,Business,1411000,2021-06-12
1785,Rahul Kumar,44,Female,Gurugram,Haryana,Salaried,823400,2020-06-08
1786,Priya Malhotra,49,Male,Mumbai,Maharashtra,Self-employed,837400,2018-02-01
1787,Amit Mehta,46,Female,Jaipur,Rajasthan,Self-employed,1660300,2018-01-05
1788,Neha Singh,43,Female,Patna,Bihar,Retired,1031600,2024-07-15
1789,Rohit Agarwal,37,Male,Kolkata,West Bengal,Salaried,1767500,2025-07-20
1790,Anjali Gupta,21,Male,Delhi,Delhi,Freelancer,224400,2022-11-03
1791,Vikas Mishra,42,Male,Bengaluru,Karnataka,Salaried,966600,2017-09-24
1792,Pooja Yadav,40,Male,Mumbai,Maharashtra,Retired,564900,2020-04-27
1793,Arjun Sharma,41,Male,Bengaluru,Karnataka,Business,1970600,2024-08-11
1794,Simran Patel,25,Female,Gurugram,Haryana,Self-employed,1755600,2018-12-12
1795,Karan Verma,27,Male,Lucknow,Uttar Pradesh,Self-employed,763700,2022-03-30
1796,Sneha Joshi,49,Male,Kolkata,West Bengal,Salaried,1745300,2021-01-04
1797,Aditya Kumar,38,Female,Delhi,Delhi,Salaried,1999800,2021-03-13
1798,Nisha Malhotra,45,Male,Kolkata,West Bengal,Salaried,781300,2016-07-18
1799,Manish Mehta,38,Male,Hyderabad,Telangana,Salaried,2920900,2017-11-04
1800,Kavita Singh,38,Female,Mumbai,Maharashtra,Salaried,737200,2017-07-02
1801,Rahul Agarwal,47,Female,Hyderabad,Telangana,Business,666500,2018-07-25
1802,Priya Gupta,33,Female,Chennai,Tamil Nadu,Self-employed,1207500,2021-11-14
1803,Amit Mishra,39,Female,Chennai,Tamil Nadu,Salaried,617400,2016-02-18
1804,Neha Yadav,33,Male,Bhopal,Madhya Pradesh,Freelancer,786000,2018-06-14
1805,Rohit Sharma,34,Female,Bhopal,Madhya Pradesh,Self-employed,1628300,2023-01-13
1806,Anjali Patel,35,Male,Jaipur,Rajasthan,Retired,758000,2021-09-18
1807,Vikas Verma,40,Female,Lucknow,Uttar Pradesh,Business,295200,2018-07-02
1808,Pooja Joshi,33,Male,Bengaluru,Karnataka,Salaried,917900,2019-03-22
1809,Arjun Kumar,51,Female,Kochi,Kerala,Self-employed,511400,2024-09-12
1810,Simran Malhotra,29,Female,Ahmedabad,Gujarat,Self-employed,1207100,2023-02-13
1811,Karan Mehta,36,Female,Delhi,Delhi,Salaried,1099900,2017-11-06
1812,Sneha Singh,34,Male,Delhi,Delhi,Salaried,1684700,2018-02-08
1813,Aditya Agarwal,52,Male,Bhubaneswar,Odisha,Salaried,1235500,2016-07-29
1814,Nisha Gupta,40,Female,Gurugram,Haryana,Salaried,1366100,2024-12-17
1815,Manish Mishra,48,Female,Jaipur,Rajasthan,Salaried,519100,2022-10-16
1816,Kavita Yadav,23,Male,Delhi,Delhi,Self-employed,1167100,2023-07-17
1817,Rahul Sharma,41,Female,Jaipur,Rajasthan,Salaried,2214400,2023-02-25
1818,Priya Patel,47,Female,Bhopal,Madhya Pradesh,Business,513500,2016-05-26
1819,Amit Verma,39,Male,Lucknow,Uttar Pradesh,Self-employed,2018100,2020-03-02
1820,Neha Joshi,49,Female,Jaipur,Rajasthan,Salaried,554400,2022-05-18
1821,Rohit Kumar,33,Male,Gurugram,Haryana,Salaried,469400,2025-04-04
1822,Anjali Malhotra,52,Male,Delhi,Delhi,Salaried,882700,2023-09-03
1823,Vikas Mehta,61,Male,Hyderabad,Telangana,Salaried,1111900,2024-07-19
1824,Pooja Singh,34,Female,Ahmedabad,Gujarat,Salaried,1238400,2017-05-09
1825,Arjun Agarwal,34,Female,Patna,Bihar,Salaried,441900,2022-09-22
1826,Simran Gupta,53,Male,Jaipur,Rajasthan,Self-employed,952500,2020-07-07
1827,Karan Mishra,54,Female,Mumbai,Maharashtra,Self-employed,514400,2022-05-09
1828,Sneha Yadav,33,Female,Kolkata,West Bengal,Salaried,330700,2022-11-10
1829,Aditya Sharma,34,Female,Ludhiana,Punjab,Salaried,450000,2019-02-17
1830,Nisha Patel,35,Male,Delhi,Delhi,Self-employed,496200,2016-02-15
1831,Manish Verma,25,Female,Kochi,Kerala,Freelancer,999200,2025-01-27
1832,Kavita Joshi,29,Male,Kolkata,West Bengal,Business,1413500,2016-11-06
1833,Rahul Kumar,28,Male,Bhubaneswar,Odisha,Self-employed,333600,2023-02-22
1834,Priya Malhotra,30,Male,Bhubaneswar,Odisha,Salaried,910200,2016-11-26
1835,Amit Mehta,38,Male,Lucknow,Uttar Pradesh,Salaried,392600,2016-01-11
1836,Neha Singh,40,Female,Mumbai,Maharashtra,Freelancer,1060000,2018-06-26
1837,Rohit Agarwal,54,Male,Lucknow,Uttar Pradesh,Salaried,532500,2025-07-27
1838,Anjali Gupta,28,Female,Hyderabad,Telangana,Retired,420700,2024-07-16
1839,Vikas Mishra,48,Male,Bhubaneswar,Odisha,Business,1164300,2019-11-01
1840,Pooja Yadav,36,Male,Chennai,Tamil Nadu,Business,543100,2020-05-10
1841,Arjun Sharma,38,Other,Bengaluru,Karnataka,Salaried,630400,2016-01-08
1842,Simran Patel,45,Female,Kochi,Kerala,Self-employed,221200,2018-09-10
1843,Karan Verma,27,Male,Lucknow,Uttar Pradesh,Self-employed,1262300,2025-11-06
1844,Sneha Joshi,42,Male,Patna,Bihar,Salaried,1178000,2020-10-16
1845,Aditya Kumar,40,Male,Ahmedabad,Gujarat,Salaried,752300,2019-10-25
1846,Nisha Malhotra,43,Male,Hyderabad,Telangana,Freelancer,323700,2025-08-12
1847,Manish Mehta,41,Female,Jaipur,Rajasthan,Self-employed,1458600,2017-07-19
1848,Kavita Singh,63,Female,Hyderabad,Telangana,Salaried,519900,2025-09-25
1849,Rahul Agarwal,32,Male,Kolkata,West Bengal,Salaried,584500,2022-05-09
1850,Priya Gupta,33,Female,Jaipur,Rajasthan,Business,2675000,2024-03-07
1851,Amit Mishra,32,Female,Mumbai,Maharashtra,Business,509300,2018-06-19
1852,Neha Yadav,32,Male,Bhubaneswar,Odisha,Self-employed,1128100,2021-12-18
1853,Rohit Sharma,32,Male,Bhubaneswar,Odisha,Self-employed,1021700,2025-11-01
1854,Anjali Patel,50,Female,Ludhiana,Punjab,Salaried,929500,2023-08-03
1855,Vikas Verma,52,Female,Jaipur,Rajasthan,Self-employed,875800,2023-05-05
1856,Pooja Joshi,32,Male,Hyderabad,Telangana,Salaried,922500,2016-04-23
1857,Arjun Kumar,30,Male,Mumbai,Maharashtra,Retired,871000,2017-06-15
1858,Simran Malhotra,43,Male,Ahmedabad,Gujarat,Self-employed,728900,2020-03-02
1859,Karan Mehta,32,Female,Bhubaneswar,Odisha,Salaried,1722100,2025-05-03
1860,Sneha Singh,44,Female,Bhubaneswar,Odisha,Salaried,364300,2018-11-10
1861,Aditya Agarwal,40,Male,Ludhiana,Punjab,Business,1315400,2020-10-09
1862,Nisha Gupta,23,Female,Lucknow,Uttar Pradesh,Salaried,1178900,2016-02-02
1863,Manish Mishra,53,Female,Kolkata,West Bengal,Salaried,1101200,2016-05-12
1864,Kavita Yadav,56,Female,Kochi,Kerala,Business,1386300,2024-02-15
1865,Rahul Sharma,32,Male,Jaipur,Rajasthan,Salaried,712800,2020-09-22
1866,Priya Patel,34,Male,Bhopal,Madhya Pradesh,Business,268300,2018-09-01
1867,Amit Verma,41,Male,Lucknow,Uttar Pradesh,Salaried,720800,2016-01-26
1868,Neha Joshi,41,Male,Bhopal,Madhya Pradesh,Business,434800,2025-05-28
1869,Rohit Kumar,45,Female,Lucknow,Uttar Pradesh,Salaried,501500,2023-04-02
1870,Anjali Malhotra,58,Male,Kolkata,West Bengal,Salaried,378700,2024-08-29
1871,Vikas Mehta,36,Male,Ahmedabad,Gujarat,Freelancer,576800,2017-06-28
1872,Pooja Singh,30,Male,Kolkata,West Bengal,Self-employed,540200,2019-06-15
1873,Arjun Agarwal,24,Male,Jaipur,Rajasthan,Salaried,202800,2021-08-27
1874,Simran Gupta,31,Female,Bengaluru,Karnataka,Salaried,1102300,2025-02-27
1875,Karan Mishra,38,Male,Lucknow,Uttar Pradesh,Self-employed,2543400,2018-07-22
1876,Sneha Yadav,56,Male,Gurugram,Haryana,Self-employed,1046800,2022-05-25
1877,Aditya Sharma,33,Male,Gurugram,Haryana,Retired,670800,2018-11-16
1878,Nisha Patel,40,Male,Gurugram,Haryana,Retired,727800,2018-03-27
1879,Manish Verma,38,Male,Mumbai,Maharashtra,Self-employed,595000,2025-08-06
1880,Kavita Joshi,50,Female,Patna,Bihar,Salaried,788100,2021-04-18
1881,Rahul Kumar,63,Female,Lucknow,Uttar Pradesh,Self-employed,734900,2016-04-17
1882,Priya Malhotra,33,Female,Hyderabad,Telangana,Business,472200,2024-04-08
1883,Amit Mehta,33,Female,Delhi,Delhi,Salaried,1892500,2018-08-05
1884,Neha Singh,48,Female,Delhi,Delhi,Salaried,331000,2018-01-07
1885,Rohit Agarwal,45,Female,Patna,Bihar,Salaried,1113400,2022-06-29
1886,Anjali Gupta,56,Male,Delhi,Delhi,Salaried,709400,2023-12-24
1887,Vikas Mishra,44,Male,Hyderabad,Telangana,Salaried,2133500,2025-11-11
1888,Pooja Yadav,34,Male,Jaipur,Rajasthan,Self-employed,904700,2023-08-14
1889,Arjun Sharma,44,Female,Bhopal,Madhya Pradesh,Business,615300,2018-03-03
1890,Simran Patel,49,Female,Jaipur,Rajasthan,Self-employed,654500,2024-09-10
1891,Karan Verma,46,Female,Bhopal,Madhya Pradesh,Salaried,766600,2021-02-10
1892,Sneha Joshi,43,Male,Mumbai,Maharashtra,Salaried,400000,2019-09-17
1893,Aditya Kumar,49,Female,Lucknow,Uttar Pradesh,Self-employed,491900,2019-10-17
1894,Nisha Malhotra,50,Male,Mumbai,Maharashtra,Salaried,281000,2016-10-15
1895,Manish Mehta,52,Male,Ludhiana,Punjab,Self-employed,451400,2020-01-07
1896,Kavita Singh,44,Male,Kochi,Kerala,Retired,789800,2018-11-26
1897,Rahul Agarwal,36,Male,Lucknow,Uttar Pradesh,Salaried,884600,2019-10-03
1898,Priya Gupta,39,Female,Kolkata,West Bengal,Salaried,252500,2024-01-18
1899,Amit Mishra,50,Male,Jaipur,Rajasthan,Self-employed,695500,2016-02-12
1900,Neha Yadav,30,Male,Bengaluru,Karnataka,Retired,1022400,2019-02-23
1901,Rohit Sharma,42,Female,Kolkata,West Bengal,Business,685700,2021-08-18
1902,Anjali Patel,34,Female,Mumbai,Maharashtra,Freelancer,529300,2025-11-06
1903,Vikas Verma,38,Female,Gurugram,Haryana,Salaried,597900,2024-10-07
1904,Pooja Joshi,51,Male,Ludhiana,Punjab,Retired,557000,2025-04-19
1905,Arjun Kumar,40,Female,Chennai,Tamil Nadu,Salaried,528400,2022-02-09
1906,Simran Malhotra,38,Female,Bengaluru,Karnataka,Salaried,825200,2025-03-07
1907,Karan Mehta,24,Male,Bengaluru,Karnataka,Freelancer,2668600,2024-01-21
1908,Sneha Singh,45,Female,Delhi,Delhi,Freelancer,498200,2018-12-12
1909,Aditya Agarwal,44,Male,Kolkata,West Bengal,Salaried,629600,2025-12-03
1910,Nisha Gupta,60,Male,Patna,Bihar,Salaried,729000,2021-02-16
1911,Manish Mishra,35,Female,Ludhiana,Punjab,Salaried,513900,2023-12-27
1912,Kavita Yadav,40,Female,Patna,Bihar,Salaried,1372100,2017-06-16
1913,Rahul Sharma,40,Male,Delhi,Delhi,Salaried,203600,2025-06-10
1914,Priya Patel,54,Female,Jaipur,Rajasthan,Retired,560000,2019-08-11
1915,Amit Verma,37,Female,Jaipur,Rajasthan,Business,1176300,2019-05-16
1916,Neha Joshi,41,Female,Kochi,Kerala,Business,638000,2024-05-05
1917,Rohit Kumar,44,Male,Patna,Bihar,Business,477500,2023-06-03
1918,Anjali Malhotra,40,Female,Bhubaneswar,Odisha,Self-employed,955700,2020-02-09
1919,Vikas Mehta,34,Male,Ludhiana,Punjab,Business,1234700,2021-06-16
1920,Pooja Singh,40,Female,Ahmedabad,Gujarat,Self-employed,842100,2018-08-11
1921,Arjun Agarwal,49,Male,Patna,Bihar,Salaried,482700,2016-03-09
1922,Simran Gupta,28,Male,Lucknow,Uttar Pradesh,Self-employed,963900,2021-02-09
1923,Karan Mishra,39,Female,Chennai,Tamil Nadu,Self-employed,601200,2021-05-02
1924,Sneha Yadav,31,Male,Lucknow,Uttar Pradesh,Business,1129900,2025-08-09
1925,Aditya Sharma,50,Male,Bhubaneswar,Odisha,Retired,1695700,2016-10-27
1926,Nisha Patel,23,Male,Gurugram,Haryana,Salaried,180000,2016-01-27
1927,Manish Verma,32,Female,Mumbai,Maharashtra,Business,797200,2024-02-25
1928,Kavita Joshi,42,Male,Lucknow,Uttar Pradesh,Salaried,288700,2023-05-25
1929,Rahul Kumar,54,Female,Patna,Bihar,Business,2872800,2023-02-13
1930,Priya Malhotra,37,Male,Bengaluru,Karnataka,Salaried,579800,2021-11-23
1931,Amit Mehta,32,Male,Delhi,Delhi,Salaried,1130700,2017-08-08
1932,Neha Singh,57,Male,Hyderabad,Telangana,Salaried,735600,2023-03-04
1933,Rohit Agarwal,24,Male,Jaipur,Rajasthan,Self-employed,482200,2018-03-20
1934,Anjali Gupta,21,Male,Kolkata,West Bengal,Salaried,451700,2017-09-25
1935,Vikas Mishra,42,Male,Bhubaneswar,Odisha,Freelancer,1794000,2020-10-04
1936,Pooja Yadav,33,Female,Lucknow,Uttar Pradesh,Salaried,1268800,2024-06-09
1937,Arjun Sharma,28,Female,Chennai,Tamil Nadu,Retired,2184300,2024-02-26
1938,Simran Patel,45,Male,Kochi,Kerala,Business,773200,2017-10-20
1939,Karan Verma,40,Male,Patna,Bihar,Salaried,878700,2019-05-24
1940,Sneha Joshi,32,Female,Gurugram,Haryana,Salaried,647500,2024-01-12
1941,Aditya Kumar,25,Male,Hyderabad,Telangana,Business,640500,2022-06-26
1942,Nisha Malhotra,47,Male,Kochi,Kerala,Self-employed,422900,2017-04-04
1943,Manish Mehta,45,Female,Ahmedabad,Gujarat,Business,785500,2025-11-06
1944,Kavita Singh,37,Female,Lucknow,Uttar Pradesh,Salaried,485900,2023-03-11
1945,Rahul Agarwal,56,Female,Bhubaneswar,Odisha,Self-employed,956300,2024-01-03
1946,Priya Gupta,27,Male,Patna,Bihar,Retired,823500,2023-09-02
1947,Amit Mishra,23,Male,Kochi,Kerala,Salaried,878600,2016-06-08
1948,Neha Yadav,31,Female,Chennai,Tamil Nadu,Salaried,1884500,2017-04-08
1949,Rohit Sharma,38,Male,Mumbai,Maharashtra,Salaried,734600,2018-09-24
1950,Anjali Patel,40,Male,Lucknow,Uttar Pradesh,Business,1137100,2020-03-25
1951,Vikas Verma,36,Female,Hyderabad,Telangana,Business,2317900,2025-02-26
1952,Pooja Joshi,42,Male,Delhi,Delhi,Salaried,1538700,2022-04-07
1953,Arjun Kumar,25,Female,Gurugram,Haryana,Salaried,1414200,2018-07-24
1954,Simran Malhotra,52,Female,Lucknow,Uttar Pradesh,Salaried,633600,2024-03-30
1955,Karan Mehta,37,Female,Bhubaneswar,Odisha,Salaried,851000,2024-03-25
1956,Sneha Singh,49,Male,Mumbai,Maharashtra,Salaried,363200,2020-08-05
1957,Aditya Agarwal,41,Male,Hyderabad,Telangana,Retired,986800,2018-05-14
1958,Nisha Gupta,43,Male,Kolkata,West Bengal,Self-employed,872200,2019-04-05
1959,Manish Mishra,44,Male,Bhubaneswar,Odisha,Salaried,759700,2025-12-19
1960,Kavita Yadav,42,Female,Bhopal,Madhya Pradesh,Freelancer,1319500,2023-05-21
1961,Rahul Sharma,44,Male,Chennai,Tamil Nadu,Self-employed,386000,2022-07-02
1962,Priya Patel,51,Male,Gurugram,Haryana,Self-employed,1843200,2018-05-14
1963,Amit Verma,40,Male,Bhopal,Madhya Pradesh,Salaried,1231600,2023-01-20
1964,Neha Joshi,45,Female,Ahmedabad,Gujarat,Salaried,721400,2019-07-20
1965,Rohit Kumar,37,Male,Lucknow,Uttar Pradesh,Retired,691100,2024-01-05
1966,Anjali Malhotra,52,Male,Ahmedabad,Gujarat,Self-employed,976900,2025-06-09
1967,Vikas Mehta,31,Male,Chennai,Tamil Nadu,Salaried,1731200,2021-04-19
1968,Pooja Singh,56,Female,Patna,Bihar,Self-employed,793100,2025-06-08
1969,Arjun Agarwal,38,Male,Kochi,Kerala,Freelancer,811800,2016-11-29
1970,Simran Gupta,24,Female,Bhopal,Madhya Pradesh,Salaried,757500,2024-06-01
1971,Karan Mishra,39,Female,Lucknow,Uttar Pradesh,Self-employed,1998600,2025-01-27
1972,Sneha Yadav,31,Male,Gurugram,Haryana,Retired,612300,2020-07-01
1973,Aditya Sharma,46,Female,Kolkata,West Bengal,Salaried,737900,2024-07-19
1974,Nisha Patel,31,Male,Bhopal,Madhya Pradesh,Business,1677300,2024-01-08
1975,Manish Verma,34,Female,Jaipur,Rajasthan,Self-employed,813200,2022-07-25
1976,Kavita Joshi,21,Male,Bhopal,Madhya Pradesh,Business,1401700,2022-01-30
1977,Rahul Kumar,33,Male,Mumbai,Maharashtra,Salaried,454400,2021-12-03
1978,Priya Malhotra,21,Male,Patna,Bihar,Salaried,669900,2020-09-14
1979,Amit Mehta,22,Male,Bhubaneswar,Odisha,Business,1696800,2022-08-05
1980,Neha Singh,46,Female,Mumbai,Maharashtra,Salaried,517000,2025-05-19
1981,Rohit Agarwal,46,Male,Lucknow,Uttar Pradesh,Salaried,690100,2020-08-16
1982,Anjali Gupta,42,Female,Bengaluru,Karnataka,Salaried,863700,2020-11-17
1983,Vikas Mishra,28,Male,Lucknow,Uttar Pradesh,Salaried,435300,2021-10-24
1984,Pooja Yadav,38,Female,Chennai,Tamil Nadu,Retired,597300,2023-09-04
1985,Arjun Sharma,38,Male,Jaipur,Rajasthan,Salaried,797900,2019-01-09
1986,Simran Patel,26,Female,Lucknow,Uttar Pradesh,Retired,769500,2025-01-13
1987,Karan Verma,53,Male,Hyderabad,Telangana,Salaried,1516700,2016-03-12
1988,Sneha Joshi,47,Female,Bhopal,Madhya Pradesh,Self-employed,1750900,2025-07-06
1989,Aditya Kumar,36,Male,Jaipur,Rajasthan,Salaried,468400,2025-01-02
1990,Nisha Malhotra,38,Male,Kochi,Kerala,Business,797300,2017-03-27
1991,Manish Mehta,40,Male,Jaipur,Rajasthan,Business,1086700,2024-02-06
1992,Kavita Singh,21,Female,Ludhiana,Punjab,Salaried,1726900,2020-11-13
1993,Rahul Agarwal,36,Male,Patna,Bihar,Freelancer,1113500,2022-08-11
1994,Priya Gupta,31,Female,Chennai,Tamil Nadu,Salaried,880100,2018-04-05
1995,Amit Mishra,28,Male,Bengaluru,Karnataka,Self-employed,1082100,2023-06-10
1996,Neha Yadav,35,Female,Patna,Bihar,Retired,1086400,2025-12-10
1997,Rohit Sharma,56,Female,Jaipur,Rajasthan,Freelancer,450300,2019-08-28
1998,Anjali Patel,44,Male,Bhubaneswar,Odisha,Retired,833900,2025-03-23
1999,Vikas Verma,32,Male,Bengaluru,Karnataka,Salaried,1673400,2024-06-22
2000,Pooja Joshi,44,Male,Chennai,Tamil Nadu,Salaried,669200,2021-11-27
2001,Arjun Kumar,52,Male,Mumbai,Maharashtra,Salaried,805300,2016-02-21
2002,Simran Malhotra,47,Male,Chennai,Tamil Nadu,Self-employed,656300,2021-05-16
2003,Karan Mehta,39,Female,Bengaluru,Karnataka,Business,210100,2025-03-15
2004,Sneha Singh,32,Female,Bengaluru,Karnataka,Salaried,758500,2025-08-16
2005,Aditya Agarwal,45,Female,Bengaluru,Karnataka,Business,885400,2017-04-11
2006,Nisha Gupta,42,Male,Mumbai,Maharashtra,Salaried,565800,2025-02-12
2007,Manish Mishra,47,Female,Jaipur,Rajasthan,Salaried,397400,2025-04-18
2008,Kavita Yadav,44,Male,Bhubaneswar,Odisha,Business,462100,2020-08-01
2009,Rahul Sharma,48,Male,Patna,Bihar,Self-employed,1141800,2021-04-16
2010,Priya Patel,33,Male,Bhubaneswar,Odisha,Business,2219300,2023-11-05
2011,Amit Verma,51,Male,Delhi,Delhi,Salaried,1604200,2019-09-23
2012,Neha Joshi,40,Male,Ahmedabad,Gujarat,Business,358100,2018-02-25
2013,Rohit Kumar,59,Female,Ahmedabad,Gujarat,Salaried,1200000,2017-07-09
2014,Anjali Malhotra,31,Female,Mumbai,Maharashtra,Salaried,520800,2024-02-24
2015,Vikas Mehta,55,Male,Delhi,Delhi,Business,544500,2021-08-01
2016,Pooja Singh,40,Male,Bhopal,Madhya Pradesh,Freelancer,581700,2025-07-25
2017,Arjun Agarwal,31,Male,Chennai,Tamil Nadu,Salaried,1105900,2022-04-25
2018,Simran Gupta,33,Female,Bengaluru,Karnataka,Salaried,1271100,2020-10-28
2019,Karan Mishra,35,Male,Ahmedabad,Gujarat,Self-employed,710600,2021-10-13
2020,Sneha Yadav,42,Female,Delhi,Delhi,Salaried,717300,2022-01-19
2021,Aditya Sharma,43,Female,Bengaluru,Karnataka,Business,968200,2024-11-09
2022,Nisha Patel,32,Female,Lucknow,Uttar Pradesh,Business,1025000,2020-08-28
2023,Manish Verma,38,Male,Kolkata,West Bengal,Salaried,1432200,2021-09-17
2024,Kavita Joshi,59,Female,Gurugram,Haryana,Self-employed,370100,2023-06-05
2025,Rahul Kumar,55,Female,Patna,Bihar,Business,758300,2022-06-25
2026,Priya Malhotra,42,Male,Jaipur,Rajasthan,Salaried,416800,2022-08-04
2027,Amit Mehta,38,Female,Bhubaneswar,Odisha,Self-employed,729300,2022-05-05
2028,Neha Singh,39,Female,Bengaluru,Karnataka,Salaried,662300,2022-06-29
2029,Rohit Agarwal,44,Male,Jaipur,Rajasthan,Self-employed,731000,2022-07-01
2030,Anjali Gupta,28,Male,Bhubaneswar,Odisha,Salaried,483100,2020-05-29
2031,Vikas Mishra,35,Male,Hyderabad,Telangana,Freelancer,331000,2016-09-13
2032,Pooja Yadav,21,Female,Lucknow,Uttar Pradesh,Salaried,237000,2022-02-25
2033,Arjun Sharma,42,Male,Bhubaneswar,Odisha,Salaried,697800,2025-08-10
2034,Simran Patel,44,Female,Patna,Bihar,Freelancer,591700,2017-09-01
2035,Karan Verma,33,Female,Hyderabad,Telangana,Salaried,517100,2019-02-01
2036,Sneha Joshi,54,Female,Patna,Bihar,Salaried,1552300,2019-10-27
2037,Aditya Kumar,26,Male,Bhubaneswar,Odisha,Salaried,467500,2018-06-23
2038,Nisha Malhotra,23,Female,Kochi,Kerala,Salaried,1634900,2016-06-12
2039,Manish Mehta,40,Male,Kolkata,West Bengal,Freelancer,1832000,2019-02-10
2040,Kavita Singh,48,Male,Bengaluru,Karnataka,Business,256500,2017-09-06
2041,Rahul Agarwal,55,Male,Patna,Bihar,Salaried,789100,2021-07-18
2042,Priya Gupta,33,Male,Jaipur,Rajasthan,Business,602000,2025-11-29
2043,Amit Mishra,49,Female,Jaipur,Rajasthan,Self-employed,180000,2016-04-15
2044,Neha Yadav,38,Male,Kolkata,West Bengal,Freelancer,338800,2017-11-29
2045,Rohit Sharma,36,Male,Mumbai,Maharashtra,Salaried,1148600,2016-12-29
2046,Anjali Patel,47,Male,Kolkata,West Bengal,Self-employed,2277000,2024-06-19
2047,Vikas Verma,45,Female,Jaipur,Rajasthan,Self-employed,1232200,2023-05-31
2048,Pooja Joshi,22,Female,Ludhiana,Punjab,Self-employed,896100,2021-07-14
2049,Arjun Kumar,53,Female,Lucknow,Uttar Pradesh,Self-employed,741300,2019-02-26
2050,Simran Malhotra,52,Male,Delhi,Delhi,Salaried,1892300,2025-09-24
2051,Karan Mehta,32,Male,Patna,Bihar,Business,2444500,2017-11-29
2052,Sneha Singh,42,Female,Kochi,Kerala,Self-employed,543100,2024-12-14
2053,Aditya Agarwal,43,Male,Hyderabad,Telangana,Retired,249700,2018-01-16
2054,Nisha Gupta,41,Male,Chennai,Tamil Nadu,Salaried,236500,2021-05-29
2055,Manish Mishra,32,Female,Patna,Bihar,Business,1551700,2020-07-01
2056,Kavita Yadav,31,Male,Bengaluru,Karnataka,Retired,730800,2025-11-01
2057,Rahul Sharma,38,Female,Gurugram,Haryana,Business,829500,2018-08-18
2058,Priya Patel,50,Female,Gurugram,Haryana,Freelancer,280100,2025-07-23
2059,Amit Verma,43,Male,Mumbai,Maharashtra,Business,495600,2025-01-10
2060,Neha Joshi,34,Male,Mumbai,Maharashtra,Salaried,637500,2024-02-25
2061,Rohit Kumar,46,Male,Bengaluru,Karnataka,Self-employed,840800,2016-07-27
2062,Anjali Malhotra,21,Female,Kolkata,West Bengal,Salaried,602400,2025-01-29
2063,Vikas Mehta,49,Female,Bhopal,Madhya Pradesh,Self-employed,423900,2019-08-04
2064,Pooja Singh,21,Male,Kolkata,West Bengal,Salaried,487100,2024-08-03
2065,Arjun Agarwal,34,Male,Hyderabad,Telangana,Business,1457800,2021-03-06
2066,Simran Gupta,27,Female,Bhopal,Madhya Pradesh,Self-employed,858100,2019-03-22
2067,Karan Mishra,25,Female,Kochi,Kerala,Salaried,1050200,2022-12-13
2068,Sneha Yadav,50,Male,Lucknow,Uttar Pradesh,Salaried,457500,2025-08-07
2069,Aditya Sharma,33,Male,Gurugram,Haryana,Retired,180000,2023-07-13
2070,Nisha Patel,41,Male,Bhopal,Madhya Pradesh,Salaried,562500,2021-08-01
2071,Manish Verma,38,Female,Lucknow,Uttar Pradesh,Salaried,465700,2025-01-02
2072,Kavita Joshi,43,Female,Kolkata,West Bengal,Salaried,908700,2019-12-23
2073,Rahul Kumar,39,Male,Delhi,Delhi,Retired,4569800,2022-12-24
2074,Priya Malhotra,25,Female,Chennai,Tamil Nadu,Retired,1099300,2017-10-27
2075,Amit Mehta,48,Male,Ahmedabad,Gujarat,Business,3377400,2020-06-05
2076,Neha Singh,33,Male,Lucknow,Uttar Pradesh,Freelancer,1025500,2022-03-18
2077,Rohit Agarwal,22,Male,Ahmedabad,Gujarat,Salaried,530400,2017-03-10
2078,Anjali Gupta,34,Female,Patna,Bihar,Retired,908200,2022-05-16
2079,Vikas Mishra,53,Male,Bhubaneswar,Odisha,Salaried,1997000,2020-07-04
2080,Pooja Yadav,47,Female,Ahmedabad,Gujarat,Salaried,2051500,2024-08-29
2081,Arjun Sharma,35,Male,Hyderabad,Telangana,Salaried,546600,2023-01-15
2082,Simran Patel,35,Male,Kolkata,West Bengal,Self-employed,862100,2021-08-02
2083,Karan Verma,35,Male,Bhubaneswar,Odisha,Business,341700,2019-03-08
2084,Sneha Joshi,59,Female,Delhi,Delhi,Salaried,1180400,2017-10-28
2085,Aditya Kumar,42,Male,Jaipur,Rajasthan,Retired,1762400,2024-06-21
2086,Nisha Malhotra,42,Female,Kolkata,West Bengal,Salaried,766600,2019-12-11
2087,Manish Mehta,48,Male,Kochi,Kerala,Salaried,519600,2021-06-22
2088,Kavita Singh,40,Male,Kolkata,West Bengal,Self-employed,914300,2023-08-11
2089,Rahul Agarwal,35,Male,Kochi,Kerala,Business,943600,2016-12-13
2090,Priya Gupta,36,Male,Patna,Bihar,Freelancer,784200,2025-01-21
2091,Amit Mishra,37,Male,Ahmedabad,Gujarat,Self-employed,827500,2018-02-03
2092,Neha Yadav,38,Male,Jaipur,Rajasthan,Self-employed,681600,2018-07-22
2093,Rohit Sharma,45,Female,Ludhiana,Punjab,Salaried,1297100,2016-07-01
2094,Anjali Patel,39,Female,Kolkata,West Bengal,Self-employed,1124400,2022-12-30
2095,Vikas Verma,45,Male,Kolkata,West Bengal,Retired,436800,2022-02-23
2096,Pooja Joshi,37,Male,Delhi,Delhi,Salaried,430200,2020-09-01
2097,Arjun Kumar,39,Male,Bhopal,Madhya Pradesh,Freelancer,652100,2019-02-20
2098,Simran Malhotra,21,Male,Chennai,Tamil Nadu,Self-employed,1124800,2025-11-26
2099,Karan Mehta,47,Male,Kochi,Kerala,Salaried,813600,2017-01-15
2100,Sneha Singh,41,Female,Hyderabad,Telangana,Retired,526500,2018-04-04
2101,Aditya Agarwal,48,Male,Patna,Bihar,Self-employed,866000,2020-03-18
2102,Nisha Gupta,21,Male,Patna,Bihar,Salaried,625200,2024-06-04
2103,Manish Mishra,59,Male,Chennai,Tamil Nadu,Salaried,1217200,2025-03-29
2104,Kavita Yadav,37,Male,Kochi,Kerala,Salaried,900800,2020-06-25
2105,Rahul Sharma,49,Female,Bhubaneswar,Odisha,Freelancer,630600,2016-07-10
2106,Priya Patel,28,Male,Kolkata,West Bengal,Self-employed,851800,2025-06-09
2107,Amit Verma,44,Male,Bengaluru,Karnataka,Freelancer,1545900,2017-06-08
2108,Neha Joshi,27,Female,Chennai,Tamil Nadu,Salaried,548300,2024-07-04
2109,Rohit Kumar,32,Male,Kolkata,West Bengal,Salaried,935900,2018-12-29
2110,Anjali Malhotra,57,Female,Jaipur,Rajasthan,Salaried,721500,2022-05-25
2111,Vikas Mehta,36,Female,Kochi,Kerala,Self-employed,948500,2016-04-14
2112,Pooja Singh,40,Male,Patna,Bihar,Retired,523300,2020-10-05
2113,Arjun Agarwal,47,Female,Jaipur,Rajasthan,Business,796900,2022-06-18
2114,Simran Gupta,43,Male,Bhopal,Madhya Pradesh,Salaried,1379400,2024-07-23
2115,Karan Mishra,40,Female,Bhubaneswar,Odisha,Freelancer,448000,2024-09-13
2116,Sneha Yadav,42,Male,Ludhiana,Punjab,Business,361000,2020-08-03
2117,Aditya Sharma,62,Male,Bhopal,Madhya Pradesh,Salaried,368600,2022-06-12
2118,Nisha Patel,37,Female,Mumbai,Maharashtra,Business,393900,2018-03-31
2119,Manish Verma,40,Female,Bhopal,Madhya Pradesh,Salaried,1040500,2016-02-05
2120,Kavita Joshi,49,Other,Hyderabad,Telangana,Salaried,346100,2024-10-09
2121,Rahul Kumar,49,Female,Ahmedabad,Gujarat,Salaried,636700,2024-01-13
2122,Priya Malhotra,50,Male,Bhopal,Madhya Pradesh,Self-employed,1053800,2018-11-14
2123,Amit Mehta,44,Male,Kochi,Kerala,Salaried,943200,2021-02-15
2124,Neha Singh,27,Male,Lucknow,Uttar Pradesh,Salaried,606700,2018-11-26
2125,Rohit Agarwal,54,Male,Hyderabad,Telangana,Salaried,833000,2018-11-08
2126,Anjali Gupta,27,Male,Mumbai,Maharashtra,Business,795500,2021-09-13
2127,Vikas Mishra,41,Female,Hyderabad,Telangana,Retired,663000,2025-05-27
2128,Pooja Yadav,30,Male,Bhubaneswar,Odisha,Business,667900,2019-12-12
2129,Arjun Sharma,37,Male,Mumbai,Maharashtra,Salaried,2564600,2021-01-19
2130,Simran Patel,41,Male,Bhopal,Madhya Pradesh,Salaried,1170500,2025-08-02
2131,Karan Verma,41,Female,Lucknow,Uttar Pradesh,Salaried,2934900,2020-03-21
2132,Sneha Joshi,42,Female,Mumbai,Maharashtra,Salaried,570600,2017-04-11
2133,Aditya Kumar,54,Female,Lucknow,Uttar Pradesh,Self-employed,715800,2024-01-23
2134,Nisha Malhotra,43,Male,Lucknow,Uttar Pradesh,Self-employed,360500,2016-07-17
2135,Manish Mehta,36,Female,Kochi,Kerala,Business,480500,2025-11-26
2136,Kavita Singh,48,Male,Bhopal,Madhya Pradesh,Business,2134800,2020-05-10
2137,Rahul Agarwal,50,Female,Bhopal,Madhya Pradesh,Salaried,562800,2023-09-16
2138,Priya Gupta,26,Male,Ahmedabad,Gujarat,Salaried,2155300,2019-05-19
2139,Amit Mishra,44,Male,Bengaluru,Karnataka,Business,378500,2025-10-12
2140,Neha Yadav,45,Male,Bengaluru,Karnataka,Salaried,420200,2016-08-28
2141,Rohit Sharma,35,Female,Mumbai,Maharashtra,Salaried,621700,2019-04-08
2142,Anjali Patel,52,Male,Chennai,Tamil Nadu,Salaried,724200,2021-02-25
2143,Vikas Verma,36,Female,Hyderabad,Telangana,Salaried,1246100,2016-10-20
2144,Pooja Joshi,39,Male,Ludhiana,Punjab,Salaried,961000,2018-07-10
2145,Arjun Kumar,36,Male,Bhubaneswar,Odisha,Freelancer,596500,2020-10-28
2146,Simran Malhotra,38,Male,Lucknow,Uttar Pradesh,Freelancer,697000,2019-08-31
2147,Karan Mehta,27,Male,Kochi,Kerala,Salaried,629300,2024-10-03
2148,Sneha Singh,24,Male,Mumbai,Maharashtra,Salaried,453500,2017-04-12
2149,Aditya Agarwal,54,Male,Bhubaneswar,Odisha,Business,460200,2022-08-11
2150,Nisha Gupta,30,Female,Ahmedabad,Gujarat,Salaried,1320000,2024-06-19
2151,Manish Mishra,28,Male,Ludhiana,Punjab,Salaried,274400,2022-06-21
2152,Kavita Yadav,21,Female,Bengaluru,Karnataka,Salaried,1825500,2018-01-27
2153,Rahul Sharma,32,Female,Kochi,Kerala,Salaried,621100,2019-01-18
2154,Priya Patel,25,Female,Hyderabad,Telangana,Business,490400,2025-07-07
2155,Amit Verma,54,Male,Mumbai,Maharashtra,Business,1126600,2020-03-21
2156,Neha Joshi,48,Male,Chennai,Tamil Nadu,Salaried,1697600,2022-11-03
2157,Rohit Kumar,31,Male,Ludhiana,Punjab,Salaried,1386800,2023-09-26
2158,Anjali Malhotra,61,Female,Mumbai,Maharashtra,Salaried,988400,2018-06-26
2159,Vikas Mehta,48,Female,Jaipur,Rajasthan,Salaried,1363600,2020-06-20
2160,Pooja Singh,35,Male,Chennai,Tamil Nadu,Retired,291800,2024-10-26
2161,Arjun Agarwal,21,Male,Lucknow,Uttar Pradesh,Business,562900,2022-10-29
2162,Simran Gupta,61,Female,Bhopal,Madhya Pradesh,Self-employed,454400,2018-08-14
2163,Karan Mishra,24,Male,Kolkata,West Bengal,Business,1470900,2021-10-28
2164,Sneha Yadav,22,Female,Bhopal,Madhya Pradesh,Freelancer,607400,2024-06-15
2165,Aditya Sharma,48,Female,Mumbai,Maharashtra,Business,1194000,2021-12-25
2166,Nisha Patel,62,Female,Hyderabad,Telangana,Salaried,1007100,2023-05-23
2167,Manish Verma,52,Male,Gurugram,Haryana,Salaried,466800,2023-12-08
2168,Kavita Joshi,44,Male,Delhi,Delhi,Business,543100,2020-03-11
2169,Rahul Kumar,44,Female,Lucknow,Uttar Pradesh,Salaried,1527900,2017-07-05
2170,Priya Malhotra,47,Female,Bengaluru,Karnataka,Retired,489600,2021-10-22
2171,Amit Mehta,46,Male,Bhubaneswar,Odisha,Business,803300,2024-08-11
2172,Neha Singh,41,Male,Ahmedabad,Gujarat,Retired,487700,2021-09-28
2173,Rohit Agarwal,39,Female,Bhubaneswar,Odisha,Salaried,631100,2024-06-08
2174,Anjali Gupta,37,Female,Kochi,Kerala,Freelancer,731200,2024-09-09
2175,Vikas Mishra,30,Female,Hyderabad,Telangana,Salaried,487600,2017-01-22
2176,Pooja Yadav,35,Other,Kolkata,West Bengal,Retired,442200,2022-08-29
2177,Arjun Sharma,21,Male,Kochi,Kerala,Salaried,877900,2016-10-25
2178,Simran Patel,37,Male,Lucknow,Uttar Pradesh,Self-employed,471300,2016-12-04
2179,Karan Verma,28,Female,Jaipur,Rajasthan,Business,480200,2025-06-22
2180,Sneha Joshi,27,Female,Ludhiana,Punjab,Salaried,447500,2017-04-18
2181,Aditya Kumar,40,Male,Bhubaneswar,Odisha,Self-employed,718500,2017-09-07
2182,Nisha Malhotra,52,Male,Lucknow,Uttar Pradesh,Retired,1260300,2018-08-19
2183,Manish Mehta,47,Female,Ludhiana,Punjab,Salaried,1717600,2018-03-02
2184,Kavita Singh,22,Male,Delhi,Delhi,Self-employed,503100,2024-10-18
2185,Rahul Agarwal,28,Male,Bengaluru,Karnataka,Salaried,2447300,2019-04-08
2186,Priya Gupta,47,Male,Bengaluru,Karnataka,Freelancer,431600,2016-01-13
2187,Amit Mishra,28,Female,Patna,Bihar,Self-employed,1361100,2017-03-24
2188,Neha Yadav,36,Female,Gurugram,Haryana,Salaried,504300,2022-01-30
2189,Rohit Sharma,44,Male,Ludhiana,Punjab,Salaried,464500,2020-08-24
2190,Anjali Patel,28,Female,Kolkata,West Bengal,Self-employed,497900,2021-06-05
2191,Vikas Verma,39,Female,Kolkata,West Bengal,Salaried,728700,2019-03-01
2192,Pooja Joshi,25,Female,Patna,Bihar,Salaried,1031800,2025-11-20
2193,Arjun Kumar,32,Female,Bhopal,Madhya Pradesh,Self-employed,1084100,2023-03-27
2194,Simran Malhotra,41,Male,Bhopal,Madhya Pradesh,Salaried,446300,2021-04-04
2195,Karan Mehta,22,Male,Hyderabad,Telangana,Salaried,435200,2024-02-27
2196,Sneha Singh,42,Male,Bengaluru,Karnataka,Business,453000,2021-03-13
2197,Aditya Agarwal,38,Male,Hyderabad,Telangana,Salaried,705400,2022-05-05
2198,Nisha Gupta,44,Male,Hyderabad,Telangana,Salaried,668100,2019-06-28
2199,Manish Mishra,40,Female,Lucknow,Uttar Pradesh,Salaried,444700,2019-10-25
2200,Kavita Yadav,52,Female,Patna,Bihar,Self-employed,869900,2023-04-19
2201,Rahul Sharma,39,Female,Delhi,Delhi,Business,2603200,2018-02-11
2202,Priya Patel,34,Male,Gurugram,Haryana,Business,568200,2023-12-22
2203,Amit Verma,39,Male,Ludhiana,Punjab,Salaried,590900,2023-01-17
2204,Neha Joshi,43,Male,Patna,Bihar,Salaried,1020300,2020-06-03
2205,Rohit Kumar,38,Male,Gurugram,Haryana,Salaried,551500,2018-06-06
2206,Anjali Malhotra,38,Male,Bhopal,Madhya Pradesh,Salaried,1083600,2025-10-17
2207,Vikas Mehta,31,Female,Mumbai,Maharashtra,Retired,505200,2023-06-12
2208,Pooja Singh,31,Female,Bhopal,Madhya Pradesh,Salaried,2054400,2022-02-03
2209,Arjun Agarwal,24,Male,Mumbai,Maharashtra,Salaried,906600,2025-11-27
2210,Simran Gupta,55,Male,Lucknow,Uttar Pradesh,Salaried,533300,2022-04-25
2211,Karan Mishra,26,Female,Bhopal,Madhya Pradesh,Self-employed,542600,2016-09-16
2212,Sneha Yadav,31,Male,Gurugram,Haryana,Business,565400,2024-10-11
2213,Aditya Sharma,31,Female,Ludhiana,Punjab,Self-employed,1595700,2025-09-02
2214,Nisha Patel,47,Female,Kochi,Kerala,Freelancer,373300,2020-02-21
2215,Manish Verma,35,Female,Bengaluru,Karnataka,Self-employed,519400,2017-10-04
2216,Kavita Joshi,50,Male,Mumbai,Maharashtra,Salaried,550700,2021-10-29
2217,Rahul Kumar,31,Female,Jaipur,Rajasthan,Salaried,743600,2025-05-31
2218,Priya Malhotra,41,Male,Kolkata,West Bengal,Business,646100,2018-12-18
2219,Amit Mehta,30,Female,Chennai,Tamil Nadu,Self-employed,330300,2024-08-11
2220,Neha Singh,59,Male,Hyderabad,Telangana,Self-employed,601900,2019-06-16
2221,Rohit Agarwal,26,Male,Ludhiana,Punjab,Business,710000,2021-12-16
2222,Anjali Gupta,41,Male,Jaipur,Rajasthan,Self-employed,530900,2017-02-15
2223,Vikas Mishra,44,Male,Gurugram,Haryana,Freelancer,1094200,2022-06-20
2224,Pooja Yadav,42,Female,Delhi,Delhi,Self-employed,1243600,2025-06-07
2225,Arjun Sharma,36,Female,Ahmedabad,Gujarat,Business,718400,2025-08-09
2226,Simran Patel,37,Female,Kochi,Kerala,Salaried,851400,2024-10-14
2227,Karan Verma,38,Male,Kochi,Kerala,Business,228500,2022-11-07
2228,Sneha Joshi,37,Female,Bhopal,Madhya Pradesh,Freelancer,594900,2017-09-06
2229,Aditya Kumar,48,Male,Patna,Bihar,Salaried,1303400,2018-06-17
2230,Nisha Malhotra,60,Female,Chennai,Tamil Nadu,Business,594200,2024-01-29
2231,Manish Mehta,32,Female,Patna,Bihar,Business,500000,2024-06-07
2232,Kavita Singh,24,Male,Hyderabad,Telangana,Salaried,2624900,2016-08-19
2233,Rahul Agarwal,37,Female,Delhi,Delhi,Self-employed,2039700,2023-04-12
2234,Priya Gupta,64,Male,Delhi,Delhi,Salaried,969900,2017-12-30
2235,Amit Mishra,30,Male,Chennai,Tamil Nadu,Retired,1403100,2024-03-31
2236,Neha Yadav,54,Female,Bengaluru,Karnataka,Business,220500,2019-11-21
2237,Rohit Sharma,55,Male,Patna,Bihar,Salaried,486300,2020-11-07
2238,Anjali Patel,32,Female,Delhi,Delhi,Salaried,579200,2020-08-30
2239,Vikas Verma,44,Male,Bengaluru,Karnataka,Self-employed,658700,2024-01-08
2240,Pooja Joshi,54,Male,Hyderabad,Telangana,Salaried,572800,2020-05-16
2241,Arjun Kumar,34,Female,Delhi,Delhi,Salaried,184500,2016-11-13
2242,Simran Malhotra,36,Female,Bhopal,Madhya Pradesh,Self-employed,927400,2020-03-10
2243,Karan Mehta,32,Female,Bhubaneswar,Odisha,Salaried,1011400,2023-01-13
2244,Sneha Singh,28,Female,Bengaluru,Karnataka,Salaried,1810100,2019-01-15
2245,Aditya Agarwal,32,Female,Lucknow,Uttar Pradesh,Business,486100,2017-12-16
2246,Nisha Gupta,26,Male,Ahmedabad,Gujarat,Freelancer,464700,2019-09-03
2247,Manish Mishra,38,Male,Ahmedabad,Gujarat,Business,180000,2025-04-27
2248,Kavita Yadav,30,Male,Bhopal,Madhya Pradesh,Business,638200,2025-05-24
2249,Rahul Sharma,40,Female,Patna,Bihar,Salaried,1231100,2025-01-25
2250,Priya Patel,22,Female,Patna,Bihar,Salaried,535700,2024-07-24
2251,Amit Verma,41,Male,Kolkata,West Bengal,Salaried,2438100,2019-02-07
2252,Neha Joshi,46,Female,Bhopal,Madhya Pradesh,Business,651300,2024-07-17
2253,Rohit Kumar,21,Male,Patna,Bihar,Retired,813200,2020-11-13
2254,Anjali Malhotra,42,Male,Patna,Bihar,Business,354400,2024-06-14
2255,Vikas Mehta,50,Male,Hyderabad,Telangana,Freelancer,878300,2019-01-01
2256,Pooja Singh,26,Female,Lucknow,Uttar Pradesh,Self-employed,252500,2024-01-10
2257,Arjun Agarwal,55,Female,Chennai,Tamil Nadu,Salaried,1098400,2016-07-20
2258,Simran Gupta,42,Female,Mumbai,Maharashtra,Salaried,1117100,2021-11-10
2259,Karan Mishra,31,Male,Ludhiana,Punjab,Salaried,1584000,2020-07-30
2260,Sneha Yadav,37,Other,Jaipur,Rajasthan,Salaried,428000,2018-11-22
2261,Aditya Sharma,44,Male,Ludhiana,Punjab,Business,819200,2017-02-22
2262,Nisha Patel,39,Male,Lucknow,Uttar Pradesh,Salaried,1022700,2024-12-18
2263,Manish Verma,43,Other,Gurugram,Haryana,Self-employed,956500,2023-02-11
2264,Kavita Joshi,29,Male,Kochi,Kerala,Self-employed,466000,2017-09-17
2265,Rahul Kumar,40,Female,Ahmedabad,Gujarat,Salaried,201200,2018-04-24
2266,Priya Malhotra,24,Male,Bhopal,Madhya Pradesh,Self-employed,907700,2021-02-21
2267,Amit Mehta,37,Female,Chennai,Tamil Nadu,Self-employed,689700,2021-04-28
2268,Neha Singh,29,Female,Bengaluru,Karnataka,Salaried,549200,2024-01-08
2269,Rohit Agarwal,31,Male,Ahmedabad,Gujarat,Business,1141700,2023-07-30
2270,Anjali Gupta,50,Female,Mumbai,Maharashtra,Self-employed,731700,2025-04-06
2271,Vikas Mishra,49,Male,Jaipur,Rajasthan,Self-employed,363000,2024-03-10
2272,Pooja Yadav,44,Female,Kochi,Kerala,Freelancer,259200,2025-09-10
2273,Arjun Sharma,27,Male,Gurugram,Haryana,Freelancer,403100,2017-01-28
2274,Simran Patel,35,Male,Chennai,Tamil Nadu,Freelancer,2796800,2023-10-27
2275,Karan Verma,50,Male,Patna,Bihar,Salaried,1116100,2023-12-29
2276,Sneha Joshi,39,Male,Gurugram,Haryana,Salaried,832000,2024-12-26
2277,Aditya Kumar,61,Female,Kolkata,West Bengal,Salaried,678700,2023-12-24
2278,Nisha Malhotra,42,Male,Bengaluru,Karnataka,Salaried,654600,2023-03-03
2279,Manish Mehta,40,Male,Jaipur,Rajasthan,Freelancer,1425100,2024-11-01
2280,Kavita Singh,35,Male,Chennai,Tamil Nadu,Self-employed,572600,2023-05-05
2281,Rahul Agarwal,39,Male,Lucknow,Uttar Pradesh,Salaried,1030100,2017-09-23
2282,Priya Gupta,36,Female,Kolkata,West Bengal,Salaried,619200,2023-10-27
2283,Amit Mishra,45,Female,Patna,Bihar,Salaried,2180200,2016-11-17
2284,Neha Yadav,48,Male,Jaipur,Rajasthan,Self-employed,1128100,2025-08-07
2285,Rohit Sharma,30,Female,Kolkata,West Bengal,Business,1487900,2017-07-27
2286,Anjali Patel,25,Female,Chennai,Tamil Nadu,Freelancer,543800,2020-08-20
2287,Vikas Verma,21,Male,Gurugram,Haryana,Retired,1342200,2018-11-29
2288,Pooja Joshi,43,Female,Bhopal,Madhya Pradesh,Salaried,631500,2024-07-08
2289,Arjun Kumar,27,Male,Jaipur,Rajasthan,Salaried,796800,2020-01-16
2290,Simran Malhotra,21,Female,Chennai,Tamil Nadu,Salaried,1843400,2023-12-27
2291,Karan Mehta,42,Female,Delhi,Delhi,Salaried,422700,2024-12-05
2292,Sneha Singh,63,Male,Lucknow,Uttar Pradesh,Freelancer,838700,2023-08-25
2293,Aditya Agarwal,38,Female,Gurugram,Haryana,Self-employed,954300,2024-06-13
2294,Nisha Gupta,46,Female,Bhubaneswar,Odisha,Business,998300,2019-02-21
2295,Manish Mishra,39,Male,Hyderabad,Telangana,Self-employed,585300,2025-03-05
2296,Kavita Yadav,37,Female,Jaipur,Rajasthan,Salaried,2362600,2024-03-03
2297,Rahul Sharma,47,Male,Lucknow,Uttar Pradesh,Salaried,367900,2018-08-16
2298,Priya Patel,35,Female,Bhubaneswar,Odisha,Self-employed,1673100,2016-02-17
2299,Amit Verma,41,Female,Kochi,Kerala,Business,1463200,2022-02-14
2300,Neha Joshi,41,Male,Jaipur,Rajasthan,Salaried,2133600,2022-06-09
2301,Rohit Kumar,31,Male,Bhubaneswar,Odisha,Business,313100,2020-05-01
2302,Anjali Malhotra,48,Female,Kochi,Kerala,Business,465100,2024-09-11
2303,Vikas Mehta,36,Male,Bhubaneswar,Odisha,Salaried,1703800,2022-08-13
2304,Pooja Singh,30,Male,Delhi,Delhi,Business,267100,2025-10-12
2305,Arjun Agarwal,43,Male,Bhopal,Madhya Pradesh,Salaried,310000,2017-04-04
2306,Simran Gupta,29,Male,Jaipur,Rajasthan,Business,573400,2022-04-13
2307,Karan Mishra,38,Male,Mumbai,Maharashtra,Business,833500,2022-04-30
2308,Sneha Yadav,38,Male,Delhi,Delhi,Retired,1800500,2019-05-14
2309,Aditya Sharma,49,Male,Kochi,Kerala,Salaried,677300,2020-03-10
2310,Nisha Patel,43,Female,Lucknow,Uttar Pradesh,Salaried,536800,2017-06-13
2311,Manish Verma,38,Male,Kolkata,West Bengal,Salaried,890100,2019-10-19
2312,Kavita Joshi,46,Male,Lucknow,Uttar Pradesh,Salaried,971000,2023-08-29
2313,Rahul Kumar,52,Male,Gurugram,Haryana,Business,956000,2019-09-25
2314,Priya Malhotra,44,Female,Jaipur,Rajasthan,Freelancer,680100,2017-02-10
2315,Amit Mehta,38,Male,Kolkata,West Bengal,Salaried,255900,2017-03-28
2316,Neha Singh,25,Male,Bhubaneswar,Odisha,Salaried,452800,2021-03-15
2317,Rohit Agarwal,27,Male,Hyderabad,Telangana,Salaried,1638000,2018-03-24
2318,Anjali Gupta,35,Female,Jaipur,Rajasthan,Self-employed,831300,2017-07-31
2319,Vikas Mishra,32,Female,Delhi,Delhi,Salaried,628100,2024-03-31
2320,Pooja Yadav,36,Female,Hyderabad,Telangana,Salaried,1387200,2024-10-26
2321,Arjun Sharma,39,Female,Kochi,Kerala,Business,402800,2024-12-08
2322,Simran Patel,43,Female,Ahmedabad,Gujarat,Salaried,662600,2021-04-15
2323,Karan Verma,37,Male,Mumbai,Maharashtra,Self-employed,809000,2016-05-26
2324,Sneha Joshi,43,Female,Lucknow,Uttar Pradesh,Business,588300,2017-02-09
2325,Aditya Kumar,39,Male,Bhopal,Madhya Pradesh,Salaried,792700,2016-07-01
2326,Nisha Malhotra,21,Female,Bhopal,Madhya Pradesh,Self-employed,676400,2024-09-12
2327,Manish Mehta,29,Female,Jaipur,Rajasthan,Business,347400,2016-08-23
2328,Kavita Singh,37,Male,Delhi,Delhi,Business,828700,2017-09-29
2329,Rahul Agarwal,26,Male,Jaipur,Rajasthan,Salaried,361200,2024-03-24
2330,Priya Gupta,44,Male,Mumbai,Maharashtra,Salaried,821500,2016-06-27
2331,Amit Mishra,53,Female,Hyderabad,Telangana,Freelancer,1596900,2022-10-15
2332,Neha Yadav,50,Female,Gurugram,Haryana,Business,642600,2025-07-04
2333,Rohit Sharma,36,Female,Lucknow,Uttar Pradesh,Salaried,393800,2017-06-08
2334,Anjali Patel,53,Male,Kolkata,West Bengal,Salaried,699400,2023-08-22
2335,Vikas Verma,39,Female,Chennai,Tamil Nadu,Salaried,474600,2020-04-12
2336,Pooja Joshi,35,Female,Kochi,Kerala,Salaried,1040100,2021-03-29
2337,Arjun Kumar,32,Female,Hyderabad,Telangana,Self-employed,691400,2022-06-28
2338,Simran Malhotra,35,Male,Delhi,Delhi,Salaried,1920700,2019-07-08
2339,Karan Mehta,34,Male,Mumbai,Maharashtra,Salaried,1421900,2020-06-23
2340,Sneha Singh,40,Female,Ahmedabad,Gujarat,Business,689400,2020-09-19
2341,Aditya Agarwal,40,Female,Hyderabad,Telangana,Salaried,1111700,2022-09-12
2342,Nisha Gupta,38,Female,Hyderabad,Telangana,Business,604100,2016-12-02
2343,Manish Mishra,42,Male,Lucknow,Uttar Pradesh,Business,764100,2025-03-25
2344,Kavita Yadav,50,Male,Chennai,Tamil Nadu,Salaried,614800,2016-04-28
2345,Rahul Sharma,47,Female,Mumbai,Maharashtra,Business,1143200,2020-04-30
2346,Priya Patel,23,Male,Mumbai,Maharashtra,Business,1649500,2022-09-26
2347,Amit Verma,21,Female,Gurugram,Haryana,Salaried,1163700,2017-08-02
2348,Neha Joshi,47,Male,Lucknow,Uttar Pradesh,Salaried,1245300,2025-06-17
2349,Rohit Kumar,24,Male,Hyderabad,Telangana,Self-employed,1246100,2025-09-21
2350,Anjali Malhotra,36,Female,Jaipur,Rajasthan,Freelancer,1015600,2022-06-10
2351,Vikas Mehta,26,Female,Kolkata,West Bengal,Self-employed,400800,2016-07-14
2352,Pooja Singh,21,Male,Lucknow,Uttar Pradesh,Salaried,1911400,2016-11-28
2353,Arjun Agarwal,43,Male,Ahmedabad,Gujarat,Business,2023300,2024-06-18
2354,Simran Gupta,46,Female,Kochi,Kerala,Salaried,659500,2017-09-14
2355,Karan Mishra,32,Male,Lucknow,Uttar Pradesh,Self-employed,611700,2017-10-19
2356,Sneha Yadav,21,Female,Delhi,Delhi,Business,1050400,2017-12-04
2357,Aditya Sharma,33,Male,Gurugram,Haryana,Self-employed,1015400,2019-12-27
2358,Nisha Patel,42,Female,Delhi,Delhi,Business,671200,2018-06-01
2359,Manish Verma,23,Female,Jaipur,Rajasthan,Business,377100,2019-12-20
2360,Kavita Joshi,40,Female,Chennai,Tamil Nadu,Self-employed,887300,2019-06-06
2361,Rahul Kumar,38,Male,Bengaluru,Karnataka,Salaried,1015700,2017-06-07
2362,Priya Malhotra,44,Female,Kochi,Kerala,Freelancer,1118000,2022-03-14
2363,Amit Mehta,39,Male,Delhi,Delhi,Retired,908900,2018-09-16
2364,Neha Singh,28,Male,Mumbai,Maharashtra,Salaried,646100,2022-08-19
2365,Rohit Agarwal,50,Other,Mumbai,Maharashtra,Self-employed,1295700,2016-02-05
2366,Anjali Gupta,36,Female,Chennai,Tamil Nadu,Salaried,777700,2018-02-14
2367,Vikas Mishra,38,Female,Bhopal,Madhya Pradesh,Business,580800,2016-01-28
2368,Pooja Yadav,29,Male,Chennai,Tamil Nadu,Business,679100,2025-06-05
2369,Arjun Sharma,34,Male,Mumbai,Maharashtra,Salaried,287100,2016-03-26
2370,Simran Patel,29,Male,Hyderabad,Telangana,Freelancer,678500,2022-02-13
2371,Karan Verma,36,Female,Bengaluru,Karnataka,Salaried,1095200,2022-06-10
2372,Sneha Joshi,55,Female,Jaipur,Rajasthan,Business,904100,2023-09-14
2373,Aditya Kumar,24,Female,Mumbai,Maharashtra,Self-employed,1731000,2025-07-25
2374,Nisha Malhotra,22,Female,Jaipur,Rajasthan,Salaried,649000,2021-10-28
2375,Manish Mehta,53,Male,Bengaluru,Karnataka,Salaried,980500,2016-07-04
2376,Kavita Singh,36,Male,Kochi,Kerala,Salaried,1159900,2018-10-25
2377,Rahul Agarwal,31,Male,Mumbai,Maharashtra,Business,2720700,2017-07-11
2378,Priya Gupta,48,Male,Lucknow,Uttar Pradesh,Self-employed,812200,2025-10-08
2379,Amit Mishra,32,Male,Delhi,Delhi,Salaried,422300,2022-12-31
2380,Neha Yadav,56,Female,Lucknow,Uttar Pradesh,Salaried,1195600,2020-06-25
2381,Rohit Sharma,45,Male,Kolkata,West Bengal,Salaried,2092700,2018-08-28
2382,Anjali Patel,33,Female,Kolkata,West Bengal,Business,628100,2018-10-22
2383,Vikas Verma,60,Male,Patna,Bihar,Business,1191100,2016-08-04
2384,Pooja Joshi,32,Female,Ludhiana,Punjab,Salaried,1474200,2025-11-17
2385,Arjun Kumar,45,Female,Lucknow,Uttar Pradesh,Self-employed,1312200,2016-09-13
2386,Simran Malhotra,41,Female,Mumbai,Maharashtra,Salaried,803600,2020-01-16
2387,Karan Mehta,51,Male,Hyderabad,Telangana,Freelancer,510800,2019-12-18
2388,Sneha Singh,54,Female,Ludhiana,Punjab,Freelancer,717200,2016-11-19
2389,Aditya Agarwal,38,Female,Kolkata,West Bengal,Business,965200,2025-10-10
2390,Nisha Gupta,30,Male,Kolkata,West Bengal,Freelancer,1236000,2020-05-23
2391,Manish Mishra,43,Male,Chennai,Tamil Nadu,Business,901200,2022-02-22
2392,Kavita Yadav,31,Male,Hyderabad,Telangana,Business,608600,2017-05-18
2393,Rahul Sharma,58,Female,Bhubaneswar,Odisha,Self-employed,1017900,2025-02-25
2394,Priya Patel,39,Female,Ahmedabad,Gujarat,Salaried,1203700,2017-11-24
2395,Amit Verma,34,Male,Jaipur,Rajasthan,Salaried,924100,2018-08-16
2396,Neha Joshi,40,Male,Kochi,Kerala,Salaried,473500,2021-08-27
2397,Rohit Kumar,25,Male,Kolkata,West Bengal,Self-employed,678800,2021-11-24
2398,Anjali Malhotra,28,Female,Chennai,Tamil Nadu,Salaried,1263200,2025-11-09
2399,Vikas Mehta,50,Male,Kochi,Kerala,Salaried,350500,2016-05-04
2400,Pooja Singh,31,Female,Ahmedabad,Gujarat,Self-employed,237200,2017-04-27
2401,Arjun Agarwal,28,Female,Lucknow,Uttar Pradesh,Salaried,1719000,2024-06-02
2402,Simran Gupta,43,Male,Bhopal,Madhya Pradesh,Self-employed,993600,2023-04-28
2403,Karan Mishra,50,Female,Bhubaneswar,Odisha,Freelancer,1047100,2022-07-26
2404,Sneha Yadav,45,Male,Delhi,Delhi,Business,414800,2016-12-16
2405,Aditya Sharma,48,Female,Hyderabad,Telangana,Business,1125200,2017-10-10
2406,Nisha Patel,30,Male,Lucknow,Uttar Pradesh,Self-employed,872600,2024-01-27
2407,Manish Verma,24,Female,Lucknow,Uttar Pradesh,Self-employed,313800,2016-08-15
2408,Kavita Joshi,53,Male,Kolkata,West Bengal,Salaried,1641600,2021-08-25
2409,Rahul Kumar,35,Male,Lucknow,Uttar Pradesh,Freelancer,818400,2021-01-07
2410,Priya Malhotra,35,Female,Kochi,Kerala,Salaried,603200,2017-02-28
2411,Amit Mehta,51,Male,Ahmedabad,Gujarat,Salaried,609200,2022-11-16
2412,Neha Singh,44,Female,Bhopal,Madhya Pradesh,Business,247600,2017-12-24
2413,Rohit Agarwal,43,Male,Lucknow,Uttar Pradesh,Salaried,1039400,2025-01-30
2414,Anjali Gupta,60,Female,Bhubaneswar,Odisha,Salaried,866200,2020-12-26
2415,Vikas Mishra,32,Male,Bhopal,Madhya Pradesh,Salaried,674100,2018-03-04
2416,Pooja Yadav,47,Female,Ahmedabad,Gujarat,Salaried,1515100,2016-06-25
2417,Arjun Sharma,39,Male,Ahmedabad,Gujarat,Salaried,350400,2023-02-03
2418,Simran Patel,41,Male,Chennai,Tamil Nadu,Salaried,540200,2022-12-31
2419,Karan Verma,53,Male,Gurugram,Haryana,Business,469900,2020-05-04
2420,Sneha Joshi,43,Female,Delhi,Delhi,Freelancer,643400,2020-08-05
2421,Aditya Kumar,43,Male,Jaipur,Rajasthan,Salaried,778400,2017-07-17
2422,Nisha Malhotra,49,Female,Patna,Bihar,Freelancer,950100,2022-03-30
2423,Manish Mehta,34,Female,Kochi,Kerala,Salaried,619700,2024-07-06
2424,Kavita Singh,30,Male,Bhubaneswar,Odisha,Salaried,462900,2022-12-13
2425,Rahul Agarwal,28,Female,Jaipur,Rajasthan,Salaried,1895800,2018-10-13
2426,Priya Gupta,21,Male,Hyderabad,Telangana,Self-employed,2825600,2017-03-19
2427,Amit Mishra,59,Male,Chennai,Tamil Nadu,Salaried,811500,2021-08-29
2428,Neha Yadav,27,Female,Patna,Bihar,Self-employed,494600,2025-12-06
2429,Rohit Sharma,36,Female,Bengaluru,Karnataka,Business,1688500,2016-04-20
2430,Anjali Patel,35,Female,Mumbai,Maharashtra,Self-employed,338400,2022-12-09
2431,Vikas Verma,41,Male,Bengaluru,Karnataka,Self-employed,623900,2016-03-29
2432,Pooja Joshi,46,Male,Ludhiana,Punjab,Retired,511400,2025-04-13
2433,Arjun Kumar,47,Male,Bengaluru,Karnataka,Salaried,396400,2019-02-15
2434,Simran Malhotra,32,Female,Patna,Bihar,Salaried,642900,2022-10-17
2435,Karan Mehta,36,Male,Hyderabad,Telangana,Business,466300,2021-04-25
2436,Sneha Singh,41,Female,Jaipur,Rajasthan,Self-employed,755200,2025-01-23
2437,Aditya Agarwal,36,Male,Lucknow,Uttar Pradesh,Salaried,761300,2016-03-12
2438,Nisha Gupta,54,Male,Chennai,Tamil Nadu,Salaried,532900,2018-04-01
2439,Manish Mishra,43,Male,Bhopal,Madhya Pradesh,Self-employed,611700,2025-07-02
2440,Kavita Yadav,45,Male,Hyderabad,Telangana,Salaried,660600,2018-03-26
2441,Rahul Sharma,45,Male,Ludhiana,Punjab,Salaried,1170900,2017-02-07
2442,Priya Patel,50,Female,Hyderabad,Telangana,Freelancer,691200,2020-08-25
2443,Amit Verma,40,Female,Ludhiana,Punjab,Business,1180500,2016-09-07
2444,Neha Joshi,25,Male,Chennai,Tamil Nadu,Self-employed,1035100,2023-12-26
2445,Rohit Kumar,42,Male,Bengaluru,Karnataka,Business,1027000,2024-12-10
2446,Anjali Malhotra,31,Male,Ludhiana,Punjab,Freelancer,1609000,2021-08-04
2447,Vikas Mehta,33,Female,Delhi,Delhi,Salaried,405200,2020-05-14
2448,Pooja Singh,44,Male,Bengaluru,Karnataka,Salaried,578100,2020-06-21
2449,Arjun Agarwal,50,Female,Ludhiana,Punjab,Self-employed,1978100,2021-05-07
2450,Simran Gupta,38,Male,Bhopal,Madhya Pradesh,Business,651000,2018-05-17
2451,Karan Mishra,41,Male,Jaipur,Rajasthan,Salaried,180000,2021-03-05
2452,Sneha Yadav,55,Female,Ludhiana,Punjab,Retired,670800,2025-01-06
2453,Aditya Sharma,40,Male,Bhubaneswar,Odisha,Self-employed,807800,2024-11-27
2454,Nisha Patel,64,Female,Chennai,Tamil Nadu,Salaried,180000,2018-06-14
2455,Manish Verma,44,Female,Bhopal,Madhya Pradesh,Salaried,1562000,2016-09-12
2456,Kavita Joshi,21,Male,Bhubaneswar,Odisha,Salaried,506500,2021-04-15
2457,Rahul Kumar,46,Male,Lucknow,Uttar Pradesh,Business,898600,2019-01-16
2458,Priya Malhotra,42,Female,Patna,Bihar,Retired,662300,2018-05-22
2459,Amit Mehta,51,Female,Bengaluru,Karnataka,Salaried,369300,2017-05-06
2460,Neha Singh,45,Male,Gurugram,Haryana,Retired,416300,2022-07-11
2461,Rohit Agarwal,37,Female,Delhi,Delhi,Business,448400,2020-04-10
2462,Anjali Gupta,26,Male,Lucknow,Uttar Pradesh,Self-employed,1362700,2019-12-01
2463,Vikas Mishra,36,Male,Gurugram,Haryana,Business,691500,2017-09-24
2464,Pooja Yadav,29,Male,Delhi,Delhi,Salaried,562900,2019-08-05
2465,Arjun Sharma,32,Male,Bengaluru,Karnataka,Self-employed,448600,2016-12-27
2466,Simran Patel,44,Male,Patna,Bihar,Salaried,1448000,2020-01-04
2467,Karan Verma,55,Female,Kochi,Kerala,Business,1678000,2024-06-28
2468,Sneha Joshi,42,Male,Bengaluru,Karnataka,Salaried,1439000,2018-07-07
2469,Aditya Kumar,26,Male,Patna,Bihar,Business,983300,2018-06-12
2470,Nisha Malhotra,42,Male,Bhopal,Madhya Pradesh,Business,879600,2025-11-28
2471,Manish Mehta,50,Female,Patna,Bihar,Salaried,384300,2023-05-08
2472,Kavita Singh,32,Female,Bengaluru,Karnataka,Salaried,655200,2019-05-31
2473,Rahul Agarwal,37,Male,Jaipur,Rajasthan,Self-employed,514900,2018-01-16
2474,Priya Gupta,38,Male,Ahmedabad,Gujarat,Self-employed,274800,2019-02-21
2475,Amit Mishra,30,Male,Bhopal,Madhya Pradesh,Salaried,1341400,2023-06-23
2476,Neha Yadav,44,Male,Kolkata,West Bengal,Self-employed,511500,2018-09-29
2477,Rohit Sharma,37,Male,Jaipur,Rajasthan,Salaried,1447900,2021-07-14
2478,Anjali Patel,42,Male,Lucknow,Uttar Pradesh,Salaried,1218100,2018-10-03
2479,Vikas Verma,29,Male,Ahmedabad,Gujarat,Salaried,1018700,2023-07-03
2480,Pooja Joshi,34,Male,Chennai,Tamil Nadu,Salaried,1050600,2016-08-02
2481,Arjun Kumar,45,Male,Kolkata,West Bengal,Business,534700,2021-12-05
2482,Simran Malhotra,34,Female,Mumbai,Maharashtra,Retired,2083700,2016-08-14
2483,Karan Mehta,55,Female,Bengaluru,Karnataka,Salaried,768000,2018-06-09
2484,Sneha Singh,34,Female,Lucknow,Uttar Pradesh,Self-employed,885500,2022-10-27
2485,Aditya Agarwal,40,Male,Kolkata,West Bengal,Salaried,524800,2023-02-09
2486,Nisha Gupta,47,Male,Jaipur,Rajasthan,Self-employed,449400,2023-11-16
2487,Manish Mishra,24,Male,Kolkata,West Bengal,Salaried,975100,2020-06-19
2488,Kavita Yadav,21,Female,Gurugram,Haryana,Self-employed,845300,2021-07-19
2489,Rahul Sharma,23,Male,Lucknow,Uttar Pradesh,Retired,485900,2019-12-31
2490,Priya Patel,51,Female,Bhubaneswar,Odisha,Salaried,340000,2016-01-12
2491,Amit Verma,32,Female,Gurugram,Haryana,Business,373000,2019-02-19
2492,Neha Joshi,64,Male,Jaipur,Rajasthan,Salaried,1448000,2025-11-27
2493,Rohit Kumar,32,Female,Ahmedabad,Gujarat,Salaried,535300,2022-12-11
2494,Anjali Malhotra,40,Male,Patna,Bihar,Salaried,622500,2025-02-04
2495,Vikas Mehta,53,Male,Lucknow,Uttar Pradesh,Salaried,1665300,2023-03-11
2496,Pooja Singh,58,Male,Ahmedabad,Gujarat,Salaried,404600,2025-09-23
2497,Arjun Agarwal,59,Male,Ahmedabad,Gujarat,Salaried,502800,2020-04-22
2498,Simran Gupta,50,Female,Bhopal,Madhya Pradesh,Salaried,491400,2019-07-27
2499,Karan Mishra,48,Male,Lucknow,Uttar Pradesh,Salaried,1826200,2018-01-11
2500,Sneha Yadav,44,Male,Delhi,Delhi,Business,2244900,2019-09-22
2501,Aditya Sharma,46,Female,Bhopal,Madhya Pradesh,Freelancer,1133900,2022-01-24
2502,Nisha Patel,32,Female,Gurugram,Haryana,Salaried,1153900,2024-03-27
2503,Manish Verma,30,Male,Bhopal,Madhya Pradesh,Salaried,545100,2021-05-30
2504,Kavita Joshi,38,Female,Ludhiana,Punjab,Salaried,2188800,2025-04-22
2505,Rahul Kumar,36,Female,Bhopal,Madhya Pradesh,Freelancer,869000,2025-01-30
2506,Priya Malhotra,33,Male,Ahmedabad,Gujarat,Self-employed,1199000,2019-08-17
2507,Amit Mehta,45,Male,Kolkata,West Bengal,Self-employed,707700,2022-02-25
2508,Neha Singh,48,Male,Mumbai,Maharashtra,Salaried,647200,2021-03-31
2509,Rohit Agarwal,39,Female,Kolkata,West Bengal,Salaried,1872000,2025-10-11
2510,Anjali Gupta,53,Female,Chennai,Tamil Nadu,Salaried,1009200,2023-12-21
2511,Vikas Mishra,27,Female,Kochi,Kerala,Retired,1666200,2023-09-02
2512,Pooja Yadav,36,Male,Kochi,Kerala,Freelancer,863100,2024-06-11
2513,Arjun Sharma,31,Male,Bhubaneswar,Odisha,Salaried,470300,2019-10-21
2514,Simran Patel,21,Male,Hyderabad,Telangana,Self-employed,544200,2020-10-08
2515,Karan Verma,37,Male,Jaipur,Rajasthan,Salaried,793700,2018-02-12
2516,Sneha Joshi,37,Female,Ludhiana,Punjab,Salaried,531400,2021-11-14
2517,Aditya Kumar,53,Female,Jaipur,Rajasthan,Freelancer,407900,2021-10-19
2518,Nisha Malhotra,44,Male,Chennai,Tamil Nadu,Self-employed,1452200,2018-09-19
2519,Manish Mehta,28,Male,Kochi,Kerala,Salaried,555800,2021-01-12
2520,Kavita Singh,57,Male,Jaipur,Rajasthan,Salaried,809200,2021-02-27
2521,Rahul Agarwal,50,Male,Lucknow,Uttar Pradesh,Business,882700,2022-08-01
2522,Priya Gupta,44,Male,Bhopal,Madhya Pradesh,Self-employed,542700,2018-03-22
2523,Amit Mishra,36,Male,Jaipur,Rajasthan,Self-employed,1665700,2023-02-04
2524,Neha Yadav,28,Male,Lucknow,Uttar Pradesh,Salaried,405700,2025-02-03
2525,Rohit Sharma,34,Male,Ludhiana,Punjab,Salaried,866100,2022-04-20
2526,Anjali Patel,49,Male,Delhi,Delhi,Retired,858700,2024-11-27
2527,Vikas Verma,57,Male,Ahmedabad,Gujarat,Self-employed,728000,2021-02-18
2528,Pooja Joshi,53,Female,Jaipur,Rajasthan,Salaried,367500,2024-04-23
2529,Arjun Kumar,33,Male,Hyderabad,Telangana,Self-employed,1210800,2024-11-11
2530,Simran Malhotra,27,Female,Delhi,Delhi,Business,1128900,2016-01-04
2531,Karan Mehta,39,Male,Bengaluru,Karnataka,Salaried,517200,2020-01-26
2532,Sneha Singh,21,Male,Lucknow,Uttar Pradesh,Salaried,1106800,2022-01-01
2533,Aditya Agarwal,41,Male,Hyderabad,Telangana,Self-employed,921700,2016-06-13
2534,Nisha Gupta,37,Male,Chennai,Tamil Nadu,Business,370800,2016-12-09
2535,Manish Mishra,33,Female,Delhi,Delhi,Business,468900,2021-03-12
2536,Kavita Yadav,22,Male,Bengaluru,Karnataka,Freelancer,1402700,2019-02-02
2537,Rahul Sharma,43,Female,Hyderabad,Telangana,Salaried,889100,2025-11-28
2538,Priya Patel,33,Female,Bhopal,Madhya Pradesh,Salaried,549900,2019-08-30
2539,Amit Verma,26,Female,Mumbai,Maharashtra,Retired,467700,2024-11-14
2540,Neha Joshi,21,Female,Bhopal,Madhya Pradesh,Salaried,564900,2023-01-11
2541,Rohit Kumar,38,Female,Ludhiana,Punjab,Self-employed,587300,2024-02-21
2542,Anjali Malhotra,56,Male,Bhubaneswar,Odisha,Business,471000,2020-06-09
2543,Vikas Mehta,55,Female,Patna,Bihar,Self-employed,287800,2025-08-08
2544,Pooja Singh,33,Male,Patna,Bihar,Salaried,1404000,2023-04-10
2545,Arjun Agarwal,32,Male,Bhubaneswar,Odisha,Business,1279100,2023-01-03
2546,Simran Gupta,43,Male,Patna,Bihar,Business,372300,2022-09-22
2547,Karan Mishra,28,Female,Lucknow,Uttar Pradesh,Self-employed,808400,2022-10-19
2548,Sneha Yadav,41,Female,Lucknow,Uttar Pradesh,Self-employed,456600,2019-08-31
2549,Aditya Sharma,46,Male,Bhopal,Madhya Pradesh,Salaried,649500,2017-06-25
2550,Nisha Patel,50,Female,Delhi,Delhi,Salaried,620500,2017-09-04
2551,Manish Verma,37,Male,Chennai,Tamil Nadu,Salaried,592700,2025-12-29
2552,Kavita Joshi,36,Male,Lucknow,Uttar Pradesh,Salaried,2256800,2018-06-18
2553,Rahul Kumar,29,Male,Hyderabad,Telangana,Retired,588700,2021-02-27
2554,Priya Malhotra,30,Male,Patna,Bihar,Business,480800,2024-07-31
2555,Amit Mehta,36,Male,Bengaluru,Karnataka,Business,493100,2018-11-21
2556,Neha Singh,42,Male,Chennai,Tamil Nadu,Self-employed,1331600,2020-06-10
2557,Rohit Agarwal,47,Female,Chennai,Tamil Nadu,Salaried,302300,2024-12-26
2558,Anjali Gupta,30,Male,Kochi,Kerala,Retired,493100,2020-01-26
2559,Vikas Mishra,53,Male,Bhubaneswar,Odisha,Salaried,1662100,2023-02-23
2560,Pooja Yadav,35,Female,Chennai,Tamil Nadu,Salaried,857700,2023-03-07
2561,Arjun Sharma,38,Female,Ahmedabad,Gujarat,Self-employed,833500,2024-08-17
2562,Simran Patel,31,Male,Mumbai,Maharashtra,Freelancer,2423000,2024-05-27
2563,Karan Verma,21,Male,Hyderabad,Telangana,Freelancer,858800,2022-07-18
2564,Sneha Joshi,47,Female,Kolkata,West Bengal,Salaried,508000,2019-06-09
2565,Aditya Kumar,45,Female,Hyderabad,Telangana,Freelancer,642200,2023-04-14
2566,Nisha Malhotra,35,Male,Kochi,Kerala,Salaried,401700,2016-05-08
2567,Manish Mehta,39,Male,Mumbai,Maharashtra,Salaried,1496400,2018-11-08
2568,Kavita Singh,43,Female,Delhi,Delhi,Freelancer,1028700,2016-12-22
2569,Rahul Agarwal,22,Male,Bhubaneswar,Odisha,Freelancer,1392000,2019-12-13
2570,Priya Gupta,33,Other,Ahmedabad,Gujarat,Self-employed,1461500,2024-03-25
2571,Amit Mishra,46,Male,Kolkata,West Bengal,Self-employed,597200,2016-03-21
2572,Neha Yadav,25,Female,Mumbai,Maharashtra,Business,446100,2021-03-19
2573,Rohit Sharma,41,Male,Ludhiana,Punjab,Business,729000,2023-06-06
2574,Anjali Patel,24,Male,Ahmedabad,Gujarat,Freelancer,464100,2023-09-29
2575,Vikas Verma,43,Female,Lucknow,Uttar Pradesh,Self-employed,821200,2019-02-15
2576,Pooja Joshi,38,Male,Kochi,Kerala,Retired,1397900,2021-02-20
2577,Arjun Kumar,22,Female,Delhi,Delhi,Retired,683800,2025-10-05
2578,Simran Malhotra,50,Male,Ahmedabad,Gujarat,Salaried,814500,2018-03-01
2579,Karan Mehta,31,Male,Kolkata,West Bengal,Freelancer,712300,2022-12-14
2580,Sneha Singh,30,Male,Kochi,Kerala,Self-employed,1166300,2021-03-13
2581,Aditya Agarwal,40,Female,Bhubaneswar,Odisha,Salaried,519500,2016-08-12
2582,Nisha Gupta,49,Male,Jaipur,Rajasthan,Self-employed,224100,2024-04-22
2583,Manish Mishra,28,Male,Mumbai,Maharashtra,Salaried,971700,2022-10-02
2584,Kavita Yadav,39,Male,Chennai,Tamil Nadu,Self-employed,1291300,2018-02-18
2585,Rahul Sharma,42,Female,Gurugram,Haryana,Freelancer,958700,2016-05-16
2586,Priya Patel,45,Female,Bhopal,Madhya Pradesh,Salaried,527400,2016-08-13
2587,Amit Verma,40,Male,Patna,Bihar,Salaried,401700,2025-04-28
2588,Neha Joshi,34,Male,Hyderabad,Telangana,Retired,984400,2019-06-06
2589,Rohit Kumar,30,Female,Kochi,Kerala,Salaried,810700,2022-06-28
2590,Anjali Malhotra,39,Male,Ahmedabad,Gujarat,Salaried,699900,2024-09-14
2591,Vikas Mehta,27,Female,Bhubaneswar,Odisha,Salaried,2043500,2018-03-22
2592,Pooja Singh,21,Female,Jaipur,Rajasthan,Self-employed,445600,2022-10-28
2593,Arjun Agarwal,42,Female,Jaipur,Rajasthan,Self-employed,1990900,2021-04-24
2594,Simran Gupta,47,Male,Kochi,Kerala,Business,763200,2016-01-07
2595,Karan Mishra,21,Female,Chennai,Tamil Nadu,Self-employed,273300,2016-05-07
2596,Sneha Yadav,28,Female,Bhopal,Madhya Pradesh,Business,679600,2025-05-17
2597,Aditya Sharma,44,Female,Gurugram,Haryana,Self-employed,1271300,2016-09-23
2598,Nisha Patel,59,Male,Mumbai,Maharashtra,Salaried,613600,2023-06-25
2599,Manish Verma,38,Male,Mumbai,Maharashtra,Business,333300,2018-07-16
2600,Kavita Joshi,31,Male,Delhi,Delhi,Business,685100,2016-08-01
2601,Rahul Kumar,36,Male,Bhubaneswar,Odisha,Self-employed,468100,2016-09-03
2602,Priya Malhotra,52,Female,Ludhiana,Punjab,Salaried,983000,2020-06-29
2603,Amit Mehta,32,Male,Kochi,Kerala,Salaried,1147600,2020-06-06
2604,Neha Singh,30,Male,Lucknow,Uttar Pradesh,Salaried,419500,2021-01-01
2605,Rohit Agarwal,33,Male,Kolkata,West Bengal,Salaried,508700,2025-06-07
2606,Anjali Gupta,28,Female,Ludhiana,Punjab,Business,1137100,2017-02-24
2607,Vikas Mishra,39,Female,Jaipur,Rajasthan,Salaried,467600,2020-10-04
2608,Pooja Yadav,54,Male,Bhubaneswar,Odisha,Business,413600,2018-11-30
2609,Arjun Sharma,41,Male,Gurugram,Haryana,Salaried,392200,2023-07-27
2610,Simran Patel,35,Male,Gurugram,Haryana,Salaried,910200,2019-10-03
2611,Karan Verma,35,Female,Mumbai,Maharashtra,Self-employed,889000,2025-12-11
2612,Sneha Joshi,22,Female,Lucknow,Uttar Pradesh,Salaried,514800,2016-05-22
2613,Aditya Kumar,47,Female,Lucknow,Uttar Pradesh,Freelancer,752100,2021-12-28
2614,Nisha Malhotra,37,Male,Kolkata,West Bengal,Salaried,1737100,2023-02-25
2615,Manish Mehta,36,Female,Ahmedabad,Gujarat,Salaried,438900,2021-11-24
2616,Kavita Singh,70,Male,Delhi,Delhi,Freelancer,256400,2021-09-11
2617,Rahul Agarwal,41,Female,Kochi,Kerala,Self-employed,963300,2024-12-15
2618,Priya Gupta,30,Male,Jaipur,Rajasthan,Salaried,705800,2021-12-06
2619,Amit Mishra,34,Female,Kochi,Kerala,Salaried,507500,2020-12-28
2620,Neha Yadav,49,Male,Kochi,Kerala,Business,1073500,2016-08-16
2621,Rohit Sharma,39,Female,Delhi,Delhi,Retired,1189900,2023-06-28
2622,Anjali Patel,24,Female,Kochi,Kerala,Freelancer,222600,2021-06-10
2623,Vikas Verma,47,Male,Lucknow,Uttar Pradesh,Salaried,523800,2024-11-30
2624,Pooja Joshi,31,Male,Bhopal,Madhya Pradesh,Retired,2683000,2018-04-09
2625,Arjun Kumar,57,Female,Bhubaneswar,Odisha,Salaried,1033700,2024-05-16
2626,Simran Malhotra,49,Male,Bhopal,Madhya Pradesh,Salaried,1087800,2018-04-29
2627,Karan Mehta,34,Male,Ahmedabad,Gujarat,Business,1429600,2019-05-23
2628,Sneha Singh,51,Male,Kolkata,West Bengal,Salaried,757100,2023-08-12
2629,Aditya Agarwal,39,Female,Kolkata,West Bengal,Salaried,1162400,2019-02-27
2630,Nisha Gupta,47,Male,Delhi,Delhi,Salaried,1113200,2018-04-24
2631,Manish Mishra,43,Male,Bhubaneswar,Odisha,Salaried,1008800,2022-05-08
2632,Kavita Yadav,30,Male,Jaipur,Rajasthan,Business,628300,2023-05-06
2633,Rahul Sharma,32,Male,Mumbai,Maharashtra,Self-employed,824400,2024-06-06
2634,Priya Patel,48,Female,Bhubaneswar,Odisha,Salaried,542700,2017-02-06
2635,Amit Verma,35,Female,Kochi,Kerala,Self-employed,755300,2024-02-23
2636,Neha Joshi,34,Female,Bhubaneswar,Odisha,Freelancer,394400,2020-05-21
2637,Rohit Kumar,28,Male,Kolkata,West Bengal,Business,485500,2017-09-18
2638,Anjali Malhotra,42,Female,Jaipur,Rajasthan,Salaried,642100,2025-06-02
2639,Vikas Mehta,59,Male,Mumbai,Maharashtra,Retired,446300,2020-12-28
2640,Pooja Singh,27,Male,Chennai,Tamil Nadu,Business,568100,2023-04-18
2641,Arjun Agarwal,38,Female,Bhopal,Madhya Pradesh,Salaried,685300,2018-09-07
2642,Simran Gupta,52,Female,Mumbai,Maharashtra,Salaried,935700,2023-01-28
2643,Karan Mishra,37,Female,Delhi,Delhi,Salaried,1264200,2018-12-12
2644,Sneha Yadav,43,Female,Delhi,Delhi,Business,581100,2022-04-13
2645,Aditya Sharma,27,Male,Bhubaneswar,Odisha,Salaried,1563000,2022-07-12
2646,Nisha Patel,42,Male,Ahmedabad,Gujarat,Self-employed,1256800,2025-03-06
2647,Manish Verma,36,Female,Bhubaneswar,Odisha,Salaried,989600,2016-02-02
2648,Kavita Joshi,48,Male,Jaipur,Rajasthan,Freelancer,816100,2018-03-09
2649,Rahul Kumar,50,Male,Ahmedabad,Gujarat,Salaried,893900,2023-02-08
2650,Priya Malhotra,64,Female,Jaipur,Rajasthan,Freelancer,1440800,2019-09-28
2651,Amit Mehta,44,Female,Ludhiana,Punjab,Retired,1470000,2024-01-17
2652,Neha Singh,41,Male,Chennai,Tamil Nadu,Salaried,1562900,2019-06-16
2653,Rohit Agarwal,40,Female,Chennai,Tamil Nadu,Self-employed,767200,2025-10-03
2654,Anjali Gupta,34,Female,Gurugram,Haryana,Salaried,1017700,2023-08-08
2655,Vikas Mishra,41,Female,Bengaluru,Karnataka,Freelancer,1570300,2024-11-22
2656,Pooja Yadav,35,Male,Ahmedabad,Gujarat,Self-employed,532200,2021-09-22
2657,Arjun Sharma,40,Male,Delhi,Delhi,Salaried,629500,2016-10-30
2658,Simran Patel,51,Male,Ahmedabad,Gujarat,Salaried,756600,2020-08-20
2659,Karan Verma,28,Male,Patna,Bihar,Salaried,1230100,2022-05-05
2660,Sneha Joshi,49,Male,Gurugram,Haryana,Retired,1240700,2023-06-23
2661,Aditya Kumar,51,Male,Jaipur,Rajasthan,Business,660600,2021-07-23
2662,Nisha Malhotra,37,Male,Bhopal,Madhya Pradesh,Freelancer,327100,2020-10-22
2663,Manish Mehta,21,Female,Chennai,Tamil Nadu,Salaried,858700,2017-02-03
2664,Kavita Singh,32,Male,Jaipur,Rajasthan,Salaried,452600,2023-04-04
2665,Rahul Agarwal,51,Female,Hyderabad,Telangana,Retired,330500,2018-07-10
2666,Priya Gupta,38,Female,Kolkata,West Bengal,Salaried,374300,2024-04-06
2667,Amit Mishra,28,Male,Kochi,Kerala,Retired,897500,2022-10-14
2668,Neha Yadav,33,Female,Bhubaneswar,Odisha,Salaried,1585500,2017-02-24
2669,Rohit Sharma,46,Female,Delhi,Delhi,Salaried,766200,2021-12-18
2670,Anjali Patel,43,Male,Bhopal,Madhya Pradesh,Business,842500,2019-12-04
2671,Vikas Verma,36,Female,Gurugram,Haryana,Retired,1437500,2019-06-02
2672,Pooja Joshi,34,Male,Jaipur,Rajasthan,Retired,320700,2019-03-12
2673,Arjun Kumar,34,Female,Patna,Bihar,Salaried,998400,2017-07-31
2674,Simran Malhotra,29,Male,Patna,Bihar,Salaried,745200,2017-06-23
2675,Karan Mehta,54,Female,Jaipur,Rajasthan,Self-employed,1023900,2021-12-12
2676,Sneha Singh,35,Male,Mumbai,Maharashtra,Self-employed,574900,2019-05-20
2677,Aditya Agarwal,50,Female,Bengaluru,Karnataka,Business,478300,2018-07-22
2678,Nisha Gupta,53,Male,Kolkata,West Bengal,Salaried,810300,2025-07-31
2679,Manish Mishra,48,Female,Kolkata,West Bengal,Retired,1857800,2019-12-31
2680,Kavita Yadav,34,Female,Lucknow,Uttar Pradesh,Self-employed,1204200,2017-08-14
2681,Rahul Sharma,42,Male,Hyderabad,Telangana,Freelancer,567300,2019-06-15
2682,Priya Patel,38,Female,Jaipur,Rajasthan,Self-employed,358700,2017-10-05
2683,Amit Verma,29,Male,Ahmedabad,Gujarat,Salaried,297400,2016-11-23
2684,Neha Joshi,41,Female,Kolkata,West Bengal,Retired,1546800,2023-10-30
2685,Rohit Kumar,26,Male,Kolkata,West Bengal,Self-employed,443500,2019-02-16
2686,Anjali Malhotra,50,Female,Jaipur,Rajasthan,Freelancer,627100,2021-09-24
2687,Vikas Mehta,33,Female,Ludhiana,Punjab,Retired,1551100,2021-11-01
2688,Pooja Singh,40,Male,Kolkata,West Bengal,Business,308700,2023-10-12
2689,Arjun Agarwal,41,Male,Kolkata,West Bengal,Self-employed,1704100,2016-12-17
2690,Simran Gupta,35,Male,Mumbai,Maharashtra,Salaried,652300,2018-11-02
2691,Karan Mishra,44,Female,Lucknow,Uttar Pradesh,Salaried,398800,2017-09-28
2692,Sneha Yadav,33,Male,Ahmedabad,Gujarat,Salaried,654600,2019-04-10
2693,Aditya Sharma,47,Male,Mumbai,Maharashtra,Salaried,504000,2016-08-21
2694,Nisha Patel,25,Female,Lucknow,Uttar Pradesh,Salaried,955800,2024-11-26
2695,Manish Verma,39,Male,Kolkata,West Bengal,Salaried,525100,2024-07-19
2696,Kavita Joshi,57,Female,Hyderabad,Telangana,Salaried,262100,2018-02-19
2697,Rahul Kumar,28,Male,Gurugram,Haryana,Salaried,664300,2023-06-21
2698,Priya Malhotra,31,Male,Lucknow,Uttar Pradesh,Salaried,355700,2019-11-19
2699,Amit Mehta,43,Female,Bhopal,Madhya Pradesh,Salaried,839200,2018-07-21
2700,Neha Singh,40,Male,Ahmedabad,Gujarat,Business,390400,2020-12-28
2701,Rohit Agarwal,42,Male,Jaipur,Rajasthan,Self-employed,573400,2025-08-01
2702,Anjali Gupta,43,Female,Kochi,Kerala,Salaried,829200,2025-02-27
2703,Vikas Mishra,44,Male,Chennai,Tamil Nadu,Self-employed,667300,2018-05-10
2704,Pooja Yadav,49,Female,Jaipur,Rajasthan,Business,860800,2019-05-15
2705,Arjun Sharma,42,Female,Patna,Bihar,Salaried,1090300,2022-01-04
2706,Simran Patel,36,Male,Patna,Bihar,Self-employed,396700,2016-10-26
2707,Karan Verma,45,Male,Mumbai,Maharashtra,Retired,723900,2021-05-09
2708,Sneha Joshi,57,Female,Gurugram,Haryana,Freelancer,180000,2020-01-16
2709,Aditya Kumar,37,Male,Kochi,Kerala,Salaried,859300,2021-07-16
2710,Nisha Malhotra,28,Male,Ahmedabad,Gujarat,Self-employed,635600,2023-02-09
2711,Manish Mehta,49,Female,Mumbai,Maharashtra,Salaried,436700,2024-04-13
2712,Kavita Singh,37,Male,Bhopal,Madhya Pradesh,Self-employed,892200,2022-08-27
2713,Rahul Agarwal,21,Female,Jaipur,Rajasthan,Retired,1429500,2021-05-24
2714,Priya Gupta,46,Male,Ludhiana,Punjab,Self-employed,577200,2023-10-18
2715,Amit Mishra,33,Male,Ludhiana,Punjab,Freelancer,446000,2017-06-17
2716,Neha Yadav,37,Male,Ahmedabad,Gujarat,Salaried,821300,2019-06-10
2717,Rohit Sharma,41,Female,Bhubaneswar,Odisha,Retired,359800,2020-07-15
2718,Anjali Patel,40,Female,Bhopal,Madhya Pradesh,Self-employed,521600,2019-02-26
2719,Vikas Verma,45,Female,Bhopal,Madhya Pradesh,Salaried,1469100,2020-10-18
2720,Pooja Joshi,34,Male,Kolkata,West Bengal,Self-employed,776100,2020-08-10
2721,Arjun Kumar,43,Male,Patna,Bihar,Salaried,266800,2023-03-02
2722,Simran Malhotra,35,Male,Jaipur,Rajasthan,Salaried,279100,2024-02-26
2723,Karan Mehta,45,Male,Ahmedabad,Gujarat,Business,819900,2016-08-24
2724,Sneha Singh,44,Female,Bhubaneswar,Odisha,Salaried,1205200,2024-04-01
2725,Aditya Agarwal,29,Female,Hyderabad,Telangana,Business,308100,2017-12-01
2726,Nisha Gupta,49,Male,Hyderabad,Telangana,Salaried,960500,2023-09-02
2727,Manish Mishra,33,Female,Kolkata,West Bengal,Salaried,1558900,2017-07-28
2728,Kavita Yadav,46,Male,Mumbai,Maharashtra,Retired,2118400,2025-09-26
2729,Rahul Sharma,42,Female,Patna,Bihar,Salaried,899900,2025-01-25
2730,Priya Patel,56,Male,Mumbai,Maharashtra,Self-employed,991100,2024-03-23
2731,Amit Verma,36,Male,Bengaluru,Karnataka,Self-employed,232000,2024-05-22
2732,Neha Joshi,35,Male,Chennai,Tamil Nadu,Self-employed,2380200,2020-09-16
2733,Rohit Kumar,38,Male,Mumbai,Maharashtra,Freelancer,546500,2018-02-09
2734,Anjali Malhotra,35,Female,Gurugram,Haryana,Business,448800,2020-10-30
2735,Vikas Mehta,46,Male,Gurugram,Haryana,Salaried,651800,2016-08-10
2736,Pooja Singh,22,Male,Kolkata,West Bengal,Freelancer,1722400,2019-01-27
2737,Arjun Agarwal,27,Female,Gurugram,Haryana,Salaried,2526300,2023-02-17
2738,Simran Gupta,27,Female,Lucknow,Uttar Pradesh,Self-employed,803600,2024-02-06
2739,Karan Mishra,48,Female,Kolkata,West Bengal,Retired,1298600,2022-05-09
2740,Sneha Yadav,55,Male,Bhopal,Madhya Pradesh,Self-employed,768000,2019-11-23
2741,Aditya Sharma,37,Female,Bhubaneswar,Odisha,Business,423800,2020-03-20
2742,Nisha Patel,36,Female,Lucknow,Uttar Pradesh,Business,1689700,2021-06-28
2743,Manish Verma,39,Male,Kochi,Kerala,Freelancer,532700,2017-03-05
2744,Kavita Joshi,50,Male,Mumbai,Maharashtra,Retired,1745200,2017-06-06
2745,Rahul Kumar,29,Male,Bhopal,Madhya Pradesh,Salaried,1531900,2024-03-26
2746,Priya Malhotra,40,Male,Jaipur,Rajasthan,Salaried,1051300,2019-10-03
2747,Amit Mehta,48,Male,Bhopal,Madhya Pradesh,Self-employed,2050800,2024-02-05
2748,Neha Singh,43,Male,Ludhiana,Punjab,Business,2560300,2020-04-23
2749,Rohit Agarwal,40,Female,Gurugram,Haryana,Salaried,681100,2022-11-03
2750,Anjali Gupta,48,Female,Bhubaneswar,Odisha,Salaried,480700,2021-05-28
2751,Vikas Mishra,21,Female,Mumbai,Maharashtra,Salaried,269000,2024-05-17
2752,Pooja Yadav,45,Female,Bengaluru,Karnataka,Retired,2577700,2021-09-20
2753,Arjun Sharma,31,Male,Ahmedabad,Gujarat,Business,588900,2020-10-04
2754,Simran Patel,21,Female,Jaipur,Rajasthan,Salaried,1400200,2016-04-03
2755,Karan Verma,43,Female,Delhi,Delhi,Salaried,498900,2022-12-08
2756,Sneha Joshi,52,Male,Bhopal,Madhya Pradesh,Salaried,1747800,2023-01-08
2757,Aditya Kumar,37,Female,Gurugram,Haryana,Salaried,510300,2025-12-14
2758,Nisha Malhotra,48,Female,Mumbai,Maharashtra,Salaried,389400,2019-03-19
2759,Manish Mehta,54,Female,Mumbai,Maharashtra,Freelancer,668700,2023-07-27
2760,Kavita Singh,51,Female,Patna,Bihar,Retired,559800,2017-05-13
2761,Rahul Agarwal,54,Male,Gurugram,Haryana,Salaried,1041100,2022-08-15
2762,Priya Gupta,45,Male,Gurugram,Haryana,Salaried,729100,2018-09-07
2763,Amit Mishra,39,Male,Bhubaneswar,Odisha,Salaried,1059200,2023-07-09
2764,Neha Yadav,22,Female,Bhopal,Madhya Pradesh,Self-employed,639100,2017-04-29
2765,Rohit Sharma,36,Female,Ludhiana,Punjab,Salaried,520200,2017-10-26
2766,Anjali Patel,30,Female,Bengaluru,Karnataka,Salaried,544100,2025-06-16
2767,Vikas Verma,60,Male,Ludhiana,Punjab,Salaried,2309500,2017-09-19
2768,Pooja Joshi,36,Male,Hyderabad,Telangana,Business,848900,2020-08-11
2769,Arjun Kumar,39,Female,Chennai,Tamil Nadu,Business,251900,2018-01-01
2770,Simran Malhotra,44,Female,Kolkata,West Bengal,Self-employed,563400,2016-07-10
2771,Karan Mehta,38,Male,Gurugram,Haryana,Salaried,791000,2020-11-03
2772,Sneha Singh,55,Male,Bhubaneswar,Odisha,Freelancer,2069500,2023-11-23
2773,Aditya Agarwal,32,Female,Delhi,Delhi,Retired,1320600,2019-05-29
2774,Nisha Gupta,40,Female,Hyderabad,Telangana,Salaried,451700,2018-12-06
2775,Manish Mishra,31,Male,Ludhiana,Punjab,Salaried,2836100,2021-12-14
2776,Kavita Yadav,25,Male,Bhopal,Madhya Pradesh,Self-employed,737300,2023-08-06
2777,Rahul Sharma,32,Female,Lucknow,Uttar Pradesh,Salaried,1488500,2024-06-05
2778,Priya Patel,38,Female,Gurugram,Haryana,Salaried,397400,2017-11-26
2779,Amit Verma,34,Male,Bhubaneswar,Odisha,Self-employed,200600,2019-02-13
2780,Neha Joshi,31,Male,Ahmedabad,Gujarat,Self-employed,345700,2017-07-17
2781,Rohit Kumar,24,Female,Delhi,Delhi,Salaried,180000,2022-08-10
2782,Anjali Malhotra,37,Male,Mumbai,Maharashtra,Self-employed,2396400,2024-07-14
2783,Vikas Mehta,23,Male,Bengaluru,Karnataka,Retired,843900,2022-09-06
2784,Pooja Singh,46,Male,Lucknow,Uttar Pradesh,Salaried,451000,2024-03-20
2785,Arjun Agarwal,39,Male,Kochi,Kerala,Business,962000,2016-01-23
2786,Simran Gupta,23,Female,Gurugram,Haryana,Salaried,832300,2024-10-07
2787,Karan Mishra,35,Male,Kochi,Kerala,Salaried,1055300,2024-10-03
2788,Sneha Yadav,30,Female,Ludhiana,Punjab,Self-employed,1458700,2017-03-20
2789,Aditya Sharma,41,Male,Ahmedabad,Gujarat,Salaried,639500,2018-02-15
2790,Nisha Patel,51,Male,Lucknow,Uttar Pradesh,Salaried,462300,2021-08-06
2791,Manish Verma,21,Male,Lucknow,Uttar Pradesh,Salaried,1182500,2025-04-03
2792,Kavita Joshi,39,Female,Gurugram,Haryana,Self-employed,1166000,2017-12-08
2793,Rahul Kumar,36,Female,Delhi,Delhi,Business,792700,2017-03-08
2794,Priya Malhotra,45,Male,Ludhiana,Punjab,Salaried,2484300,2017-04-17
2795,Amit Mehta,40,Female,Jaipur,Rajasthan,Business,589500,2016-02-17
2796,Neha Singh,30,Female,Patna,Bihar,Salaried,457200,2021-03-29
2797,Rohit Agarwal,35,Female,Lucknow,Uttar Pradesh,Self-employed,943900,2019-01-10
2798,Anjali Gupta,30,Male,Bhopal,Madhya Pradesh,Salaried,517400,2024-09-15
2799,Vikas Mishra,49,Female,Delhi,Delhi,Business,985000,2022-04-29
2800,Pooja Yadav,38,Male,Jaipur,Rajasthan,Retired,474300,2021-03-05
2801,Arjun Sharma,57,Male,Ahmedabad,Gujarat,Retired,601800,2024-06-29
2802,Simran Patel,37,Female,Bhubaneswar,Odisha,Salaried,2121800,2016-12-23
2803,Karan Verma,31,Female,Kolkata,West Bengal,Freelancer,600000,2017-07-21
2804,Sneha Joshi,23,Male,Mumbai,Maharashtra,Salaried,483300,2017-04-24
2805,Aditya Kumar,21,Male,Bengaluru,Karnataka,Retired,1427900,2018-05-16
2806,Nisha Malhotra,22,Female,Jaipur,Rajasthan,Salaried,420700,2024-12-04
2807,Manish Mehta,41,Female,Bhubaneswar,Odisha,Salaried,512300,2018-10-25
2808,Kavita Singh,43,Male,Chennai,Tamil Nadu,Salaried,1029900,2025-03-11
2809,Rahul Agarwal,22,Female,Bhopal,Madhya Pradesh,Salaried,1256600,2020-12-18
2810,Priya Gupta,47,Male,Patna,Bihar,Business,1467500,2019-11-18
2811,Amit Mishra,33,Male,Lucknow,Uttar Pradesh,Retired,497300,2025-08-27
2812,Neha Yadav,39,Female,Jaipur,Rajasthan,Self-employed,1040900,2017-12-08
2813,Rohit Sharma,54,Male,Gurugram,Haryana,Business,580400,2022-10-09
2814,Anjali Patel,47,Male,Bhubaneswar,Odisha,Business,537500,2018-11-16
2815,Vikas Verma,35,Female,Bhubaneswar,Odisha,Salaried,1453700,2016-05-06
2816,Pooja Joshi,29,Female,Chennai,Tamil Nadu,Salaried,554400,2021-12-22
2817,Arjun Kumar,21,Male,Kochi,Kerala,Salaried,874000,2025-11-15
2818,Simran Malhotra,31,Female,Chennai,Tamil Nadu,Salaried,817000,2022-07-06
2819,Karan Mehta,36,Female,Jaipur,Rajasthan,Salaried,416200,2020-07-10
2820,Sneha Singh,28,Male,Kolkata,West Bengal,Salaried,1275900,2022-09-05
2821,Aditya Agarwal,37,Female,Lucknow,Uttar Pradesh,Salaried,1020700,2016-01-08
2822,Nisha Gupta,39,Male,Bengaluru,Karnataka,Salaried,251500,2017-09-04
2823,Manish Mishra,36,Male,Kolkata,West Bengal,Freelancer,873600,2019-07-08
2824,Kavita Yadav,31,Female,Jaipur,Rajasthan,Salaried,490300,2019-05-07
2825,Rahul Sharma,40,Female,Ludhiana,Punjab,Self-employed,1371200,2017-08-20
2826,Priya Patel,42,Male,Lucknow,Uttar Pradesh,Self-employed,338700,2020-10-29
2827,Amit Verma,27,Male,Ludhiana,Punjab,Self-employed,616500,2017-01-20
2828,Neha Joshi,52,Male,Chennai,Tamil Nadu,Salaried,915200,2022-11-24
2829,Rohit Kumar,37,Male,Lucknow,Uttar Pradesh,Salaried,772800,2016-06-27
2830,Anjali Malhotra,38,Male,Bhopal,Madhya Pradesh,Salaried,1141000,2022-11-02
2831,Vikas Mehta,45,Male,Delhi,Delhi,Salaried,325400,2025-01-24
2832,Pooja Singh,40,Female,Chennai,Tamil Nadu,Salaried,1860500,2025-11-04
2833,Arjun Agarwal,48,Male,Patna,Bihar,Self-employed,1001100,2018-03-25
2834,Simran Gupta,41,Male,Mumbai,Maharashtra,Business,1584300,2024-11-28
2835,Karan Mishra,32,Female,Kolkata,West Bengal,Self-employed,1213100,2020-12-22
2836,Sneha Yadav,42,Female,Kochi,Kerala,Salaried,745200,2016-12-23
2837,Aditya Sharma,27,Male,Lucknow,Uttar Pradesh,Salaried,370100,2022-08-20
2838,Nisha Patel,39,Male,Kochi,Kerala,Freelancer,550100,2017-12-02
2839,Manish Verma,38,Female,Ludhiana,Punjab,Salaried,1797800,2023-11-25
2840,Kavita Joshi,36,Male,Bengaluru,Karnataka,Business,1606900,2020-10-16
2841,Rahul Kumar,37,Male,Kolkata,West Bengal,Business,533400,2023-01-29
2842,Priya Malhotra,21,Female,Ludhiana,Punjab,Salaried,180000,2018-02-20
2843,Amit Mehta,33,Male,Chennai,Tamil Nadu,Salaried,667200,2016-03-22
2844,Neha Singh,39,Male,Kochi,Kerala,Self-employed,640200,2025-05-22
2845,Rohit Agarwal,40,Male,Patna,Bihar,Salaried,653700,2016-07-03
2846,Anjali Gupta,28,Male,Mumbai,Maharashtra,Salaried,1003000,2022-05-24
2847,Vikas Mishra,51,Male,Bengaluru,Karnataka,Salaried,1214400,2024-07-30
2848,Pooja Yadav,29,Other,Lucknow,Uttar Pradesh,Salaried,1293000,2018-06-01
2849,Arjun Sharma,48,Male,Bhubaneswar,Odisha,Self-employed,958400,2017-05-21
2850,Simran Patel,42,Male,Lucknow,Uttar Pradesh,Freelancer,278600,2021-08-03
2851,Karan Verma,32,Male,Patna,Bihar,Salaried,621700,2020-01-25
2852,Sneha Joshi,56,Female,Hyderabad,Telangana,Retired,2663300,2016-01-30
2853,Aditya Kumar,26,Male,Patna,Bihar,Retired,921400,2021-04-16
2854,Nisha Malhotra,47,Male,Jaipur,Rajasthan,Retired,918200,2024-03-02
2855,Manish Mehta,48,Female,Delhi,Delhi,Freelancer,914000,2021-09-09
2856,Kavita Singh,31,Male,Jaipur,Rajasthan,Salaried,942500,2019-08-09
2857,Rahul Agarwal,52,Male,Kochi,Kerala,Salaried,202200,2019-04-11
2858,Priya Gupta,35,Male,Jaipur,Rajasthan,Self-employed,657400,2019-02-25
2859,Amit Mishra,41,Male,Lucknow,Uttar Pradesh,Self-employed,734500,2016-03-26
2860,Neha Yadav,41,Male,Kolkata,West Bengal,Freelancer,1517600,2019-08-31
2861,Rohit Sharma,37,Female,Gurugram,Haryana,Retired,769900,2021-09-06
2862,Anjali Patel,46,Male,Patna,Bihar,Self-employed,303200,2021-12-09
2863,Vikas Verma,46,Female,Ahmedabad,Gujarat,Salaried,950200,2019-06-28
2864,Pooja Joshi,21,Male,Bhubaneswar,Odisha,Salaried,482000,2023-03-05
2865,Arjun Kumar,51,Male,Kochi,Kerala,Salaried,384100,2022-09-16
2866,Simran Malhotra,21,Male,Kochi,Kerala,Self-employed,474000,2017-11-13
2867,Karan Mehta,48,Female,Patna,Bihar,Self-employed,1010800,2025-08-15
2868,Sneha Singh,49,Male,Lucknow,Uttar Pradesh,Business,1498800,2016-09-28
2869,Aditya Agarwal,27,Female,Lucknow,Uttar Pradesh,Self-employed,978200,2023-11-24
2870,Nisha Gupta,34,Male,Lucknow,Uttar Pradesh,Freelancer,1061800,2021-01-09
2871,Manish Mishra,27,Male,Kochi,Kerala,Self-employed,972900,2021-11-30
2872,Kavita Yadav,36,Male,Kolkata,West Bengal,Freelancer,793000,2020-09-25
2873,Rahul Sharma,35,Male,Chennai,Tamil Nadu,Salaried,1100400,2019-11-18
2874,Priya Patel,46,Male,Patna,Bihar,Freelancer,198300,2016-01-19
2875,Amit Verma,51,Male,Ludhiana,Punjab,Business,797300,2021-02-18
2876,Neha Joshi,52,Female,Mumbai,Maharashtra,Salaried,422200,2023-04-06
2877,Rohit Kumar,32,Male,Lucknow,Uttar Pradesh,Salaried,1421800,2017-04-09
2878,Anjali Malhotra,36,Female,Kochi,Kerala,Freelancer,691700,2017-11-21
2879,Vikas Mehta,21,Male,Gurugram,Haryana,Salaried,762900,2018-10-07
2880,Pooja Singh,30,Male,Kochi,Kerala,Self-employed,327800,2019-04-29
2881,Arjun Agarwal,48,Female,Bengaluru,Karnataka,Salaried,1312000,2020-02-25
2882,Simran Gupta,54,Male,Lucknow,Uttar Pradesh,Business,1059000,2024-05-19
2883,Karan Mishra,26,Male,Delhi,Delhi,Freelancer,1018800,2016-06-11
2884,Sneha Yadav,32,Female,Chennai,Tamil Nadu,Salaried,479600,2020-06-23
2885,Aditya Sharma,38,Female,Kolkata,West Bengal,Salaried,490100,2023-07-09
2886,Nisha Patel,41,Male,Bengaluru,Karnataka,Retired,848100,2016-10-21
2887,Manish Verma,30,Male,Jaipur,Rajasthan,Business,511900,2017-08-01
2888,Kavita Joshi,42,Female,Kolkata,West Bengal,Freelancer,952700,2024-08-10
2889,Rahul Kumar,33,Male,Mumbai,Maharashtra,Salaried,228500,2020-11-02
2890,Priya Malhotra,38,Female,Delhi,Delhi,Salaried,573600,2023-07-11
2891,Amit Mehta,43,Male,Hyderabad,Telangana,Salaried,2014800,2020-05-04
2892,Neha Singh,38,Male,Bhubaneswar,Odisha,Business,955100,2025-04-03
2893,Rohit Agarwal,34,Female,Jaipur,Rajasthan,Salaried,822100,2022-06-07
2894,Anjali Gupta,37,Male,Kolkata,West Bengal,Salaried,2234900,2019-08-24
2895,Vikas Mishra,37,Male,Jaipur,Rajasthan,Salaried,207500,2021-12-11
2896,Pooja Yadav,34,Male,Bhopal,Madhya Pradesh,Salaried,479000,2023-06-09
2897,Arjun Sharma,35,Female,Ahmedabad,Gujarat,Business,601500,2025-02-14
2898,Simran Patel,54,Female,Ludhiana,Punjab,Salaried,1202500,2016-07-13
2899,Karan Verma,44,Male,Mumbai,Maharashtra,Business,1214000,2018-04-21
2900,Sneha Joshi,35,Female,Bhubaneswar,Odisha,Retired,465800,2022-07-26
2901,Aditya Kumar,45,Female,Kochi,Kerala,Salaried,1298500,2021-02-09
2902,Nisha Malhotra,35,Female,Delhi,Delhi,Business,600800,2020-11-26
2903,Manish Mehta,50,Female,Ludhiana,Punjab,Retired,1460400,2017-05-03
2904,Kavita Singh,42,Male,Hyderabad,Telangana,Retired,425000,2022-02-25
2905,Rahul Agarwal,37,Female,Delhi,Delhi,Salaried,700800,2024-01-10
2906,Priya Gupta,42,Female,Bhopal,Madhya Pradesh,Salaried,572800,2022-12-30
2907,Amit Mishra,22,Male,Lucknow,Uttar Pradesh,Salaried,1340600,2024-01-24
2908,Neha Yadav,27,Male,Kochi,Kerala,Business,562600,2020-05-22
2909,Rohit Sharma,26,Male,Hyderabad,Telangana,Business,732700,2017-03-21
2910,Anjali Patel,39,Female,Bhubaneswar,Odisha,Business,991100,2016-03-20
2911,Vikas Verma,55,Male,Ludhiana,Punjab,Salaried,1012300,2018-01-14
2912,Pooja Joshi,60,Female,Delhi,Delhi,Salaried,1221600,2023-07-08
2913,Arjun Kumar,44,Female,Kolkata,West Bengal,Self-employed,842300,2025-09-10
2914,Simran Malhotra,43,Female,Chennai,Tamil Nadu,Self-employed,595900,2021-02-03
2915,Karan Mehta,21,Female,Mumbai,Maharashtra,Business,618800,2020-01-05
2916,Sneha Singh,33,Female,Kochi,Kerala,Salaried,760700,2018-07-19
2917,Aditya Agarwal,30,Male,Kochi,Kerala,Salaried,860400,2023-05-25
2918,Nisha Gupta,32,Female,Ahmedabad,Gujarat,Salaried,691700,2021-04-18
2919,Manish Mishra,36,Male,Mumbai,Maharashtra,Salaried,758000,2024-01-28
2920,Kavita Yadav,33,Female,Kolkata,West Bengal,Salaried,325600,2016-09-28
2921,Rahul Sharma,21,Male,Delhi,Delhi,Salaried,1082600,2019-09-28
2922,Priya Patel,45,Female,Bhubaneswar,Odisha,Salaried,828600,2021-12-11
2923,Amit Verma,27,Female,Bhopal,Madhya Pradesh,Salaried,1301300,2025-01-07
2924,Neha Joshi,40,Female,Bhubaneswar,Odisha,Salaried,750100,2020-02-22
2925,Rohit Kumar,59,Male,Kochi,Kerala,Business,288300,2017-11-16
2926,Anjali Malhotra,29,Male,Chennai,Tamil Nadu,Salaried,615800,2020-09-22
2927,Vikas Mehta,21,Female,Lucknow,Uttar Pradesh,Business,671900,2017-10-13
2928,Pooja Singh,35,Male,Kochi,Kerala,Business,1128500,2016-10-23
2929,Arjun Agarwal,49,Female,Kolkata,West Bengal,Self-employed,240200,2019-02-16
2930,Simran Gupta,58,Male,Bengaluru,Karnataka,Retired,767200,2023-10-05
2931,Karan Mishra,26,Female,Ahmedabad,Gujarat,Salaried,994900,2024-08-13
2932,Sneha Yadav,43,Male,Hyderabad,Telangana,Business,521300,2017-09-12
2933,Aditya Sharma,33,Female,Mumbai,Maharashtra,Retired,781400,2020-07-12
2934,Nisha Patel,37,Female,Chennai,Tamil Nadu,Freelancer,531200,2024-04-08
2935,Manish Verma,64,Male,Lucknow,Uttar Pradesh,Salaried,502100,2024-01-07
2936,Kavita Joshi,23,Male,Ahmedabad,Gujarat,Salaried,599100,2025-02-11
2937,Rahul Kumar,41,Male,Hyderabad,Telangana,Salaried,507300,2025-11-12
2938,Priya Malhotra,43,Female,Patna,Bihar,Self-employed,1092300,2020-07-12
2939,Amit Mehta,49,Male,Gurugram,Haryana,Business,500600,2022-07-26
2940,Neha Singh,39,Female,Lucknow,Uttar Pradesh,Salaried,456400,2020-07-30
2941,Rohit Agarwal,41,Male,Hyderabad,Telangana,Self-employed,1983100,2025-03-02
2942,Anjali Gupta,34,Male,Bengaluru,Karnataka,Business,1272200,2016-09-11
2943,Vikas Mishra,41,Male,Mumbai,Maharashtra,Salaried,269400,2019-07-11
2944,Pooja Yadav,35,Male,Bhubaneswar,Odisha,Freelancer,492500,2023-06-19
2945,Arjun Sharma,44,Male,Mumbai,Maharashtra,Business,857000,2016-01-29
2946,Simran Patel,34,Female,Delhi,Delhi,Salaried,896200,2022-11-19
2947,Karan Verma,42,Female,Lucknow,Uttar Pradesh,Self-employed,330400,2018-11-24
2948,Sneha Joshi,38,Male,Delhi,Delhi,Salaried,1418400,2018-01-18
2949,Aditya Kumar,49,Female,Hyderabad,Telangana,Self-employed,1180800,2019-08-10
2950,Nisha Malhotra,37,Female,Lucknow,Uttar Pradesh,Retired,977600,2017-08-24
2951,Manish Mehta,21,Male,Patna,Bihar,Freelancer,1581700,2024-12-18
2952,Kavita Singh,51,Male,Bhubaneswar,Odisha,Salaried,961800,2023-08-19
2953,Rahul Agarwal,29,Male,Bhopal,Madhya Pradesh,Salaried,959900,2024-02-26
2954,Priya Gupta,31,Male,Mumbai,Maharashtra,Salaried,1766600,2018-12-27
2955,Amit Mishra,32,Female,Hyderabad,Telangana,Self-employed,1374400,2016-05-10
2956,Neha Yadav,52,Female,Patna,Bihar,Salaried,472100,2016-04-20
2957,Rohit Sharma,21,Male,Hyderabad,Telangana,Self-employed,1062400,2023-01-15
2958,Anjali Patel,69,Male,Patna,Bihar,Salaried,520500,2025-03-13
2959,Vikas Verma,49,Female,Chennai,Tamil Nadu,Salaried,989700,2023-06-27
2960,Pooja Joshi,40,Female,Ahmedabad,Gujarat,Salaried,974800,2018-04-10
2961,Arjun Kumar,37,Female,Patna,Bihar,Retired,350400,2017-10-27
2962,Simran Malhotra,41,Female,Lucknow,Uttar Pradesh,Business,701400,2018-12-02
2963,Karan Mehta,43,Male,Ludhiana,Punjab,Salaried,867800,2018-05-24
2964,Sneha Singh,44,Female,Delhi,Delhi,Salaried,590000,2019-08-10
2965,Aditya Agarwal,44,Female,Lucknow,Uttar Pradesh,Self-employed,891700,2016-10-11
2966,Nisha Gupta,39,Male,Bhubaneswar,Odisha,Salaried,1168300,2023-11-10
2967,Manish Mishra,36,Female,Delhi,Delhi,Self-employed,737500,2017-07-17
2968,Kavita Yadav,36,Male,Chennai,Tamil Nadu,Freelancer,848600,2016-01-19
2969,Rahul Sharma,36,Male,Gurugram,Haryana,Self-employed,1605100,2025-10-18
2970,Priya Patel,49,Male,Kolkata,West Bengal,Self-employed,972900,2017-06-30
2971,Amit Verma,44,Male,Mumbai,Maharashtra,Self-employed,837600,2016-02-17
2972,Neha Joshi,21,Male,Bhopal,Madhya Pradesh,Freelancer,442800,2020-11-03
2973,Rohit Kumar,45,Male,Bhopal,Madhya Pradesh,Retired,1084800,2021-08-04
2974,Anjali Malhotra,40,Male,Lucknow,Uttar Pradesh,Self-employed,899300,2016-08-06
2975,Vikas Mehta,38,Male,Kolkata,West Bengal,Salaried,1519500,2018-02-04
2976,Pooja Singh,34,Male,Mumbai,Maharashtra,Self-employed,769600,2024-12-03
2977,Arjun Agarwal,49,Male,Lucknow,Uttar Pradesh,Salaried,276200,2021-09-09
2978,Simran Gupta,47,Female,Mumbai,Maharashtra,Self-employed,294400,2022-04-25
2979,Karan Mishra,30,Male,Mumbai,Maharashtra,Self-employed,1124100,2025-05-08
2980,Sneha Yadav,42,Male,Patna,Bihar,Salaried,548100,2016-11-03
2981,Aditya Sharma,28,Female,Gurugram,Haryana,Salaried,953600,2024-08-08
2982,Nisha Patel,24,Female,Bhubaneswar,Odisha,Self-employed,798600,2022-06-12
2983,Manish Verma,32,Female,Mumbai,Maharashtra,Freelancer,684200,2017-07-21
2984,Kavita Joshi,47,Male,Gurugram,Haryana,Self-employed,711300,2019-01-27
2985,Rahul Kumar,48,Male,Patna,Bihar,Business,466000,2021-08-30
2986,Priya Malhotra,43,Female,Chennai,Tamil Nadu,Salaried,743500,2025-12-15
2987,Amit Mehta,45,Male,Ahmedabad,Gujarat,Self-employed,543800,2024-06-04
2988,Neha Singh,43,Male,Lucknow,Uttar Pradesh,Salaried,611100,2016-08-18
2989,Rohit Agarwal,32,Male,Hyderabad,Telangana,Business,627700,2016-03-22
2990,Anjali Gupta,42,Female,Ahmedabad,Gujarat,Salaried,662100,2024-03-24
2991,Vikas Mishra,46,Male,Patna,Bihar,Self-employed,1245500,2016-08-04
2992,Pooja Yadav,46,Female,Delhi,Delhi,Salaried,698300,2016-11-30
2993,Arjun Sharma,50,Female,Kolkata,West Bengal,Salaried,1317000,2017-07-12
2994,Simran Patel,45,Male,Bhubaneswar,Odisha,Retired,1747400,2023-12-21
2995,Karan Verma,42,Female,Jaipur,Rajasthan,Salaried,1200300,2018-05-23
2996,Sneha Joshi,49,Female,Ludhiana,Punjab,Salaried,1006300,2018-01-22
2997,Aditya Kumar,38,Female,Kochi,Kerala,Self-employed,897700,2017-08-16
2998,Nisha Malhotra,29,Male,Jaipur,Rajasthan,Freelancer,1207200,2020-12-27
2999,Manish Mehta,36,Female,Bhopal,Madhya Pradesh,Salaried,787800,2023-07-14
3000,Kavita Singh,31,Male,Patna,Bihar,Business,1289000,2024-02-20
3001,Rahul Agarwal,31,Female,Mumbai,Maharashtra,Freelancer,1051400,2020-08-05
3002,Priya Gupta,37,Male,Bengaluru,Karnataka,Salaried,615300,2017-07-06
3003,Amit Mishra,30,Male,Ahmedabad,Gujarat,Salaried,1227600,2020-01-22
3004,Neha Yadav,35,Female,Bengaluru,Karnataka,Salaried,788700,2018-02-21
3005,Rohit Sharma,21,Female,Ahmedabad,Gujarat,Freelancer,707500,2021-11-04
3006,Anjali Patel,40,Female,Ahmedabad,Gujarat,Salaried,577200,2025-10-26
3007,Vikas Verma,38,Male,Delhi,Delhi,Salaried,821700,2017-05-27
3008,Pooja Joshi,30,Male,Lucknow,Uttar Pradesh,Business,1297400,2018-09-10
3009,Arjun Kumar,45,Female,Patna,Bihar,Self-employed,1222900,2024-05-14
3010,Simran Malhotra,47,Female,Kolkata,West Bengal,Salaried,910900,2017-08-09
3011,Karan Mehta,22,Female,Ludhiana,Punjab,Self-employed,1043000,2020-02-10
3012,Sneha Singh,30,Male,Hyderabad,Telangana,Salaried,1509500,2022-12-20
3013,Aditya Agarwal,30,Male,Hyderabad,Telangana,Salaried,690600,2024-02-02
3014,Nisha Gupta,29,Female,Kolkata,West Bengal,Self-employed,406100,2018-08-13
3015,Manish Mishra,46,Female,Gurugram,Haryana,Freelancer,1534100,2018-01-12
3016,Kavita Yadav,36,Male,Kolkata,West Bengal,Salaried,560400,2017-03-24
3017,Rahul Sharma,35,Female,Lucknow,Uttar Pradesh,Freelancer,513100,2017-08-10
3018,Priya Patel,21,Female,Chennai,Tamil Nadu,Self-employed,279300,2016-09-16
3019,Amit Verma,44,Male,Patna,Bihar,Salaried,1026900,2025-11-17
3020,Neha Joshi,26,Male,Kolkata,West Bengal,Business,307400,2024-12-15
3021,Rohit Kumar,39,Male,Delhi,Delhi,Salaried,496400,2022-11-15
3022,Anjali Malhotra,41,Female,Jaipur,Rajasthan,Retired,1036500,2016-04-03
3023,Vikas Mehta,52,Male,Bengaluru,Karnataka,Freelancer,1115600,2018-10-17
3024,Pooja Singh,25,Male,Chennai,Tamil Nadu,Salaried,524100,2021-05-13
3025,Arjun Agarwal,21,Female,Patna,Bihar,Salaried,696700,2019-10-07
3026,Simran Gupta,40,Male,Mumbai,Maharashtra,Salaried,464100,2019-02-05
3027,Karan Mishra,56,Male,Patna,Bihar,Salaried,554700,2022-07-30
3028,Sneha Yadav,50,Male,Ludhiana,Punjab,Salaried,868300,2022-11-21
3029,Aditya Sharma,40,Male,Kochi,Kerala,Salaried,569200,2021-11-12
3030,Nisha Patel,33,Female,Patna,Bihar,Self-employed,655700,2018-05-17
3031,Manish Verma,46,Male,Mumbai,Maharashtra,Salaried,335100,2016-03-31
3032,Kavita Joshi,28,Female,Ludhiana,Punjab,Freelancer,1398600,2024-07-12
3033,Rahul Kumar,43,Female,Hyderabad,Telangana,Business,992900,2020-01-19
3034,Priya Malhotra,43,Male,Ludhiana,Punjab,Self-employed,1160000,2018-08-12
3035,Amit Mehta,49,Male,Gurugram,Haryana,Freelancer,1525100,2022-08-28
3036,Neha Singh,66,Male,Bhopal,Madhya Pradesh,Salaried,476400,2016-01-23
3037,Rohit Agarwal,42,Male,Bhubaneswar,Odisha,Salaried,615800,2020-09-21
3038,Anjali Gupta,33,Female,Jaipur,Rajasthan,Self-employed,264500,2016-01-23
3039,Vikas Mishra,38,Female,Delhi,Delhi,Self-employed,4218800,2025-01-18
3040,Pooja Yadav,21,Male,Bengaluru,Karnataka,Self-employed,690800,2020-09-17
3041,Arjun Sharma,31,Male,Bhubaneswar,Odisha,Freelancer,1327900,2022-06-16
3042,Simran Patel,34,Male,Hyderabad,Telangana,Retired,379600,2019-12-11
3043,Karan Verma,33,Female,Kochi,Kerala,Self-employed,1297400,2019-09-18
3044,Sneha Joshi,40,Male,Lucknow,Uttar Pradesh,Business,2083400,2017-07-28
3045,Aditya Kumar,30,Male,Kochi,Kerala,Salaried,725500,2021-11-20
3046,Nisha Malhotra,49,Male,Mumbai,Maharashtra,Salaried,430100,2022-12-22
3047,Manish Mehta,38,Female,Bengaluru,Karnataka,Business,694900,2018-04-07
3048,Kavita Singh,38,Female,Mumbai,Maharashtra,Salaried,220400,2025-09-24
3049,Rahul Agarwal,35,Male,Jaipur,Rajasthan,Salaried,734500,2016-07-07
3050,Priya Gupta,40,Male,Chennai,Tamil Nadu,Salaried,1178000,2017-04-04
3051,Amit Mishra,46,Female,Chennai,Tamil Nadu,Self-employed,735400,2022-02-14
3052,Neha Yadav,29,Male,Lucknow,Uttar Pradesh,Salaried,641500,2016-12-16
3053,Rohit Sharma,31,Female,Patna,Bihar,Self-employed,1002500,2017-08-03
3054,Anjali Patel,35,Male,Mumbai,Maharashtra,Salaried,1045500,2021-12-01
3055,Vikas Verma,25,Female,Gurugram,Haryana,Salaried,301000,2021-11-21
3056,Pooja Joshi,30,Male,Bhopal,Madhya Pradesh,Salaried,787500,2017-09-11
3057,Arjun Kumar,33,Female,Kolkata,West Bengal,Salaried,2863700,2020-03-11
3058,Simran Malhotra,47,Female,Kochi,Kerala,Freelancer,359900,2019-09-30
3059,Karan Mehta,41,Female,Bhubaneswar,Odisha,Salaried,715600,2024-06-19
3060,Sneha Singh,40,Female,Mumbai,Maharashtra,Salaried,2182100,2022-08-31
3061,Aditya Agarwal,47,Female,Chennai,Tamil Nadu,Self-employed,1376600,2024-03-10
3062,Nisha Gupta,37,Male,Ludhiana,Punjab,Self-employed,565500,2020-12-06
3063,Manish Mishra,42,Female,Jaipur,Rajasthan,Salaried,840000,2023-12-12
3064,Kavita Yadav,37,Female,Bhubaneswar,Odisha,Salaried,749100,2019-05-17
3065,Rahul Sharma,41,Male,Bengaluru,Karnataka,Retired,497000,2022-12-05
3066,Priya Patel,32,Female,Delhi,Delhi,Business,720000,2017-04-17
3067,Amit Verma,21,Female,Ahmedabad,Gujarat,Salaried,643000,2018-05-08
3068,Neha Joshi,37,Female,Kolkata,West Bengal,Self-employed,798000,2024-03-08
3069,Rohit Kumar,52,Male,Chennai,Tamil Nadu,Salaried,496900,2022-09-06
3070,Anjali Malhotra,47,Male,Jaipur,Rajasthan,Salaried,371600,2020-09-08
3071,Vikas Mehta,48,Male,Gurugram,Haryana,Self-employed,733200,2017-05-30
3072,Pooja Singh,50,Male,Kochi,Kerala,Freelancer,1926400,2024-12-03
3073,Arjun Agarwal,39,Male,Kolkata,West Bengal,Salaried,784700,2022-07-21
3074,Simran Gupta,40,Male,Ahmedabad,Gujarat,Freelancer,625000,2019-10-07
3075,Karan Mishra,32,Male,Kolkata,West Bengal,Salaried,1135500,2023-02-01
3076,Sneha Yadav,35,Female,Jaipur,Rajasthan,Salaried,687500,2021-09-25
3077,Aditya Sharma,44,Male,Lucknow,Uttar Pradesh,Salaried,2095400,2024-08-14
3078,Nisha Patel,50,Male,Patna,Bihar,Salaried,748400,2022-07-18
3079,Manish Verma,37,Male,Bengaluru,Karnataka,Freelancer,1102500,2024-12-06
3080,Kavita Joshi,33,Male,Jaipur,Rajasthan,Self-employed,495200,2017-06-26
3081,Rahul Kumar,38,Female,Bengaluru,Karnataka,Salaried,989100,2023-11-06
3082,Priya Malhotra,44,Female,Lucknow,Uttar Pradesh,Retired,872500,2018-11-25
3083,Amit Mehta,24,Female,Bhubaneswar,Odisha,Freelancer,727000,2018-01-26
3084,Neha Singh,21,Male,Jaipur,Rajasthan,Business,569100,2025-07-27
3085,Rohit Agarwal,32,Female,Bengaluru,Karnataka,Retired,528000,2022-07-26
3086,Anjali Gupta,26,Male,Bengaluru,Karnataka,Salaried,876000,2016-07-06
3087,Vikas Mishra,33,Male,Ahmedabad,Gujarat,Freelancer,1060000,2025-11-07
3088,Pooja Yadav,37,Male,Ludhiana,Punjab,Business,699300,2022-07-09
3089,Arjun Sharma,33,Male,Ludhiana,Punjab,Freelancer,878400,2017-04-27
3090,Simran Patel,53,Male,Mumbai,Maharashtra,Business,734500,2019-05-24
3091,Karan Verma,41,Male,Bhubaneswar,Odisha,Salaried,791800,2019-03-27
3092,Sneha Joshi,41,Female,Mumbai,Maharashtra,Business,671700,2023-06-07
3093,Aditya Kumar,44,Male,Bhopal,Madhya Pradesh,Salaried,757500,2025-01-25
3094,Nisha Malhotra,27,Male,Bengaluru,Karnataka,Salaried,3307700,2016-10-22
3095,Manish Mehta,48,Male,Bhubaneswar,Odisha,Salaried,890200,2025-09-03
3096,Kavita Singh,37,Female,Mumbai,Maharashtra,Retired,1069500,2016-02-14
3097,Rahul Agarwal,45,Male,Kolkata,West Bengal,Salaried,954300,2022-12-17
3098,Priya Gupta,27,Female,Patna,Bihar,Self-employed,649100,2021-08-04
3099,Amit Mishra,22,Female,Hyderabad,Telangana,Salaried,1528100,2016-06-23
3100,Neha Yadav,46,Male,Bengaluru,Karnataka,Retired,639000,2024-05-09
3101,Rohit Sharma,42,Male,Mumbai,Maharashtra,Salaried,1339900,2019-10-01
3102,Anjali Patel,29,Male,Bhubaneswar,Odisha,Business,624100,2021-10-04
3103,Vikas Verma,29,Female,Hyderabad,Telangana,Freelancer,442300,2025-12-16
3104,Pooja Joshi,49,Male,Ludhiana,Punjab,Salaried,916900,2022-07-16
3105,Arjun Kumar,26,Male,Kochi,Kerala,Salaried,408500,2020-12-05
3106,Simran Malhotra,54,Male,Kochi,Kerala,Business,1006900,2021-03-24
3107,Karan Mehta,29,Female,Kochi,Kerala,Freelancer,388900,2020-11-09
3108,Sneha Singh,44,Male,Lucknow,Uttar Pradesh,Business,629300,2024-09-14
3109,Aditya Agarwal,35,Male,Chennai,Tamil Nadu,Salaried,341300,2021-04-04
3110,Nisha Gupta,44,Female,Kolkata,West Bengal,Freelancer,3545300,2022-03-11
3111,Manish Mishra,33,Female,Hyderabad,Telangana,Salaried,302000,2020-03-02
3112,Kavita Yadav,36,Female,Bhubaneswar,Odisha,Self-employed,754100,2018-01-27
3113,Rahul Sharma,38,Male,Patna,Bihar,Freelancer,1406500,2019-11-21
3114,Priya Patel,28,Female,Lucknow,Uttar Pradesh,Salaried,1326200,2023-02-10
3115,Amit Verma,45,Female,Kochi,Kerala,Business,1197900,2017-05-11
3116,Neha Joshi,33,Male,Ahmedabad,Gujarat,Self-employed,629900,2022-01-29
3117,Rohit Kumar,36,Female,Bhopal,Madhya Pradesh,Freelancer,1576800,2016-04-14
3118,Anjali Malhotra,28,Male,Kolkata,West Bengal,Salaried,1239500,2025-12-02
3119,Vikas Mehta,21,Female,Lucknow,Uttar Pradesh,Salaried,842900,2017-04-23
3120,Pooja Singh,36,Male,Ahmedabad,Gujarat,Freelancer,856100,2019-11-23
3121,Arjun Agarwal,62,Female,Bengaluru,Karnataka,Salaried,634500,2022-10-17
3122,Simran Gupta,46,Male,Lucknow,Uttar Pradesh,Salaried,454800,2023-05-13
3123,Karan Mishra,38,Female,Bhopal,Madhya Pradesh,Retired,1481000,2017-11-23
3124,Sneha Yadav,35,Male,Gurugram,Haryana,Salaried,1543500,2024-04-26
3125,Aditya Sharma,38,Female,Lucknow,Uttar Pradesh,Retired,461200,2024-02-17
3126,Nisha Patel,43,Female,Kolkata,West Bengal,Salaried,689200,2016-07-12
3127,Manish Verma,26,Male,Chennai,Tamil Nadu,Salaried,693100,2023-11-30
3128,Kavita Joshi,49,Female,Kolkata,West Bengal,Business,736600,2023-10-19
3129,Rahul Kumar,45,Other,Delhi,Delhi,Business,777000,2020-01-29
3130,Priya Malhotra,45,Male,Bhopal,Madhya Pradesh,Self-employed,1262500,2025-05-05
3131,Amit Mehta,42,Male,Ludhiana,Punjab,Self-employed,497300,2016-02-28
3132,Neha Singh,38,Male,Bengaluru,Karnataka,Freelancer,470900,2021-03-01
3133,Rohit Agarwal,45,Male,Bhubaneswar,Odisha,Salaried,1480600,2025-11-18
3134,Anjali Gupta,44,Male,Hyderabad,Telangana,Salaried,581500,2017-04-22
3135,Vikas Mishra,34,Male,Lucknow,Uttar Pradesh,Salaried,374400,2019-01-31
3136,Pooja Yadav,32,Male,Delhi,Delhi,Self-employed,574400,2023-01-24
3137,Arjun Sharma,39,Male,Patna,Bihar,Salaried,625500,2021-05-22
3138,Simran Patel,53,Male,Bhopal,Madhya Pradesh,Salaried,1763900,2017-08-14
3139,Karan Verma,26,Female,Mumbai,Maharashtra,Self-employed,1247300,2018-04-18
3140,Sneha Joshi,23,Female,Kochi,Kerala,Salaried,1409800,2019-09-07
3141,Aditya Kumar,40,Male,Delhi,Delhi,Salaried,1177400,2017-07-02
3142,Nisha Malhotra,39,Female,Bhopal,Madhya Pradesh,Business,1262100,2024-06-12
3143,Manish Mehta,40,Female,Kochi,Kerala,Salaried,513700,2025-08-28
3144,Kavita Singh,40,Female,Bhopal,Madhya Pradesh,Freelancer,672400,2016-08-08
3145,Rahul Agarwal,36,Male,Ludhiana,Punjab,Business,435100,2018-05-25
3146,Priya Gupta,53,Male,Bhubaneswar,Odisha,Salaried,668000,2025-06-24
3147,Amit Mishra,22,Female,Patna,Bihar,Self-employed,1092600,2023-06-18
3148,Neha Yadav,30,Female,Delhi,Delhi,Salaried,807600,2019-04-11
3149,Rohit Sharma,37,Female,Kolkata,West Bengal,Business,1542900,2023-06-02
3150,Anjali Patel,22,Female,Kolkata,West Bengal,Retired,400300,2023-06-24
3151,Vikas Verma,36,Male,Hyderabad,Telangana,Self-employed,987500,2024-08-18
3152,Pooja Joshi,55,Male,Gurugram,Haryana,Business,377500,2016-12-01
3153,Arjun Kumar,38,Male,Ludhiana,Punjab,Salaried,789900,2016-08-12
3154,Simran Malhotra,40,Male,Delhi,Delhi,Salaried,1126900,2023-12-28
3155,Karan Mehta,25,Female,Kolkata,West Bengal,Freelancer,666500,2021-09-13
3156,Sneha Singh,32,Male,Gurugram,Haryana,Salaried,1015600,2016-07-06
3157,Aditya Agarwal,34,Male,Gurugram,Haryana,Salaried,442400,2019-06-01
3158,Nisha Gupta,35,Female,Chennai,Tamil Nadu,Salaried,300400,2023-05-14
3159,Manish Mishra,51,Male,Lucknow,Uttar Pradesh,Business,1018900,2018-08-20
3160,Kavita Yadav,44,Female,Chennai,Tamil Nadu,Salaried,1957200,2024-04-03
3161,Rahul Sharma,27,Other,Ludhiana,Punjab,Freelancer,433700,2017-05-08
3162,Priya Patel,40,Female,Chennai,Tamil Nadu,Salaried,1468900,2021-03-01
3163,Amit Verma,43,Male,Jaipur,Rajasthan,Salaried,768100,2016-11-06
3164,Neha Joshi,49,Male,Jaipur,Rajasthan,Business,359800,2023-01-12
3165,Rohit Kumar,54,Male,Kochi,Kerala,Salaried,402500,2020-05-23
3166,Anjali Malhotra,28,Male,Gurugram,Haryana,Business,756500,2020-04-12
3167,Vikas Mehta,30,Male,Lucknow,Uttar Pradesh,Salaried,600400,2017-01-03
3168,Pooja Singh,25,Female,Bhubaneswar,Odisha,Salaried,364300,2025-09-16
3169,Arjun Agarwal,36,Male,Bengaluru,Karnataka,Salaried,295400,2018-01-15
3170,Simran Gupta,43,Female,Kochi,Kerala,Freelancer,470800,2021-09-09
3171,Karan Mishra,48,Male,Kolkata,West Bengal,Self-employed,834400,2019-06-09
3172,Sneha Yadav,37,Female,Kolkata,West Bengal,Business,747400,2018-09-24
3173,Aditya Sharma,35,Female,Kochi,Kerala,Salaried,569300,2017-05-11
3174,Nisha Patel,40,Male,Lucknow,Uttar Pradesh,Self-employed,838100,2020-05-08
3175,Manish Verma,30,Male,Ahmedabad,Gujarat,Self-employed,1328900,2018-08-21
3176,Kavita Joshi,59,Female,Chennai,Tamil Nadu,Retired,931500,2021-06-27
3177,Rahul Kumar,22,Female,Kolkata,West Bengal,Business,701600,2019-04-13
3178,Priya Malhotra,40,Female,Patna,Bihar,Business,1249500,2022-06-03
3179,Amit Mehta,58,Male,Kochi,Kerala,Salaried,442400,2020-12-19
3180,Neha Singh,38,Male,Delhi,Delhi,Self-employed,662700,2019-10-20
3181,Rohit Agarwal,36,Female,Kolkata,West Bengal,Self-employed,671500,2019-01-14
3182,Anjali Gupta,34,Female,Bengaluru,Karnataka,Freelancer,379800,2017-07-30
3183,Vikas Mishra,36,Male,Chennai,Tamil Nadu,Salaried,595300,2024-08-26
3184,Pooja Yadav,52,Female,Kolkata,West Bengal,Salaried,239600,2016-02-23
3185,Arjun Sharma,21,Male,Mumbai,Maharashtra,Salaried,2146900,2025-05-25
3186,Simran Patel,53,Male,Jaipur,Rajasthan,Salaried,447900,2025-09-17
3187,Karan Verma,24,Male,Kochi,Kerala,Salaried,1794400,2016-08-16
3188,Sneha Joshi,35,Male,Ludhiana,Punjab,Freelancer,765900,2018-02-17
3189,Aditya Kumar,34,Female,Ludhiana,Punjab,Self-employed,1023300,2020-04-06
3190,Nisha Malhotra,44,Male,Kolkata,West Bengal,Freelancer,573200,2018-09-11
3191,Manish Mehta,22,Male,Kolkata,West Bengal,Freelancer,840900,2017-01-07
3192,Kavita Singh,43,Female,Ahmedabad,Gujarat,Salaried,1072600,2017-04-13
3193,Rahul Agarwal,58,Female,Gurugram,Haryana,Self-employed,1080900,2022-10-03
3194,Priya Gupta,24,Female,Jaipur,Rajasthan,Salaried,1148500,2021-01-23
3195,Amit Mishra,40,Female,Bhopal,Madhya Pradesh,Freelancer,612500,2017-06-15
3196,Neha Yadav,31,Male,Kolkata,West Bengal,Salaried,575900,2019-11-24
3197,Rohit Sharma,42,Female,Kochi,Kerala,Salaried,312100,2024-04-23
3198,Anjali Patel,38,Female,Ahmedabad,Gujarat,Salaried,1000100,2019-04-22
3199,Vikas Verma,32,Female,Delhi,Delhi,Self-employed,1360200,2017-07-15
3200,Pooja Joshi,43,Male,Lucknow,Uttar Pradesh,Salaried,1824100,2016-03-30
3201,Arjun Kumar,56,Male,Gurugram,Haryana,Salaried,887100,2020-06-27
3202,Simran Malhotra,36,Female,Kolkata,West Bengal,Business,492000,2019-11-07
3203,Karan Mehta,45,Male,Hyderabad,Telangana,Freelancer,294900,2017-01-03
3204,Sneha Singh,25,Female,Kochi,Kerala,Salaried,1330100,2024-08-11
3205,Aditya Agarwal,28,Female,Hyderabad,Telangana,Self-employed,279300,2019-07-16
3206,Nisha Gupta,43,Female,Kolkata,West Bengal,Freelancer,621900,2016-01-15
3207,Manish Mishra,53,Female,Hyderabad,Telangana,Salaried,663000,2025-04-23
3208,Kavita Yadav,42,Female,Bhubaneswar,Odisha,Freelancer,721900,2025-06-25
3209,Rahul Sharma,35,Male,Delhi,Delhi,Salaried,764900,2025-08-06
3210,Priya Patel,38,Male,Kolkata,West Bengal,Business,809200,2022-07-19
3211,Amit Verma,25,Female,Ludhiana,Punjab,Self-employed,198700,2019-05-03
3212,Neha Joshi,44,Male,Hyderabad,Telangana,Self-employed,756100,2021-04-29
3213,Rohit Kumar,47,Male,Kolkata,West Bengal,Freelancer,220000,2018-11-25
3214,Anjali Malhotra,33,Male,Bengaluru,Karnataka,Salaried,1121900,2018-07-05
3215,Vikas Mehta,33,Female,Delhi,Delhi,Salaried,552700,2022-03-02
3216,Pooja Singh,41,Male,Hyderabad,Telangana,Self-employed,229000,2020-08-01
3217,Arjun Agarwal,34,Female,Kochi,Kerala,Business,479300,2018-02-14
3218,Simran Gupta,37,Male,Lucknow,Uttar Pradesh,Salaried,548100,2018-12-16
3219,Karan Mishra,59,Male,Hyderabad,Telangana,Business,1443700,2019-02-07
3220,Sneha Yadav,36,Female,Kolkata,West Bengal,Salaried,835700,2017-11-16
3221,Aditya Sharma,34,Male,Lucknow,Uttar Pradesh,Salaried,906400,2025-10-07
3222,Nisha Patel,32,Female,Chennai,Tamil Nadu,Business,1436200,2023-07-28
3223,Manish Verma,45,Female,Lucknow,Uttar Pradesh,Salaried,711400,2016-08-12
3224,Kavita Joshi,36,Female,Jaipur,Rajasthan,Self-employed,1135600,2025-06-19
3225,Rahul Kumar,32,Male,Delhi,Delhi,Salaried,1092500,2016-03-04
3226,Priya Malhotra,51,Female,Patna,Bihar,Salaried,369600,2020-11-22
3227,Amit Mehta,52,Female,Gurugram,Haryana,Self-employed,1686200,2024-03-14
3228,Neha Singh,32,Female,Bhopal,Madhya Pradesh,Self-employed,343400,2018-08-18
3229,Rohit Agarwal,21,Male,Bhubaneswar,Odisha,Salaried,1242200,2019-10-07
3230,Anjali Gupta,48,Female,Kolkata,West Bengal,Salaried,325600,2025-09-04
3231,Vikas Mishra,31,Female,Mumbai,Maharashtra,Salaried,1043900,2022-06-25
3232,Pooja Yadav,46,Female,Lucknow,Uttar Pradesh,Self-employed,2088300,2016-12-22
3233,Arjun Sharma,21,Male,Patna,Bihar,Retired,667100,2016-04-02
3234,Simran Patel,47,Male,Hyderabad,Telangana,Freelancer,651400,2023-07-05
3235,Karan Verma,26,Male,Lucknow,Uttar Pradesh,Salaried,1049200,2019-08-16
3236,Sneha Joshi,45,Male,Bhopal,Madhya Pradesh,Salaried,625700,2020-02-26
3237,Aditya Kumar,38,Male,Jaipur,Rajasthan,Retired,2038800,2020-08-04
3238,Nisha Malhotra,28,Male,Ludhiana,Punjab,Self-employed,833600,2019-11-13
3239,Manish Mehta,34,Female,Ludhiana,Punjab,Self-employed,628900,2020-06-22
3240,Kavita Singh,45,Male,Hyderabad,Telangana,Business,557200,2022-10-17
3241,Rahul Agarwal,39,Female,Bhopal,Madhya Pradesh,Salaried,449000,2019-01-30
3242,Priya Gupta,44,Male,Delhi,Delhi,Self-employed,531000,2018-04-20
3243,Amit Mishra,58,Male,Jaipur,Rajasthan,Retired,618400,2019-11-02
3244,Neha Yadav,22,Male,Mumbai,Maharashtra,Business,573600,2020-05-25
3245,Rohit Sharma,54,Male,Delhi,Delhi,Salaried,522200,2025-05-02
3246,Anjali Patel,39,Female,Jaipur,Rajasthan,Salaried,2379000,2024-05-29
3247,Vikas Verma,29,Female,Delhi,Delhi,Salaried,425600,2018-06-16
3248,Pooja Joshi,25,Male,Delhi,Delhi,Business,813000,2024-01-10
3249,Arjun Kumar,36,Male,Kochi,Kerala,Salaried,1038900,2023-09-26
3250,Simran Malhotra,47,Male,Mumbai,Maharashtra,Salaried,1060600,2017-05-06
3251,Karan Mehta,37,Female,Kolkata,West Bengal,Retired,726200,2024-07-28
3252,Sneha Singh,53,Female,Patna,Bihar,Salaried,657000,2023-10-31
3253,Aditya Agarwal,23,Male,Patna,Bihar,Salaried,961400,2020-03-12
3254,Nisha Gupta,38,Female,Gurugram,Haryana,Salaried,868400,2022-09-05
3255,Manish Mishra,25,Female,Lucknow,Uttar Pradesh,Salaried,650400,2021-05-31
3256,Kavita Yadav,42,Male,Kolkata,West Bengal,Salaried,317700,2024-09-25
3257,Rahul Sharma,47,Male,Bengaluru,Karnataka,Freelancer,579800,2020-12-03
3258,Priya Patel,34,Female,Ahmedabad,Gujarat,Freelancer,399200,2020-02-03
3259,Amit Verma,21,Female,Mumbai,Maharashtra,Self-employed,519600,2019-09-13
3260,Neha Joshi,40,Female,Patna,Bihar,Salaried,763800,2021-08-30
3261,Rohit Kumar,42,Male,Bhopal,Madhya Pradesh,Self-employed,913600,2019-01-25
3262,Anjali Malhotra,42,Male,Mumbai,Maharashtra,Salaried,1996800,2021-01-12
3263,Vikas Mehta,50,Male,Gurugram,Haryana,Salaried,558100,2023-01-04
3264,Pooja Singh,27,Female,Ahmedabad,Gujarat,Retired,1148400,2024-02-03
3265,Arjun Agarwal,45,Male,Gurugram,Haryana,Salaried,887400,2023-07-25
3266,Simran Gupta,50,Female,Delhi,Delhi,Salaried,1529800,2024-03-10
3267,Karan Mishra,21,Female,Patna,Bihar,Self-employed,1029700,2020-07-21
3268,Sneha Yadav,41,Male,Patna,Bihar,Self-employed,430700,2022-07-25
3269,Aditya Sharma,33,Male,Jaipur,Rajasthan,Salaried,290700,2024-10-08
3270,Nisha Patel,37,Male,Jaipur,Rajasthan,Salaried,890000,2017-06-29
3271,Manish Verma,41,Female,Hyderabad,Telangana,Salaried,560800,2017-08-21
3272,Kavita Joshi,33,Male,Delhi,Delhi,Business,437400,2021-09-10
3273,Rahul Kumar,31,Female,Jaipur,Rajasthan,Salaried,373500,2021-08-06
3274,Priya Malhotra,38,Female,Hyderabad,Telangana,Salaried,819400,2016-09-15
3275,Amit Mehta,27,Male,Jaipur,Rajasthan,Self-employed,1718700,2017-04-20
3276,Neha Singh,27,Female,Bengaluru,Karnataka,Freelancer,599000,2023-11-12
3277,Rohit Agarwal,45,Other,Jaipur,Rajasthan,Salaried,1037700,2021-03-20
3278,Anjali Gupta,27,Male,Mumbai,Maharashtra,Salaried,709000,2024-04-07
3279,Vikas Mishra,45,Male,Gurugram,Haryana,Self-employed,369000,2018-07-08
3280,Pooja Yadav,43,Female,Patna,Bihar,Business,1123500,2021-09-11
3281,Arjun Sharma,21,Female,Hyderabad,Telangana,Salaried,410800,2024-01-25
3282,Simran Patel,31,Male,Jaipur,Rajasthan,Salaried,759000,2017-01-22
3283,Karan Verma,50,Male,Bhubaneswar,Odisha,Salaried,621600,2021-02-04
3284,Sneha Joshi,28,Male,Patna,Bihar,Salaried,1225700,2025-12-11
3285,Aditya Kumar,33,Other,Delhi,Delhi,Self-employed,419100,2018-03-08
3286,Nisha Malhotra,43,Male,Ahmedabad,Gujarat,Salaried,929900,2022-11-08
3287,Manish Mehta,46,Male,Chennai,Tamil Nadu,Freelancer,472600,2020-06-05
3288,Kavita Singh,35,Female,Bhopal,Madhya Pradesh,Self-employed,566200,2024-10-20
3289,Rahul Agarwal,32,Male,Bengaluru,Karnataka,Self-employed,180000,2021-04-09
3290,Priya Gupta,52,Female,Bhubaneswar,Odisha,Salaried,2370200,2020-12-20
3291,Amit Mishra,55,Male,Delhi,Delhi,Self-employed,1015200,2020-06-15
3292,Neha Yadav,48,Female,Ludhiana,Punjab,Salaried,491800,2022-03-21
3293,Rohit Sharma,39,Male,Chennai,Tamil Nadu,Freelancer,404000,2016-08-04
3294,Anjali Patel,30,Female,Bhubaneswar,Odisha,Retired,571000,2022-01-12
3295,Vikas Verma,30,Female,Bengaluru,Karnataka,Salaried,1112500,2018-02-27
3296,Pooja Joshi,43,Male,Jaipur,Rajasthan,Salaried,264900,2020-03-23
3297,Arjun Kumar,42,Male,Kochi,Kerala,Salaried,693800,2021-09-14
3298,Simran Malhotra,52,Male,Bhopal,Madhya Pradesh,Business,1986100,2023-05-07
3299,Karan Mehta,45,Male,Mumbai,Maharashtra,Business,402000,2021-08-18
3300,Sneha Singh,23,Female,Jaipur,Rajasthan,Freelancer,783900,2018-11-29
3301,Aditya Agarwal,49,Female,Lucknow,Uttar Pradesh,Business,2519700,2025-09-10
3302,Nisha Gupta,28,Male,Jaipur,Rajasthan,Salaried,1061800,2022-02-04
3303,Manish Mishra,34,Female,Kolkata,West Bengal,Self-employed,803800,2020-07-22
3304,Kavita Yadav,41,Female,Kochi,Kerala,Business,991000,2024-03-25
3305,Rahul Sharma,58,Female,Hyderabad,Telangana,Self-employed,601600,2022-12-23
3306,Priya Patel,69,Male,Patna,Bihar,Self-employed,1532800,2017-01-07
3307,Amit Verma,44,Male,Patna,Bihar,Self-employed,602100,2024-08-05
3308,Neha Joshi,36,Male,Kolkata,West Bengal,Self-employed,255300,2018-08-27
3309,Rohit Kumar,43,Female,Hyderabad,Telangana,Self-employed,604800,2020-08-16
3310,Anjali Malhotra,47,Male,Delhi,Delhi,Self-employed,440700,2019-12-18
3311,Vikas Mehta,35,Male,Kochi,Kerala,Business,642500,2017-05-29
3312,Pooja Singh,56,Male,Bhopal,Madhya Pradesh,Self-employed,650400,2016-12-29
3313,Arjun Agarwal,40,Female,Lucknow,Uttar Pradesh,Self-employed,1449000,2021-03-28
3314,Simran Gupta,43,Male,Delhi,Delhi,Business,1099400,2023-09-25
3315,Karan Mishra,45,Male,Ahmedabad,Gujarat,Salaried,866900,2021-05-05
3316,Sneha Yadav,42,Male,Mumbai,Maharashtra,Salaried,748800,2020-01-14
3317,Aditya Sharma,46,Male,Bengaluru,Karnataka,Salaried,418900,2020-03-19
3318,Nisha Patel,32,Female,Patna,Bihar,Self-employed,226000,2018-02-12
3319,Manish Verma,32,Male,Hyderabad,Telangana,Self-employed,798200,2016-11-24
3320,Kavita Joshi,27,Male,Mumbai,Maharashtra,Retired,1161100,2018-03-04
3321,Rahul Kumar,42,Female,Lucknow,Uttar Pradesh,Salaried,706600,2018-08-19
3322,Priya Malhotra,46,Male,Bengaluru,Karnataka,Salaried,558900,2022-08-14
3323,Amit Mehta,43,Male,Gurugram,Haryana,Salaried,968300,2017-08-19
3324,Neha Singh,55,Female,Kochi,Kerala,Salaried,716400,2021-02-20
3325,Rohit Agarwal,38,Male,Patna,Bihar,Business,1895500,2019-11-11
3326,Anjali Gupta,45,Male,Bhopal,Madhya Pradesh,Salaried,1477500,2025-11-27
3327,Vikas Mishra,27,Male,Ludhiana,Punjab,Self-employed,1271300,2019-02-11
3328,Pooja Yadav,34,Male,Kolkata,West Bengal,Business,1137800,2017-07-24
3329,Arjun Sharma,45,Female,Jaipur,Rajasthan,Self-employed,368900,2018-11-27
3330,Simran Patel,46,Female,Mumbai,Maharashtra,Freelancer,1080000,2020-04-17
3331,Karan Verma,35,Female,Chennai,Tamil Nadu,Salaried,922500,2017-01-11
3332,Sneha Joshi,37,Male,Bhubaneswar,Odisha,Salaried,1046900,2025-07-02
3333,Aditya Kumar,23,Male,Kochi,Kerala,Freelancer,983400,2024-12-18
3334,Nisha Malhotra,34,Female,Bengaluru,Karnataka,Freelancer,962100,2024-12-17
3335,Manish Mehta,47,Female,Bhubaneswar,Odisha,Salaried,3312800,2021-11-17
3336,Kavita Singh,44,Male,Gurugram,Haryana,Salaried,719200,2025-07-01
3337,Rahul Agarwal,43,Male,Mumbai,Maharashtra,Salaried,1255200,2025-08-22
3338,Priya Gupta,38,Male,Hyderabad,Telangana,Salaried,578800,2021-01-10
3339,Amit Mishra,38,Male,Bengaluru,Karnataka,Retired,1158600,2023-11-03
3340,Neha Yadav,31,Male,Delhi,Delhi,Self-employed,1257300,2021-05-17
3341,Rohit Sharma,45,Male,Kolkata,West Bengal,Salaried,916500,2021-12-05
3342,Anjali Patel,42,Female,Kochi,Kerala,Freelancer,1878400,2022-10-04
3343,Vikas Verma,43,Female,Gurugram,Haryana,Self-employed,461100,2019-06-20
3344,Pooja Joshi,33,Male,Bhubaneswar,Odisha,Salaried,573700,2017-06-24
3345,Arjun Kumar,21,Male,Bengaluru,Karnataka,Retired,842900,2019-06-04
3346,Simran Malhotra,49,Female,Hyderabad,Telangana,Freelancer,1217500,2025-10-12
3347,Karan Mehta,33,Male,Gurugram,Haryana,Freelancer,827800,2021-02-18
3348,Sneha Singh,29,Female,Delhi,Delhi,Self-employed,1521200,2019-05-21
3349,Aditya Agarwal,45,Male,Lucknow,Uttar Pradesh,Business,521200,2024-02-25
3350,Nisha Gupta,34,Female,Bhubaneswar,Odisha,Salaried,400500,2023-07-09
3351,Manish Mishra,49,Male,Bhopal,Madhya Pradesh,Self-employed,888500,2016-04-22
3352,Kavita Yadav,44,Male,Bengaluru,Karnataka,Retired,718800,2017-01-07
3353,Rahul Sharma,45,Male,Patna,Bihar,Salaried,1011000,2022-06-04
3354,Priya Patel,24,Male,Bhubaneswar,Odisha,Business,738800,2020-08-23
3355,Amit Verma,50,Male,Jaipur,Rajasthan,Self-employed,622100,2018-11-08
3356,Neha Joshi,41,Female,Bengaluru,Karnataka,Salaried,719700,2018-02-14
3357,Rohit Kumar,34,Male,Gurugram,Haryana,Business,762000,2017-11-01
3358,Anjali Malhotra,39,Male,Chennai,Tamil Nadu,Salaried,634200,2016-01-11
3359,Vikas Mehta,21,Male,Jaipur,Rajasthan,Self-employed,670700,2016-01-08
3360,Pooja Singh,42,Female,Jaipur,Rajasthan,Salaried,600700,2024-10-29
3361,Arjun Agarwal,28,Female,Kochi,Kerala,Retired,1201400,2020-04-22
3362,Simran Gupta,24,Female,Jaipur,Rajasthan,Salaried,834500,2024-10-11
3363,Karan Mishra,23,Male,Mumbai,Maharashtra,Salaried,2594900,2019-10-28
3364,Sneha Yadav,49,Female,Delhi,Delhi,Salaried,819300,2017-04-05
3365,Aditya Sharma,32,Female,Ludhiana,Punjab,Retired,554000,2025-01-19
3366,Nisha Patel,53,Female,Kochi,Kerala,Business,3258200,2022-04-21
3367,Manish Verma,33,Male,Lucknow,Uttar Pradesh,Business,941600,2023-03-18
3368,Kavita Joshi,21,Male,Gurugram,Haryana,Self-employed,1292900,2019-09-13
3369,Rahul Kumar,27,Male,Kolkata,West Bengal,Self-employed,1038700,2016-12-27
3370,Priya Malhotra,50,Male,Hyderabad,Telangana,Salaried,1056500,2019-10-29
3371,Amit Mehta,36,Female,Delhi,Delhi,Self-employed,1007000,2024-05-08
3372,Neha Singh,33,Male,Ludhiana,Punjab,Salaried,409100,2018-02-26
3373,Rohit Agarwal,40,Male,Bengaluru,Karnataka,Retired,918000,2016-07-27
3374,Anjali Gupta,43,Female,Bhubaneswar,Odisha,Business,361900,2016-09-23
3375,Vikas Mishra,49,Female,Mumbai,Maharashtra,Salaried,681400,2017-10-17
3376,Pooja Yadav,52,Male,Lucknow,Uttar Pradesh,Salaried,503200,2018-09-23
3377,Arjun Sharma,34,Female,Jaipur,Rajasthan,Business,913000,2017-07-07
3378,Simran Patel,25,Male,Gurugram,Haryana,Salaried,901300,2023-08-15
3379,Karan Verma,34,Female,Jaipur,Rajasthan,Salaried,977200,2020-03-09
3380,Sneha Joshi,41,Female,Patna,Bihar,Salaried,878400,2020-05-06
3381,Aditya Kumar,28,Male,Bhopal,Madhya Pradesh,Self-employed,537200,2017-02-24
3382,Nisha Malhotra,28,Female,Bhubaneswar,Odisha,Business,649700,2022-06-13
3383,Manish Mehta,41,Female,Patna,Bihar,Salaried,1244300,2021-12-24
3384,Kavita Singh,38,Male,Chennai,Tamil Nadu,Salaried,1349400,2019-12-13
3385,Rahul Agarwal,38,Male,Delhi,Delhi,Self-employed,399200,2022-02-20
3386,Priya Gupta,30,Female,Kochi,Kerala,Business,323100,2019-01-23
3387,Amit Mishra,36,Male,Bhopal,Madhya Pradesh,Salaried,502800,2020-02-22
3388,Neha Yadav,29,Male,Ahmedabad,Gujarat,Salaried,1332700,2021-04-10
3389,Rohit Sharma,47,Female,Gurugram,Haryana,Retired,1463000,2025-02-11
3390,Anjali Patel,48,Female,Delhi,Delhi,Retired,451000,2018-11-14
3391,Vikas Verma,21,Male,Chennai,Tamil Nadu,Retired,888100,2019-06-09
3392,Pooja Joshi,29,Male,Jaipur,Rajasthan,Business,2057000,2025-04-26
3393,Arjun Kumar,23,Male,Ludhiana,Punjab,Salaried,942500,2023-04-07
3394,Simran Malhotra,31,Male,Ludhiana,Punjab,Salaried,1639100,2024-05-19
3395,Karan Mehta,37,Male,Bengaluru,Karnataka,Salaried,1299000,2023-12-19
3396,Sneha Singh,24,Female,Kolkata,West Bengal,Salaried,454600,2016-08-08
3397,Aditya Agarwal,29,Male,Jaipur,Rajasthan,Retired,675600,2022-06-02
3398,Nisha Gupta,28,Male,Chennai,Tamil Nadu,Business,764500,2019-05-11
3399,Manish Mishra,40,Male,Delhi,Delhi,Business,794200,2024-05-16
3400,Kavita Yadav,39,Female,Kochi,Kerala,Salaried,1241500,2021-05-25
3401,Rahul Sharma,31,Male,Bhubaneswar,Odisha,Freelancer,939000,2016-12-08
3402,Priya Patel,40,Male,Ludhiana,Punjab,Business,180000,2017-08-15
3403,Amit Verma,33,Male,Lucknow,Uttar Pradesh,Salaried,364300,2019-05-13
3404,Neha Joshi,35,Female,Gurugram,Haryana,Freelancer,225200,2021-06-07
3405,Rohit Kumar,55,Female,Chennai,Tamil Nadu,Salaried,825900,2018-06-10
3406,Anjali Malhotra,51,Male,Bengaluru,Karnataka,Salaried,856100,2021-10-25
3407,Vikas Mehta,25,Male,Chennai,Tamil Nadu,Business,876400,2020-04-22
3408,Pooja Singh,46,Male,Gurugram,Haryana,Business,442600,2017-12-07
3409,Arjun Agarwal,46,Male,Ahmedabad,Gujarat,Salaried,1086600,2021-06-22
3410,Simran Gupta,27,Male,Patna,Bihar,Salaried,1112100,2018-12-01
3411,Karan Mishra,46,Male,Ahmedabad,Gujarat,Retired,376100,2025-08-27
3412,Sneha Yadav,53,Male,Bhubaneswar,Odisha,Business,334900,2019-04-20
3413,Aditya Sharma,27,Male,Bhopal,Madhya Pradesh,Business,749900,2018-01-26
3414,Nisha Patel,29,Male,Ahmedabad,Gujarat,Salaried,2009300,2019-05-03
3415,Manish Verma,48,Female,Ludhiana,Punjab,Salaried,1910100,2023-03-22
3416,Kavita Joshi,41,Male,Hyderabad,Telangana,Salaried,1022400,2021-01-29
3417,Rahul Kumar,44,Male,Ahmedabad,Gujarat,Salaried,502000,2021-06-22
3418,Priya Malhotra,41,Male,Delhi,Delhi,Salaried,1221500,2022-09-01
3419,Amit Mehta,42,Female,Jaipur,Rajasthan,Salaried,584800,2024-02-22
3420,Neha Singh,25,Female,Patna,Bihar,Self-employed,491700,2023-05-08
3421,Rohit Agarwal,48,Male,Ludhiana,Punjab,Salaried,230600,2021-12-28
3422,Anjali Gupta,50,Male,Chennai,Tamil Nadu,Business,793400,2024-06-25
3423,Vikas Mishra,36,Male,Jaipur,Rajasthan,Salaried,530400,2025-04-09
3424,Pooja Yadav,38,Male,Kolkata,West Bengal,Self-employed,790900,2019-09-06
3425,Arjun Sharma,23,Male,Ahmedabad,Gujarat,Salaried,211800,2017-03-23
3426,Simran Patel,43,Female,Jaipur,Rajasthan,Self-employed,823400,2020-12-21
3427,Karan Verma,44,Male,Bengaluru,Karnataka,Salaried,197000,2022-05-29
3428,Sneha Joshi,37,Female,Ahmedabad,Gujarat,Retired,1364400,2020-11-12
3429,Aditya Kumar,49,Male,Bhopal,Madhya Pradesh,Business,999400,2025-01-20
3430,Nisha Malhotra,35,Female,Bhopal,Madhya Pradesh,Self-employed,643400,2023-07-25
3431,Manish Mehta,44,Female,Mumbai,Maharashtra,Salaried,1022100,2022-11-09
3432,Kavita Singh,28,Male,Jaipur,Rajasthan,Self-employed,438000,2024-01-18
3433,Rahul Agarwal,38,Male,Bengaluru,Karnataka,Business,780500,2018-04-18
3434,Priya Gupta,36,Male,Bhopal,Madhya Pradesh,Salaried,1161200,2023-05-25
3435,Amit Mishra,40,Male,Mumbai,Maharashtra,Self-employed,180000,2020-06-17
3436,Neha Yadav,34,Male,Kolkata,West Bengal,Business,586500,2017-10-25
3437,Rohit Sharma,37,Female,Kolkata,West Bengal,Business,740700,2018-02-03
3438,Anjali Patel,46,Male,Lucknow,Uttar Pradesh,Business,673200,2024-08-04
3439,Vikas Verma,34,Female,Jaipur,Rajasthan,Freelancer,1671500,2016-06-24
3440,Pooja Joshi,22,Male,Kolkata,West Bengal,Retired,404200,2017-05-24
3441,Arjun Kumar,55,Female,Kochi,Kerala,Salaried,533000,2024-08-28
3442,Simran Malhotra,52,Male,Jaipur,Rajasthan,Self-employed,261500,2023-07-15
3443,Karan Mehta,25,Female,Mumbai,Maharashtra,Business,1721100,2019-04-04
3444,Sneha Singh,45,Male,Bengaluru,Karnataka,Business,655000,2017-08-24
3445,Aditya Agarwal,33,Male,Lucknow,Uttar Pradesh,Retired,589300,2018-04-17
3446,Nisha Gupta,41,Female,Chennai,Tamil Nadu,Salaried,728700,2018-09-28
3447,Manish Mishra,41,Male,Mumbai,Maharashtra,Salaried,1064200,2025-08-10
3448,Kavita Yadav,36,Female,Chennai,Tamil Nadu,Salaried,907900,2021-09-29
3449,Rahul Sharma,30,Female,Bhubaneswar,Odisha,Salaried,3217700,2023-06-26
3450,Priya Patel,31,Male,Kolkata,West Bengal,Salaried,962700,2022-05-02
3451,Amit Verma,29,Male,Gurugram,Haryana,Business,580700,2025-11-01
3452,Neha Joshi,30,Female,Chennai,Tamil Nadu,Salaried,550800,2019-01-15
3453,Rohit Kumar,37,Male,Lucknow,Uttar Pradesh,Business,604300,2023-04-07
3454,Anjali Malhotra,31,Female,Patna,Bihar,Business,328300,2021-08-06
3455,Vikas Mehta,45,Female,Bhopal,Madhya Pradesh,Salaried,766600,2024-07-20
3456,Pooja Singh,53,Male,Ahmedabad,Gujarat,Salaried,1154000,2024-11-24
3457,Arjun Agarwal,32,Male,Kochi,Kerala,Self-employed,535200,2025-03-03
3458,Simran Gupta,40,Female,Gurugram,Haryana,Business,481100,2025-01-23
3459,Karan Mishra,43,Male,Bhopal,Madhya Pradesh,Freelancer,1726500,2017-08-07
3460,Sneha Yadav,43,Male,Lucknow,Uttar Pradesh,Freelancer,342200,2022-07-14
3461,Aditya Sharma,39,Male,Kolkata,West Bengal,Retired,240500,2018-12-31
3462,Nisha Patel,45,Male,Chennai,Tamil Nadu,Self-employed,397800,2017-01-08
3463,Manish Verma,43,Male,Bengaluru,Karnataka,Freelancer,321400,2017-08-02
3464,Kavita Joshi,26,Male,Mumbai,Maharashtra,Business,927500,2017-05-31
3465,Rahul Kumar,47,Female,Mumbai,Maharashtra,Freelancer,615000,2019-06-15
3466,Priya Malhotra,47,Male,Ludhiana,Punjab,Salaried,664600,2025-09-07
3467,Amit Mehta,30,Male,Ahmedabad,Gujarat,Retired,1414000,2016-04-30
3468,Neha Singh,38,Other,Patna,Bihar,Self-employed,512800,2019-12-07
3469,Rohit Agarwal,45,Female,Jaipur,Rajasthan,Business,1148700,2020-10-12
3470,Anjali Gupta,36,Female,Patna,Bihar,Salaried,1722100,2023-11-24
3471,Vikas Mishra,49,Male,Ahmedabad,Gujarat,Salaried,583700,2023-03-02
3472,Pooja Yadav,62,Female,Ahmedabad,Gujarat,Salaried,1124900,2016-02-12
3473,Arjun Sharma,30,Male,Delhi,Delhi,Salaried,656600,2020-03-07
3474,Simran Patel,24,Male,Jaipur,Rajasthan,Salaried,1246800,2024-12-12
3475,Karan Verma,41,Male,Jaipur,Rajasthan,Business,316000,2021-08-04
3476,Sneha Joshi,45,Male,Patna,Bihar,Salaried,303400,2021-10-20
3477,Aditya Kumar,36,Female,Hyderabad,Telangana,Salaried,604800,2021-11-08
3478,Nisha Malhotra,53,Male,Ludhiana,Punjab,Salaried,460000,2025-11-29
3479,Manish Mehta,25,Female,Lucknow,Uttar Pradesh,Self-employed,564500,2017-05-05
3480,Kavita Singh,45,Female,Ahmedabad,Gujarat,Salaried,664700,2021-01-23
3481,Rahul Agarwal,32,Female,Bhubaneswar,Odisha,Salaried,1114400,2018-01-18
3482,Priya Gupta,55,Male,Delhi,Delhi,Self-employed,599400,2024-05-03
3483,Amit Mishra,58,Female,Bengaluru,Karnataka,Business,476700,2017-01-17
3484,Neha Yadav,30,Male,Bhopal,Madhya Pradesh,Salaried,618200,2018-03-15
3485,Rohit Sharma,33,Male,Chennai,Tamil Nadu,Salaried,491300,2020-01-29
3486,Anjali Patel,47,Other,Mumbai,Maharashtra,Salaried,448700,2019-03-23
3487,Vikas Verma,34,Male,Bengaluru,Karnataka,Retired,308900,2022-01-26
3488,Pooja Joshi,38,Male,Mumbai,Maharashtra,Salaried,779200,2019-07-19
3489,Arjun Kumar,38,Female,Ahmedabad,Gujarat,Self-employed,548600,2018-07-06
3490,Simran Malhotra,21,Male,Hyderabad,Telangana,Salaried,1276100,2024-09-16
3491,Karan Mehta,38,Female,Mumbai,Maharashtra,Self-employed,338300,2016-05-30
3492,Sneha Singh,31,Male,Bengaluru,Karnataka,Salaried,556600,2017-03-06
3493,Aditya Agarwal,33,Male,Patna,Bihar,Salaried,2032800,2022-11-03
3494,Nisha Gupta,52,Male,Ahmedabad,Gujarat,Self-employed,447300,2023-05-14
3495,Manish Mishra,25,Male,Jaipur,Rajasthan,Salaried,658500,2023-09-28
3496,Kavita Yadav,46,Male,Gurugram,Haryana,Salaried,384300,2021-09-01
3497,Rahul Sharma,35,Female,Jaipur,Rajasthan,Business,357300,2022-08-11
3498,Priya Patel,35,Male,Lucknow,Uttar Pradesh,Retired,1756500,2017-10-12
3499,Amit Verma,46,Female,Kolkata,West Bengal,Salaried,824000,2018-03-30
3500,Neha Joshi,41,Male,Kochi,Kerala,Self-employed,807200,2022-04-05
3501,Rohit Kumar,44,Male,Ludhiana,Punjab,Retired,295000,2022-10-17
3502,Anjali Malhotra,48,Female,Lucknow,Uttar Pradesh,Freelancer,913600,2023-07-14
3503,Vikas Mehta,35,Female,Bengaluru,Karnataka,Self-employed,1417500,2024-10-03
3504,Pooja Singh,32,Male,Hyderabad,Telangana,Business,1411300,2018-07-30
3505,Arjun Agarwal,27,Female,Hyderabad,Telangana,Salaried,1083200,2017-06-24
3506,Simran Gupta,30,Female,Hyderabad,Telangana,Self-employed,403000,2023-05-04
3507,Karan Mishra,67,Male,Kolkata,West Bengal,Salaried,891000,2022-02-23
3508,Sneha Yadav,50,Female,Mumbai,Maharashtra,Salaried,1082700,2020-09-05
3509,Aditya Sharma,24,Male,Kochi,Kerala,Salaried,279500,2022-12-04
3510,Nisha Patel,25,Female,Mumbai,Maharashtra,Salaried,404800,2019-04-17
3511,Manish Verma,43,Female,Chennai,Tamil Nadu,Business,1222400,2018-05-18
3512,Kavita Joshi,43,Female,Bengaluru,Karnataka,Self-employed,1214300,2023-01-14
3513,Rahul Kumar,43,Male,Lucknow,Uttar Pradesh,Self-employed,320000,2017-10-12
3514,Priya Malhotra,35,Male,Hyderabad,Telangana,Salaried,1161300,2024-03-25
3515,Amit Mehta,37,Female,Kochi,Kerala,Salaried,790400,2017-03-12
3516,Neha Singh,41,Male,Lucknow,Uttar Pradesh,Self-employed,1152400,2020-11-23
3517,Rohit Agarwal,39,Male,Hyderabad,Telangana,Retired,529100,2023-12-14
3518,Anjali Gupta,21,Female,Lucknow,Uttar Pradesh,Salaried,1069500,2016-11-09
3519,Vikas Mishra,36,Male,Kolkata,West Bengal,Salaried,1192900,2016-01-19
3520,Pooja Yadav,29,Male,Jaipur,Rajasthan,Freelancer,618200,2019-03-29
3521,Arjun Sharma,40,Male,Hyderabad,Telangana,Salaried,757400,2018-03-28
3522,Simran Patel,68,Male,Bhubaneswar,Odisha,Freelancer,525000,2016-05-01
3523,Karan Verma,42,Female,Hyderabad,Telangana,Self-employed,1860300,2021-10-20
3524,Sneha Joshi,35,Female,Chennai,Tamil Nadu,Salaried,702000,2018-12-14
3525,Aditya Kumar,47,Male,Kochi,Kerala,Salaried,451700,2022-11-12
3526,Nisha Malhotra,43,Female,Bengaluru,Karnataka,Salaried,505900,2016-06-17
3527,Manish Mehta,42,Female,Kolkata,West Bengal,Salaried,804200,2023-03-14
3528,Kavita Singh,44,Female,Gurugram,Haryana,Freelancer,1135000,2019-03-18
3529,Rahul Agarwal,59,Male,Kochi,Kerala,Business,359700,2017-09-20
3530,Priya Gupta,27,Female,Delhi,Delhi,Business,2072000,2016-01-26
3531,Amit Mishra,43,Male,Lucknow,Uttar Pradesh,Business,888800,2019-06-25
3532,Neha Yadav,29,Female,Delhi,Delhi,Salaried,969300,2023-07-31
3533,Rohit Sharma,44,Female,Ludhiana,Punjab,Self-employed,711000,2025-01-11
3534,Anjali Patel,29,Male,Bhubaneswar,Odisha,Self-employed,758000,2021-04-30
3535,Vikas Verma,34,Female,Delhi,Delhi,Business,691300,2020-09-25
3536,Pooja Joshi,35,Male,Ludhiana,Punjab,Salaried,1312700,2025-09-25
3537,Arjun Kumar,48,Female,Lucknow,Uttar Pradesh,Self-employed,746700,2021-01-30
3538,Simran Malhotra,47,Male,Delhi,Delhi,Freelancer,1143600,2018-10-30
3539,Karan Mehta,26,Female,Ludhiana,Punjab,Salaried,590800,2019-01-23
3540,Sneha Singh,39,Male,Hyderabad,Telangana,Salaried,835200,2021-12-08
3541,Aditya Agarwal,31,Male,Kolkata,West Bengal,Self-employed,482000,2016-05-05
3542,Nisha Gupta,25,Male,Mumbai,Maharashtra,Salaried,1464300,2023-02-09
3543,Manish Mishra,36,Male,Delhi,Delhi,Business,474100,2018-12-28
3544,Kavita Yadav,35,Male,Bhubaneswar,Odisha,Retired,627200,2022-06-02
3545,Rahul Sharma,62,Female,Bhubaneswar,Odisha,Self-employed,630700,2017-11-16
3546,Priya Patel,42,Male,Hyderabad,Telangana,Self-employed,617300,2025-10-12
3547,Amit Verma,24,Male,Gurugram,Haryana,Business,1115900,2018-08-30
3548,Neha Joshi,32,Male,Bhopal,Madhya Pradesh,Salaried,630100,2024-07-13
3549,Rohit Kumar,48,Female,Kolkata,West Bengal,Salaried,1614400,2017-09-26
3550,Anjali Malhotra,59,Female,Kolkata,West Bengal,Freelancer,478100,2022-08-26
3551,Vikas Mehta,22,Female,Bhopal,Madhya Pradesh,Business,823200,2021-06-30
3552,Pooja Singh,21,Female,Kochi,Kerala,Salaried,489500,2018-11-16
3553,Arjun Agarwal,57,Male,Delhi,Delhi,Salaried,945400,2017-12-05
3554,Simran Gupta,42,Male,Bhubaneswar,Odisha,Business,743400,2022-12-19
3555,Karan Mishra,29,Male,Bengaluru,Karnataka,Business,688700,2023-12-09
3556,Sneha Yadav,43,Female,Kolkata,West Bengal,Freelancer,1441900,2024-10-12
3557,Aditya Sharma,21,Female,Bengaluru,Karnataka,Salaried,523300,2017-12-07
3558,Nisha Patel,38,Male,Chennai,Tamil Nadu,Retired,1035500,2024-07-17
3559,Manish Verma,41,Male,Mumbai,Maharashtra,Self-employed,491300,2020-06-19
3560,Kavita Joshi,47,Male,Hyderabad,Telangana,Business,798000,2025-10-18
3561,Rahul Kumar,28,Male,Ahmedabad,Gujarat,Self-employed,388600,2021-07-20
3562,Priya Malhotra,39,Female,Lucknow,Uttar Pradesh,Salaried,521000,2021-12-08
3563,Amit Mehta,29,Male,Mumbai,Maharashtra,Retired,716900,2021-07-01
3564,Neha Singh,41,Female,Delhi,Delhi,Salaried,2034800,2025-01-01
3565,Rohit Agarwal,29,Male,Ludhiana,Punjab,Salaried,792800,2017-09-17
3566,Anjali Gupta,34,Female,Hyderabad,Telangana,Business,1863400,2017-06-09
3567,Vikas Mishra,28,Female,Jaipur,Rajasthan,Self-employed,846600,2020-05-16
3568,Pooja Yadav,45,Female,Kochi,Kerala,Freelancer,606200,2018-12-02
3569,Arjun Sharma,47,Female,Bengaluru,Karnataka,Self-employed,1748900,2021-04-30
3570,Simran Patel,36,Female,Mumbai,Maharashtra,Salaried,953800,2023-08-31
3571,Karan Verma,38,Female,Hyderabad,Telangana,Freelancer,526700,2016-04-05
3572,Sneha Joshi,24,Female,Kolkata,West Bengal,Salaried,971500,2021-09-05
3573,Aditya Kumar,35,Female,Bhubaneswar,Odisha,Freelancer,638500,2018-04-15
3574,Nisha Malhotra,37,Female,Lucknow,Uttar Pradesh,Salaried,251200,2021-04-02
3575,Manish Mehta,64,Female,Patna,Bihar,Freelancer,1255000,2019-06-19
3576,Kavita Singh,27,Female,Bengaluru,Karnataka,Salaried,1369600,2022-12-09
3577,Rahul Agarwal,53,Female,Lucknow,Uttar Pradesh,Self-employed,2061000,2021-06-17
3578,Priya Gupta,48,Male,Ludhiana,Punjab,Freelancer,946000,2016-08-27
3579,Amit Mishra,41,Male,Ahmedabad,Gujarat,Self-employed,654100,2019-08-20
3580,Neha Yadav,56,Male,Delhi,Delhi,Business,1187200,2021-10-15
3581,Rohit Sharma,42,Male,Patna,Bihar,Business,1196900,2025-03-06
3582,Anjali Patel,42,Female,Mumbai,Maharashtra,Business,1846600,2024-12-07
3583,Vikas Verma,37,Male,Hyderabad,Telangana,Freelancer,731800,2019-02-16
3584,Pooja Joshi,50,Female,Patna,Bihar,Salaried,684700,2024-10-28
3585,Arjun Kumar,49,Male,Jaipur,Rajasthan,Salaried,506000,2019-11-16
3586,Simran Malhotra,32,Male,Mumbai,Maharashtra,Salaried,1008000,2022-03-28
3587,Karan Mehta,25,Female,Bengaluru,Karnataka,Salaried,320100,2022-07-26
3588,Sneha Singh,36,Female,Kolkata,West Bengal,Salaried,1149300,2018-01-30
3589,Aditya Agarwal,30,Male,Chennai,Tamil Nadu,Self-employed,1036300,2025-12-21
3590,Nisha Gupta,37,Female,Gurugram,Haryana,Salaried,1034700,2020-04-01
3591,Manish Mishra,50,Female,Bhubaneswar,Odisha,Salaried,809200,2024-11-16
3592,Kavita Yadav,33,Male,Chennai,Tamil Nadu,Salaried,1742700,2018-05-12
3593,Rahul Sharma,38,Male,Chennai,Tamil Nadu,Freelancer,1211600,2019-03-01
3594,Priya Patel,39,Female,Ludhiana,Punjab,Self-employed,537100,2016-12-22
3595,Amit Verma,46,Male,Ludhiana,Punjab,Salaried,542400,2020-07-29
3596,Neha Joshi,21,Male,Lucknow,Uttar Pradesh,Freelancer,462300,2024-07-10
3597,Rohit Kumar,32,Male,Jaipur,Rajasthan,Salaried,1015600,2019-08-21
3598,Anjali Malhotra,40,Female,Ludhiana,Punjab,Retired,432700,2018-10-26
3599,Vikas Mehta,50,Female,Hyderabad,Telangana,Self-employed,1361000,2022-07-04
3600,Pooja Singh,33,Female,Mumbai,Maharashtra,Salaried,1552600,2024-11-15
3601,Arjun Agarwal,21,Male,Bhubaneswar,Odisha,Business,462500,2021-06-14
3602,Simran Gupta,44,Female,Kolkata,West Bengal,Business,677200,2024-02-06
3603,Karan Mishra,32,Male,Bhubaneswar,Odisha,Salaried,756900,2022-07-13
3604,Sneha Yadav,26,Male,Ahmedabad,Gujarat,Freelancer,1219600,2024-08-06
3605,Aditya Sharma,32,Male,Ludhiana,Punjab,Salaried,1817500,2018-05-31
3606,Nisha Patel,36,Male,Bhubaneswar,Odisha,Salaried,296800,2017-06-22
3607,Manish Verma,32,Female,Kochi,Kerala,Salaried,629600,2018-01-06
3608,Kavita Joshi,21,Female,Bengaluru,Karnataka,Salaried,647900,2021-01-31
3609,Rahul Kumar,47,Male,Mumbai,Maharashtra,Salaried,347100,2020-03-10
3610,Priya Malhotra,51,Female,Delhi,Delhi,Freelancer,574400,2020-11-04
3611,Amit Mehta,45,Female,Chennai,Tamil Nadu,Salaried,948900,2025-09-27
3612,Neha Singh,27,Female,Kochi,Kerala,Salaried,643400,2017-03-18
3613,Rohit Agarwal,36,Male,Ahmedabad,Gujarat,Self-employed,320700,2018-07-12
3614,Anjali Gupta,38,Female,Bhubaneswar,Odisha,Freelancer,3643900,2024-02-15
3615,Vikas Mishra,44,Male,Bengaluru,Karnataka,Retired,868200,2021-09-29
3616,Pooja Yadav,45,Female,Kolkata,West Bengal,Business,797500,2022-01-05
3617,Arjun Sharma,31,Male,Lucknow,Uttar Pradesh,Retired,410000,2021-05-04
3618,Simran Patel,39,Female,Ludhiana,Punjab,Business,865600,2020-05-29
3619,Karan Verma,43,Male,Lucknow,Uttar Pradesh,Retired,685200,2021-01-15
3620,Sneha Joshi,53,Male,Kolkata,West Bengal,Business,265400,2024-08-29
3621,Aditya Kumar,45,Female,Mumbai,Maharashtra,Salaried,416300,2017-01-02
3622,Nisha Malhotra,46,Female,Kochi,Kerala,Salaried,1161300,2017-08-02
3623,Manish Mehta,39,Female,Kolkata,West Bengal,Self-employed,2184800,2020-11-05
3624,Kavita Singh,52,Female,Mumbai,Maharashtra,Salaried,917800,2017-10-17
3625,Rahul Agarwal,42,Male,Bhopal,Madhya Pradesh,Salaried,1375800,2021-10-24
3626,Priya Gupta,29,Male,Bhopal,Madhya Pradesh,Self-employed,688400,2024-08-23
3627,Amit Mishra,52,Male,Lucknow,Uttar Pradesh,Retired,715100,2016-08-14
3628,Neha Yadav,45,Male,Bhopal,Madhya Pradesh,Salaried,1366600,2025-05-27
3629,Rohit Sharma,34,Female,Mumbai,Maharashtra,Business,1871700,2018-08-16
3630,Anjali Patel,33,Female,Bengaluru,Karnataka,Business,1534100,2025-12-18
3631,Vikas Verma,41,Female,Delhi,Delhi,Retired,417200,2017-08-14
3632,Pooja Joshi,43,Female,Kochi,Kerala,Retired,722900,2016-01-24
3633,Arjun Kumar,40,Female,Delhi,Delhi,Business,873700,2020-10-28
3634,Simran Malhotra,41,Male,Delhi,Delhi,Self-employed,650200,2021-09-06
3635,Karan Mehta,55,Male,Delhi,Delhi,Salaried,928300,2021-12-08
3636,Sneha Singh,49,Female,Delhi,Delhi,Self-employed,1177800,2020-02-22
3637,Aditya Agarwal,40,Male,Mumbai,Maharashtra,Business,1302000,2018-05-02
3638,Nisha Gupta,47,Male,Kolkata,West Bengal,Freelancer,1895600,2023-04-25
3639,Manish Mishra,28,Male,Patna,Bihar,Business,625700,2024-01-16
3640,Kavita Yadav,42,Female,Bengaluru,Karnataka,Salaried,354200,2019-09-30
3641,Rahul Sharma,56,Male,Bhopal,Madhya Pradesh,Self-employed,913300,2021-07-15
3642,Priya Patel,36,Female,Gurugram,Haryana,Salaried,2113600,2021-09-09
3643,Amit Verma,30,Female,Jaipur,Rajasthan,Salaried,576900,2020-08-05
3644,Neha Joshi,31,Male,Hyderabad,Telangana,Salaried,1094300,2025-01-11
3645,Rohit Kumar,27,Female,Bengaluru,Karnataka,Salaried,1099600,2023-12-27
3646,Anjali Malhotra,30,Female,Jaipur,Rajasthan,Freelancer,833300,2025-02-03
3647,Vikas Mehta,34,Female,Jaipur,Rajasthan,Salaried,752900,2016-02-19
3648,Pooja Singh,24,Female,Bhopal,Madhya Pradesh,Salaried,451300,2023-08-05
3649,Arjun Agarwal,38,Male,Bhubaneswar,Odisha,Retired,213800,2021-03-30
3650,Simran Gupta,47,Female,Jaipur,Rajasthan,Salaried,406900,2022-09-02
3651,Karan Mishra,29,Male,Bhubaneswar,Odisha,Salaried,605100,2024-03-10
3652,Sneha Yadav,53,Female,Ludhiana,Punjab,Salaried,1371500,2020-12-09
3653,Aditya Sharma,43,Female,Lucknow,Uttar Pradesh,Salaried,708600,2025-03-13
3654,Nisha Patel,48,Female,Lucknow,Uttar Pradesh,Salaried,563700,2020-09-26
3655,Manish Verma,31,Male,Gurugram,Haryana,Salaried,459500,2020-11-24
3656,Kavita Joshi,47,Male,Gurugram,Haryana,Self-employed,1076300,2018-10-11
3657,Rahul Kumar,27,Male,Delhi,Delhi,Salaried,1583100,2022-11-27
3658,Priya Malhotra,47,Male,Kochi,Kerala,Salaried,1346100,2023-09-04
3659,Amit Mehta,40,Male,Kolkata,West Bengal,Freelancer,1046800,2023-04-04
3660,Neha Singh,44,Male,Mumbai,Maharashtra,Salaried,333100,2024-02-21
3661,Rohit Agarwal,26,Male,Kochi,Kerala,Freelancer,618100,2018-10-26
3662,Anjali Gupta,29,Female,Bengaluru,Karnataka,Self-employed,2188800,2023-10-11
3663,Vikas Mishra,44,Male,Lucknow,Uttar Pradesh,Salaried,1390100,2017-02-15
3664,Pooja Yadav,29,Female,Kochi,Kerala,Business,322000,2021-06-04
3665,Arjun Sharma,43,Female,Gurugram,Haryana,Salaried,727400,2017-10-23
3666,Simran Patel,24,Male,Lucknow,Uttar Pradesh,Salaried,915800,2019-09-09
3667,Karan Verma,46,Female,Hyderabad,Telangana,Business,493200,2025-07-02
3668,Sneha Joshi,26,Male,Jaipur,Rajasthan,Self-employed,210600,2019-07-29
3669,Aditya Kumar,44,Female,Delhi,Delhi,Business,791900,2016-07-09
3670,Nisha Malhotra,44,Male,Kolkata,West Bengal,Freelancer,486300,2023-10-04
3671,Manish Mehta,31,Male,Jaipur,Rajasthan,Salaried,487300,2017-08-07
3672,Kavita Singh,44,Female,Jaipur,Rajasthan,Self-employed,617100,2018-08-16
3673,Rahul Agarwal,41,Male,Bhopal,Madhya Pradesh,Self-employed,696800,2021-01-27
3674,Priya Gupta,33,Female,Bhopal,Madhya Pradesh,Retired,746300,2017-05-14
3675,Amit Mishra,28,Male,Lucknow,Uttar Pradesh,Freelancer,461200,2017-08-02
3676,Neha Yadav,21,Male,Patna,Bihar,Freelancer,664400,2018-03-26
3677,Rohit Sharma,41,Male,Kolkata,West Bengal,Salaried,285300,2025-08-06
3678,Anjali Patel,22,Male,Delhi,Delhi,Business,889900,2024-07-31
3679,Vikas Verma,39,Male,Bhubaneswar,Odisha,Salaried,180000,2020-01-16
3680,Pooja Joshi,35,Male,Ahmedabad,Gujarat,Salaried,639600,2020-02-25
3681,Arjun Kumar,45,Male,Hyderabad,Telangana,Retired,1243400,2020-07-27
3682,Simran Malhotra,35,Female,Jaipur,Rajasthan,Salaried,418800,2025-08-14
3683,Karan Mehta,35,Male,Ahmedabad,Gujarat,Retired,1112200,2021-07-30
3684,Sneha Singh,45,Female,Kolkata,West Bengal,Salaried,1416200,2019-08-23
3685,Aditya Agarwal,41,Male,Bengaluru,Karnataka,Business,180000,2018-02-18
3686,Nisha Gupta,41,Female,Ahmedabad,Gujarat,Salaried,690100,2024-03-09
3687,Manish Mishra,43,Male,Gurugram,Haryana,Salaried,180000,2019-02-23
3688,Kavita Yadav,23,Male,Delhi,Delhi,Salaried,702800,2022-05-01
3689,Rahul Sharma,46,Male,Chennai,Tamil Nadu,Self-employed,747000,2016-01-07
3690,Priya Patel,44,Male,Delhi,Delhi,Salaried,191500,2019-12-07
3691,Amit Verma,28,Female,Delhi,Delhi,Business,2161900,2024-12-21
3692,Neha Joshi,36,Male,Mumbai,Maharashtra,Salaried,877800,2024-11-24
3693,Rohit Kumar,38,Other,Jaipur,Rajasthan,Salaried,470200,2025-09-09
3694,Anjali Malhotra,37,Male,Jaipur,Rajasthan,Salaried,1679100,2025-10-07
3695,Vikas Mehta,41,Male,Ahmedabad,Gujarat,Salaried,279400,2017-11-25
3696,Pooja Singh,52,Female,Bhopal,Madhya Pradesh,Business,381500,2018-09-18
3697,Arjun Agarwal,49,Male,Lucknow,Uttar Pradesh,Freelancer,211700,2020-01-06
3698,Simran Gupta,25,Female,Chennai,Tamil Nadu,Salaried,2019600,2021-05-29
3699,Karan Mishra,44,Male,Ahmedabad,Gujarat,Self-employed,900400,2024-02-13
3700,Sneha Yadav,51,Female,Kochi,Kerala,Business,1077900,2025-01-12
3701,Aditya Sharma,42,Male,Bengaluru,Karnataka,Salaried,885000,2018-01-17
3702,Nisha Patel,49,Female,Hyderabad,Telangana,Salaried,1028300,2016-05-25
3703,Manish Verma,58,Female,Ahmedabad,Gujarat,Self-employed,782900,2025-12-20
3704,Kavita Joshi,48,Male,Kolkata,West Bengal,Salaried,870500,2025-03-21
3705,Rahul Kumar,40,Male,Chennai,Tamil Nadu,Salaried,795700,2022-04-07
3706,Priya Malhotra,48,Male,Kolkata,West Bengal,Salaried,536700,2018-05-06
3707,Amit Mehta,39,Female,Chennai,Tamil Nadu,Self-employed,731000,2016-10-13
3708,Neha Singh,38,Male,Ludhiana,Punjab,Salaried,871800,2018-08-09
3709,Rohit Agarwal,34,Male,Gurugram,Haryana,Salaried,797000,2016-01-26
3710,Anjali Gupta,54,Male,Chennai,Tamil Nadu,Salaried,332700,2017-03-27
3711,Vikas Mishra,30,Male,Kochi,Kerala,Salaried,357900,2021-11-23
3712,Pooja Yadav,53,Female,Chennai,Tamil Nadu,Salaried,1360500,2016-08-27
3713,Arjun Sharma,43,Female,Chennai,Tamil Nadu,Freelancer,633500,2025-07-21
3714,Simran Patel,24,Male,Chennai,Tamil Nadu,Salaried,1034500,2016-11-27
3715,Karan Verma,42,Female,Kolkata,West Bengal,Business,411300,2024-02-07
3716,Sneha Joshi,21,Female,Lucknow,Uttar Pradesh,Salaried,333600,2021-03-29
3717,Aditya Kumar,44,Male,Ludhiana,Punjab,Business,471600,2018-12-01
3718,Nisha Malhotra,47,Male,Bengaluru,Karnataka,Self-employed,663600,2017-10-06
3719,Manish Mehta,32,Female,Hyderabad,Telangana,Salaried,520200,2021-01-26
3720,Kavita Singh,39,Female,Bhubaneswar,Odisha,Freelancer,1528000,2025-12-06
3721,Rahul Agarwal,58,Female,Bengaluru,Karnataka,Self-employed,827800,2016-02-04
3722,Priya Gupta,33,Male,Bhopal,Madhya Pradesh,Business,2073500,2024-01-02
3723,Amit Mishra,27,Male,Hyderabad,Telangana,Salaried,936800,2025-05-11
3724,Neha Yadav,53,Male,Ahmedabad,Gujarat,Retired,199000,2022-08-28
3725,Rohit Sharma,58,Female,Kolkata,West Bengal,Business,1340600,2025-10-24
3726,Anjali Patel,38,Female,Delhi,Delhi,Retired,327000,2018-03-21
3727,Vikas Verma,48,Female,Gurugram,Haryana,Self-employed,851400,2019-08-04
3728,Pooja Joshi,51,Male,Bengaluru,Karnataka,Self-employed,489800,2023-08-27
3729,Arjun Kumar,31,Male,Patna,Bihar,Business,2437100,2021-03-09
3730,Simran Malhotra,33,Male,Kolkata,West Bengal,Freelancer,1655500,2024-03-25
3731,Karan Mehta,50,Male,Bhubaneswar,Odisha,Retired,498700,2018-11-22
3732,Sneha Singh,55,Male,Bengaluru,Karnataka,Salaried,699300,2021-11-12
3733,Aditya Agarwal,44,Male,Mumbai,Maharashtra,Business,858000,2024-05-25
3734,Nisha Gupta,29,Male,Chennai,Tamil Nadu,Salaried,1205900,2016-07-23
3735,Manish Mishra,58,Female,Bhubaneswar,Odisha,Self-employed,762100,2023-11-21
3736,Kavita Yadav,33,Female,Lucknow,Uttar Pradesh,Salaried,426800,2021-09-08
3737,Rahul Sharma,35,Male,Bengaluru,Karnataka,Salaried,505400,2022-05-02
3738,Priya Patel,41,Male,Lucknow,Uttar Pradesh,Retired,748200,2021-09-01
3739,Amit Verma,54,Male,Kolkata,West Bengal,Salaried,1478900,2023-04-10
3740,Neha Joshi,47,Female,Jaipur,Rajasthan,Self-employed,949000,2016-02-08
3741,Rohit Kumar,42,Female,Patna,Bihar,Self-employed,490100,2016-06-21
3742,Anjali Malhotra,43,Female,Bengaluru,Karnataka,Salaried,1071400,2018-01-29
3743,Vikas Mehta,38,Female,Patna,Bihar,Salaried,606200,2021-03-29
3744,Pooja Singh,44,Male,Jaipur,Rajasthan,Self-employed,1223900,2025-07-16
3745,Arjun Agarwal,21,Male,Jaipur,Rajasthan,Salaried,3010700,2017-02-17
3746,Simran Gupta,35,Male,Mumbai,Maharashtra,Business,615700,2017-11-22
3747,Karan Mishra,40,Male,Mumbai,Maharashtra,Retired,1165600,2023-04-16
3748,Sneha Yadav,26,Female,Bhopal,Madhya Pradesh,Salaried,497800,2022-03-06
3749,Aditya Sharma,42,Male,Kolkata,West Bengal,Salaried,705100,2016-01-22
3750,Nisha Patel,36,Male,Patna,Bihar,Self-employed,762300,2021-08-14
3751,Manish Verma,56,Male,Kochi,Kerala,Business,674200,2023-05-22
3752,Kavita Joshi,54,Female,Kochi,Kerala,Salaried,2906600,2016-08-01
3753,Rahul Kumar,33,Male,Hyderabad,Telangana,Salaried,633600,2020-08-22
3754,Priya Malhotra,36,Female,Ludhiana,Punjab,Self-employed,1035700,2018-07-08
3755,Amit Mehta,37,Male,Bengaluru,Karnataka,Retired,259400,2018-06-25
3756,Neha Singh,33,Male,Ludhiana,Punjab,Salaried,951100,2024-10-15
3757,Rohit Agarwal,40,Male,Gurugram,Haryana,Salaried,1405600,2023-06-12
3758,Anjali Gupta,30,Female,Jaipur,Rajasthan,Retired,561100,2023-06-07
3759,Vikas Mishra,27,Male,Patna,Bihar,Business,188600,2018-03-10
3760,Pooja Yadav,44,Female,Lucknow,Uttar Pradesh,Business,734200,2022-06-22
3761,Arjun Sharma,44,Male,Ahmedabad,Gujarat,Self-employed,757100,2018-03-03
3762,Simran Patel,30,Male,Patna,Bihar,Retired,1116900,2017-07-29
3763,Karan Verma,47,Female,Delhi,Delhi,Business,2266700,2020-09-23
3764,Sneha Joshi,32,Male,Lucknow,Uttar Pradesh,Freelancer,608500,2024-11-01
3765,Aditya Kumar,41,Female,Mumbai,Maharashtra,Business,468300,2019-12-18
3766,Nisha Malhotra,46,Female,Kochi,Kerala,Business,394800,2025-10-11
3767,Manish Mehta,38,Male,Mumbai,Maharashtra,Salaried,836300,2016-03-31
3768,Kavita Singh,43,Female,Bhopal,Madhya Pradesh,Salaried,976200,2018-12-01
3769,Rahul Agarwal,33,Male,Kolkata,West Bengal,Business,555600,2018-01-30
3770,Priya Gupta,36,Male,Bhopal,Madhya Pradesh,Salaried,1151000,2025-03-20
3771,Amit Mishra,36,Male,Bengaluru,Karnataka,Self-employed,968800,2018-02-08
3772,Neha Yadav,31,Female,Gurugram,Haryana,Salaried,768000,2019-09-22
3773,Rohit Sharma,36,Male,Patna,Bihar,Business,456600,2021-08-10
3774,Anjali Patel,23,Female,Jaipur,Rajasthan,Salaried,575400,2021-11-26
3775,Vikas Verma,33,Female,Hyderabad,Telangana,Business,197100,2024-02-23
3776,Pooja Joshi,35,Male,Chennai,Tamil Nadu,Self-employed,853900,2021-06-25
3777,Arjun Kumar,35,Female,Hyderabad,Telangana,Salaried,760900,2024-10-01
3778,Simran Malhotra,36,Male,Jaipur,Rajasthan,Self-employed,831900,2018-12-23
3779,Karan Mehta,37,Male,Bhubaneswar,Odisha,Salaried,989700,2016-07-24
3780,Sneha Singh,43,Male,Lucknow,Uttar Pradesh,Salaried,927300,2025-07-18
3781,Aditya Agarwal,47,Female,Hyderabad,Telangana,Salaried,705800,2023-12-07
3782,Nisha Gupta,32,Female,Ahmedabad,Gujarat,Salaried,770300,2025-01-28
3783,Manish Mishra,26,Female,Bhubaneswar,Odisha,Retired,346400,2023-03-22
3784,Kavita Yadav,28,Female,Jaipur,Rajasthan,Salaried,544000,2017-09-14
3785,Rahul Sharma,33,Female,Kolkata,West Bengal,Business,771100,2020-08-04
3786,Priya Patel,34,Male,Lucknow,Uttar Pradesh,Salaried,500400,2024-12-31
3787,Amit Verma,30,Female,Kochi,Kerala,Self-employed,1203700,2024-03-31
3788,Neha Joshi,25,Female,Delhi,Delhi,Salaried,522100,2020-03-31
3789,Rohit Kumar,33,Male,Hyderabad,Telangana,Business,844800,2024-03-31
3790,Anjali Malhotra,40,Female,Chennai,Tamil Nadu,Business,799700,2025-12-16
3791,Vikas Mehta,44,Male,Hyderabad,Telangana,Business,1130600,2023-05-24
3792,Pooja Singh,32,Female,Gurugram,Haryana,Salaried,1230900,2025-06-13
3793,Arjun Agarwal,34,Female,Hyderabad,Telangana,Business,1098600,2021-02-14
3794,Simran Gupta,29,Female,Hyderabad,Telangana,Salaried,235500,2016-03-19
3795,Karan Mishra,38,Male,Gurugram,Haryana,Salaried,1446400,2022-09-28
3796,Sneha Yadav,30,Female,Delhi,Delhi,Salaried,1737300,2020-01-16
3797,Aditya Sharma,44,Male,Bhubaneswar,Odisha,Salaried,575300,2019-03-18
3798,Nisha Patel,21,Male,Ahmedabad,Gujarat,Self-employed,854300,2017-09-30
3799,Manish Verma,34,Female,Kolkata,West Bengal,Business,459500,2020-08-20
3800,Kavita Joshi,41,Female,Ahmedabad,Gujarat,Salaried,256800,2023-10-09
3801,Rahul Kumar,40,Female,Lucknow,Uttar Pradesh,Salaried,499600,2018-11-27
3802,Priya Malhotra,65,Male,Kolkata,West Bengal,Salaried,557200,2024-11-02
3803,Amit Mehta,41,Male,Kolkata,West Bengal,Business,617000,2022-07-08
3804,Neha Singh,28,Female,Bengaluru,Karnataka,Self-employed,442600,2022-05-24
3805,Rohit Agarwal,37,Male,Bhopal,Madhya Pradesh,Salaried,501000,2024-09-18
3806,Anjali Gupta,21,Male,Delhi,Delhi,Business,745500,2020-09-21
3807,Vikas Mishra,37,Female,Delhi,Delhi,Self-employed,491000,2020-06-29
3808,Pooja Yadav,30,Male,Bengaluru,Karnataka,Self-employed,1011300,2019-01-19
3809,Arjun Sharma,47,Female,Patna,Bihar,Self-employed,1091100,2021-03-04
3810,Simran Patel,33,Male,Bhubaneswar,Odisha,Self-employed,2777400,2024-07-17
3811,Karan Verma,37,Male,Jaipur,Rajasthan,Business,1393000,2016-06-09
3812,Sneha Joshi,32,Male,Chennai,Tamil Nadu,Salaried,857300,2025-10-27
3813,Aditya Kumar,55,Male,Gurugram,Haryana,Salaried,533200,2019-11-26
3814,Nisha Malhotra,35,Female,Gurugram,Haryana,Salaried,881500,2020-09-29
3815,Manish Mehta,56,Female,Kolkata,West Bengal,Self-employed,897600,2016-11-15
3816,Kavita Singh,46,Male,Kolkata,West Bengal,Freelancer,565500,2024-02-19
3817,Rahul Agarwal,43,Male,Bhubaneswar,Odisha,Salaried,1154200,2022-08-08
3818,Priya Gupta,42,Male,Lucknow,Uttar Pradesh,Salaried,347600,2025-08-14
3819,Amit Mishra,42,Male,Hyderabad,Telangana,Business,655700,2022-11-27
3820,Neha Yadav,21,Male,Bhopal,Madhya Pradesh,Freelancer,1018200,2024-05-28
3821,Rohit Sharma,35,Female,Hyderabad,Telangana,Freelancer,640300,2018-02-04
3822,Anjali Patel,46,Female,Lucknow,Uttar Pradesh,Self-employed,669400,2017-08-24
3823,Vikas Verma,38,Female,Lucknow,Uttar Pradesh,Freelancer,695300,2022-06-17
3824,Pooja Joshi,24,Male,Mumbai,Maharashtra,Salaried,473700,2020-04-04
3825,Arjun Kumar,37,Female,Gurugram,Haryana,Salaried,1430400,2017-08-11
3826,Simran Malhotra,55,Female,Lucknow,Uttar Pradesh,Salaried,428400,2019-05-28
3827,Karan Mehta,50,Female,Delhi,Delhi,Business,893400,2020-08-24
3828,Sneha Singh,37,Male,Hyderabad,Telangana,Salaried,941600,2020-02-29
3829,Aditya Agarwal,48,Female,Bhopal,Madhya Pradesh,Self-employed,445100,2022-07-18
3830,Nisha Gupta,34,Female,Bhopal,Madhya Pradesh,Self-employed,780800,2018-06-24
3831,Manish Mishra,21,Female,Ahmedabad,Gujarat,Salaried,454800,2020-07-08
3832,Kavita Yadav,29,Male,Lucknow,Uttar Pradesh,Freelancer,1611900,2019-01-22
3833,Rahul Sharma,54,Male,Bhubaneswar,Odisha,Salaried,400900,2024-10-09
3834,Priya Patel,35,Male,Kolkata,West Bengal,Salaried,523400,2020-03-04
3835,Amit Verma,36,Male,Mumbai,Maharashtra,Business,382500,2016-06-20
3836,Neha Joshi,35,Female,Jaipur,Rajasthan,Salaried,355400,2017-09-17
3837,Rohit Kumar,57,Male,Bengaluru,Karnataka,Business,1799500,2021-08-07
3838,Anjali Malhotra,54,Male,Jaipur,Rajasthan,Business,1010900,2024-06-07
3839,Vikas Mehta,60,Male,Kochi,Kerala,Retired,810200,2017-11-12
3840,Pooja Singh,36,Male,Patna,Bihar,Freelancer,522700,2019-09-06
3841,Arjun Agarwal,41,Male,Patna,Bihar,Salaried,1235500,2024-09-04
3842,Simran Gupta,23,Female,Bhopal,Madhya Pradesh,Self-employed,476600,2024-11-14
3843,Karan Mishra,53,Female,Kolkata,West Bengal,Salaried,1160500,2021-06-06
3844,Sneha Yadav,26,Male,Bhopal,Madhya Pradesh,Salaried,464100,2016-11-06
3845,Aditya Sharma,40,Male,Bengaluru,Karnataka,Salaried,526200,2024-02-09
3846,Nisha Patel,27,Male,Bengaluru,Karnataka,Salaried,1138100,2021-04-19
3847,Manish Verma,32,Male,Ludhiana,Punjab,Freelancer,1206100,2025-05-07
3848,Kavita Joshi,30,Female,Ludhiana,Punjab,Salaried,1041800,2022-10-13
3849,Rahul Kumar,32,Female,Bhopal,Madhya Pradesh,Self-employed,421100,2023-12-15
3850,Priya Malhotra,33,Female,Lucknow,Uttar Pradesh,Salaried,586600,2021-06-08
3851,Amit Mehta,33,Female,Gurugram,Haryana,Self-employed,817600,2025-12-06
3852,Neha Singh,46,Male,Lucknow,Uttar Pradesh,Retired,470100,2020-03-03
3853,Rohit Agarwal,27,Female,Delhi,Delhi,Salaried,1594200,2016-10-11
3854,Anjali Gupta,40,Female,Delhi,Delhi,Self-employed,200100,2019-07-07
3855,Vikas Mishra,50,Female,Lucknow,Uttar Pradesh,Salaried,488700,2022-12-17
3856,Pooja Yadav,33,Male,Lucknow,Uttar Pradesh,Salaried,566700,2016-12-20
3857,Arjun Sharma,31,Female,Jaipur,Rajasthan,Self-employed,180000,2022-03-11
3858,Simran Patel,36,Female,Patna,Bihar,Business,348000,2023-11-04
3859,Karan Verma,50,Female,Bhopal,Madhya Pradesh,Salaried,1057800,2016-07-18
3860,Sneha Joshi,40,Male,Bhubaneswar,Odisha,Salaried,762600,2025-01-20
3861,Aditya Kumar,33,Female,Lucknow,Uttar Pradesh,Salaried,1781700,2023-12-10
3862,Nisha Malhotra,43,Female,Bhopal,Madhya Pradesh,Business,1754500,2021-12-23
3863,Manish Mehta,27,Female,Mumbai,Maharashtra,Business,951700,2021-03-28
3864,Kavita Singh,45,Female,Ahmedabad,Gujarat,Self-employed,891000,2018-08-05
3865,Rahul Agarwal,42,Female,Bhopal,Madhya Pradesh,Self-employed,777700,2023-04-29
3866,Priya Gupta,35,Male,Bhopal,Madhya Pradesh,Freelancer,180000,2018-07-05
3867,Amit Mishra,30,Female,Kochi,Kerala,Business,348300,2025-07-25
3868,Neha Yadav,29,Male,Bhopal,Madhya Pradesh,Business,792700,2019-09-26
3869,Rohit Sharma,43,Female,Kolkata,West Bengal,Business,1052500,2021-01-26
3870,Anjali Patel,50,Male,Chennai,Tamil Nadu,Self-employed,879500,2016-12-07
3871,Vikas Verma,32,Male,Bhubaneswar,Odisha,Self-employed,459100,2025-11-10
3872,Pooja Joshi,43,Female,Kolkata,West Bengal,Freelancer,1255900,2017-01-22
3873,Arjun Kumar,21,Female,Bengaluru,Karnataka,Freelancer,1695000,2016-01-04
3874,Simran Malhotra,32,Female,Kochi,Kerala,Salaried,1256400,2017-11-07
3875,Karan Mehta,38,Female,Lucknow,Uttar Pradesh,Salaried,1292500,2020-07-20
3876,Sneha Singh,29,Female,Delhi,Delhi,Retired,551400,2022-09-12
3877,Aditya Agarwal,29,Male,Jaipur,Rajasthan,Salaried,1355400,2025-07-25
3878,Nisha Gupta,31,Male,Bengaluru,Karnataka,Freelancer,812600,2022-09-24
3879,Manish Mishra,41,Male,Kolkata,West Bengal,Salaried,993700,2016-07-31
3880,Kavita Yadav,36,Male,Lucknow,Uttar Pradesh,Salaried,917000,2017-07-13
3881,Rahul Sharma,21,Female,Bhubaneswar,Odisha,Salaried,701500,2017-07-11
3882,Priya Patel,21,Female,Ahmedabad,Gujarat,Salaried,467300,2023-02-18
3883,Amit Verma,32,Female,Jaipur,Rajasthan,Salaried,716900,2024-07-16
3884,Neha Joshi,43,Male,Ludhiana,Punjab,Self-employed,1290500,2024-12-02
3885,Rohit Kumar,21,Male,Patna,Bihar,Business,588300,2022-12-24
3886,Anjali Malhotra,33,Female,Lucknow,Uttar Pradesh,Retired,1225900,2023-05-15
3887,Vikas Mehta,33,Female,Mumbai,Maharashtra,Salaried,1124900,2021-06-17
3888,Pooja Singh,52,Male,Bengaluru,Karnataka,Self-employed,636300,2023-01-22
3889,Arjun Agarwal,34,Female,Gurugram,Haryana,Self-employed,1609900,2018-08-10
3890,Simran Gupta,42,Female,Bengaluru,Karnataka,Self-employed,616800,2023-10-05
3891,Karan Mishra,39,Male,Hyderabad,Telangana,Self-employed,1720400,2017-04-19
3892,Sneha Yadav,21,Female,Delhi,Delhi,Salaried,952300,2020-11-02
3893,Aditya Sharma,46,Male,Bhopal,Madhya Pradesh,Salaried,743500,2016-02-11
3894,Nisha Patel,40,Female,Delhi,Delhi,Salaried,460300,2023-04-05
3895,Manish Verma,43,Male,Chennai,Tamil Nadu,Salaried,714500,2025-02-14
3896,Kavita Joshi,70,Male,Hyderabad,Telangana,Business,670500,2021-09-26
3897,Rahul Kumar,21,Female,Kochi,Kerala,Salaried,375400,2021-06-09
3898,Priya Malhotra,55,Male,Lucknow,Uttar Pradesh,Freelancer,665400,2017-12-28
3899,Amit Mehta,35,Female,Patna,Bihar,Freelancer,482000,2025-08-18
3900,Neha Singh,41,Male,Chennai,Tamil Nadu,Retired,1035200,2022-03-18
3901,Rohit Agarwal,38,Male,Chennai,Tamil Nadu,Retired,1538400,2020-07-02
3902,Anjali Gupta,34,Male,Gurugram,Haryana,Salaried,381900,2018-07-28
3903,Vikas Mishra,32,Male,Bhopal,Madhya Pradesh,Self-employed,1923400,2016-12-08
3904,Pooja Yadav,41,Female,Chennai,Tamil Nadu,Salaried,698800,2025-01-22
3905,Arjun Sharma,23,Male,Gurugram,Haryana,Business,438700,2022-01-11
3906,Simran Patel,46,Female,Kochi,Kerala,Freelancer,1137800,2024-03-04
3907,Karan Verma,34,Female,Gurugram,Haryana,Freelancer,586700,2018-04-20
3908,Sneha Joshi,27,Female,Mumbai,Maharashtra,Salaried,717000,2021-07-20
3909,Aditya Kumar,33,Male,Lucknow,Uttar Pradesh,Business,600500,2024-07-24
3910,Nisha Malhotra,51,Female,Kochi,Kerala,Salaried,478600,2022-08-31
3911,Manish Mehta,33,Male,Bengaluru,Karnataka,Salaried,1116900,2018-06-12
3912,Kavita Singh,42,Male,Bhubaneswar,Odisha,Business,640700,2021-04-16
3913,Rahul Agarwal,31,Male,Ludhiana,Punjab,Salaried,340300,2019-08-31
3914,Priya Gupta,46,Male,Kolkata,West Bengal,Retired,1015500,2016-02-07
3915,Amit Mishra,45,Male,Delhi,Delhi,Salaried,386500,2019-09-26
3916,Neha Yadav,56,Female,Bhubaneswar,Odisha,Freelancer,397700,2018-04-30
3917,Rohit Sharma,36,Male,Hyderabad,Telangana,Self-employed,1445200,2023-08-08
3918,Anjali Patel,45,Male,Ahmedabad,Gujarat,Business,388400,2016-08-18
3919,Vikas Verma,39,Female,Kochi,Kerala,Business,209800,2022-11-04
3920,Pooja Joshi,51,Male,Gurugram,Haryana,Freelancer,1056400,2019-09-27
3921,Arjun Kumar,31,Male,Chennai,Tamil Nadu,Salaried,634600,2025-08-25
3922,Simran Malhotra,45,Male,Gurugram,Haryana,Retired,665400,2022-04-23
3923,Karan Mehta,36,Female,Chennai,Tamil Nadu,Salaried,630900,2022-10-17
3924,Sneha Singh,37,Male,Mumbai,Maharashtra,Salaried,851900,2016-07-27
3925,Aditya Agarwal,39,Male,Mumbai,Maharashtra,Salaried,495800,2019-05-09
3926,Nisha Gupta,41,Male,Jaipur,Rajasthan,Business,1689100,2021-12-24
3927,Manish Mishra,37,Female,Hyderabad,Telangana,Self-employed,333000,2023-02-25
3928,Kavita Yadav,40,Female,Kochi,Kerala,Business,957900,2023-12-13
3929,Rahul Sharma,54,Female,Bhubaneswar,Odisha,Business,1067700,2025-06-27
3930,Priya Patel,48,Male,Ahmedabad,Gujarat,Salaried,493900,2023-07-31
3931,Amit Verma,47,Male,Kochi,Kerala,Retired,427100,2023-12-02
3932,Neha Joshi,33,Male,Lucknow,Uttar Pradesh,Salaried,1312300,2021-09-14
3933,Rohit Kumar,29,Male,Bhopal,Madhya Pradesh,Freelancer,434900,2019-05-23
3934,Anjali Malhotra,48,Male,Chennai,Tamil Nadu,Salaried,537200,2021-09-05
3935,Vikas Mehta,47,Male,Lucknow,Uttar Pradesh,Self-employed,1221800,2021-08-27
3936,Pooja Singh,53,Male,Hyderabad,Telangana,Salaried,764500,2017-09-21
3937,Arjun Agarwal,32,Female,Ludhiana,Punjab,Salaried,279100,2024-10-13
3938,Simran Gupta,36,Male,Delhi,Delhi,Salaried,1960500,2017-08-01
3939,Karan Mishra,22,Female,Hyderabad,Telangana,Salaried,560400,2018-06-21
3940,Sneha Yadav,34,Male,Delhi,Delhi,Salaried,601000,2021-01-23
3941,Aditya Sharma,48,Male,Kochi,Kerala,Salaried,863300,2024-04-10
3942,Nisha Patel,33,Female,Kolkata,West Bengal,Self-employed,1057700,2018-11-19
3943,Manish Verma,44,Male,Mumbai,Maharashtra,Business,2205400,2024-08-10
3944,Kavita Joshi,36,Male,Delhi,Delhi,Self-employed,301000,2016-05-02
3945,Rahul Kumar,41,Male,Jaipur,Rajasthan,Freelancer,1181300,2018-08-14
3946,Priya Malhotra,27,Female,Bhopal,Madhya Pradesh,Self-employed,1128600,2018-09-27
3947,Amit Mehta,39,Female,Kolkata,West Bengal,Business,695500,2018-09-13
3948,Neha Singh,21,Male,Lucknow,Uttar Pradesh,Business,1156400,2019-06-05
3949,Rohit Agarwal,36,Female,Ludhiana,Punjab,Salaried,1253800,2016-12-03
3950,Anjali Gupta,22,Female,Jaipur,Rajasthan,Business,350700,2018-09-17
3951,Vikas Mishra,50,Female,Gurugram,Haryana,Salaried,1963400,2022-05-09
3952,Pooja Yadav,46,Female,Bhopal,Madhya Pradesh,Freelancer,318200,2019-12-31
3953,Arjun Sharma,43,Male,Bhopal,Madhya Pradesh,Business,401700,2018-06-20
3954,Simran Patel,53,Male,Bengaluru,Karnataka,Salaried,649400,2021-09-17
3955,Karan Verma,29,Male,Delhi,Delhi,Business,2162000,2023-06-22
3956,Sneha Joshi,55,Female,Ahmedabad,Gujarat,Salaried,633000,2017-03-01
3957,Aditya Kumar,47,Female,Ludhiana,Punjab,Salaried,736900,2022-06-20
3958,Nisha Malhotra,36,Female,Ludhiana,Punjab,Salaried,1648700,2017-09-05
3959,Manish Mehta,49,Female,Lucknow,Uttar Pradesh,Business,635800,2025-10-20
3960,Kavita Singh,27,Female,Patna,Bihar,Business,392300,2023-09-03
3961,Rahul Agarwal,30,Female,Mumbai,Maharashtra,Business,596200,2022-01-13
3962,Priya Gupta,32,Female,Gurugram,Haryana,Salaried,1594000,2018-05-21
3963,Amit Mishra,33,Female,Ahmedabad,Gujarat,Self-employed,779800,2023-09-25
3964,Neha Yadav,27,Male,Bengaluru,Karnataka,Business,2168800,2022-04-23
3965,Rohit Sharma,50,Male,Chennai,Tamil Nadu,Salaried,1125400,2021-06-22
3966,Anjali Patel,35,Male,Ludhiana,Punjab,Self-employed,526100,2021-03-08
3967,Vikas Verma,42,Female,Patna,Bihar,Salaried,771400,2023-12-12
3968,Pooja Joshi,32,Male,Ludhiana,Punjab,Salaried,469100,2017-09-26
3969,Arjun Kumar,21,Female,Lucknow,Uttar Pradesh,Self-employed,519300,2022-11-08
3970,Simran Malhotra,41,Male,Kochi,Kerala,Business,6000000,2021-09-25
3971,Karan Mehta,21,Male,Kochi,Kerala,Salaried,1313300,2025-04-26
3972,Sneha Singh,37,Female,Jaipur,Rajasthan,Salaried,1204300,2021-08-19
3973,Aditya Agarwal,24,Male,Kolkata,West Bengal,Salaried,532400,2021-12-31
3974,Nisha Gupta,58,Male,Patna,Bihar,Salaried,1778200,2019-12-25
3975,Manish Mishra,47,Male,Delhi,Delhi,Salaried,1373000,2024-10-28
3976,Kavita Yadav,39,Male,Delhi,Delhi,Salaried,2111100,2017-05-01
3977,Rahul Sharma,51,Female,Bengaluru,Karnataka,Business,2055500,2024-10-12
3978,Priya Patel,30,Male,Jaipur,Rajasthan,Salaried,332500,2021-03-11
3979,Amit Verma,43,Female,Chennai,Tamil Nadu,Business,407300,2024-06-24
3980,Neha Joshi,40,Male,Jaipur,Rajasthan,Business,431800,2024-06-05
3981,Rohit Kumar,41,Female,Lucknow,Uttar Pradesh,Salaried,446300,2023-03-23
3982,Anjali Malhotra,51,Male,Jaipur,Rajasthan,Salaried,896000,2024-06-13
3983,Vikas Mehta,45,Female,Kolkata,West Bengal,Freelancer,549100,2019-12-26
3984,Pooja Singh,41,Female,Bhopal,Madhya Pradesh,Salaried,2344900,2024-01-25
3985,Arjun Agarwal,21,Male,Ahmedabad,Gujarat,Salaried,2138000,2025-07-03
3986,Simran Gupta,28,Female,Kolkata,West Bengal,Salaried,747300,2016-07-25
3987,Karan Mishra,37,Female,Patna,Bihar,Self-employed,2198400,2020-06-12
3988,Sneha Yadav,39,Male,Chennai,Tamil Nadu,Self-employed,1700300,2024-02-05
3989,Aditya Sharma,27,Male,Hyderabad,Telangana,Retired,585300,2024-12-31
3990,Nisha Patel,62,Female,Bengaluru,Karnataka,Freelancer,248400,2020-03-05
3991,Manish Verma,53,Female,Bhopal,Madhya Pradesh,Salaried,665300,2020-01-22
3992,Kavita Joshi,44,Male,Ahmedabad,Gujarat,Salaried,526100,2016-09-15
3993,Rahul Kumar,39,Male,Bengaluru,Karnataka,Salaried,840200,2019-09-14
3994,Priya Malhotra,36,Female,Bhopal,Madhya Pradesh,Salaried,787700,2017-03-29
3995,Amit Mehta,28,Female,Hyderabad,Telangana,Salaried,776500,2018-03-09
3996,Neha Singh,39,Female,Delhi,Delhi,Salaried,1000300,2017-01-09
3997,Rohit Agarwal,41,Male,Jaipur,Rajasthan,Salaried,385000,2022-11-16
3998,Anjali Gupta,26,Female,Bhubaneswar,Odisha,Salaried,940400,2016-03-15
3999,Vikas Mishra,41,Male,Kolkata,West Bengal,Salaried,588900,2016-08-29
4000,Pooja Yadav,36,Male,Lucknow,Uttar Pradesh,Retired,837200,2018-11-06
4001,Arjun Sharma,21,Female,Chennai,Tamil Nadu,Self-employed,1269800,2020-09-08
4002,Simran Patel,29,Female,Jaipur,Rajasthan,Retired,382500,2025-02-12
4003,Karan Verma,34,Male,Kochi,Kerala,Salaried,642500,2016-05-02
4004,Sneha Joshi,57,Male,Kochi,Kerala,Self-employed,702700,2021-06-25
4005,Aditya Kumar,44,Female,Mumbai,Maharashtra,Salaried,565200,2025-04-05
4006,Nisha Malhotra,25,Female,Ahmedabad,Gujarat,Salaried,1230300,2021-11-28
4007,Manish Mehta,43,Female,Chennai,Tamil Nadu,Salaried,504600,2025-02-09
4008,Kavita Singh,23,Female,Delhi,Delhi,Retired,552600,2022-03-31
4009,Rahul Agarwal,49,Male,Jaipur,Rajasthan,Retired,507600,2024-04-03
4010,Priya Gupta,33,Other,Ahmedabad,Gujarat,Salaried,1367500,2017-05-11
4011,Amit Mishra,37,Female,Jaipur,Rajasthan,Salaried,572100,2024-07-08
4012,Neha Yadav,51,Female,Bhubaneswar,Odisha,Salaried,965900,2019-02-19
4013,Rohit Sharma,25,Female,Mumbai,Maharashtra,Salaried,2223200,2020-01-13
4014,Anjali Patel,24,Female,Jaipur,Rajasthan,Salaried,719800,2017-12-27
4015,Vikas Verma,32,Male,Delhi,Delhi,Salaried,1382600,2021-01-05
4016,Pooja Joshi,48,Male,Jaipur,Rajasthan,Self-employed,1880500,2020-12-26
4017,Arjun Kumar,23,Female,Jaipur,Rajasthan,Salaried,1319500,2020-12-21
4018,Simran Malhotra,21,Male,Delhi,Delhi,Salaried,743100,2025-10-30
4019,Karan Mehta,33,Male,Jaipur,Rajasthan,Salaried,1067700,2016-04-01
4020,Sneha Singh,44,Female,Chennai,Tamil Nadu,Salaried,369400,2025-05-25
4021,Aditya Agarwal,50,Female,Ahmedabad,Gujarat,Retired,488400,2021-05-23
4022,Nisha Gupta,33,Male,Bhubaneswar,Odisha,Salaried,537800,2024-09-29
4023,Manish Mishra,34,Female,Ludhiana,Punjab,Freelancer,2571900,2022-07-12
4024,Kavita Yadav,50,Female,Bhubaneswar,Odisha,Freelancer,479700,2017-05-27
4025,Rahul Sharma,21,Male,Hyderabad,Telangana,Retired,475800,2017-08-25
4026,Priya Patel,34,Female,Delhi,Delhi,Business,422400,2017-03-03
4027,Amit Verma,40,Male,Bengaluru,Karnataka,Business,1020400,2021-07-12
4028,Neha Joshi,42,Male,Jaipur,Rajasthan,Freelancer,811200,2019-12-27
4029,Rohit Kumar,33,Male,Mumbai,Maharashtra,Salaried,1363500,2016-01-07
4030,Anjali Malhotra,38,Male,Bhubaneswar,Odisha,Self-employed,1084900,2021-12-07
4031,Vikas Mehta,21,Female,Bengaluru,Karnataka,Retired,351000,2022-08-31
4032,Pooja Singh,31,Female,Bhubaneswar,Odisha,Business,481100,2019-10-05
4033,Arjun Agarwal,43,Female,Jaipur,Rajasthan,Retired,1589200,2017-10-02
4034,Simran Gupta,28,Female,Mumbai,Maharashtra,Business,670700,2019-01-26
4035,Karan Mishra,39,Female,Mumbai,Maharashtra,Freelancer,1441200,2018-12-02
4036,Sneha Yadav,42,Male,Jaipur,Rajasthan,Business,690700,2022-02-08
4037,Aditya Sharma,35,Male,Gurugram,Haryana,Business,440500,2023-07-07
4038,Nisha Patel,40,Female,Lucknow,Uttar Pradesh,Self-employed,634800,2017-07-18
4039,Manish Verma,28,Male,Patna,Bihar,Freelancer,440400,2020-08-23
4040,Kavita Joshi,36,Male,Bhubaneswar,Odisha,Business,549500,2025-01-19
4041,Rahul Kumar,44,Female,Mumbai,Maharashtra,Freelancer,837600,2017-03-21
4042,Priya Malhotra,40,Male,Lucknow,Uttar Pradesh,Business,993700,2021-04-14
4043,Amit Mehta,32,Female,Bengaluru,Karnataka,Salaried,312800,2016-07-18
4044,Neha Singh,40,Male,Jaipur,Rajasthan,Salaried,742900,2024-03-14
4045,Rohit Agarwal,45,Male,Kolkata,West Bengal,Retired,543200,2017-05-27
4046,Anjali Gupta,21,Male,Mumbai,Maharashtra,Self-employed,525000,2025-11-06
4047,Vikas Mishra,50,Female,Lucknow,Uttar Pradesh,Salaried,806800,2018-09-16
4048,Pooja Yadav,35,Male,Ludhiana,Punjab,Salaried,554100,2022-03-10
4049,Arjun Sharma,42,Female,Bhubaneswar,Odisha,Business,1604000,2019-11-02
4050,Simran Patel,50,Female,Bengaluru,Karnataka,Freelancer,1441600,2020-12-17
4051,Karan Verma,24,Female,Lucknow,Uttar Pradesh,Business,1436700,2017-06-29
4052,Sneha Joshi,31,Male,Kochi,Kerala,Self-employed,571300,2022-12-08
4053,Aditya Kumar,35,Male,Patna,Bihar,Salaried,441700,2021-07-02
4054,Nisha Malhotra,30,Female,Ahmedabad,Gujarat,Salaried,784600,2025-05-25
4055,Manish Mehta,55,Female,Ahmedabad,Gujarat,Salaried,690500,2020-12-10
4056,Kavita Singh,29,Other,Patna,Bihar,Freelancer,536600,2022-01-24
4057,Rahul Agarwal,32,Male,Delhi,Delhi,Salaried,392800,2018-06-08
4058,Priya Gupta,40,Female,Kolkata,West Bengal,Self-employed,733100,2018-07-19
4059,Amit Mishra,26,Male,Bhopal,Madhya Pradesh,Self-employed,600500,2025-07-07
4060,Neha Yadav,34,Male,Kolkata,West Bengal,Self-employed,1095200,2018-04-07
4061,Rohit Sharma,41,Male,Mumbai,Maharashtra,Freelancer,1081300,2021-12-24
4062,Anjali Patel,35,Male,Gurugram,Haryana,Salaried,1374000,2025-01-17
4063,Vikas Verma,37,Male,Gurugram,Haryana,Business,375200,2021-12-02
4064,Pooja Joshi,33,Male,Jaipur,Rajasthan,Salaried,935100,2019-06-29
4065,Arjun Kumar,23,Female,Bhubaneswar,Odisha,Salaried,502700,2020-02-25
4066,Simran Malhotra,41,Male,Bhubaneswar,Odisha,Salaried,383300,2019-08-05
4067,Karan Mehta,56,Female,Bengaluru,Karnataka,Salaried,592500,2018-12-08
4068,Sneha Singh,38,Male,Lucknow,Uttar Pradesh,Business,1350000,2025-08-24
4069,Aditya Agarwal,40,Male,Bhubaneswar,Odisha,Self-employed,611100,2017-05-30
4070,Nisha Gupta,45,Male,Jaipur,Rajasthan,Salaried,1774100,2021-03-29
4071,Manish Mishra,25,Male,Ludhiana,Punjab,Salaried,1014300,2017-11-18
4072,Kavita Yadav,55,Female,Kolkata,West Bengal,Self-employed,603800,2018-10-16
4073,Rahul Sharma,40,Male,Delhi,Delhi,Business,1419600,2019-07-19
4074,Priya Patel,54,Male,Patna,Bihar,Salaried,958200,2025-08-03
4075,Amit Verma,31,Male,Kolkata,West Bengal,Self-employed,449100,2018-11-15
4076,Neha Joshi,56,Female,Kochi,Kerala,Business,2084800,2018-12-29
4077,Rohit Kumar,46,Female,Chennai,Tamil Nadu,Self-employed,865000,2022-05-29
4078,Anjali Malhotra,44,Male,Kolkata,West Bengal,Salaried,757800,2025-07-09
4079,Vikas Mehta,40,Male,Jaipur,Rajasthan,Self-employed,468500,2019-06-11
4080,Pooja Singh,36,Male,Bengaluru,Karnataka,Self-employed,1434900,2022-03-28
4081,Arjun Agarwal,50,Female,Bhopal,Madhya Pradesh,Business,996800,2025-02-16
4082,Simran Gupta,39,Male,Kolkata,West Bengal,Self-employed,1060100,2024-03-04
4083,Karan Mishra,21,Male,Bengaluru,Karnataka,Retired,567300,2020-05-28
4084,Sneha Yadav,27,Male,Bengaluru,Karnataka,Salaried,1186600,2019-02-18
4085,Aditya Sharma,36,Female,Patna,Bihar,Retired,1238400,2025-09-04
4086,Nisha Patel,41,Female,Jaipur,Rajasthan,Self-employed,519200,2017-06-01
4087,Manish Verma,37,Female,Ahmedabad,Gujarat,Business,344000,2024-06-22
4088,Kavita Joshi,50,Male,Ahmedabad,Gujarat,Salaried,1032600,2017-12-06
4089,Rahul Kumar,21,Female,Kolkata,West Bengal,Salaried,315700,2022-08-21
4090,Priya Malhotra,39,Female,Kolkata,West Bengal,Business,815400,2025-10-11
4091,Amit Mehta,21,Male,Delhi,Delhi,Business,586500,2021-04-18
4092,Neha Singh,46,Female,Ahmedabad,Gujarat,Salaried,1466100,2022-10-20
4093,Rohit Agarwal,37,Male,Bengaluru,Karnataka,Self-employed,604300,2023-12-10
4094,Anjali Gupta,42,Female,Bengaluru,Karnataka,Salaried,1378900,2020-10-11
4095,Vikas Mishra,29,Female,Patna,Bihar,Retired,565200,2020-07-26
4096,Pooja Yadav,51,Male,Delhi,Delhi,Freelancer,1299900,2018-08-27
4097,Arjun Sharma,48,Female,Kochi,Kerala,Salaried,2329200,2022-12-21
4098,Simran Patel,44,Male,Delhi,Delhi,Freelancer,416800,2019-04-12
4099,Karan Verma,37,Male,Kolkata,West Bengal,Freelancer,880700,2020-08-13
4100,Sneha Joshi,44,Male,Ahmedabad,Gujarat,Salaried,3401300,2023-04-01
4101,Aditya Kumar,31,Female,Bhopal,Madhya Pradesh,Business,778000,2020-03-12
4102,Nisha Malhotra,47,Male,Bengaluru,Karnataka,Salaried,775900,2018-02-16
4103,Manish Mehta,54,Male,Bengaluru,Karnataka,Business,1157200,2019-08-26
4104,Kavita Singh,49,Female,Bhubaneswar,Odisha,Salaried,767100,2021-10-18
4105,Rahul Agarwal,31,Male,Ahmedabad,Gujarat,Salaried,293300,2022-03-02
4106,Priya Gupta,42,Male,Kochi,Kerala,Salaried,1398000,2022-07-16
4107,Amit Mishra,25,Male,Ludhiana,Punjab,Salaried,249200,2024-06-30
4108,Neha Yadav,44,Male,Bhubaneswar,Odisha,Freelancer,596400,2024-07-11
4109,Rohit Sharma,43,Male,Chennai,Tamil Nadu,Salaried,1457000,2016-04-27
4110,Anjali Patel,21,Male,Gurugram,Haryana,Salaried,616400,2024-01-15
4111,Vikas Verma,26,Female,Chennai,Tamil Nadu,Freelancer,512100,2016-01-15
4112,Pooja Joshi,35,Female,Kolkata,West Bengal,Self-employed,1216400,2019-09-07
4113,Arjun Kumar,35,Male,Gurugram,Haryana,Self-employed,469600,2021-08-03
4114,Simran Malhotra,26,Male,Kochi,Kerala,Retired,382900,2021-08-04
4115,Karan Mehta,42,Male,Bhopal,Madhya Pradesh,Freelancer,872200,2018-06-29
4116,Sneha Singh,41,Female,Delhi,Delhi,Salaried,678200,2023-04-28
4117,Aditya Agarwal,36,Male,Delhi,Delhi,Self-employed,378400,2025-05-01
4118,Nisha Gupta,30,Male,Delhi,Delhi,Retired,1064600,2020-04-04
4119,Manish Mishra,48,Female,Ludhiana,Punjab,Salaried,968300,2017-11-20
4120,Kavita Yadav,55,Male,Bhopal,Madhya Pradesh,Salaried,615400,2018-02-12
4121,Rahul Sharma,33,Male,Gurugram,Haryana,Salaried,639000,2020-06-02
4122,Priya Patel,32,Female,Bengaluru,Karnataka,Salaried,971400,2025-06-14
4123,Amit Verma,43,Female,Kochi,Kerala,Business,1443400,2020-03-14
4124,Neha Joshi,34,Male,Ahmedabad,Gujarat,Business,642000,2024-02-08
4125,Rohit Kumar,37,Female,Bhubaneswar,Odisha,Retired,1075100,2016-04-29
4126,Anjali Malhotra,45,Male,Bengaluru,Karnataka,Business,1023400,2021-09-04
4127,Vikas Mehta,21,Female,Gurugram,Haryana,Salaried,1216500,2025-11-14
4128,Pooja Singh,51,Male,Kolkata,West Bengal,Salaried,766400,2020-10-02
4129,Arjun Agarwal,39,Female,Mumbai,Maharashtra,Retired,454100,2016-03-04
4130,Simran Gupta,34,Female,Gurugram,Haryana,Salaried,581600,2017-04-04
4131,Karan Mishra,37,Female,Bengaluru,Karnataka,Salaried,905600,2020-10-15
4132,Sneha Yadav,38,Female,Jaipur,Rajasthan,Freelancer,2039000,2022-06-19
4133,Aditya Sharma,21,Male,Kolkata,West Bengal,Self-employed,574700,2023-10-23
4134,Nisha Patel,53,Male,Mumbai,Maharashtra,Salaried,1167600,2020-06-01
4135,Manish Verma,38,Male,Ludhiana,Punjab,Freelancer,626200,2024-12-31
4136,Kavita Joshi,42,Female,Chennai,Tamil Nadu,Retired,797000,2025-08-28
4137,Rahul Kumar,48,Female,Bengaluru,Karnataka,Salaried,1726000,2024-04-21
4138,Priya Malhotra,28,Male,Bhubaneswar,Odisha,Freelancer,1141900,2023-08-15
4139,Amit Mehta,43,Female,Mumbai,Maharashtra,Salaried,378900,2024-01-15
4140,Neha Singh,35,Female,Lucknow,Uttar Pradesh,Self-employed,547400,2020-04-12
4141,Rohit Agarwal,46,Female,Patna,Bihar,Freelancer,1496700,2018-09-08
4142,Anjali Gupta,21,Female,Kolkata,West Bengal,Retired,810900,2023-03-11
4143,Vikas Mishra,37,Male,Ahmedabad,Gujarat,Salaried,398700,2025-09-14
4144,Pooja Yadav,32,Male,Bhubaneswar,Odisha,Salaried,478000,2025-05-23
4145,Arjun Sharma,42,Male,Mumbai,Maharashtra,Salaried,1104300,2019-02-23
4146,Simran Patel,43,Male,Chennai,Tamil Nadu,Self-employed,1295900,2018-08-29
4147,Karan Verma,31,Female,Bengaluru,Karnataka,Salaried,757400,2023-12-18
4148,Sneha Joshi,31,Female,Ludhiana,Punjab,Salaried,2926300,2017-12-07
4149,Aditya Kumar,37,Female,Patna,Bihar,Salaried,1180100,2020-09-05
4150,Nisha Malhotra,29,Female,Kochi,Kerala,Salaried,656000,2024-08-24
4151,Manish Mehta,46,Male,Kochi,Kerala,Salaried,478900,2019-09-28
4152,Kavita Singh,34,Male,Chennai,Tamil Nadu,Freelancer,438700,2021-01-20
4153,Rahul Agarwal,21,Male,Bengaluru,Karnataka,Salaried,901900,2017-01-29
4154,Priya Gupta,34,Male,Mumbai,Maharashtra,Salaried,573200,2017-04-28
4155,Amit Mishra,28,Male,Kolkata,West Bengal,Freelancer,1883000,2017-10-27
4156,Neha Yadav,22,Male,Mumbai,Maharashtra,Business,1680000,2017-03-31
4157,Rohit Sharma,26,Male,Hyderabad,Telangana,Salaried,1062400,2025-09-17
4158,Anjali Patel,39,Male,Patna,Bihar,Salaried,392100,2016-07-28
4159,Vikas Verma,51,Female,Chennai,Tamil Nadu,Business,518200,2017-06-08
4160,Pooja Joshi,41,Male,Ahmedabad,Gujarat,Salaried,1496200,2017-11-06
4161,Arjun Kumar,32,Male,Jaipur,Rajasthan,Business,550300,2018-09-28
4162,Simran Malhotra,43,Male,Jaipur,Rajasthan,Salaried,1390300,2018-06-14
4163,Karan Mehta,33,Female,Bhopal,Madhya Pradesh,Salaried,973700,2018-09-30
4164,Sneha Singh,31,Male,Bengaluru,Karnataka,Self-employed,771600,2020-05-18
4165,Aditya Agarwal,26,Male,Ludhiana,Punjab,Business,509500,2022-06-12
4166,Nisha Gupta,21,Female,Patna,Bihar,Freelancer,712100,2024-08-13
4167,Manish Mishra,34,Female,Mumbai,Maharashtra,Salaried,832500,2024-06-20
4168,Kavita Yadav,40,Female,Kolkata,West Bengal,Self-employed,1323400,2016-02-29
4169,Rahul Sharma,37,Male,Jaipur,Rajasthan,Salaried,460800,2017-01-20
4170,Priya Patel,34,Male,Ludhiana,Punjab,Self-employed,649100,2021-10-04
4171,Amit Verma,29,Male,Chennai,Tamil Nadu,Freelancer,768700,2022-01-24
4172,Neha Joshi,44,Female,Chennai,Tamil Nadu,Salaried,1079800,2019-12-06
4173,Rohit Kumar,25,Male,Mumbai,Maharashtra,Retired,455100,2023-07-27
4174,Anjali Malhotra,46,Male,Lucknow,Uttar Pradesh,Self-employed,363600,2023-12-22
4175,Vikas Mehta,28,Female,Ahmedabad,Gujarat,Retired,1086500,2020-11-29
4176,Pooja Singh,30,Female,Jaipur,Rajasthan,Business,325400,2024-12-06
4177,Arjun Agarwal,23,Male,Gurugram,Haryana,Salaried,1520500,2022-12-04
4178,Simran Gupta,33,Female,Gurugram,Haryana,Salaried,688400,2021-04-26
4179,Karan Mishra,48,Female,Patna,Bihar,Salaried,320200,2020-05-09
4180,Sneha Yadav,43,Male,Ahmedabad,Gujarat,Salaried,575800,2025-07-19
4181,Aditya Sharma,48,Male,Chennai,Tamil Nadu,Self-employed,923900,2022-07-15
4182,Nisha Patel,43,Female,Jaipur,Rajasthan,Self-employed,559500,2018-03-06
4183,Manish Verma,27,Male,Lucknow,Uttar Pradesh,Retired,758300,2018-06-10
4184,Kavita Joshi,35,Male,Jaipur,Rajasthan,Salaried,1126800,2023-09-24
4185,Rahul Kumar,30,Male,Bengaluru,Karnataka,Business,671100,2019-07-06
4186,Priya Malhotra,51,Female,Delhi,Delhi,Retired,448000,2025-05-14
4187,Amit Mehta,26,Female,Bengaluru,Karnataka,Freelancer,636300,2017-08-23
4188,Neha Singh,47,Female,Jaipur,Rajasthan,Salaried,1633100,2022-10-20
4189,Rohit Agarwal,47,Male,Delhi,Delhi,Self-employed,1894800,2019-05-30
4190,Anjali Gupta,56,Male,Bhopal,Madhya Pradesh,Salaried,246900,2019-12-07
4191,Vikas Mishra,34,Female,Bengaluru,Karnataka,Salaried,1366700,2019-10-05
4192,Pooja Yadav,45,Male,Kolkata,West Bengal,Salaried,860600,2025-09-23
4193,Arjun Sharma,61,Female,Lucknow,Uttar Pradesh,Business,1246700,2018-12-18
4194,Simran Patel,32,Female,Chennai,Tamil Nadu,Self-employed,554100,2016-05-31
4195,Karan Verma,23,Male,Mumbai,Maharashtra,Self-employed,283600,2018-07-22
4196,Sneha Joshi,21,Female,Lucknow,Uttar Pradesh,Retired,1034400,2023-01-31
4197,Aditya Kumar,45,Male,Bhopal,Madhya Pradesh,Salaried,447000,2022-03-22
4198,Nisha Malhotra,21,Female,Jaipur,Rajasthan,Self-employed,349500,2019-09-03
4199,Manish Mehta,34,Male,Delhi,Delhi,Business,363200,2023-02-23
4200,Kavita Singh,42,Male,Mumbai,Maharashtra,Salaried,1043800,2025-03-04
4201,Rahul Agarwal,40,Female,Ahmedabad,Gujarat,Self-employed,809800,2017-07-11
4202,Priya Gupta,42,Female,Chennai,Tamil Nadu,Salaried,1153400,2020-02-06
4203,Amit Mishra,40,Male,Ludhiana,Punjab,Freelancer,1083600,2021-02-12
4204,Neha Yadav,51,Female,Ahmedabad,Gujarat,Salaried,595000,2017-09-09
4205,Rohit Sharma,28,Male,Lucknow,Uttar Pradesh,Salaried,721500,2020-12-24
4206,Anjali Patel,31,Male,Bhopal,Madhya Pradesh,Self-employed,566100,2016-01-24
4207,Vikas Verma,30,Male,Hyderabad,Telangana,Salaried,668100,2020-03-22
4208,Pooja Joshi,46,Male,Bhopal,Madhya Pradesh,Salaried,440600,2022-08-12
4209,Arjun Kumar,47,Male,Kolkata,West Bengal,Salaried,929700,2021-07-12
4210,Simran Malhotra,43,Male,Jaipur,Rajasthan,Salaried,1354800,2018-09-25
4211,Karan Mehta,50,Male,Lucknow,Uttar Pradesh,Self-employed,478600,2022-07-10
4212,Sneha Singh,26,Male,Chennai,Tamil Nadu,Self-employed,1517400,2019-12-27
4213,Aditya Agarwal,55,Male,Bengaluru,Karnataka,Self-employed,798300,2016-01-03
4214,Nisha Gupta,53,Female,Kolkata,West Bengal,Business,856300,2018-10-04
4215,Manish Mishra,45,Male,Patna,Bihar,Salaried,294500,2019-07-05
4216,Kavita Yadav,56,Female,Jaipur,Rajasthan,Salaried,277600,2016-09-19
4217,Rahul Sharma,21,Female,Delhi,Delhi,Business,811900,2016-04-30
4218,Priya Patel,33,Female,Chennai,Tamil Nadu,Freelancer,1158000,2020-10-09
4219,Amit Verma,31,Female,Bhubaneswar,Odisha,Salaried,518400,2016-01-21
4220,Neha Joshi,45,Female,Bhopal,Madhya Pradesh,Salaried,1879200,2018-06-23
4221,Rohit Kumar,27,Male,Bengaluru,Karnataka,Self-employed,1123600,2016-05-19
4222,Anjali Malhotra,46,Male,Bhubaneswar,Odisha,Self-employed,455100,2025-09-18
4223,Vikas Mehta,52,Female,Chennai,Tamil Nadu,Business,762800,2020-12-20
4224,Pooja Singh,45,Female,Gurugram,Haryana,Salaried,2928900,2019-08-05
4225,Arjun Agarwal,41,Female,Kochi,Kerala,Business,378700,2016-07-24
4226,Simran Gupta,28,Male,Ludhiana,Punjab,Salaried,1002900,2016-02-12
4227,Karan Mishra,30,Female,Patna,Bihar,Self-employed,628000,2023-12-07
4228,Sneha Yadav,50,Female,Bhopal,Madhya Pradesh,Business,1106400,2024-09-24
4229,Aditya Sharma,46,Male,Gurugram,Haryana,Self-employed,1505800,2018-10-25
4230,Nisha Patel,38,Male,Patna,Bihar,Salaried,606500,2022-03-04
4231,Manish Verma,34,Female,Jaipur,Rajasthan,Retired,1387800,2023-05-06
4232,Kavita Joshi,21,Female,Lucknow,Uttar Pradesh,Freelancer,2544600,2021-02-05
4233,Rahul Kumar,27,Male,Bhopal,Madhya Pradesh,Business,777800,2016-12-10
4234,Priya Malhotra,57,Female,Mumbai,Maharashtra,Salaried,1154900,2019-03-11
4235,Amit Mehta,25,Male,Hyderabad,Telangana,Salaried,542000,2022-08-16
4236,Neha Singh,40,Male,Kochi,Kerala,Retired,758000,2025-01-16
4237,Rohit Agarwal,48,Male,Mumbai,Maharashtra,Self-employed,680600,2024-11-09
4238,Anjali Gupta,25,Male,Ludhiana,Punjab,Freelancer,1162600,2023-02-07
4239,Vikas Mishra,40,Male,Kolkata,West Bengal,Salaried,1454800,2019-10-19
4240,Pooja Yadav,47,Male,Bengaluru,Karnataka,Salaried,706100,2018-09-10
4241,Arjun Sharma,38,Female,Ahmedabad,Gujarat,Retired,1743400,2016-11-30
4242,Simran Patel,67,Female,Hyderabad,Telangana,Self-employed,1739900,2021-08-20
4243,Karan Verma,21,Male,Bhopal,Madhya Pradesh,Salaried,1194900,2025-07-11
4244,Sneha Joshi,49,Male,Kolkata,West Bengal,Salaried,564700,2021-10-23
4245,Aditya Kumar,36,Male,Gurugram,Haryana,Self-employed,535700,2019-08-16
4246,Nisha Malhotra,46,Female,Jaipur,Rajasthan,Salaried,479700,2024-03-13
4247,Manish Mehta,42,Male,Kolkata,West Bengal,Self-employed,1264100,2024-02-08
4248,Kavita Singh,31,Male,Patna,Bihar,Salaried,385100,2025-06-14
4249,Rahul Agarwal,40,Female,Ludhiana,Punjab,Business,1088300,2023-07-20
4250,Priya Gupta,21,Female,Bhopal,Madhya Pradesh,Salaried,413800,2023-12-10
4251,Amit Mishra,44,Male,Hyderabad,Telangana,Retired,1179700,2018-02-14
4252,Neha Yadav,41,Male,Ahmedabad,Gujarat,Salaried,757100,2018-06-04
4253,Rohit Sharma,44,Male,Gurugram,Haryana,Self-employed,1561800,2021-07-28
4254,Anjali Patel,49,Female,Patna,Bihar,Salaried,1405100,2018-01-05
4255,Vikas Verma,42,Male,Bengaluru,Karnataka,Business,1651400,2023-05-05
4256,Pooja Joshi,39,Male,Chennai,Tamil Nadu,Retired,1674900,2018-11-17
4257,Arjun Kumar,29,Female,Bengaluru,Karnataka,Business,811700,2020-01-26
4258,Simran Malhotra,31,Male,Hyderabad,Telangana,Self-employed,396500,2017-01-30
4259,Karan Mehta,50,Male,Ahmedabad,Gujarat,Self-employed,420400,2017-11-13
4260,Sneha Singh,52,Male,Lucknow,Uttar Pradesh,Freelancer,238000,2021-06-24
4261,Aditya Agarwal,36,Male,Bhubaneswar,Odisha,Retired,413300,2025-06-09
4262,Nisha Gupta,38,Male,Mumbai,Maharashtra,Retired,778900,2022-10-04
4263,Manish Mishra,29,Male,Delhi,Delhi,Salaried,551300,2016-12-29
4264,Kavita Yadav,50,Male,Bhopal,Madhya Pradesh,Retired,679300,2024-12-31
4265,Rahul Sharma,45,Male,Mumbai,Maharashtra,Salaried,983400,2021-01-28
4266,Priya Patel,57,Female,Ludhiana,Punjab,Salaried,634500,2024-09-07
4267,Amit Verma,29,Male,Kolkata,West Bengal,Salaried,404700,2020-11-16
4268,Neha Joshi,34,Male,Bengaluru,Karnataka,Salaried,728400,2016-04-02
4269,Rohit Kumar,40,Female,Ludhiana,Punjab,Business,457600,2020-05-17
4270,Anjali Malhotra,44,Female,Lucknow,Uttar Pradesh,Freelancer,646200,2016-09-22
4271,Vikas Mehta,36,Female,Chennai,Tamil Nadu,Business,1569600,2022-03-03
4272,Pooja Singh,29,Male,Delhi,Delhi,Self-employed,646300,2024-08-17
4273,Arjun Agarwal,47,Male,Mumbai,Maharashtra,Self-employed,1986400,2021-09-15
4274,Simran Gupta,45,Female,Bhubaneswar,Odisha,Business,1648300,2018-10-31
4275,Karan Mishra,29,Female,Mumbai,Maharashtra,Salaried,545400,2019-01-18
4276,Sneha Yadav,52,Male,Ludhiana,Punjab,Freelancer,407100,2018-01-13
4277,Aditya Sharma,50,Female,Kolkata,West Bengal,Business,728600,2021-08-28
4278,Nisha Patel,39,Male,Gurugram,Haryana,Business,1414300,2025-12-14
4279,Manish Verma,39,Female,Bhopal,Madhya Pradesh,Self-employed,572800,2017-01-08
4280,Kavita Joshi,44,Female,Hyderabad,Telangana,Freelancer,1235900,2020-12-14
4281,Rahul Kumar,29,Female,Mumbai,Maharashtra,Salaried,1457800,2016-04-03
4282,Priya Malhotra,38,Female,Gurugram,Haryana,Salaried,490000,2016-02-01
4283,Amit Mehta,21,Female,Delhi,Delhi,Business,517100,2016-05-19
4284,Neha Singh,47,Male,Hyderabad,Telangana,Self-employed,1109900,2020-05-12
4285,Rohit Agarwal,22,Male,Chennai,Tamil Nadu,Freelancer,815300,2024-04-08
4286,Anjali Gupta,53,Male,Lucknow,Uttar Pradesh,Salaried,514300,2024-06-19
4287,Vikas Mishra,35,Male,Mumbai,Maharashtra,Salaried,617900,2024-10-25
4288,Pooja Yadav,36,Female,Gurugram,Haryana,Freelancer,721500,2025-01-05
4289,Arjun Sharma,32,Male,Chennai,Tamil Nadu,Self-employed,317200,2023-08-12
4290,Simran Patel,35,Male,Jaipur,Rajasthan,Self-employed,1142700,2023-09-02
4291,Karan Verma,52,Female,Bhubaneswar,Odisha,Salaried,576400,2019-05-27
4292,Sneha Joshi,21,Female,Bengaluru,Karnataka,Salaried,180000,2020-04-13
4293,Aditya Kumar,51,Male,Delhi,Delhi,Business,740200,2020-05-01
4294,Nisha Malhotra,41,Male,Jaipur,Rajasthan,Salaried,498800,2021-04-15
4295,Manish Mehta,26,Male,Lucknow,Uttar Pradesh,Freelancer,1898700,2016-02-27
4296,Kavita Singh,27,Female,Ahmedabad,Gujarat,Business,543500,2025-07-28
4297,Rahul Agarwal,55,Male,Ludhiana,Punjab,Salaried,410100,2019-07-22
4298,Priya Gupta,29,Female,Patna,Bihar,Business,991700,2021-12-27
4299,Amit Mishra,26,Male,Delhi,Delhi,Self-employed,521600,2018-11-12
4300,Neha Yadav,49,Male,Delhi,Delhi,Salaried,488500,2024-01-27
4301,Rohit Sharma,41,Female,Delhi,Delhi,Salaried,992600,2017-01-12
4302,Anjali Patel,29,Male,Bhubaneswar,Odisha,Salaried,423200,2018-07-10
4303,Vikas Verma,40,Male,Bengaluru,Karnataka,Business,336500,2017-01-07
4304,Pooja Joshi,28,Male,Bhubaneswar,Odisha,Self-employed,1937900,2024-07-31
4305,Arjun Kumar,49,Male,Gurugram,Haryana,Self-employed,1031500,2020-05-06
4306,Simran Malhotra,49,Male,Jaipur,Rajasthan,Business,648600,2018-02-16
4307,Karan Mehta,43,Male,Jaipur,Rajasthan,Business,748600,2019-09-27
4308,Sneha Singh,42,Male,Gurugram,Haryana,Self-employed,990600,2016-06-15
4309,Aditya Agarwal,56,Male,Hyderabad,Telangana,Business,1281000,2024-10-27
4310,Nisha Gupta,38,Female,Delhi,Delhi,Salaried,494900,2023-01-14
4311,Manish Mishra,26,Female,Ludhiana,Punjab,Freelancer,917300,2021-07-04
4312,Kavita Yadav,42,Female,Kolkata,West Bengal,Self-employed,567600,2017-08-06
4313,Rahul Sharma,59,Female,Bhopal,Madhya Pradesh,Business,676000,2022-12-23
4314,Priya Patel,28,Male,Mumbai,Maharashtra,Self-employed,819300,2024-01-22
4315,Amit Verma,34,Male,Mumbai,Maharashtra,Salaried,747300,2018-09-25
4316,Neha Joshi,42,Male,Jaipur,Rajasthan,Self-employed,1124000,2017-07-13
4317,Rohit Kumar,37,Male,Bhopal,Madhya Pradesh,Salaried,980400,2025-05-12
4318,Anjali Malhotra,28,Male,Kolkata,West Bengal,Business,327200,2025-02-25
4319,Vikas Mehta,49,Male,Jaipur,Rajasthan,Self-employed,355400,2025-08-02
4320,Pooja Singh,61,Female,Patna,Bihar,Freelancer,612000,2018-10-08
4321,Arjun Agarwal,40,Female,Kolkata,West Bengal,Business,2050500,2016-08-20
4322,Simran Gupta,29,Male,Kolkata,West Bengal,Business,469500,2017-07-13
4323,Karan Mishra,23,Female,Gurugram,Haryana,Salaried,668800,2019-05-16
4324,Sneha Yadav,41,Female,Kochi,Kerala,Retired,558400,2025-08-25
4325,Aditya Sharma,49,Female,Ahmedabad,Gujarat,Freelancer,553000,2020-10-28
4326,Nisha Patel,43,Male,Hyderabad,Telangana,Business,827200,2020-03-04
4327,Manish Verma,38,Male,Kolkata,West Bengal,Salaried,1620500,2018-07-09
4328,Kavita Joshi,32,Male,Bengaluru,Karnataka,Self-employed,963800,2023-12-18
4329,Rahul Kumar,27,Male,Jaipur,Rajasthan,Salaried,482100,2019-05-27
4330,Priya Malhotra,46,Female,Kochi,Kerala,Self-employed,3409600,2023-12-29
4331,Amit Mehta,47,Male,Patna,Bihar,Salaried,783100,2016-03-21
4332,Neha Singh,23,Male,Lucknow,Uttar Pradesh,Self-employed,546000,2025-11-29
4333,Rohit Agarwal,54,Female,Lucknow,Uttar Pradesh,Self-employed,1630600,2023-04-15
4334,Anjali Gupta,44,Female,Kochi,Kerala,Salaried,579500,2017-12-03
4335,Vikas Mishra,52,Male,Kochi,Kerala,Self-employed,1871800,2017-06-24
4336,Pooja Yadav,25,Female,Ahmedabad,Gujarat,Freelancer,464600,2021-01-23
4337,Arjun Sharma,24,Male,Bengaluru,Karnataka,Salaried,1646800,2023-09-13
4338,Simran Patel,37,Male,Ahmedabad,Gujarat,Business,837700,2019-06-28
4339,Karan Verma,43,Male,Jaipur,Rajasthan,Salaried,1525600,2023-08-17
4340,Sneha Joshi,56,Female,Chennai,Tamil Nadu,Salaried,2134600,2023-04-07
4341,Aditya Kumar,45,Female,Mumbai,Maharashtra,Salaried,402300,2025-07-18
4342,Nisha Malhotra,36,Male,Ludhiana,Punjab,Business,1512800,2024-08-23
4343,Manish Mehta,28,Male,Gurugram,Haryana,Salaried,345600,2017-09-13
4344,Kavita Singh,50,Male,Bhubaneswar,Odisha,Freelancer,421600,2019-05-25
4345,Rahul Agarwal,28,Male,Patna,Bihar,Self-employed,482100,2024-05-27
4346,Priya Gupta,54,Male,Mumbai,Maharashtra,Salaried,989400,2022-02-21
4347,Amit Mishra,35,Male,Bengaluru,Karnataka,Business,763700,2024-04-30
4348,Neha Yadav,54,Female,Gurugram,Haryana,Salaried,684100,2019-08-13
4349,Rohit Sharma,45,Female,Patna,Bihar,Business,812800,2024-03-12
4350,Anjali Patel,37,Male,Mumbai,Maharashtra,Salaried,1038200,2021-09-22
4351,Vikas Verma,33,Male,Bengaluru,Karnataka,Salaried,1083100,2022-09-06
4352,Pooja Joshi,35,Male,Kolkata,West Bengal,Business,1369000,2020-01-06
4353,Arjun Kumar,42,Male,Jaipur,Rajasthan,Retired,2040800,2019-01-18
4354,Simran Malhotra,39,Female,Patna,Bihar,Salaried,741200,2022-01-11
4355,Karan Mehta,32,Female,Lucknow,Uttar Pradesh,Business,563100,2024-04-13
4356,Sneha Singh,36,Male,Mumbai,Maharashtra,Salaried,1051000,2025-09-19
4357,Aditya Agarwal,39,Male,Patna,Bihar,Business,399700,2020-07-02
4358,Nisha Gupta,21,Female,Hyderabad,Telangana,Business,516400,2016-02-28
4359,Manish Mishra,43,Male,Mumbai,Maharashtra,Salaried,1299500,2021-11-27
4360,Kavita Yadav,28,Female,Chennai,Tamil Nadu,Salaried,700500,2017-04-23
4361,Rahul Sharma,26,Male,Lucknow,Uttar Pradesh,Salaried,385900,2023-04-19
4362,Priya Patel,21,Female,Kolkata,West Bengal,Salaried,330500,2021-04-06
4363,Amit Verma,21,Female,Kochi,Kerala,Salaried,770400,2020-10-22
4364,Neha Joshi,24,Female,Patna,Bihar,Self-employed,1405500,2020-12-03
4365,Rohit Kumar,31,Female,Bhubaneswar,Odisha,Retired,1395200,2020-06-05
4366,Anjali Malhotra,58,Male,Bhubaneswar,Odisha,Salaried,797200,2018-02-22
4367,Vikas Mehta,33,Female,Ludhiana,Punjab,Self-employed,2264200,2024-07-17
4368,Pooja Singh,40,Female,Kolkata,West Bengal,Self-employed,708000,2019-11-01
4369,Arjun Agarwal,42,Male,Mumbai,Maharashtra,Freelancer,695000,2018-11-21
4370,Simran Gupta,39,Male,Kolkata,West Bengal,Self-employed,182700,2020-02-18
4371,Karan Mishra,37,Male,Delhi,Delhi,Self-employed,586400,2023-04-02
4372,Sneha Yadav,26,Male,Jaipur,Rajasthan,Self-employed,1198300,2024-03-06
4373,Aditya Sharma,53,Male,Lucknow,Uttar Pradesh,Salaried,1772700,2024-04-27
4374,Nisha Patel,56,Female,Kolkata,West Bengal,Salaried,475100,2023-01-22
4375,Manish Verma,21,Male,Bhopal,Madhya Pradesh,Salaried,967100,2018-10-23
4376,Kavita Joshi,28,Female,Gurugram,Haryana,Salaried,1333900,2017-01-12
4377,Rahul Kumar,35,Male,Lucknow,Uttar Pradesh,Self-employed,754600,2017-07-25
4378,Priya Malhotra,28,Male,Ahmedabad,Gujarat,Salaried,213600,2021-05-08
4379,Amit Mehta,43,Male,Bengaluru,Karnataka,Self-employed,859300,2025-01-26
4380,Neha Singh,31,Male,Ahmedabad,Gujarat,Salaried,1140100,2020-04-13
4381,Rohit Agarwal,60,Male,Kolkata,West Bengal,Retired,445400,2017-08-09
4382,Anjali Gupta,50,Male,Delhi,Delhi,Freelancer,652200,2020-06-06
4383,Vikas Mishra,40,Male,Hyderabad,Telangana,Salaried,397200,2016-12-22
4384,Pooja Yadav,48,Female,Hyderabad,Telangana,Salaried,182500,2017-11-15
4385,Arjun Sharma,49,Female,Mumbai,Maharashtra,Self-employed,1319400,2021-04-30
4386,Simran Patel,32,Male,Jaipur,Rajasthan,Salaried,748500,2024-12-12
4387,Karan Verma,30,Female,Bhopal,Madhya Pradesh,Salaried,1805900,2023-12-15
4388,Sneha Joshi,39,Female,Lucknow,Uttar Pradesh,Salaried,1201800,2025-07-22
4389,Aditya Kumar,47,Male,Hyderabad,Telangana,Freelancer,617200,2017-10-20
4390,Nisha Malhotra,39,Female,Bhubaneswar,Odisha,Freelancer,716500,2019-07-20
4391,Manish Mehta,22,Female,Bengaluru,Karnataka,Self-employed,1024000,2020-03-05
4392,Kavita Singh,30,Male,Kolkata,West Bengal,Self-employed,1276500,2021-09-13
4393,Rahul Agarwal,37,Male,Delhi,Delhi,Retired,895600,2024-05-12
4394,Priya Gupta,37,Male,Kochi,Kerala,Retired,1377700,2022-11-13
4395,Amit Mishra,58,Male,Bengaluru,Karnataka,Retired,637100,2023-07-28
4396,Neha Yadav,24,Female,Ludhiana,Punjab,Salaried,433400,2020-08-20
4397,Rohit Sharma,43,Male,Lucknow,Uttar Pradesh,Salaried,723700,2025-02-06
4398,Anjali Patel,53,Female,Ahmedabad,Gujarat,Business,839600,2020-07-15
4399,Vikas Verma,61,Female,Ahmedabad,Gujarat,Self-employed,387300,2017-05-26
4400,Pooja Joshi,34,Female,Kolkata,West Bengal,Salaried,359600,2018-12-07
4401,Arjun Kumar,43,Female,Gurugram,Haryana,Salaried,959200,2024-11-30
4402,Simran Malhotra,44,Male,Bhubaneswar,Odisha,Freelancer,599800,2022-12-13
4403,Karan Mehta,40,Male,Mumbai,Maharashtra,Freelancer,684600,2022-05-09
4404,Sneha Singh,37,Female,Mumbai,Maharashtra,Salaried,615400,2020-06-24
4405,Aditya Agarwal,42,Male,Bengaluru,Karnataka,Freelancer,1730900,2018-10-09
4406,Nisha Gupta,21,Male,Ludhiana,Punjab,Self-employed,1501200,2023-01-18
4407,Manish Mishra,45,Female,Hyderabad,Telangana,Business,379800,2019-02-25
4408,Kavita Yadav,39,Female,Ludhiana,Punjab,Salaried,559500,2016-07-28
4409,Rahul Sharma,36,Male,Jaipur,Rajasthan,Salaried,1197000,2017-09-15
4410,Priya Patel,58,Female,Delhi,Delhi,Salaried,1044300,2020-12-10
4411,Amit Verma,31,Female,Hyderabad,Telangana,Self-employed,733100,2019-03-11
4412,Neha Joshi,34,Male,Kochi,Kerala,Self-employed,401200,2016-06-21
4413,Rohit Kumar,58,Male,Bengaluru,Karnataka,Salaried,515300,2021-03-03
4414,Anjali Malhotra,30,Female,Hyderabad,Telangana,Retired,564400,2017-03-22
4415,Vikas Mehta,32,Male,Kolkata,West Bengal,Salaried,873400,2024-09-25
4416,Pooja Singh,37,Male,Jaipur,Rajasthan,Salaried,1914300,2016-01-11
4417,Arjun Agarwal,46,Male,Bhubaneswar,Odisha,Self-employed,514000,2018-01-30
4418,Simran Gupta,40,Female,Kochi,Kerala,Self-employed,426600,2019-08-20
4419,Karan Mishra,25,Male,Kolkata,West Bengal,Salaried,706500,2020-11-18
4420,Sneha Yadav,33,Male,Jaipur,Rajasthan,Business,1322800,2019-03-23
4421,Aditya Sharma,32,Male,Bhopal,Madhya Pradesh,Self-employed,338400,2022-06-28
4422,Nisha Patel,37,Other,Bhopal,Madhya Pradesh,Self-employed,1668300,2025-11-17
4423,Manish Verma,42,Male,Ahmedabad,Gujarat,Business,682300,2018-09-03
4424,Kavita Joshi,42,Female,Kochi,Kerala,Salaried,500800,2022-10-28
4425,Rahul Kumar,21,Female,Patna,Bihar,Self-employed,311100,2022-07-17
4426,Priya Malhotra,49,Male,Hyderabad,Telangana,Freelancer,1106200,2022-03-18
4427,Amit Mehta,41,Female,Hyderabad,Telangana,Salaried,682600,2021-11-27
4428,Neha Singh,52,Female,Chennai,Tamil Nadu,Salaried,823800,2022-09-23
4429,Rohit Agarwal,42,Female,Mumbai,Maharashtra,Freelancer,457000,2025-07-21
4430,Anjali Gupta,49,Male,Jaipur,Rajasthan,Salaried,629300,2022-12-27
4431,Vikas Mishra,43,Female,Delhi,Delhi,Self-employed,573900,2020-12-05
4432,Pooja Yadav,51,Female,Mumbai,Maharashtra,Retired,709600,2016-02-09
4433,Arjun Sharma,43,Female,Ludhiana,Punjab,Salaried,519000,2025-10-20
4434,Simran Patel,37,Male,Jaipur,Rajasthan,Salaried,322600,2020-01-22
4435,Karan Verma,61,Female,Ahmedabad,Gujarat,Freelancer,3363500,2022-04-29
4436,Sneha Joshi,47,Male,Gurugram,Haryana,Freelancer,354300,2024-09-24
4437,Aditya Kumar,44,Male,Kolkata,West Bengal,Self-employed,828700,2025-08-22
4438,Nisha Malhotra,25,Male,Bhubaneswar,Odisha,Self-employed,283000,2025-07-17
4439,Manish Mehta,25,Female,Chennai,Tamil Nadu,Freelancer,250100,2023-07-18
4440,Kavita Singh,41,Male,Kochi,Kerala,Business,791500,2021-01-23
4441,Rahul Agarwal,39,Female,Ahmedabad,Gujarat,Salaried,825500,2018-04-02
4442,Priya Gupta,32,Other,Jaipur,Rajasthan,Salaried,1501000,2025-11-06
4443,Amit Mishra,39,Male,Lucknow,Uttar Pradesh,Self-employed,934300,2017-04-05
4444,Neha Yadav,54,Female,Kochi,Kerala,Freelancer,690700,2019-02-15
4445,Rohit Sharma,45,Male,Hyderabad,Telangana,Freelancer,444900,2016-08-04
4446,Anjali Patel,27,Male,Bengaluru,Karnataka,Retired,1710500,2020-10-06
4447,Vikas Verma,37,Female,Bhopal,Madhya Pradesh,Freelancer,1250100,2021-10-25
4448,Pooja Joshi,30,Female,Lucknow,Uttar Pradesh,Self-employed,377900,2019-12-15
4449,Arjun Kumar,34,Female,Bhubaneswar,Odisha,Salaried,765800,2024-01-18
4450,Simran Malhotra,34,Female,Ahmedabad,Gujarat,Business,811800,2019-04-10
4451,Karan Mehta,33,Male,Mumbai,Maharashtra,Business,620200,2022-09-03
4452,Sneha Singh,25,Male,Bhopal,Madhya Pradesh,Self-employed,1146600,2024-06-24
4453,Aditya Agarwal,37,Male,Kochi,Kerala,Salaried,1185000,2019-02-25
4454,Nisha Gupta,32,Male,Patna,Bihar,Freelancer,675400,2017-01-08
4455,Manish Mishra,21,Male,Kolkata,West Bengal,Self-employed,642600,2017-10-15
4456,Kavita Yadav,59,Male,Patna,Bihar,Salaried,1710400,2018-06-22
4457,Rahul Sharma,49,Male,Kochi,Kerala,Self-employed,1252800,2024-06-22
4458,Priya Patel,34,Male,Bhubaneswar,Odisha,Business,780500,2025-09-11
4459,Amit Verma,38,Male,Patna,Bihar,Salaried,306100,2018-01-13
4460,Neha Joshi,26,Female,Jaipur,Rajasthan,Freelancer,906200,2022-10-06
4461,Rohit Kumar,55,Female,Jaipur,Rajasthan,Salaried,1101000,2024-11-22
4462,Anjali Malhotra,57,Female,Gurugram,Haryana,Salaried,180000,2018-05-02
4463,Vikas Mehta,40,Male,Hyderabad,Telangana,Salaried,861400,2020-11-05
4464,Pooja Singh,48,Female,Lucknow,Uttar Pradesh,Business,596400,2018-04-10
4465,Arjun Agarwal,40,Female,Patna,Bihar,Retired,664200,2020-04-10
4466,Simran Gupta,25,Male,Delhi,Delhi,Business,455300,2025-02-19
4467,Karan Mishra,34,Male,Chennai,Tamil Nadu,Retired,691300,2018-08-30
4468,Sneha Yadav,39,Female,Patna,Bihar,Salaried,1612700,2023-04-30
4469,Aditya Sharma,33,Female,Delhi,Delhi,Salaried,586700,2023-03-02
4470,Nisha Patel,36,Female,Kochi,Kerala,Self-employed,1275600,2019-07-17
4471,Manish Verma,37,Female,Jaipur,Rajasthan,Salaried,481300,2019-09-14
4472,Kavita Joshi,37,Female,Mumbai,Maharashtra,Business,1138400,2025-08-27
4473,Rahul Kumar,39,Female,Bhubaneswar,Odisha,Business,750700,2019-08-11
4474,Priya Malhotra,27,Female,Ludhiana,Punjab,Retired,910200,2016-05-01
4475,Amit Mehta,31,Male,Kolkata,West Bengal,Salaried,753000,2016-06-07
4476,Neha Singh,25,Female,Patna,Bihar,Self-employed,1067400,2024-11-23
4477,Rohit Agarwal,48,Male,Delhi,Delhi,Self-employed,182700,2025-04-22
4478,Anjali Gupta,21,Female,Kolkata,West Bengal,Salaried,343500,2016-11-02
4479,Vikas Mishra,50,Female,Bengaluru,Karnataka,Self-employed,943400,2019-01-17
4480,Pooja Yadav,52,Female,Bengaluru,Karnataka,Salaried,243700,2018-01-20
4481,Arjun Sharma,35,Female,Kolkata,West Bengal,Salaried,560200,2018-11-27
4482,Simran Patel,21,Male,Mumbai,Maharashtra,Salaried,727900,2021-03-11
4483,Karan Verma,34,Male,Kolkata,West Bengal,Salaried,475600,2017-08-13
4484,Sneha Joshi,37,Male,Chennai,Tamil Nadu,Self-employed,512700,2021-02-23
4485,Aditya Kumar,28,Female,Mumbai,Maharashtra,Salaried,870800,2016-12-11
4486,Nisha Malhotra,33,Female,Kochi,Kerala,Salaried,1306600,2025-02-05
4487,Manish Mehta,53,Female,Mumbai,Maharashtra,Salaried,442700,2016-05-28
4488,Kavita Singh,45,Male,Ahmedabad,Gujarat,Salaried,546600,2018-11-05
4489,Rahul Agarwal,29,Male,Ahmedabad,Gujarat,Salaried,501600,2019-10-22
4490,Priya Gupta,22,Female,Jaipur,Rajasthan,Salaried,198000,2023-11-22
4491,Amit Mishra,35,Male,Kolkata,West Bengal,Self-employed,810800,2018-02-19
4492,Neha Yadav,36,Female,Lucknow,Uttar Pradesh,Business,1254100,2016-04-27
4493,Rohit Sharma,43,Female,Jaipur,Rajasthan,Self-employed,1311900,2017-12-04
4494,Anjali Patel,33,Female,Ahmedabad,Gujarat,Business,464600,2022-06-22
4495,Vikas Verma,43,Male,Lucknow,Uttar Pradesh,Self-employed,376800,2016-10-14
4496,Pooja Joshi,57,Female,Delhi,Delhi,Self-employed,759000,2024-02-03
4497,Arjun Kumar,46,Male,Hyderabad,Telangana,Business,1183400,2019-10-06
4498,Simran Malhotra,38,Other,Bhubaneswar,Odisha,Salaried,816700,2022-06-02
4499,Karan Mehta,36,Male,Hyderabad,Telangana,Business,879400,2024-12-09
4500,Sneha Singh,34,Male,Lucknow,Uttar Pradesh,Salaried,1405400,2021-07-17
4501,Aditya Agarwal,50,Female,Bhopal,Madhya Pradesh,Salaried,499500,2025-06-25
4502,Nisha Gupta,32,Male,Ludhiana,Punjab,Business,664500,2017-03-18
4503,Manish Mishra,38,Female,Ludhiana,Punjab,Salaried,1842900,2025-03-06
4504,Kavita Yadav,39,Female,Delhi,Delhi,Salaried,673100,2018-06-19
4505,Rahul Sharma,33,Female,Lucknow,Uttar Pradesh,Salaried,373500,2016-10-27
4506,Priya Patel,24,Other,Bhubaneswar,Odisha,Salaried,519000,2024-01-24
4507,Amit Verma,41,Male,Patna,Bihar,Salaried,447700,2022-10-09
4508,Neha Joshi,37,Female,Jaipur,Rajasthan,Self-employed,912800,2016-09-06
4509,Rohit Kumar,43,Male,Patna,Bihar,Business,458200,2021-05-11
4510,Anjali Malhotra,33,Male,Kochi,Kerala,Business,870600,2020-11-01
4511,Vikas Mehta,50,Female,Chennai,Tamil Nadu,Salaried,500300,2020-03-18
4512,Pooja Singh,29,Male,Bhopal,Madhya Pradesh,Retired,233300,2017-11-16
4513,Arjun Agarwal,55,Female,Bengaluru,Karnataka,Self-employed,887800,2023-08-31
4514,Simran Gupta,21,Male,Hyderabad,Telangana,Salaried,813800,2018-09-24
4515,Karan Mishra,42,Female,Kolkata,West Bengal,Freelancer,997100,2017-02-09
4516,Sneha Yadav,43,Female,Kochi,Kerala,Business,518000,2023-10-19
4517,Aditya Sharma,30,Male,Jaipur,Rajasthan,Business,488500,2016-08-31
4518,Nisha Patel,42,Female,Chennai,Tamil Nadu,Salaried,935300,2022-08-11
4519,Manish Verma,51,Female,Gurugram,Haryana,Self-employed,1729400,2021-12-07
4520,Kavita Joshi,21,Male,Gurugram,Haryana,Freelancer,754600,2023-12-07
4521,Rahul Kumar,43,Male,Jaipur,Rajasthan,Self-employed,947300,2025-08-12
4522,Priya Malhotra,21,Female,Chennai,Tamil Nadu,Business,628400,2025-10-15
4523,Amit Mehta,28,Male,Ludhiana,Punjab,Self-employed,320900,2020-05-24
4524,Neha Singh,54,Male,Bhubaneswar,Odisha,Freelancer,1276900,2017-03-08
4525,Rohit Agarwal,32,Female,Mumbai,Maharashtra,Salaried,1236100,2016-07-01
4526,Anjali Gupta,26,Male,Chennai,Tamil Nadu,Self-employed,1108800,2020-01-24
4527,Vikas Mishra,36,Female,Kochi,Kerala,Salaried,678600,2023-09-07
4528,Pooja Yadav,59,Female,Lucknow,Uttar Pradesh,Business,1041500,2019-02-15
4529,Arjun Sharma,21,Female,Ahmedabad,Gujarat,Business,1226200,2016-01-31
4530,Simran Patel,27,Male,Jaipur,Rajasthan,Salaried,1828300,2024-04-12
4531,Karan Verma,53,Male,Ludhiana,Punjab,Business,1291800,2019-03-18
4532,Sneha Joshi,57,Male,Patna,Bihar,Salaried,776800,2023-01-19
4533,Aditya Kumar,37,Female,Delhi,Delhi,Salaried,365200,2019-07-20
4534,Nisha Malhotra,26,Male,Hyderabad,Telangana,Salaried,817000,2023-12-21
4535,Manish Mehta,59,Male,Hyderabad,Telangana,Salaried,863700,2025-06-18
4536,Kavita Singh,54,Male,Hyderabad,Telangana,Salaried,1107700,2021-03-18
4537,Rahul Agarwal,45,Male,Bengaluru,Karnataka,Salaried,1579300,2016-04-11
4538,Priya Gupta,30,Male,Chennai,Tamil Nadu,Business,711800,2018-12-31
4539,Amit Mishra,38,Female,Bhopal,Madhya Pradesh,Business,2381800,2020-09-24
4540,Neha Yadav,36,Male,Mumbai,Maharashtra,Self-employed,285000,2023-04-24
4541,Rohit Sharma,41,Male,Lucknow,Uttar Pradesh,Salaried,944600,2023-10-23
4542,Anjali Patel,53,Male,Ludhiana,Punjab,Retired,483400,2022-09-21
4543,Vikas Verma,47,Female,Bengaluru,Karnataka,Business,262700,2025-05-11
4544,Pooja Joshi,27,Female,Patna,Bihar,Salaried,671200,2019-10-22
4545,Arjun Kumar,52,Male,Ludhiana,Punjab,Business,336500,2018-04-09
4546,Simran Malhotra,41,Female,Hyderabad,Telangana,Salaried,686300,2023-10-07
4547,Karan Mehta,45,Male,Jaipur,Rajasthan,Self-employed,764500,2017-09-09
4548,Sneha Singh,53,Female,Ludhiana,Punjab,Self-employed,1387500,2023-02-09
4549,Aditya Agarwal,27,Male,Delhi,Delhi,Salaried,327300,2016-10-17
4550,Nisha Gupta,38,Female,Kochi,Kerala,Freelancer,1236100,2022-10-05
4551,Manish Mishra,33,Female,Bhubaneswar,Odisha,Salaried,791600,2016-06-29
4552,Kavita Yadav,22,Female,Jaipur,Rajasthan,Salaried,1320700,2023-05-26
4553,Rahul Sharma,41,Male,Kolkata,West Bengal,Retired,591500,2021-12-01
4554,Priya Patel,63,Male,Bhopal,Madhya Pradesh,Freelancer,360400,2019-06-15
4555,Amit Verma,21,Female,Kochi,Kerala,Business,383900,2024-08-31
4556,Neha Joshi,38,Male,Kolkata,West Bengal,Self-employed,368600,2016-09-16
4557,Rohit Kumar,44,Female,Mumbai,Maharashtra,Salaried,975400,2024-09-13
4558,Anjali Malhotra,39,Female,Bhubaneswar,Odisha,Business,1689800,2022-04-10
4559,Vikas Mehta,37,Female,Kolkata,West Bengal,Salaried,549700,2022-10-06
4560,Pooja Singh,25,Male,Jaipur,Rajasthan,Salaried,1060100,2016-11-30
4561,Arjun Agarwal,40,Female,Gurugram,Haryana,Self-employed,324500,2018-11-12
4562,Simran Gupta,30,Female,Hyderabad,Telangana,Salaried,828200,2021-03-11
4563,Karan Mishra,21,Female,Jaipur,Rajasthan,Salaried,1083300,2016-09-27
4564,Sneha Yadav,50,Male,Delhi,Delhi,Salaried,338200,2024-10-16
4565,Aditya Sharma,48,Male,Jaipur,Rajasthan,Salaried,670400,2025-09-07
4566,Nisha Patel,39,Male,Hyderabad,Telangana,Salaried,1111900,2022-11-06
4567,Manish Verma,40,Male,Gurugram,Haryana,Salaried,180000,2019-11-08
4568,Kavita Joshi,49,Female,Kolkata,West Bengal,Salaried,1563300,2023-03-26
4569,Rahul Kumar,40,Female,Mumbai,Maharashtra,Business,911000,2019-11-01
4570,Priya Malhotra,47,Male,Patna,Bihar,Business,1112400,2018-10-06
4571,Amit Mehta,35,Female,Ahmedabad,Gujarat,Self-employed,597700,2020-01-01
4572,Neha Singh,51,Male,Bengaluru,Karnataka,Self-employed,290800,2023-12-13
4573,Rohit Agarwal,41,Male,Jaipur,Rajasthan,Salaried,1006100,2025-07-25
4574,Anjali Gupta,40,Male,Ludhiana,Punjab,Salaried,716700,2024-11-01
4575,Vikas Mishra,25,Male,Gurugram,Haryana,Salaried,763400,2025-04-29
4576,Pooja Yadav,41,Female,Patna,Bihar,Self-employed,1364100,2025-11-11
4577,Arjun Sharma,30,Male,Ahmedabad,Gujarat,Business,1140500,2020-05-23
4578,Simran Patel,32,Female,Ahmedabad,Gujarat,Self-employed,2157600,2016-05-11
4579,Karan Verma,30,Male,Chennai,Tamil Nadu,Salaried,816200,2023-09-16
4580,Sneha Joshi,27,Female,Jaipur,Rajasthan,Salaried,512800,2020-10-10
4581,Aditya Kumar,59,Male,Patna,Bihar,Business,676200,2022-12-23
4582,Nisha Malhotra,51,Male,Lucknow,Uttar Pradesh,Salaried,942600,2020-03-25
4583,Manish Mehta,57,Male,Ahmedabad,Gujarat,Business,1311300,2024-10-16
4584,Kavita Singh,26,Male,Bengaluru,Karnataka,Self-employed,334700,2016-05-14
4585,Rahul Agarwal,39,Male,Ahmedabad,Gujarat,Business,753500,2018-02-05
4586,Priya Gupta,25,Female,Patna,Bihar,Freelancer,1817700,2023-10-30
4587,Amit Mishra,31,Female,Ahmedabad,Gujarat,Freelancer,657200,2025-07-10
4588,Neha Yadav,29,Female,Gurugram,Haryana,Self-employed,1251500,2018-02-08
4589,Rohit Sharma,50,Female,Patna,Bihar,Self-employed,983700,2021-11-11
4590,Anjali Patel,34,Male,Delhi,Delhi,Salaried,1268800,2021-03-22
4591,Vikas Verma,49,Male,Jaipur,Rajasthan,Retired,480400,2019-06-18
4592,Pooja Joshi,44,Other,Patna,Bihar,Self-employed,481600,2020-11-07
4593,Arjun Kumar,61,Female,Gurugram,Haryana,Salaried,758400,2016-06-13
4594,Simran Malhotra,23,Female,Delhi,Delhi,Salaried,322900,2016-11-20
4595,Karan Mehta,51,Female,Bhubaneswar,Odisha,Salaried,646600,2025-01-02
4596,Sneha Singh,49,Male,Delhi,Delhi,Self-employed,861900,2024-03-06
4597,Aditya Agarwal,28,Male,Bhopal,Madhya Pradesh,Self-employed,2001400,2017-09-11
4598,Nisha Gupta,48,Male,Kochi,Kerala,Salaried,936000,2016-08-18
4599,Manish Mishra,41,Male,Jaipur,Rajasthan,Salaried,1057800,2023-03-14
4600,Kavita Yadav,36,Male,Ludhiana,Punjab,Retired,1423000,2023-08-12
4601,Rahul Sharma,30,Male,Hyderabad,Telangana,Business,441200,2019-04-17
4602,Priya Patel,31,Female,Hyderabad,Telangana,Freelancer,684900,2024-08-17
4603,Amit Verma,58,Female,Bhubaneswar,Odisha,Salaried,2847100,2019-10-09
4604,Neha Joshi,38,Female,Ludhiana,Punjab,Business,718100,2023-06-11
4605,Rohit Kumar,46,Female,Mumbai,Maharashtra,Self-employed,1385900,2021-03-06
4606,Anjali Malhotra,30,Male,Mumbai,Maharashtra,Salaried,1274300,2024-11-06
4607,Vikas Mehta,30,Male,Bhubaneswar,Odisha,Salaried,332700,2025-07-30
4608,Pooja Singh,49,Female,Patna,Bihar,Salaried,889700,2017-02-06
4609,Arjun Agarwal,25,Male,Ahmedabad,Gujarat,Salaried,813000,2024-06-30
4610,Simran Gupta,34,Male,Gurugram,Haryana,Retired,899200,2021-12-08
4611,Karan Mishra,38,Male,Kolkata,West Bengal,Salaried,495400,2023-08-06
4612,Sneha Yadav,39,Male,Hyderabad,Telangana,Salaried,405800,2025-10-26
4613,Aditya Sharma,36,Male,Bhopal,Madhya Pradesh,Self-employed,577200,2017-01-19
4614,Nisha Patel,42,Male,Ludhiana,Punjab,Salaried,710700,2020-10-29
4615,Manish Verma,45,Male,Delhi,Delhi,Self-employed,1439200,2019-12-19
4616,Kavita Joshi,45,Female,Hyderabad,Telangana,Salaried,2037700,2022-11-28
4617,Rahul Kumar,28,Male,Bhubaneswar,Odisha,Business,1616800,2023-02-20
4618,Priya Malhotra,35,Male,Bhubaneswar,Odisha,Salaried,1203700,2019-04-05
4619,Amit Mehta,50,Male,Lucknow,Uttar Pradesh,Self-employed,431700,2017-01-23
4620,Neha Singh,47,Male,Hyderabad,Telangana,Business,599000,2025-04-27
4621,Rohit Agarwal,24,Female,Jaipur,Rajasthan,Freelancer,841800,2020-03-26
4622,Anjali Gupta,42,Female,Lucknow,Uttar Pradesh,Freelancer,529700,2020-11-08
4623,Vikas Mishra,21,Female,Kolkata,West Bengal,Self-employed,1030200,2018-02-28
4624,Pooja Yadav,38,Male,Mumbai,Maharashtra,Salaried,1114700,2023-09-01
4625,Arjun Sharma,57,Female,Mumbai,Maharashtra,Self-employed,1007300,2020-02-03
4626,Simran Patel,29,Female,Lucknow,Uttar Pradesh,Business,1318000,2023-07-14
4627,Karan Verma,30,Male,Jaipur,Rajasthan,Freelancer,456000,2020-03-27
4628,Sneha Joshi,46,Female,Bhubaneswar,Odisha,Salaried,1252800,2021-10-01
4629,Aditya Kumar,23,Male,Mumbai,Maharashtra,Salaried,511600,2023-02-27
4630,Nisha Malhotra,32,Female,Bengaluru,Karnataka,Business,447000,2018-03-31
4631,Manish Mehta,44,Female,Mumbai,Maharashtra,Salaried,1005000,2018-11-10
4632,Kavita Singh,32,Male,Chennai,Tamil Nadu,Salaried,1463800,2018-11-08
4633,Rahul Agarwal,36,Female,Jaipur,Rajasthan,Salaried,980900,2021-02-22
4634,Priya Gupta,45,Male,Lucknow,Uttar Pradesh,Self-employed,758600,2018-05-11
4635,Amit Mishra,42,Male,Gurugram,Haryana,Retired,889500,2020-01-19
4636,Neha Yadav,41,Female,Bhopal,Madhya Pradesh,Self-employed,808400,2022-06-27
4637,Rohit Sharma,35,Female,Kolkata,West Bengal,Salaried,403800,2023-11-14
4638,Anjali Patel,42,Male,Jaipur,Rajasthan,Salaried,378700,2022-10-16
4639,Vikas Verma,37,Male,Mumbai,Maharashtra,Salaried,718200,2024-07-27
4640,Pooja Joshi,43,Male,Ludhiana,Punjab,Self-employed,783700,2024-10-27
4641,Arjun Kumar,33,Male,Bhubaneswar,Odisha,Self-employed,754700,2020-11-29
4642,Simran Malhotra,36,Female,Patna,Bihar,Salaried,1087800,2020-01-03
4643,Karan Mehta,28,Female,Ahmedabad,Gujarat,Business,666200,2021-03-22
4644,Sneha Singh,38,Female,Lucknow,Uttar Pradesh,Business,1022200,2021-10-06
4645,Aditya Agarwal,30,Male,Kochi,Kerala,Salaried,692700,2024-05-23
4646,Nisha Gupta,27,Female,Patna,Bihar,Salaried,2044500,2025-12-24
4647,Manish Mishra,41,Male,Bhopal,Madhya Pradesh,Retired,784000,2018-01-20
4648,Kavita Yadav,40,Female,Lucknow,Uttar Pradesh,Salaried,2717500,2019-08-09
4649,Rahul Sharma,46,Female,Patna,Bihar,Business,910200,2016-06-30
4650,Priya Patel,34,Female,Gurugram,Haryana,Self-employed,666800,2021-03-19
4651,Amit Verma,42,Male,Bhopal,Madhya Pradesh,Business,457300,2023-04-08
4652,Neha Joshi,44,Male,Kochi,Kerala,Business,339200,2024-08-15
4653,Rohit Kumar,42,Male,Mumbai,Maharashtra,Business,434800,2018-08-18
4654,Anjali Malhotra,30,Female,Ahmedabad,Gujarat,Freelancer,462300,2016-04-14
4655,Vikas Mehta,39,Male,Ahmedabad,Gujarat,Retired,931900,2019-07-08
4656,Pooja Singh,42,Male,Gurugram,Haryana,Self-employed,561500,2023-04-08
4657,Arjun Agarwal,38,Male,Mumbai,Maharashtra,Salaried,831200,2025-01-07
4658,Simran Gupta,21,Female,Kolkata,West Bengal,Salaried,1518000,2018-09-16
4659,Karan Mishra,40,Male,Bengaluru,Karnataka,Business,714600,2017-04-28
4660,Sneha Yadav,60,Female,Ludhiana,Punjab,Business,2353400,2020-09-21
4661,Aditya Sharma,34,Female,Lucknow,Uttar Pradesh,Salaried,392800,2021-12-16
4662,Nisha Patel,31,Female,Kochi,Kerala,Salaried,690400,2022-06-24
4663,Manish Verma,42,Male,Hyderabad,Telangana,Business,557500,2017-12-07
4664,Kavita Joshi,41,Male,Mumbai,Maharashtra,Salaried,1255300,2022-12-31
4665,Rahul Kumar,50,Male,Delhi,Delhi,Self-employed,218800,2016-01-20
4666,Priya Malhotra,25,Male,Bhubaneswar,Odisha,Business,339100,2018-01-21
4667,Amit Mehta,45,Male,Bhopal,Madhya Pradesh,Self-employed,707000,2016-08-22
4668,Neha Singh,44,Female,Lucknow,Uttar Pradesh,Salaried,1760500,2020-06-08
4669,Rohit Agarwal,37,Male,Lucknow,Uttar Pradesh,Salaried,849200,2017-08-28
4670,Anjali Gupta,41,Female,Patna,Bihar,Salaried,356600,2017-07-07
4671,Vikas Mishra,48,Male,Ludhiana,Punjab,Salaried,388200,2021-03-14
4672,Pooja Yadav,47,Female,Kolkata,West Bengal,Self-employed,1882200,2025-05-14
4673,Arjun Sharma,27,Female,Gurugram,Haryana,Self-employed,533000,2022-11-05
4674,Simran Patel,46,Female,Delhi,Delhi,Salaried,446500,2017-08-08
4675,Karan Verma,37,Female,Bhubaneswar,Odisha,Salaried,1690200,2018-09-10
4676,Sneha Joshi,39,Female,Bhubaneswar,Odisha,Salaried,1307900,2025-10-20
4677,Aditya Kumar,39,Female,Patna,Bihar,Retired,1511400,2020-07-08
4678,Nisha Malhotra,36,Male,Chennai,Tamil Nadu,Self-employed,444800,2017-02-26
4679,Manish Mehta,50,Male,Bengaluru,Karnataka,Freelancer,324200,2024-12-05
4680,Kavita Singh,37,Male,Jaipur,Rajasthan,Freelancer,807000,2024-10-01
4681,Rahul Agarwal,27,Male,Delhi,Delhi,Self-employed,901800,2021-08-15
4682,Priya Gupta,34,Male,Bhopal,Madhya Pradesh,Business,916500,2017-04-02
4683,Amit Mishra,40,Male,Hyderabad,Telangana,Salaried,1691000,2021-03-29
4684,Neha Yadav,50,Male,Ahmedabad,Gujarat,Business,289000,2023-02-14
4685,Rohit Sharma,44,Male,Hyderabad,Telangana,Salaried,1203400,2025-12-20
4686,Anjali Patel,29,Male,Gurugram,Haryana,Freelancer,410300,2023-01-13
4687,Vikas Verma,63,Female,Bengaluru,Karnataka,Salaried,1200800,2024-08-26
4688,Pooja Joshi,41,Male,Gurugram,Haryana,Business,577600,2018-04-25
4689,Arjun Kumar,51,Female,Mumbai,Maharashtra,Salaried,479300,2024-09-17
4690,Simran Malhotra,36,Male,Bengaluru,Karnataka,Freelancer,536300,2017-07-04
4691,Karan Mehta,43,Female,Kolkata,West Bengal,Salaried,338700,2019-11-21
4692,Sneha Singh,46,Female,Bhubaneswar,Odisha,Business,766900,2021-06-17
4693,Aditya Agarwal,50,Female,Ahmedabad,Gujarat,Self-employed,490300,2021-08-20
4694,Nisha Gupta,49,Female,Hyderabad,Telangana,Salaried,1155800,2020-07-03
4695,Manish Mishra,47,Male,Bhubaneswar,Odisha,Self-employed,1066500,2017-05-11
4696,Kavita Yadav,35,Female,Kochi,Kerala,Retired,1898000,2024-06-14
4697,Rahul Sharma,32,Female,Jaipur,Rajasthan,Salaried,917400,2024-07-01
4698,Priya Patel,41,Female,Lucknow,Uttar Pradesh,Freelancer,998700,2023-08-24
4699,Amit Verma,47,Female,Mumbai,Maharashtra,Self-employed,1619900,2022-12-11
4700,Neha Joshi,36,Male,Mumbai,Maharashtra,Business,531100,2024-12-03
4701,Rohit Kumar,49,Female,Gurugram,Haryana,Salaried,330800,2023-08-15
4702,Anjali Malhotra,53,Male,Kochi,Kerala,Self-employed,837300,2025-12-21
4703,Vikas Mehta,29,Female,Bhubaneswar,Odisha,Freelancer,343000,2022-11-10
4704,Pooja Singh,30,Male,Patna,Bihar,Salaried,2892100,2024-07-19
4705,Arjun Agarwal,37,Female,Hyderabad,Telangana,Self-employed,1670000,2025-02-24
4706,Simran Gupta,41,Male,Bhopal,Madhya Pradesh,Salaried,2465800,2022-11-16
4707,Karan Mishra,33,Male,Patna,Bihar,Salaried,776200,2021-09-21
4708,Sneha Yadav,52,Female,Mumbai,Maharashtra,Self-employed,1015200,2017-06-22
4709,Aditya Sharma,42,Female,Lucknow,Uttar Pradesh,Business,582500,2017-07-21
4710,Nisha Patel,38,Female,Bengaluru,Karnataka,Self-employed,1218900,2016-04-30
4711,Manish Verma,24,Male,Mumbai,Maharashtra,Salaried,384300,2023-04-26
4712,Kavita Joshi,25,Male,Ahmedabad,Gujarat,Salaried,185200,2016-11-11
4713,Rahul Kumar,41,Female,Ahmedabad,Gujarat,Salaried,485500,2024-05-27
4714,Priya Malhotra,21,Female,Jaipur,Rajasthan,Self-employed,336800,2019-02-12
4715,Amit Mehta,48,Female,Gurugram,Haryana,Freelancer,1690800,2017-09-12
4716,Neha Singh,36,Male,Chennai,Tamil Nadu,Business,2035900,2017-03-29
4717,Rohit Agarwal,70,Female,Chennai,Tamil Nadu,Salaried,346700,2023-06-27
4718,Anjali Gupta,61,Male,Jaipur,Rajasthan,Freelancer,1526200,2023-04-25
4719,Vikas Mishra,36,Male,Chennai,Tamil Nadu,Self-employed,1265600,2017-09-03
4720,Pooja Yadav,37,Male,Delhi,Delhi,Business,316300,2020-03-23
4721,Arjun Sharma,48,Male,Delhi,Delhi,Salaried,605100,2018-08-16
4722,Simran Patel,55,Female,Lucknow,Uttar Pradesh,Business,545100,2021-07-01
4723,Karan Verma,22,Male,Kolkata,West Bengal,Salaried,1131700,2017-10-08
4724,Sneha Joshi,21,Male,Jaipur,Rajasthan,Salaried,381600,2018-02-01
4725,Aditya Kumar,32,Male,Kochi,Kerala,Salaried,710300,2019-09-22
4726,Nisha Malhotra,44,Male,Bhopal,Madhya Pradesh,Salaried,514300,2016-08-27
4727,Manish Mehta,43,Female,Mumbai,Maharashtra,Salaried,973000,2023-08-13
4728,Kavita Singh,49,Male,Gurugram,Haryana,Salaried,665700,2019-11-10
4729,Rahul Agarwal,26,Male,Kolkata,West Bengal,Salaried,558700,2019-03-14
4730,Priya Gupta,21,Female,Gurugram,Haryana,Business,667000,2022-08-21
4731,Amit Mishra,47,Female,Lucknow,Uttar Pradesh,Salaried,2298200,2021-08-13
4732,Neha Yadav,30,Female,Delhi,Delhi,Self-employed,596300,2023-10-12
4733,Rohit Sharma,21,Male,Ludhiana,Punjab,Salaried,423100,2023-12-03
4734,Anjali Patel,39,Female,Patna,Bihar,Retired,1033800,2025-04-22
4735,Vikas Verma,46,Female,Jaipur,Rajasthan,Retired,693100,2016-07-15
4736,Pooja Joshi,37,Female,Jaipur,Rajasthan,Salaried,344400,2022-09-02
4737,Arjun Kumar,33,Female,Hyderabad,Telangana,Self-employed,2559100,2016-09-17
4738,Simran Malhotra,36,Male,Kolkata,West Bengal,Salaried,617800,2023-04-04
4739,Karan Mehta,34,Female,Hyderabad,Telangana,Retired,609300,2020-11-29
4740,Sneha Singh,25,Male,Jaipur,Rajasthan,Self-employed,818900,2021-05-11
4741,Aditya Agarwal,31,Male,Mumbai,Maharashtra,Salaried,1942300,2016-04-03
4742,Nisha Gupta,43,Male,Ludhiana,Punjab,Salaried,297700,2019-07-04
4743,Manish Mishra,41,Male,Hyderabad,Telangana,Salaried,872900,2016-05-15
4744,Kavita Yadav,40,Female,Delhi,Delhi,Salaried,2363900,2023-01-16
4745,Rahul Sharma,28,Female,Delhi,Delhi,Business,805000,2021-06-26
4746,Priya Patel,36,Female,Jaipur,Rajasthan,Self-employed,380200,2022-12-20
4747,Amit Verma,21,Female,Jaipur,Rajasthan,Salaried,533800,2019-04-16
4748,Neha Joshi,40,Male,Bhubaneswar,Odisha,Salaried,840400,2021-11-29
4749,Rohit Kumar,52,Male,Kolkata,West Bengal,Salaried,1559300,2019-07-11
4750,Anjali Malhotra,23,Female,Kolkata,West Bengal,Salaried,622300,2025-07-17
4751,Vikas Mehta,32,Female,Bhubaneswar,Odisha,Business,1181700,2017-01-03
4752,Pooja Singh,41,Male,Ahmedabad,Gujarat,Salaried,340600,2018-07-24
4753,Arjun Agarwal,51,Female,Mumbai,Maharashtra,Self-employed,339000,2025-06-11
4754,Simran Gupta,34,Male,Patna,Bihar,Salaried,575100,2018-02-06
4755,Karan Mishra,31,Male,Bhubaneswar,Odisha,Salaried,1654100,2023-03-18
4756,Sneha Yadav,21,Male,Jaipur,Rajasthan,Self-employed,779000,2025-06-16
4757,Aditya Sharma,39,Male,Patna,Bihar,Self-employed,879600,2017-11-03
4758,Nisha Patel,58,Female,Ludhiana,Punjab,Salaried,873900,2017-05-25
4759,Manish Verma,41,Female,Delhi,Delhi,Self-employed,1380400,2017-12-13
4760,Kavita Joshi,38,Male,Gurugram,Haryana,Self-employed,536200,2018-03-30
4761,Rahul Kumar,41,Female,Ludhiana,Punjab,Salaried,1095100,2022-08-21
4762,Priya Malhotra,38,Female,Ludhiana,Punjab,Self-employed,474900,2017-06-28
4763,Amit Mehta,30,Male,Kolkata,West Bengal,Business,2232500,2021-10-21
4764,Neha Singh,46,Male,Bengaluru,Karnataka,Salaried,482900,2024-04-09
4765,Rohit Agarwal,40,Female,Bhubaneswar,Odisha,Self-employed,461600,2017-05-18
4766,Anjali Gupta,38,Female,Bhubaneswar,Odisha,Salaried,1014700,2025-05-16
4767,Vikas Mishra,28,Female,Ludhiana,Punjab,Salaried,783600,2018-03-15
4768,Pooja Yadav,51,Male,Chennai,Tamil Nadu,Self-employed,897700,2017-12-10
4769,Arjun Sharma,45,Female,Chennai,Tamil Nadu,Freelancer,849900,2022-06-30
4770,Simran Patel,32,Male,Ludhiana,Punjab,Freelancer,411700,2017-01-22
4771,Karan Verma,48,Male,Chennai,Tamil Nadu,Salaried,1821500,2023-11-15
4772,Sneha Joshi,33,Male,Kolkata,West Bengal,Salaried,1226000,2016-08-27
4773,Aditya Kumar,30,Male,Hyderabad,Telangana,Self-employed,1583700,2024-04-11
4774,Nisha Malhotra,30,Male,Bengaluru,Karnataka,Salaried,560900,2019-01-02
4775,Manish Mehta,21,Male,Jaipur,Rajasthan,Business,943100,2021-09-09
4776,Kavita Singh,43,Male,Mumbai,Maharashtra,Business,836000,2022-12-01
4777,Rahul Agarwal,21,Female,Ahmedabad,Gujarat,Freelancer,1394800,2024-06-12
4778,Priya Gupta,26,Male,Jaipur,Rajasthan,Salaried,1419700,2023-07-27
4779,Amit Mishra,21,Male,Kochi,Kerala,Salaried,834000,2019-09-01
4780,Neha Yadav,37,Male,Gurugram,Haryana,Business,325400,2016-03-08
4781,Rohit Sharma,36,Male,Lucknow,Uttar Pradesh,Business,1996000,2024-05-11
4782,Anjali Patel,35,Female,Lucknow,Uttar Pradesh,Freelancer,1018300,2023-01-29
4783,Vikas Verma,28,Male,Bhubaneswar,Odisha,Salaried,536700,2021-04-27
4784,Pooja Joshi,26,Female,Lucknow,Uttar Pradesh,Self-employed,937900,2020-09-15
4785,Arjun Kumar,43,Male,Mumbai,Maharashtra,Self-employed,326700,2020-07-30
4786,Simran Malhotra,32,Male,Chennai,Tamil Nadu,Salaried,1340100,2016-10-17
4787,Karan Mehta,41,Female,Jaipur,Rajasthan,Self-employed,333900,2018-09-01
4788,Sneha Singh,29,Female,Kolkata,West Bengal,Self-employed,664200,2021-09-02
4789,Aditya Agarwal,40,Male,Chennai,Tamil Nadu,Salaried,857900,2017-02-18
4790,Nisha Gupta,51,Female,Patna,Bihar,Salaried,1328000,2018-04-30
4791,Manish Mishra,44,Male,Jaipur,Rajasthan,Self-employed,795300,2024-03-28
4792,Kavita Yadav,34,Female,Gurugram,Haryana,Self-employed,1063500,2023-06-21
4793,Rahul Sharma,41,Female,Jaipur,Rajasthan,Freelancer,738500,2024-07-04
4794,Priya Patel,36,Female,Bhubaneswar,Odisha,Salaried,736800,2021-11-18
4795,Amit Verma,38,Other,Chennai,Tamil Nadu,Salaried,786100,2017-06-29
4796,Neha Joshi,35,Male,Hyderabad,Telangana,Retired,675900,2021-09-17
4797,Rohit Kumar,36,Female,Mumbai,Maharashtra,Freelancer,296600,2022-03-08
4798,Anjali Malhotra,40,Male,Ludhiana,Punjab,Salaried,491500,2018-01-11
4799,Vikas Mehta,28,Male,Jaipur,Rajasthan,Business,858100,2020-12-19
4800,Pooja Singh,28,Male,Lucknow,Uttar Pradesh,Salaried,654000,2017-08-14
4801,Arjun Agarwal,24,Male,Bhubaneswar,Odisha,Salaried,688400,2018-01-19
4802,Simran Gupta,22,Female,Jaipur,Rajasthan,Salaried,627800,2022-01-28
4803,Karan Mishra,26,Female,Bengaluru,Karnataka,Salaried,466400,2018-04-17
4804,Sneha Yadav,40,Female,Delhi,Delhi,Business,571800,2022-10-25
4805,Aditya Sharma,29,Male,Kochi,Kerala,Business,633500,2024-07-27
4806,Nisha Patel,43,Male,Bengaluru,Karnataka,Retired,752100,2025-07-13
4807,Manish Verma,38,Female,Kochi,Kerala,Business,931200,2017-06-17
4808,Kavita Joshi,21,Male,Patna,Bihar,Salaried,679100,2016-12-30
4809,Rahul Kumar,45,Female,Ahmedabad,Gujarat,Business,425700,2017-01-01
4810,Priya Malhotra,46,Female,Jaipur,Rajasthan,Retired,347600,2025-05-08
4811,Amit Mehta,28,Female,Delhi,Delhi,Business,3129600,2020-11-08
4812,Neha Singh,42,Male,Gurugram,Haryana,Business,402900,2022-06-01
4813,Rohit Agarwal,29,Female,Ahmedabad,Gujarat,Retired,563900,2025-05-05
4814,Anjali Gupta,39,Male,Kolkata,West Bengal,Salaried,996700,2023-04-07
4815,Vikas Mishra,25,Female,Gurugram,Haryana,Business,914700,2023-09-04
4816,Pooja Yadav,21,Male,Lucknow,Uttar Pradesh,Freelancer,998800,2023-01-14
4817,Arjun Sharma,34,Male,Jaipur,Rajasthan,Retired,587900,2020-07-10
4818,Simran Patel,37,Male,Patna,Bihar,Salaried,855200,2016-09-21
4819,Karan Verma,34,Female,Bengaluru,Karnataka,Self-employed,775700,2025-11-04
4820,Sneha Joshi,26,Male,Lucknow,Uttar Pradesh,Business,631700,2018-11-27
4821,Aditya Kumar,34,Male,Kolkata,West Bengal,Salaried,858400,2021-07-27
4822,Nisha Malhotra,41,Male,Mumbai,Maharashtra,Self-employed,1340100,2024-10-07
4823,Manish Mehta,38,Female,Bhopal,Madhya Pradesh,Salaried,740900,2017-01-16
4824,Kavita Singh,40,Female,Chennai,Tamil Nadu,Salaried,743600,2025-01-09
4825,Rahul Agarwal,31,Female,Ahmedabad,Gujarat,Salaried,1349600,2019-03-12
4826,Priya Gupta,50,Female,Jaipur,Rajasthan,Self-employed,1272600,2022-10-14
4827,Amit Mishra,26,Male,Chennai,Tamil Nadu,Salaried,1792300,2017-01-23
4828,Neha Yadav,43,Male,Ahmedabad,Gujarat,Self-employed,285500,2021-10-02
4829,Rohit Sharma,50,Female,Bengaluru,Karnataka,Salaried,1233800,2021-09-02
4830,Anjali Patel,43,Male,Hyderabad,Telangana,Salaried,1044100,2017-01-29
4831,Vikas Verma,36,Male,Gurugram,Haryana,Salaried,460800,2023-05-04
4832,Pooja Joshi,33,Male,Kolkata,West Bengal,Salaried,861300,2021-12-06
4833,Arjun Kumar,48,Male,Lucknow,Uttar Pradesh,Self-employed,1337000,2018-09-09
4834,Simran Malhotra,24,Male,Chennai,Tamil Nadu,Business,475300,2024-11-30
4835,Karan Mehta,28,Male,Bengaluru,Karnataka,Salaried,956700,2022-02-17
4836,Sneha Singh,34,Male,Jaipur,Rajasthan,Salaried,1211100,2021-05-16
4837,Aditya Agarwal,50,Male,Ludhiana,Punjab,Business,416100,2022-12-09
4838,Nisha Gupta,42,Male,Jaipur,Rajasthan,Salaried,693500,2023-05-04
4839,Manish Mishra,28,Male,Patna,Bihar,Retired,885000,2017-12-21
4840,Kavita Yadav,35,Male,Bhubaneswar,Odisha,Business,484100,2022-08-28
4841,Rahul Sharma,32,Female,Lucknow,Uttar Pradesh,Salaried,462500,2023-10-30
4842,Priya Patel,31,Male,Ludhiana,Punjab,Salaried,696300,2022-07-21
4843,Amit Verma,48,Female,Bengaluru,Karnataka,Self-employed,1165600,2017-04-17
4844,Neha Joshi,24,Female,Patna,Bihar,Salaried,1068600,2023-06-16
4845,Rohit Kumar,54,Female,Ahmedabad,Gujarat,Salaried,467000,2020-12-08
4846,Anjali Malhotra,46,Male,Gurugram,Haryana,Salaried,1073600,2021-05-29
4847,Vikas Mehta,49,Male,Kolkata,West Bengal,Business,473600,2021-08-12
4848,Pooja Singh,33,Male,Lucknow,Uttar Pradesh,Self-employed,309400,2024-07-18
4849,Arjun Agarwal,37,Female,Kolkata,West Bengal,Salaried,612900,2018-07-13
4850,Simran Gupta,24,Male,Patna,Bihar,Business,1390900,2018-05-25
4851,Karan Mishra,33,Female,Delhi,Delhi,Salaried,1075800,2025-10-15
4852,Sneha Yadav,43,Female,Ludhiana,Punjab,Self-employed,749400,2024-04-19
4853,Aditya Sharma,51,Male,Bengaluru,Karnataka,Salaried,596400,2024-12-26
4854,Nisha Patel,27,Male,Lucknow,Uttar Pradesh,Self-employed,605300,2018-08-30
4855,Manish Verma,34,Female,Jaipur,Rajasthan,Retired,796200,2025-11-08
4856,Kavita Joshi,36,Male,Patna,Bihar,Salaried,416700,2025-03-08
4857,Rahul Kumar,24,Male,Mumbai,Maharashtra,Salaried,619300,2017-01-13
4858,Priya Malhotra,44,Female,Kochi,Kerala,Salaried,666100,2025-04-20
4859,Amit Mehta,31,Male,Kochi,Kerala,Salaried,356700,2019-08-14
4860,Neha Singh,36,Female,Lucknow,Uttar Pradesh,Salaried,472900,2021-12-25
4861,Rohit Agarwal,33,Female,Bengaluru,Karnataka,Business,940000,2016-05-04
4862,Anjali Gupta,30,Female,Bengaluru,Karnataka,Freelancer,753900,2024-02-29
4863,Vikas Mishra,38,Male,Hyderabad,Telangana,Salaried,632900,2025-06-25
4864,Pooja Yadav,36,Male,Patna,Bihar,Self-employed,454300,2019-11-26
4865,Arjun Sharma,34,Male,Mumbai,Maharashtra,Self-employed,1785300,2017-04-24
4866,Simran Patel,31,Male,Ahmedabad,Gujarat,Self-employed,473000,2025-07-04
4867,Karan Verma,41,Male,Hyderabad,Telangana,Salaried,861300,2023-03-02
4868,Sneha Joshi,55,Male,Bhubaneswar,Odisha,Salaried,573500,2019-10-17
4869,Aditya Kumar,39,Male,Ludhiana,Punjab,Self-employed,765100,2021-10-14
4870,Nisha Malhotra,48,Male,Patna,Bihar,Salaried,964600,2025-07-31
4871,Manish Mehta,24,Female,Kolkata,West Bengal,Business,353000,2023-12-09
4872,Kavita Singh,40,Male,Lucknow,Uttar Pradesh,Business,747300,2025-11-01
4873,Rahul Agarwal,27,Male,Kochi,Kerala,Salaried,1443700,2017-03-07
4874,Priya Gupta,23,Female,Ludhiana,Punjab,Salaried,1976100,2021-05-12
4875,Amit Mishra,31,Female,Mumbai,Maharashtra,Freelancer,698200,2024-09-11
4876,Neha Yadav,50,Male,Gurugram,Haryana,Self-employed,767400,2019-01-17
4877,Rohit Sharma,48,Male,Lucknow,Uttar Pradesh,Freelancer,2530800,2017-08-23
4878,Anjali Patel,40,Female,Lucknow,Uttar Pradesh,Salaried,1400100,2018-05-05
4879,Vikas Verma,23,Female,Jaipur,Rajasthan,Self-employed,534100,2021-08-15
4880,Pooja Joshi,36,Female,Chennai,Tamil Nadu,Self-employed,533600,2016-06-06
4881,Arjun Kumar,41,Female,Bhubaneswar,Odisha,Freelancer,1269200,2025-06-12
4882,Simran Malhotra,40,Male,Kolkata,West Bengal,Salaried,430100,2022-07-05
4883,Karan Mehta,21,Female,Mumbai,Maharashtra,Salaried,1364200,2019-01-31
4884,Sneha Singh,29,Male,Ahmedabad,Gujarat,Salaried,901400,2016-08-10
4885,Aditya Agarwal,37,Female,Hyderabad,Telangana,Freelancer,997100,2022-09-15
4886,Nisha Gupta,43,Female,Bhubaneswar,Odisha,Retired,651200,2020-09-02
4887,Manish Mishra,21,Female,Lucknow,Uttar Pradesh,Retired,530400,2017-06-28
4888,Kavita Yadav,36,Male,Lucknow,Uttar Pradesh,Retired,1676000,2022-12-31
4889,Rahul Sharma,39,Male,Jaipur,Rajasthan,Salaried,654800,2022-02-09
4890,Priya Patel,46,Female,Mumbai,Maharashtra,Salaried,598300,2024-02-10
4891,Amit Verma,45,Female,Lucknow,Uttar Pradesh,Salaried,717700,2024-08-24
4892,Neha Joshi,44,Female,Hyderabad,Telangana,Salaried,834000,2023-03-13
4893,Rohit Kumar,30,Male,Jaipur,Rajasthan,Business,425400,2025-06-13
4894,Anjali Malhotra,21,Male,Hyderabad,Telangana,Freelancer,549700,2017-06-21
4895,Vikas Mehta,34,Male,Mumbai,Maharashtra,Salaried,533900,2019-12-07
4896,Pooja Singh,48,Male,Kolkata,West Bengal,Self-employed,1193900,2023-01-09
4897,Arjun Agarwal,52,Female,Gurugram,Haryana,Freelancer,460700,2023-09-16
4898,Simran Gupta,45,Male,Lucknow,Uttar Pradesh,Self-employed,285500,2022-05-31
4899,Karan Mishra,42,Female,Delhi,Delhi,Salaried,254200,2024-05-20
4900,Sneha Yadav,42,Female,Delhi,Delhi,Self-employed,334100,2016-09-16
4901,Aditya Sharma,32,Female,Delhi,Delhi,Salaried,1585900,2025-06-17
4902,Nisha Patel,37,Male,Kolkata,West Bengal,Self-employed,756700,2018-04-05
4903,Manish Verma,55,Female,Lucknow,Uttar Pradesh,Salaried,988100,2025-03-29
4904,Kavita Joshi,29,Male,Chennai,Tamil Nadu,Salaried,1007400,2016-11-11
4905,Rahul Kumar,54,Female,Kochi,Kerala,Retired,773500,2018-01-15
4906,Priya Malhotra,35,Male,Chennai,Tamil Nadu,Self-employed,719800,2017-12-19
4907,Amit Mehta,51,Male,Gurugram,Haryana,Self-employed,1332200,2019-01-05
4908,Neha Singh,24,Male,Mumbai,Maharashtra,Retired,812700,2023-06-20
4909,Rohit Agarwal,44,Male,Bhopal,Madhya Pradesh,Salaried,1619000,2023-12-11
4910,Anjali Gupta,31,Female,Ludhiana,Punjab,Salaried,1055200,2025-06-12
4911,Vikas Mishra,24,Male,Bengaluru,Karnataka,Business,533900,2017-04-05
4912,Pooja Yadav,40,Female,Delhi,Delhi,Salaried,570600,2024-07-24
4913,Arjun Sharma,48,Female,Ludhiana,Punjab,Business,502700,2023-10-25
4914,Simran Patel,30,Male,Lucknow,Uttar Pradesh,Salaried,1465200,2019-01-09
4915,Karan Verma,23,Female,Patna,Bihar,Salaried,600200,2020-08-29
4916,Sneha Joshi,37,Male,Ahmedabad,Gujarat,Self-employed,483400,2024-11-21
4917,Aditya Kumar,37,Male,Kolkata,West Bengal,Salaried,894200,2023-10-11
4918,Nisha Malhotra,43,Male,Bhubaneswar,Odisha,Business,711000,2024-02-25
4919,Manish Mehta,47,Female,Bhubaneswar,Odisha,Self-employed,881900,2019-11-07
4920,Kavita Singh,37,Male,Lucknow,Uttar Pradesh,Freelancer,2120600,2022-01-05
4921,Rahul Agarwal,57,Female,Kolkata,West Bengal,Business,1239300,2023-09-16
4922,Priya Gupta,40,Male,Jaipur,Rajasthan,Salaried,761200,2025-03-06
4923,Amit Mishra,35,Female,Kolkata,West Bengal,Business,345700,2022-07-20
4924,Neha Yadav,22,Male,Hyderabad,Telangana,Self-employed,569700,2020-12-18
4925,Rohit Sharma,35,Female,Patna,Bihar,Business,1108900,2020-12-19
4926,Anjali Patel,35,Female,Jaipur,Rajasthan,Freelancer,393900,2025-07-12
4927,Vikas Verma,48,Female,Bhopal,Madhya Pradesh,Self-employed,2434800,2020-10-07
4928,Pooja Joshi,43,Female,Chennai,Tamil Nadu,Self-employed,756000,2018-08-31
4929,Arjun Kumar,26,Female,Bhubaneswar,Odisha,Self-employed,770400,2018-07-10
4930,Simran Malhotra,40,Male,Chennai,Tamil Nadu,Salaried,519800,2016-01-30
4931,Karan Mehta,45,Male,Mumbai,Maharashtra,Salaried,985600,2023-08-09
4932,Sneha Singh,53,Male,Delhi,Delhi,Self-employed,396700,2025-07-25
4933,Aditya Agarwal,47,Male,Bengaluru,Karnataka,Salaried,2467000,2018-09-08
4934,Nisha Gupta,46,Male,Bhopal,Madhya Pradesh,Salaried,1547800,2016-08-18
4935,Manish Mishra,39,Male,Chennai,Tamil Nadu,Salaried,1288800,2025-05-23
4936,Kavita Yadav,42,Male,Delhi,Delhi,Self-employed,349100,2019-03-31
4937,Rahul Sharma,50,Female,Bhubaneswar,Odisha,Salaried,839700,2023-08-08
4938,Priya Patel,25,Male,Chennai,Tamil Nadu,Business,1458400,2019-06-05
4939,Amit Verma,35,Female,Gurugram,Haryana,Salaried,1039300,2019-05-29
4940,Neha Joshi,30,Male,Bhopal,Madhya Pradesh,Self-employed,432200,2023-08-25
4941,Rohit Kumar,42,Female,Hyderabad,Telangana,Salaried,524500,2019-01-01
4942,Anjali Malhotra,50,Female,Kolkata,West Bengal,Business,584900,2017-02-02
4943,Vikas Mehta,32,Male,Ahmedabad,Gujarat,Salaried,538200,2016-04-04
4944,Pooja Singh,21,Male,Delhi,Delhi,Retired,1738700,2021-05-17
4945,Arjun Agarwal,34,Male,Bengaluru,Karnataka,Retired,260700,2017-04-19
4946,Simran Gupta,47,Male,Kolkata,West Bengal,Freelancer,1075800,2024-09-01
4947,Karan Mishra,43,Female,Lucknow,Uttar Pradesh,Freelancer,368500,2021-04-13
4948,Sneha Yadav,42,Female,Bhopal,Madhya Pradesh,Salaried,442000,2020-11-13
4949,Aditya Sharma,35,Male,Hyderabad,Telangana,Self-employed,248300,2018-02-13
4950,Nisha Patel,25,Male,Ahmedabad,Gujarat,Business,554500,2019-02-21
4951,Manish Verma,43,Male,Jaipur,Rajasthan,Business,1721500,2023-10-18
4952,Kavita Joshi,30,Male,Delhi,Delhi,Freelancer,867600,2020-03-03
4953,Rahul Kumar,60,Female,Kochi,Kerala,Business,388000,2024-03-10
4954,Priya Malhotra,44,Male,Jaipur,Rajasthan,Retired,1312300,2024-05-28
4955,Amit Mehta,32,Male,Bhubaneswar,Odisha,Salaried,1476300,2017-09-12
4956,Neha Singh,32,Male,Delhi,Delhi,Freelancer,794200,2023-12-17
4957,Rohit Agarwal,37,Male,Hyderabad,Telangana,Business,2296600,2018-08-21
4958,Anjali Gupta,36,Female,Patna,Bihar,Business,1178400,2024-07-16
4959,Vikas Mishra,49,Male,Kolkata,West Bengal,Salaried,1091700,2023-10-31
4960,Pooja Yadav,40,Female,Hyderabad,Telangana,Business,482100,2021-11-12
4961,Arjun Sharma,31,Female,Mumbai,Maharashtra,Freelancer,1059100,2020-02-09
4962,Simran Patel,57,Male,Kochi,Kerala,Salaried,845000,2021-09-11
4963,Karan Verma,38,Male,Gurugram,Haryana,Self-employed,998200,2024-09-24
4964,Sneha Joshi,46,Female,Bhubaneswar,Odisha,Salaried,514700,2025-02-04
4965,Aditya Kumar,32,Female,Lucknow,Uttar Pradesh,Retired,804700,2019-08-19
4966,Nisha Malhotra,42,Female,Jaipur,Rajasthan,Self-employed,478600,2016-05-01
4967,Manish Mehta,41,Male,Bhubaneswar,Odisha,Salaried,230200,2016-08-05
4968,Kavita Singh,21,Other,Jaipur,Rajasthan,Salaried,1298700,2018-12-12
4969,Rahul Agarwal,58,Male,Hyderabad,Telangana,Business,328200,2024-10-02
4970,Priya Gupta,51,Female,Delhi,Delhi,Salaried,795500,2019-03-28
4971,Amit Mishra,34,Female,Lucknow,Uttar Pradesh,Self-employed,900700,2020-08-21
4972,Neha Yadav,27,Male,Bhopal,Madhya Pradesh,Retired,897600,2018-03-05
4973,Rohit Sharma,41,Female,Lucknow,Uttar Pradesh,Freelancer,641900,2020-06-12
4974,Anjali Patel,39,Male,Jaipur,Rajasthan,Salaried,870600,2016-06-24
4975,Vikas Verma,42,Female,Ludhiana,Punjab,Retired,971800,2016-10-18
4976,Pooja Joshi,40,Male,Delhi,Delhi,Business,1123600,2024-11-04
4977,Arjun Kumar,43,Female,Hyderabad,Telangana,Salaried,1945900,2017-05-05
4978,Simran Malhotra,52,Male,Lucknow,Uttar Pradesh,Salaried,853100,2023-09-09
4979,Karan Mehta,44,Female,Lucknow,Uttar Pradesh,Salaried,776900,2025-05-21
4980,Sneha Singh,28,Female,Patna,Bihar,Freelancer,455500,2017-09-25
4981,Aditya Agarwal,52,Male,Gurugram,Haryana,Salaried,953200,2019-06-14
4982,Nisha Gupta,54,Male,Lucknow,Uttar Pradesh,Salaried,1082600,2025-07-31
4983,Manish Mishra,70,Female,Delhi,Delhi,Business,674700,2021-12-12
4984,Kavita Yadav,27,Male,Jaipur,Rajasthan,Self-employed,1011900,2025-04-09
4985,Rahul Sharma,40,Female,Ahmedabad,Gujarat,Business,638500,2025-03-04
4986,Priya Patel,21,Male,Mumbai,Maharashtra,Business,1084800,2021-03-05
4987,Amit Verma,44,Female,Hyderabad,Telangana,Salaried,1238900,2017-08-26
4988,Neha Joshi,33,Male,Hyderabad,Telangana,Freelancer,1229400,2024-03-04
4989,Rohit Kumar,57,Male,Kochi,Kerala,Salaried,800200,2019-02-02
4990,Anjali Malhotra,30,Male,Ludhiana,Punjab,Self-employed,423300,2018-12-01
4991,Vikas Mehta,21,Male,Kochi,Kerala,Self-employed,535700,2025-06-30
4992,Pooja Singh,33,Male,Ahmedabad,Gujarat,Salaried,1040500,2020-07-22
4993,Arjun Agarwal,21,Male,Ahmedabad,Gujarat,Retired,2884000,2020-01-23
4994,Simran Gupta,46,Female,Delhi,Delhi,Self-employed,621800,2017-05-05
4995,Karan Mishra,21,Female,Lucknow,Uttar Pradesh,Salaried,963700,2017-07-18
4996,Sneha Yadav,38,Female,Patna,Bihar,Retired,552400,2016-06-16
4997,Aditya Sharma,21,Male,Bhubaneswar,Odisha,Self-employed,439000,2018-01-28
4998,Nisha Patel,35,Female,Gurugram,Haryana,Business,517000,2019-04-12
4999,Manish Verma,54,Male,Bengaluru,Karnataka,Self-employed,238600,2025-06-05
5000,Kavita Joshi,42,Female,Jaipur,Rajasthan,Freelancer,1578900,2021-03-19
5001,Rahul Kumar,29,Male,Jaipur,Rajasthan,Salaried,220000,2019-03-19
5002,Priya Malhotra,38,Male,Bhopal,Madhya Pradesh,Salaried,648700,2022-04-15
5003,Amit Mehta,38,Male,Chennai,Tamil Nadu,Self-employed,392300,2020-07-08
5004,Neha Singh,43,Female,Delhi,Delhi,Salaried,461100,2016-06-28
5005,Rohit Agarwal,24,Male,Lucknow,Uttar Pradesh,Business,1599000,2024-09-26
5006,Anjali Gupta,44,Female,Hyderabad,Telangana,Salaried,837700,2016-01-28
5007,Vikas Mishra,21,Male,Lucknow,Uttar Pradesh,Salaried,441000,2021-01-18
5008,Pooja Yadav,32,Female,Bhopal,Madhya Pradesh,Salaried,542300,2021-12-04
5009,Arjun Sharma,33,Female,Bhopal,Madhya Pradesh,Business,492300,2023-07-13
5010,Simran Patel,44,Male,Bengaluru,Karnataka,Freelancer,732300,2023-05-28
5011,Karan Verma,38,Male,Hyderabad,Telangana,Salaried,824800,2023-11-19
5012,Sneha Joshi,24,Female,Kolkata,West Bengal,Self-employed,2127400,2016-09-18
5013,Aditya Kumar,28,Male,Lucknow,Uttar Pradesh,Salaried,261400,2023-04-27
5014,Nisha Malhotra,40,Male,Kolkata,West Bengal,Self-employed,735800,2023-10-03
5015,Manish Mehta,37,Female,Kochi,Kerala,Salaried,630500,2024-07-06
5016,Kavita Singh,32,Female,Kolkata,West Bengal,Self-employed,1262300,2016-07-15
5017,Rahul Agarwal,33,Male,Gurugram,Haryana,Self-employed,911600,2025-11-05
5018,Priya Gupta,45,Female,Delhi,Delhi,Freelancer,1037700,2019-12-31
5019,Amit Mishra,33,Male,Ahmedabad,Gujarat,Salaried,906800,2023-06-24
5020,Neha Yadav,37,Male,Bhubaneswar,Odisha,Business,449200,2020-07-20
5021,Rohit Sharma,60,Female,Chennai,Tamil Nadu,Self-employed,1460100,2023-12-31
5022,Anjali Patel,24,Male,Bhubaneswar,Odisha,Freelancer,1163600,2019-12-04
5023,Vikas Verma,21,Male,Jaipur,Rajasthan,Salaried,1240900,2016-11-28
5024,Pooja Joshi,46,Female,Gurugram,Haryana,Salaried,1503100,2025-11-11
5025,Arjun Kumar,31,Female,Hyderabad,Telangana,Freelancer,943700,2025-09-06
5026,Simran Malhotra,35,Female,Hyderabad,Telangana,Salaried,1693600,2023-07-30
5027,Karan Mehta,30,Female,Mumbai,Maharashtra,Salaried,923100,2019-03-27
5028,Sneha Singh,35,Female,Ludhiana,Punjab,Salaried,664900,2024-11-05
5029,Aditya Agarwal,54,Male,Delhi,Delhi,Freelancer,747300,2025-04-28
5030,Nisha Gupta,46,Male,Kochi,Kerala,Salaried,740200,2020-11-10
5031,Manish Mishra,47,Female,Jaipur,Rajasthan,Freelancer,563600,2025-06-09
5032,Kavita Yadav,24,Male,Mumbai,Maharashtra,Self-employed,1840200,2016-03-19
5033,Rahul Sharma,26,Female,Jaipur,Rajasthan,Salaried,882700,2021-02-10
5034,Priya Patel,21,Female,Patna,Bihar,Salaried,790100,2021-03-07
5035,Amit Verma,30,Male,Patna,Bihar,Salaried,928500,2016-07-15
5036,Neha Joshi,48,Female,Ludhiana,Punjab,Self-employed,3862200,2024-09-26
5037,Rohit Kumar,43,Male,Jaipur,Rajasthan,Business,402500,2020-11-18
5038,Anjali Malhotra,36,Male,Bhubaneswar,Odisha,Self-employed,471200,2016-08-13
5039,Vikas Mehta,38,Other,Delhi,Delhi,Salaried,351000,2023-03-27
5040,Pooja Singh,31,Male,Jaipur,Rajasthan,Business,659900,2025-07-13
5041,Arjun Agarwal,40,Male,Kochi,Kerala,Freelancer,858400,2020-04-10
5042,Simran Gupta,46,Male,Patna,Bihar,Business,580600,2024-02-08
5043,Karan Mishra,22,Female,Mumbai,Maharashtra,Business,557400,2018-01-04
5044,Sneha Yadav,41,Female,Lucknow,Uttar Pradesh,Salaried,811100,2019-09-24
5045,Aditya Sharma,47,Female,Chennai,Tamil Nadu,Freelancer,569000,2020-04-28
5046,Nisha Patel,34,Female,Hyderabad,Telangana,Salaried,889500,2020-06-07
5047,Manish Verma,45,Male,Lucknow,Uttar Pradesh,Salaried,1384200,2021-08-04
5048,Kavita Joshi,66,Female,Hyderabad,Telangana,Freelancer,1088400,2024-02-14
5049,Rahul Kumar,37,Female,Ahmedabad,Gujarat,Retired,1217600,2023-01-28
5050,Priya Malhotra,42,Male,Kolkata,West Bengal,Business,1362800,2016-08-07
5051,Amit Mehta,31,Male,Hyderabad,Telangana,Salaried,876200,2022-05-29
5052,Neha Singh,40,Female,Patna,Bihar,Salaried,687300,2019-05-12
5053,Rohit Agarwal,43,Female,Bengaluru,Karnataka,Self-employed,490500,2020-09-24
5054,Anjali Gupta,40,Female,Kolkata,West Bengal,Freelancer,604800,2025-10-25
5055,Vikas Mishra,28,Female,Kochi,Kerala,Salaried,562300,2016-07-20
5056,Pooja Yadav,40,Female,Kochi,Kerala,Business,1121600,2021-03-04
5057,Arjun Sharma,53,Female,Gurugram,Haryana,Salaried,907600,2021-09-10
5058,Simran Patel,42,Female,Patna,Bihar,Business,1100200,2024-08-26
5059,Karan Verma,48,Male,Delhi,Delhi,Freelancer,396200,2024-12-17
5060,Sneha Joshi,36,Female,Gurugram,Haryana,Salaried,1648400,2020-09-09
5061,Aditya Kumar,45,Male,Jaipur,Rajasthan,Salaried,593000,2025-03-18
5062,Nisha Malhotra,41,Female,Ahmedabad,Gujarat,Business,409600,2023-07-26
5063,Manish Mehta,28,Male,Ludhiana,Punjab,Self-employed,589000,2018-01-22
5064,Kavita Singh,41,Male,Jaipur,Rajasthan,Business,2939900,2018-10-13
5065,Rahul Agarwal,28,Male,Kochi,Kerala,Self-employed,606000,2016-04-24
5066,Priya Gupta,32,Male,Jaipur,Rajasthan,Salaried,627200,2023-08-01
5067,Amit Mishra,40,Male,Bengaluru,Karnataka,Freelancer,674800,2019-05-30
5068,Neha Yadav,41,Male,Mumbai,Maharashtra,Salaried,691100,2022-02-07
5069,Rohit Sharma,26,Female,Bhubaneswar,Odisha,Retired,488000,2023-09-19
5070,Anjali Patel,49,Male,Gurugram,Haryana,Salaried,811500,2017-04-13
5071,Vikas Verma,44,Male,Jaipur,Rajasthan,Business,1355100,2017-03-01
5072,Pooja Joshi,31,Female,Jaipur,Rajasthan,Salaried,891500,2020-04-24
5073,Arjun Kumar,23,Female,Bengaluru,Karnataka,Salaried,407000,2021-02-08
5074,Simran Malhotra,37,Male,Mumbai,Maharashtra,Salaried,620600,2018-04-13
5075,Karan Mehta,34,Female,Ludhiana,Punjab,Business,553800,2024-07-28
5076,Sneha Singh,39,Female,Chennai,Tamil Nadu,Self-employed,772200,2021-07-21
5077,Aditya Agarwal,34,Male,Lucknow,Uttar Pradesh,Freelancer,1559000,2022-12-07
5078,Nisha Gupta,21,Male,Hyderabad,Telangana,Salaried,691000,2016-01-11
5079,Manish Mishra,34,Female,Patna,Bihar,Business,714500,2019-11-09
5080,Kavita Yadav,35,Female,Kochi,Kerala,Business,1993800,2025-07-13
5081,Rahul Sharma,44,Female,Mumbai,Maharashtra,Salaried,1214400,2021-09-20
5082,Priya Patel,31,Male,Ludhiana,Punjab,Salaried,1028500,2020-09-21
5083,Amit Verma,55,Male,Bhopal,Madhya Pradesh,Self-employed,2201800,2021-12-10
5084,Neha Joshi,21,Female,Bhopal,Madhya Pradesh,Salaried,981900,2023-07-11
5085,Rohit Kumar,51,Male,Lucknow,Uttar Pradesh,Salaried,251500,2022-04-18
5086,Anjali Malhotra,36,Male,Hyderabad,Telangana,Business,1185600,2018-08-30
5087,Vikas Mehta,47,Female,Bengaluru,Karnataka,Salaried,312500,2017-08-26
5088,Pooja Singh,39,Male,Bengaluru,Karnataka,Business,961700,2025-09-25
5089,Arjun Agarwal,49,Female,Gurugram,Haryana,Retired,292200,2016-07-31
5090,Simran Gupta,34,Female,Gurugram,Haryana,Self-employed,580200,2022-05-04
5091,Karan Mishra,27,Male,Chennai,Tamil Nadu,Self-employed,614000,2024-05-11
5092,Sneha Yadav,52,Female,Mumbai,Maharashtra,Salaried,491000,2023-07-17
5093,Aditya Sharma,37,Male,Ahmedabad,Gujarat,Freelancer,619100,2017-06-23
5094,Nisha Patel,40,Female,Kochi,Kerala,Salaried,1323400,2017-12-06
5095,Manish Verma,50,Male,Patna,Bihar,Self-employed,506400,2024-05-16
5096,Kavita Joshi,28,Male,Lucknow,Uttar Pradesh,Retired,1012200,2020-10-24
5097,Rahul Kumar,44,Female,Jaipur,Rajasthan,Self-employed,441000,2023-04-20
5098,Priya Malhotra,32,Male,Lucknow,Uttar Pradesh,Business,675800,2020-08-11
5099,Amit Mehta,37,Female,Bhopal,Madhya Pradesh,Salaried,896200,2019-03-04
5100,Neha Singh,39,Male,Bhubaneswar,Odisha,Salaried,433500,2017-05-12
5101,Rohit Agarwal,23,Male,Ahmedabad,Gujarat,Business,364500,2024-05-26
5102,Anjali Gupta,30,Male,Bengaluru,Karnataka,Salaried,983000,2018-02-20
5103,Vikas Mishra,52,Male,Kolkata,West Bengal,Business,1391000,2021-03-24
5104,Pooja Yadav,47,Male,Jaipur,Rajasthan,Salaried,718100,2016-05-05
5105,Arjun Sharma,37,Female,Jaipur,Rajasthan,Freelancer,583200,2025-05-23
5106,Simran Patel,40,Female,Ludhiana,Punjab,Salaried,817000,2020-03-06
5107,Karan Verma,35,Female,Chennai,Tamil Nadu,Self-employed,773200,2018-04-20
5108,Sneha Joshi,52,Female,Ludhiana,Punjab,Self-employed,857200,2018-09-09
5109,Aditya Kumar,36,Male,Lucknow,Uttar Pradesh,Self-employed,186700,2019-09-03
5110,Nisha Malhotra,40,Female,Chennai,Tamil Nadu,Salaried,416600,2016-01-12
5111,Manish Mehta,49,Male,Mumbai,Maharashtra,Self-employed,471200,2020-02-09
5112,Kavita Singh,30,Female,Ahmedabad,Gujarat,Salaried,814900,2019-08-10
5113,Rahul Agarwal,54,Male,Gurugram,Haryana,Salaried,830700,2020-01-03
5114,Priya Gupta,23,Other,Patna,Bihar,Salaried,1064200,2021-01-04
5115,Amit Mishra,54,Female,Kolkata,West Bengal,Self-employed,864100,2017-05-30
5116,Neha Yadav,34,Female,Lucknow,Uttar Pradesh,Salaried,366700,2025-06-24
5117,Rohit Sharma,36,Female,Mumbai,Maharashtra,Retired,1662200,2022-06-21
5118,Anjali Patel,21,Female,Mumbai,Maharashtra,Self-employed,1509600,2020-08-30
5119,Vikas Verma,33,Female,Kochi,Kerala,Salaried,375400,2024-06-06
5120,Pooja Joshi,28,Male,Kolkata,West Bengal,Self-employed,900600,2025-10-19
5121,Arjun Kumar,32,Male,Kochi,Kerala,Freelancer,540600,2019-02-21
5122,Simran Malhotra,37,Male,Patna,Bihar,Salaried,809500,2025-06-05
5123,Karan Mehta,48,Male,Chennai,Tamil Nadu,Business,1338600,2022-06-19
5124,Sneha Singh,40,Male,Patna,Bihar,Self-employed,2420300,2024-11-30
5125,Aditya Agarwal,41,Male,Gurugram,Haryana,Salaried,1133700,2023-02-07
5126,Nisha Gupta,27,Male,Mumbai,Maharashtra,Business,882100,2020-03-28
5127,Manish Mishra,29,Female,Chennai,Tamil Nadu,Salaried,622100,2021-09-17
5128,Kavita Yadav,56,Female,Gurugram,Haryana,Salaried,829000,2024-08-21
5129,Rahul Sharma,31,Male,Bengaluru,Karnataka,Business,1584400,2024-06-19
5130,Priya Patel,55,Male,Delhi,Delhi,Self-employed,731800,2022-04-19
5131,Amit Verma,36,Male,Lucknow,Uttar Pradesh,Freelancer,460700,2022-06-08
5132,Neha Joshi,38,Male,Delhi,Delhi,Self-employed,307700,2018-09-05
5133,Rohit Kumar,49,Female,Ahmedabad,Gujarat,Business,994500,2022-04-24
5134,Anjali Malhotra,51,Male,Ahmedabad,Gujarat,Freelancer,859300,2024-05-05
5135,Vikas Mehta,37,Female,Hyderabad,Telangana,Salaried,525700,2023-02-02
5136,Pooja Singh,34,Female,Patna,Bihar,Business,1318700,2021-06-29
5137,Arjun Agarwal,37,Female,Chennai,Tamil Nadu,Self-employed,594700,2023-05-11
5138,Simran Gupta,41,Male,Mumbai,Maharashtra,Salaried,696500,2021-01-20
5139,Karan Mishra,47,Female,Bengaluru,Karnataka,Self-employed,743200,2023-02-12
5140,Sneha Yadav,38,Male,Bhubaneswar,Odisha,Salaried,618300,2022-11-13
5141,Aditya Sharma,44,Male,Hyderabad,Telangana,Business,853900,2016-08-11
5142,Nisha Patel,54,Male,Bhubaneswar,Odisha,Self-employed,1412900,2021-11-09
5143,Manish Verma,42,Male,Bhubaneswar,Odisha,Retired,400100,2016-10-06
5144,Kavita Joshi,41,Male,Jaipur,Rajasthan,Salaried,981200,2019-04-08
5145,Rahul Kumar,23,Male,Ahmedabad,Gujarat,Self-employed,824500,2020-12-24
5146,Priya Malhotra,21,Female,Ahmedabad,Gujarat,Salaried,816200,2020-10-23
5147,Amit Mehta,42,Female,Hyderabad,Telangana,Self-employed,1211500,2021-08-07
5148,Neha Singh,37,Male,Chennai,Tamil Nadu,Business,770600,2016-09-04
5149,Rohit Agarwal,33,Male,Bengaluru,Karnataka,Business,976700,2019-10-16
5150,Anjali Gupta,40,Female,Mumbai,Maharashtra,Business,1111900,2019-10-04
5151,Vikas Mishra,37,Male,Mumbai,Maharashtra,Freelancer,568300,2023-12-23
5152,Pooja Yadav,49,Female,Gurugram,Haryana,Salaried,884100,2025-08-07
5153,Arjun Sharma,39,Female,Bengaluru,Karnataka,Salaried,653400,2025-07-09
5154,Simran Patel,31,Male,Kochi,Kerala,Business,697200,2021-10-26
5155,Karan Verma,48,Male,Kochi,Kerala,Self-employed,628300,2022-11-10
5156,Sneha Joshi,36,Male,Bengaluru,Karnataka,Salaried,971800,2023-03-18
5157,Aditya Kumar,43,Male,Gurugram,Haryana,Self-employed,784400,2025-06-25
5158,Nisha Malhotra,33,Male,Bhopal,Madhya Pradesh,Salaried,931800,2024-06-12
5159,Manish Mehta,32,Female,Delhi,Delhi,Salaried,742800,2016-02-14
5160,Kavita Singh,39,Male,Bengaluru,Karnataka,Business,310400,2021-09-16
5161,Rahul Agarwal,38,Male,Bengaluru,Karnataka,Salaried,763100,2017-02-19
5162,Priya Gupta,43,Female,Gurugram,Haryana,Salaried,776700,2022-04-11
5163,Amit Mishra,35,Male,Kolkata,West Bengal,Salaried,857100,2024-07-30
5164,Neha Yadav,21,Male,Gurugram,Haryana,Freelancer,541100,2022-12-15
5165,Rohit Sharma,34,Male,Jaipur,Rajasthan,Retired,388600,2022-06-28
5166,Anjali Patel,46,Male,Bhopal,Madhya Pradesh,Business,1057400,2019-06-29
5167,Vikas Verma,35,Female,Kochi,Kerala,Salaried,645200,2022-11-20
5168,Pooja Joshi,36,Male,Lucknow,Uttar Pradesh,Retired,824100,2018-12-20
5169,Arjun Kumar,48,Female,Bhopal,Madhya Pradesh,Business,642400,2019-02-16
5170,Simran Malhotra,31,Male,Delhi,Delhi,Freelancer,747500,2016-03-27
5171,Karan Mehta,23,Male,Gurugram,Haryana,Business,585800,2021-10-28
5172,Sneha Singh,36,Male,Chennai,Tamil Nadu,Salaried,440400,2016-08-15
5173,Aditya Agarwal,33,Female,Hyderabad,Telangana,Self-employed,973200,2022-12-05
5174,Nisha Gupta,28,Male,Ahmedabad,Gujarat,Salaried,538300,2021-01-12
5175,Manish Mishra,36,Male,Lucknow,Uttar Pradesh,Salaried,820800,2017-09-14
5176,Kavita Yadav,43,Female,Chennai,Tamil Nadu,Business,939900,2025-04-04
5177,Rahul Sharma,38,Male,Lucknow,Uttar Pradesh,Freelancer,543100,2020-05-25
5178,Priya Patel,41,Male,Bengaluru,Karnataka,Business,386800,2024-03-14
5179,Amit Verma,56,Female,Kochi,Kerala,Self-employed,2848100,2017-04-29
5180,Neha Joshi,35,Male,Bhopal,Madhya Pradesh,Salaried,561000,2023-11-27
5181,Rohit Kumar,41,Female,Kolkata,West Bengal,Salaried,1056700,2016-01-25
5182,Anjali Malhotra,33,Female,Bhopal,Madhya Pradesh,Salaried,2179300,2020-12-19
5183,Vikas Mehta,30,Female,Mumbai,Maharashtra,Self-employed,1158100,2019-05-10
5184,Pooja Singh,32,Female,Lucknow,Uttar Pradesh,Self-employed,635800,2019-06-02
5185,Arjun Agarwal,33,Female,Hyderabad,Telangana,Salaried,722800,2018-02-17
5186,Simran Gupta,42,Female,Lucknow,Uttar Pradesh,Retired,474400,2025-10-21
5187,Karan Mishra,61,Female,Ludhiana,Punjab,Salaried,1218000,2018-07-19
5188,Sneha Yadav,31,Male,Ahmedabad,Gujarat,Freelancer,1024100,2023-10-13
5189,Aditya Sharma,34,Male,Kochi,Kerala,Self-employed,565200,2020-05-21
5190,Nisha Patel,37,Female,Gurugram,Haryana,Salaried,422800,2020-05-01
5191,Manish Verma,42,Female,Bhopal,Madhya Pradesh,Business,362600,2018-01-22
5192,Kavita Joshi,41,Male,Bengaluru,Karnataka,Business,1290300,2020-09-09
5193,Rahul Kumar,51,Female,Patna,Bihar,Self-employed,801300,2025-10-31
5194,Priya Malhotra,21,Male,Hyderabad,Telangana,Self-employed,844100,2024-11-28
5195,Amit Mehta,21,Female,Delhi,Delhi,Salaried,477000,2019-01-05
5196,Neha Singh,33,Female,Kolkata,West Bengal,Business,335300,2017-03-01
5197,Rohit Agarwal,49,Female,Gurugram,Haryana,Freelancer,1273500,2024-08-04
5198,Anjali Gupta,22,Male,Delhi,Delhi,Salaried,767500,2017-10-21
5199,Vikas Mishra,21,Female,Lucknow,Uttar Pradesh,Salaried,1235300,2020-02-26
5200,Pooja Yadav,44,Male,Lucknow,Uttar Pradesh,Freelancer,606600,2023-06-25
5201,Arjun Sharma,40,Male,Bhopal,Madhya Pradesh,Salaried,658400,2017-06-30
5202,Simran Patel,27,Male,Gurugram,Haryana,Business,1110300,2019-01-05
5203,Karan Verma,28,Female,Ludhiana,Punjab,Self-employed,1122000,2024-02-11
5204,Sneha Joshi,28,Male,Ludhiana,Punjab,Self-employed,1163000,2021-10-03
5205,Aditya Kumar,39,Male,Ludhiana,Punjab,Salaried,637600,2020-02-05
5206,Nisha Malhotra,32,Female,Lucknow,Uttar Pradesh,Salaried,1051600,2025-01-31
5207,Manish Mehta,43,Female,Bhubaneswar,Odisha,Salaried,1380300,2020-01-02
5208,Kavita Singh,21,Female,Patna,Bihar,Business,708000,2020-10-01
5209,Rahul Agarwal,29,Female,Jaipur,Rajasthan,Business,565500,2020-11-06
5210,Priya Gupta,27,Male,Chennai,Tamil Nadu,Business,1569600,2022-06-19
5211,Amit Mishra,35,Female,Bengaluru,Karnataka,Self-employed,523300,2019-09-05
5212,Neha Yadav,33,Female,Chennai,Tamil Nadu,Salaried,1060300,2022-03-17
5213,Rohit Sharma,46,Male,Lucknow,Uttar Pradesh,Salaried,726300,2019-10-26
5214,Anjali Patel,21,Male,Lucknow,Uttar Pradesh,Business,272400,2019-05-24
5215,Vikas Verma,38,Male,Bhopal,Madhya Pradesh,Self-employed,1395200,2016-02-18
5216,Pooja Joshi,44,Male,Mumbai,Maharashtra,Salaried,180000,2020-12-25
5217,Arjun Kumar,57,Female,Chennai,Tamil Nadu,Salaried,251800,2022-11-15
5218,Simran Malhotra,33,Female,Ludhiana,Punjab,Salaried,1002400,2021-12-05
5219,Karan Mehta,41,Female,Delhi,Delhi,Salaried,1002200,2021-10-30
5220,Sneha Singh,21,Male,Delhi,Delhi,Business,528200,2025-02-16
5221,Aditya Agarwal,21,Male,Gurugram,Haryana,Freelancer,813500,2020-10-12
5222,Nisha Gupta,46,Female,Bengaluru,Karnataka,Freelancer,186400,2017-05-10
5223,Manish Mishra,38,Male,Gurugram,Haryana,Freelancer,1106400,2017-09-25
5224,Kavita Yadav,50,Female,Chennai,Tamil Nadu,Freelancer,860400,2023-11-24
5225,Rahul Sharma,24,Male,Bengaluru,Karnataka,Self-employed,731400,2017-08-24
5226,Priya Patel,43,Female,Lucknow,Uttar Pradesh,Salaried,758600,2023-09-18
5227,Amit Verma,57,Male,Ahmedabad,Gujarat,Business,983700,2023-06-13
5228,Neha Joshi,42,Male,Lucknow,Uttar Pradesh,Salaried,738200,2016-06-24
5229,Rohit Kumar,41,Male,Patna,Bihar,Salaried,267600,2023-10-23
5230,Anjali Malhotra,38,Female,Hyderabad,Telangana,Salaried,2510000,2024-08-26
5231,Vikas Mehta,22,Female,Mumbai,Maharashtra,Self-employed,1451700,2017-09-30
5232,Pooja Singh,52,Male,Hyderabad,Telangana,Salaried,369900,2025-05-23
5233,Arjun Agarwal,32,Female,Bhopal,Madhya Pradesh,Salaried,620300,2025-03-11
5234,Simran Gupta,43,Female,Hyderabad,Telangana,Self-employed,658700,2016-10-23
5235,Karan Mishra,22,Female,Bhubaneswar,Odisha,Freelancer,1357600,2019-07-07
5236,Sneha Yadav,26,Female,Chennai,Tamil Nadu,Self-employed,228700,2021-02-17
5237,Aditya Sharma,52,Male,Jaipur,Rajasthan,Freelancer,570000,2017-04-19
5238,Nisha Patel,35,Male,Bhopal,Madhya Pradesh,Salaried,284800,2020-07-04
5239,Manish Verma,53,Female,Mumbai,Maharashtra,Salaried,641200,2021-05-12
5240,Kavita Joshi,37,Female,Kochi,Kerala,Self-employed,578400,2023-01-27
5241,Rahul Kumar,21,Female,Patna,Bihar,Self-employed,783600,2025-12-12
5242,Priya Malhotra,47,Female,Kochi,Kerala,Business,537700,2018-11-26
5243,Amit Mehta,32,Male,Jaipur,Rajasthan,Business,496200,2024-11-26
5244,Neha Singh,45,Female,Jaipur,Rajasthan,Business,1054600,2020-11-23
5245,Rohit Agarwal,38,Male,Gurugram,Haryana,Retired,963100,2016-01-25
5246,Anjali Gupta,23,Other,Gurugram,Haryana,Salaried,1015700,2016-12-14
5247,Vikas Mishra,40,Male,Bhubaneswar,Odisha,Salaried,680500,2017-09-28
5248,Pooja Yadav,60,Female,Hyderabad,Telangana,Self-employed,547600,2025-11-23
5249,Arjun Sharma,43,Male,Kochi,Kerala,Salaried,702500,2016-08-14
5250,Simran Patel,37,Male,Patna,Bihar,Salaried,988000,2019-10-03
5251,Karan Verma,49,Male,Jaipur,Rajasthan,Salaried,226500,2016-02-07
5252,Sneha Joshi,40,Female,Patna,Bihar,Salaried,931500,2019-11-07
5253,Aditya Kumar,40,Female,Bhopal,Madhya Pradesh,Salaried,889000,2023-03-02
5254,Nisha Malhotra,27,Male,Ahmedabad,Gujarat,Salaried,776100,2022-04-02
5255,Manish Mehta,40,Female,Kolkata,West Bengal,Business,690900,2019-04-19
5256,Kavita Singh,48,Female,Lucknow,Uttar Pradesh,Self-employed,182900,2021-12-01
5257,Rahul Agarwal,30,Male,Kolkata,West Bengal,Business,588800,2022-06-11
5258,Priya Gupta,52,Male,Kolkata,West Bengal,Business,2006700,2021-12-19
5259,Amit Mishra,37,Female,Patna,Bihar,Salaried,755300,2016-12-13
5260,Neha Yadav,29,Female,Bhubaneswar,Odisha,Salaried,633400,2019-04-18
5261,Rohit Sharma,48,Female,Lucknow,Uttar Pradesh,Salaried,757000,2022-09-28
5262,Anjali Patel,35,Female,Gurugram,Haryana,Freelancer,911600,2018-09-09
5263,Vikas Verma,46,Male,Chennai,Tamil Nadu,Business,1077500,2018-01-01
5264,Pooja Joshi,35,Male,Patna,Bihar,Salaried,661300,2023-05-25
5265,Arjun Kumar,37,Male,Lucknow,Uttar Pradesh,Salaried,947500,2022-08-29
5266,Simran Malhotra,43,Male,Patna,Bihar,Retired,1886000,2023-01-03
5267,Karan Mehta,41,Female,Kochi,Kerala,Self-employed,1304400,2018-12-02
5268,Sneha Singh,21,Female,Chennai,Tamil Nadu,Business,2716900,2020-02-12
5269,Aditya Agarwal,27,Male,Ludhiana,Punjab,Salaried,522600,2019-02-15
5270,Nisha Gupta,47,Male,Patna,Bihar,Salaried,1885600,2020-05-13
5271,Manish Mishra,37,Female,Bhopal,Madhya Pradesh,Business,485500,2021-10-09
5272,Kavita Yadav,33,Female,Bhopal,Madhya Pradesh,Business,911000,2023-02-13
5273,Rahul Sharma,24,Female,Bhubaneswar,Odisha,Business,1122100,2020-12-14
5274,Priya Patel,27,Female,Jaipur,Rajasthan,Self-employed,566300,2022-02-13
5275,Amit Verma,21,Female,Patna,Bihar,Self-employed,787200,2017-03-28
5276,Neha Joshi,37,Female,Gurugram,Haryana,Business,1237500,2023-12-04
5277,Rohit Kumar,32,Male,Hyderabad,Telangana,Salaried,507500,2022-02-12
5278,Anjali Malhotra,28,Male,Bhopal,Madhya Pradesh,Salaried,1878500,2024-03-04
5279,Vikas Mehta,37,Male,Jaipur,Rajasthan,Freelancer,350200,2025-09-05
5280,Pooja Singh,42,Male,Lucknow,Uttar Pradesh,Salaried,2179600,2020-10-29
5281,Arjun Agarwal,59,Female,Delhi,Delhi,Self-employed,1300900,2016-06-12
5282,Simran Gupta,23,Female,Gurugram,Haryana,Business,713900,2019-12-18
5283,Karan Mishra,50,Male,Patna,Bihar,Retired,601000,2016-04-11
5284,Sneha Yadav,48,Male,Gurugram,Haryana,Salaried,567500,2025-02-20
5285,Aditya Sharma,30,Male,Delhi,Delhi,Salaried,696000,2024-10-29
5286,Nisha Patel,40,Male,Jaipur,Rajasthan,Freelancer,730300,2019-12-23
5287,Manish Verma,33,Female,Lucknow,Uttar Pradesh,Business,1495800,2017-11-21
5288,Kavita Joshi,40,Female,Hyderabad,Telangana,Business,2214600,2019-12-21
5289,Rahul Kumar,53,Female,Ahmedabad,Gujarat,Self-employed,836900,2023-03-10
5290,Priya Malhotra,44,Female,Lucknow,Uttar Pradesh,Salaried,471100,2023-04-12
5291,Amit Mehta,43,Female,Delhi,Delhi,Self-employed,555500,2021-05-20
5292,Neha Singh,34,Male,Patna,Bihar,Freelancer,678200,2017-06-19
5293,Rohit Agarwal,23,Male,Delhi,Delhi,Freelancer,425600,2025-04-27
5294,Anjali Gupta,36,Male,Kolkata,West Bengal,Salaried,392200,2023-09-09
5295,Vikas Mishra,50,Female,Patna,Bihar,Salaried,2376800,2021-07-18
5296,Pooja Yadav,23,Female,Jaipur,Rajasthan,Self-employed,885800,2020-08-27
5297,Arjun Sharma,27,Male,Kolkata,West Bengal,Retired,474300,2024-01-22
5298,Simran Patel,39,Male,Kolkata,West Bengal,Business,1175200,2020-01-03
5299,Karan Verma,28,Male,Kolkata,West Bengal,Salaried,392300,2020-06-17
5300,Sneha Joshi,30,Female,Patna,Bihar,Salaried,410500,2024-04-06
5301,Aditya Kumar,34,Male,Patna,Bihar,Self-employed,482200,2021-02-21
5302,Nisha Malhotra,24,Female,Mumbai,Maharashtra,Salaried,1863200,2016-05-03
5303,Manish Mehta,28,Female,Kolkata,West Bengal,Freelancer,652600,2025-03-27
5304,Kavita Singh,45,Male,Hyderabad,Telangana,Business,195800,2023-06-08
5305,Rahul Agarwal,25,Female,Ludhiana,Punjab,Self-employed,1459200,2022-07-24
5306,Priya Gupta,22,Female,Jaipur,Rajasthan,Salaried,633700,2016-09-05
5307,Amit Mishra,32,Male,Bhubaneswar,Odisha,Freelancer,271200,2021-05-25
5308,Neha Yadav,45,Female,Lucknow,Uttar Pradesh,Salaried,630100,2019-07-18
5309,Rohit Sharma,36,Male,Bengaluru,Karnataka,Salaried,998900,2019-12-23
5310,Anjali Patel,33,Male,Delhi,Delhi,Retired,936600,2020-05-12
5311,Vikas Verma,38,Female,Kolkata,West Bengal,Business,2016700,2023-07-17
5312,Pooja Joshi,21,Female,Bengaluru,Karnataka,Business,469200,2017-12-13
5313,Arjun Kumar,43,Other,Hyderabad,Telangana,Salaried,769500,2024-05-12
5314,Simran Malhotra,42,Female,Chennai,Tamil Nadu,Salaried,510500,2016-09-03
5315,Karan Mehta,34,Female,Mumbai,Maharashtra,Salaried,321100,2017-04-25
5316,Sneha Singh,48,Female,Kochi,Kerala,Salaried,1220600,2021-11-15
5317,Aditya Agarwal,27,Female,Bhopal,Madhya Pradesh,Business,967700,2022-07-04
5318,Nisha Gupta,49,Female,Delhi,Delhi,Salaried,876600,2019-12-19
5319,Manish Mishra,40,Male,Gurugram,Haryana,Business,948400,2025-12-27
5320,Kavita Yadav,35,Female,Delhi,Delhi,Salaried,514400,2025-07-27
5321,Rahul Sharma,38,Male,Bhubaneswar,Odisha,Salaried,431400,2018-10-25
5322,Priya Patel,37,Female,Mumbai,Maharashtra,Retired,765700,2021-07-06
5323,Amit Verma,50,Male,Bhubaneswar,Odisha,Salaried,1420500,2017-04-03
5324,Neha Joshi,27,Female,Bengaluru,Karnataka,Salaried,1816200,2023-10-14
5325,Rohit Kumar,30,Male,Kochi,Kerala,Salaried,1161600,2017-08-15
5326,Anjali Malhotra,48,Male,Hyderabad,Telangana,Salaried,762100,2017-05-12
5327,Vikas Mehta,32,Female,Kochi,Kerala,Self-employed,870000,2021-11-04
5328,Pooja Singh,47,Male,Bhubaneswar,Odisha,Salaried,754800,2022-09-15
5329,Arjun Agarwal,55,Female,Gurugram,Haryana,Business,426600,2019-08-09
5330,Simran Gupta,34,Male,Kochi,Kerala,Business,760200,2025-03-06
5331,Karan Mishra,45,Male,Mumbai,Maharashtra,Self-employed,359900,2016-07-15
5332,Sneha Yadav,26,Male,Lucknow,Uttar Pradesh,Salaried,700500,2023-09-12
5333,Aditya Sharma,46,Female,Mumbai,Maharashtra,Self-employed,1844400,2024-08-20
5334,Nisha Patel,40,Male,Patna,Bihar,Salaried,1179300,2016-01-27
5335,Manish Verma,43,Female,Gurugram,Haryana,Self-employed,451400,2020-09-13
5336,Kavita Joshi,32,Male,Kolkata,West Bengal,Business,720700,2021-12-22
5337,Rahul Kumar,21,Male,Patna,Bihar,Salaried,474000,2019-01-18
5338,Priya Malhotra,43,Male,Delhi,Delhi,Business,724700,2022-03-03
5339,Amit Mehta,21,Male,Gurugram,Haryana,Freelancer,1329700,2024-06-25
5340,Neha Singh,35,Female,Kochi,Kerala,Business,1074100,2025-06-11
5341,Rohit Agarwal,47,Female,Bengaluru,Karnataka,Salaried,2940600,2025-12-21
5342,Anjali Gupta,40,Female,Patna,Bihar,Self-employed,1445100,2019-12-09
5343,Vikas Mishra,57,Male,Delhi,Delhi,Freelancer,839100,2025-01-11
5344,Pooja Yadav,48,Male,Jaipur,Rajasthan,Salaried,1088400,2017-08-25
5345,Arjun Sharma,31,Male,Kolkata,West Bengal,Business,671000,2018-12-27
5346,Simran Patel,38,Female,Mumbai,Maharashtra,Salaried,403400,2016-12-27
5347,Karan Verma,38,Male,Patna,Bihar,Salaried,1538000,2019-07-07
5348,Sneha Joshi,22,Female,Ludhiana,Punjab,Business,1306400,2023-05-29
5349,Aditya Kumar,29,Male,Patna,Bihar,Business,656900,2018-12-22
5350,Nisha Malhotra,32,Male,Chennai,Tamil Nadu,Business,872000,2021-07-08
5351,Manish Mehta,21,Male,Bhopal,Madhya Pradesh,Retired,1484100,2018-08-29
5352,Kavita Singh,38,Male,Mumbai,Maharashtra,Salaried,1194600,2020-09-11
5353,Rahul Agarwal,36,Female,Jaipur,Rajasthan,Salaried,335400,2024-04-15
5354,Priya Gupta,21,Male,Hyderabad,Telangana,Freelancer,857500,2020-07-04
5355,Amit Mishra,42,Female,Hyderabad,Telangana,Salaried,683900,2020-09-22
5356,Neha Yadav,45,Male,Mumbai,Maharashtra,Business,1383300,2024-03-07
5357,Rohit Sharma,40,Female,Patna,Bihar,Self-employed,1322300,2018-06-26
5358,Anjali Patel,35,Male,Bengaluru,Karnataka,Salaried,1548900,2025-06-25
5359,Vikas Verma,44,Female,Jaipur,Rajasthan,Salaried,405500,2016-09-02
5360,Pooja Joshi,45,Female,Kochi,Kerala,Self-employed,487300,2022-05-14
5361,Arjun Kumar,41,Female,Kochi,Kerala,Freelancer,1384100,2016-12-12
5362,Simran Malhotra,30,Male,Jaipur,Rajasthan,Business,541700,2021-05-14
5363,Karan Mehta,41,Female,Lucknow,Uttar Pradesh,Self-employed,324800,2017-01-06
5364,Sneha Singh,50,Male,Gurugram,Haryana,Self-employed,1005300,2018-03-19
5365,Aditya Agarwal,32,Male,Gurugram,Haryana,Salaried,555100,2023-12-06
5366,Nisha Gupta,59,Male,Delhi,Delhi,Salaried,2007100,2021-12-10
5367,Manish Mishra,33,Male,Lucknow,Uttar Pradesh,Salaried,882700,2024-07-25
5368,Kavita Yadav,38,Female,Jaipur,Rajasthan,Salaried,819100,2016-06-08
5369,Rahul Sharma,31,Male,Hyderabad,Telangana,Salaried,612200,2019-02-24
5370,Priya Patel,40,Female,Gurugram,Haryana,Salaried,1799100,2023-08-16
5371,Amit Verma,21,Female,Ludhiana,Punjab,Salaried,913500,2019-08-27
5372,Neha Joshi,33,Female,Hyderabad,Telangana,Salaried,599100,2017-06-01
5373,Rohit Kumar,27,Female,Bhubaneswar,Odisha,Self-employed,484600,2024-03-01
5374,Anjali Malhotra,39,Male,Lucknow,Uttar Pradesh,Self-employed,720300,2019-07-12
5375,Vikas Mehta,48,Female,Bengaluru,Karnataka,Salaried,438100,2018-01-15
5376,Pooja Singh,44,Male,Lucknow,Uttar Pradesh,Retired,1320800,2022-05-24
5377,Arjun Agarwal,21,Female,Bhubaneswar,Odisha,Salaried,277400,2017-02-23
5378,Simran Gupta,58,Female,Delhi,Delhi,Freelancer,694600,2020-03-31
5379,Karan Mishra,41,Female,Gurugram,Haryana,Salaried,1049100,2016-05-19
5380,Sneha Yadav,30,Male,Ahmedabad,Gujarat,Freelancer,905300,2021-01-06
5381,Aditya Sharma,40,Male,Lucknow,Uttar Pradesh,Salaried,505500,2017-12-07
5382,Nisha Patel,40,Male,Kolkata,West Bengal,Business,1078400,2017-11-28
5383,Manish Verma,31,Male,Ahmedabad,Gujarat,Salaried,460700,2024-04-22
5384,Kavita Joshi,40,Male,Kolkata,West Bengal,Business,740800,2017-04-19
5385,Rahul Kumar,32,Female,Chennai,Tamil Nadu,Salaried,1073400,2020-07-18
5386,Priya Malhotra,34,Male,Kochi,Kerala,Salaried,967500,2025-11-09
5387,Amit Mehta,31,Male,Chennai,Tamil Nadu,Business,517400,2021-03-16
5388,Neha Singh,24,Female,Kochi,Kerala,Salaried,1449100,2022-09-02
5389,Rohit Agarwal,39,Female,Ahmedabad,Gujarat,Freelancer,786600,2017-05-25
5390,Anjali Gupta,44,Male,Chennai,Tamil Nadu,Salaried,1128600,2017-06-21
5391,Vikas Mishra,43,Male,Bhopal,Madhya Pradesh,Self-employed,1739000,2022-03-10
5392,Pooja Yadav,46,Male,Bengaluru,Karnataka,Business,1386700,2024-01-23
5393,Arjun Sharma,41,Male,Chennai,Tamil Nadu,Salaried,1388700,2020-03-16
5394,Simran Patel,33,Female,Gurugram,Haryana,Salaried,833800,2019-07-12
5395,Karan Verma,46,Male,Gurugram,Haryana,Business,1160700,2019-09-28
5396,Sneha Joshi,24,Female,Ludhiana,Punjab,Business,843500,2018-11-27
5397,Aditya Kumar,29,Female,Gurugram,Haryana,Freelancer,385700,2016-08-20
5398,Nisha Malhotra,28,Female,Bengaluru,Karnataka,Salaried,885900,2022-04-26
5399,Manish Mehta,49,Male,Ahmedabad,Gujarat,Self-employed,863600,2016-11-03
5400,Kavita Singh,47,Male,Ludhiana,Punjab,Salaried,1033900,2017-02-06
5401,Rahul Agarwal,43,Female,Bhopal,Madhya Pradesh,Salaried,699000,2018-09-23
5402,Priya Gupta,49,Male,Lucknow,Uttar Pradesh,Business,493400,2019-07-08
5403,Amit Mishra,29,Male,Hyderabad,Telangana,Salaried,1076200,2020-02-08
5404,Neha Yadav,41,Male,Mumbai,Maharashtra,Salaried,364200,2018-01-19
5405,Rohit Sharma,37,Male,Ludhiana,Punjab,Salaried,1673100,2019-02-03
5406,Anjali Patel,46,Female,Chennai,Tamil Nadu,Business,660400,2025-01-31
5407,Vikas Verma,37,Male,Chennai,Tamil Nadu,Freelancer,858400,2016-10-30
5408,Pooja Joshi,34,Male,Ludhiana,Punjab,Business,1019700,2022-07-18
5409,Arjun Kumar,43,Male,Kochi,Kerala,Self-employed,1037900,2020-01-10
5410,Simran Malhotra,47,Female,Mumbai,Maharashtra,Business,345500,2018-11-27
5411,Karan Mehta,31,Female,Kochi,Kerala,Self-employed,1180100,2018-05-04
5412,Sneha Singh,37,Female,Gurugram,Haryana,Salaried,886100,2018-12-05
5413,Aditya Agarwal,27,Male,Bhubaneswar,Odisha,Salaried,528800,2020-10-11
5414,Nisha Gupta,21,Male,Bhopal,Madhya Pradesh,Salaried,496600,2020-06-16
5415,Manish Mishra,40,Male,Bengaluru,Karnataka,Self-employed,624100,2025-01-04
5416,Kavita Yadav,44,Female,Ahmedabad,Gujarat,Business,367100,2022-04-22
5417,Rahul Sharma,41,Female,Ludhiana,Punjab,Salaried,1934000,2021-12-24
5418,Priya Patel,21,Female,Jaipur,Rajasthan,Salaried,1698400,2019-06-08
5419,Amit Verma,34,Male,Delhi,Delhi,Freelancer,961500,2018-03-28
5420,Neha Joshi,21,Female,Lucknow,Uttar Pradesh,Freelancer,663300,2020-10-03
5421,Rohit Kumar,52,Male,Bhopal,Madhya Pradesh,Business,672900,2025-12-28
5422,Anjali Malhotra,27,Female,Kochi,Kerala,Salaried,1138000,2018-08-30
5423,Vikas Mehta,51,Male,Chennai,Tamil Nadu,Salaried,1972100,2016-02-07
5424,Pooja Singh,47,Female,Jaipur,Rajasthan,Salaried,548000,2019-03-24
5425,Arjun Agarwal,29,Male,Mumbai,Maharashtra,Salaried,405600,2025-10-14
5426,Simran Gupta,27,Male,Kolkata,West Bengal,Salaried,1756800,2016-04-14
5427,Karan Mishra,42,Female,Kolkata,West Bengal,Self-employed,280700,2016-09-11
5428,Sneha Yadav,30,Male,Bhubaneswar,Odisha,Salaried,430700,2025-07-07
5429,Aditya Sharma,39,Female,Kolkata,West Bengal,Salaried,654800,2022-12-10
5430,Nisha Patel,33,Female,Kolkata,West Bengal,Salaried,317900,2021-06-04
5431,Manish Verma,21,Female,Jaipur,Rajasthan,Self-employed,1382600,2022-11-10
5432,Kavita Joshi,21,Male,Ahmedabad,Gujarat,Self-employed,1201600,2023-01-19
5433,Rahul Kumar,40,Male,Ludhiana,Punjab,Self-employed,546700,2017-08-13
5434,Priya Malhotra,32,Female,Patna,Bihar,Salaried,1516000,2017-06-08
5435,Amit Mehta,32,Male,Kochi,Kerala,Salaried,1664300,2017-01-04
5436,Neha Singh,45,Female,Lucknow,Uttar Pradesh,Salaried,704700,2016-04-11
5437,Rohit Agarwal,50,Male,Mumbai,Maharashtra,Salaried,585300,2024-02-11
5438,Anjali Gupta,35,Male,Bhubaneswar,Odisha,Freelancer,2598900,2017-10-25
5439,Vikas Mishra,35,Male,Kochi,Kerala,Retired,1115100,2017-11-20
5440,Pooja Yadav,43,Male,Kolkata,West Bengal,Self-employed,863500,2021-04-10
5441,Arjun Sharma,24,Male,Ludhiana,Punjab,Freelancer,1587700,2023-03-31
5442,Simran Patel,40,Female,Mumbai,Maharashtra,Self-employed,885500,2023-04-01
5443,Karan Verma,44,Female,Jaipur,Rajasthan,Salaried,567900,2023-02-01
5444,Sneha Joshi,45,Male,Delhi,Delhi,Retired,783800,2020-03-15
5445,Aditya Kumar,21,Female,Kolkata,West Bengal,Salaried,1327900,2022-09-02
5446,Nisha Malhotra,30,Male,Delhi,Delhi,Business,250700,2022-08-07
5447,Manish Mehta,29,Female,Patna,Bihar,Salaried,640100,2021-07-21
5448,Kavita Singh,39,Female,Bhubaneswar,Odisha,Salaried,1604800,2018-07-19
5449,Rahul Agarwal,43,Female,Kolkata,West Bengal,Self-employed,566000,2021-01-30
5450,Priya Gupta,53,Male,Hyderabad,Telangana,Salaried,1755400,2023-04-13
5451,Amit Mishra,33,Male,Bhopal,Madhya Pradesh,Salaried,1633000,2024-09-21
5452,Neha Yadav,33,Male,Patna,Bihar,Salaried,723500,2023-08-01
5453,Rohit Sharma,49,Female,Patna,Bihar,Salaried,548600,2021-06-12
5454,Anjali Patel,41,Male,Patna,Bihar,Retired,640400,2022-07-18
5455,Vikas Verma,51,Female,Kolkata,West Bengal,Business,3247400,2024-08-11
5456,Pooja Joshi,41,Male,Delhi,Delhi,Self-employed,2102800,2021-12-22
5457,Arjun Kumar,26,Female,Lucknow,Uttar Pradesh,Salaried,803500,2024-03-06
5458,Simran Malhotra,25,Male,Chennai,Tamil Nadu,Business,536800,2021-02-28
5459,Karan Mehta,22,Male,Jaipur,Rajasthan,Salaried,799900,2018-09-04
5460,Sneha Singh,45,Male,Bhubaneswar,Odisha,Salaried,857600,2021-06-17
5461,Aditya Agarwal,50,Male,Patna,Bihar,Salaried,378500,2017-01-14
5462,Nisha Gupta,56,Male,Kochi,Kerala,Freelancer,783800,2020-02-22
5463,Manish Mishra,46,Female,Jaipur,Rajasthan,Salaried,1552100,2019-02-22
5464,Kavita Yadav,50,Male,Kolkata,West Bengal,Salaried,278800,2021-09-16
5465,Rahul Sharma,32,Male,Patna,Bihar,Self-employed,1181700,2018-02-19
5466,Priya Patel,26,Female,Bengaluru,Karnataka,Salaried,1597500,2016-11-05
5467,Amit Verma,47,Male,Kolkata,West Bengal,Self-employed,551000,2021-11-23
5468,Neha Joshi,42,Female,Ludhiana,Punjab,Self-employed,1904300,2017-07-09
5469,Rohit Kumar,39,Female,Patna,Bihar,Salaried,513100,2025-01-09
5470,Anjali Malhotra,42,Male,Jaipur,Rajasthan,Salaried,955900,2025-01-26
5471,Vikas Mehta,41,Male,Bhubaneswar,Odisha,Salaried,633600,2017-01-31
5472,Pooja Singh,51,Male,Chennai,Tamil Nadu,Business,633500,2022-01-09
5473,Arjun Agarwal,51,Female,Lucknow,Uttar Pradesh,Freelancer,534100,2023-01-27
5474,Simran Gupta,43,Female,Chennai,Tamil Nadu,Salaried,1101300,2024-05-01
5475,Karan Mishra,46,Female,Patna,Bihar,Salaried,1196200,2024-04-01
5476,Sneha Yadav,43,Female,Bhopal,Madhya Pradesh,Salaried,723900,2025-07-05
5477,Aditya Sharma,33,Male,Kolkata,West Bengal,Self-employed,355000,2021-02-26
5478,Nisha Patel,46,Female,Bengaluru,Karnataka,Business,936200,2019-03-15
5479,Manish Verma,24,Female,Kochi,Kerala,Salaried,945900,2024-12-06
5480,Kavita Joshi,49,Female,Jaipur,Rajasthan,Business,665700,2024-01-19
5481,Rahul Kumar,26,Female,Hyderabad,Telangana,Business,2094500,2023-03-15
5482,Priya Malhotra,41,Female,Ludhiana,Punjab,Retired,317300,2016-07-19
5483,Amit Mehta,30,Male,Kolkata,West Bengal,Salaried,221500,2021-03-05
5484,Neha Singh,44,Male,Bhubaneswar,Odisha,Salaried,501800,2016-01-12
5485,Rohit Agarwal,38,Male,Kolkata,West Bengal,Salaried,1108500,2018-12-11
5486,Anjali Gupta,22,Male,Bhubaneswar,Odisha,Freelancer,419600,2021-05-30
5487,Vikas Mishra,42,Female,Kochi,Kerala,Business,437300,2023-09-16
5488,Pooja Yadav,32,Male,Hyderabad,Telangana,Self-employed,1265400,2019-08-18
5489,Arjun Sharma,47,Female,Patna,Bihar,Salaried,967300,2021-03-10
5490,Simran Patel,38,Male,Mumbai,Maharashtra,Salaried,922800,2025-03-25
5491,Karan Verma,42,Male,Jaipur,Rajasthan,Salaried,1152700,2018-07-08
5492,Sneha Joshi,28,Female,Mumbai,Maharashtra,Self-employed,593600,2023-01-12
5493,Aditya Kumar,32,Female,Ahmedabad,Gujarat,Salaried,608900,2024-10-16
5494,Nisha Malhotra,33,Male,Delhi,Delhi,Salaried,1170800,2021-11-17
5495,Manish Mehta,47,Male,Gurugram,Haryana,Business,357900,2025-09-26
5496,Kavita Singh,55,Male,Delhi,Delhi,Salaried,230800,2024-10-13
5497,Rahul Agarwal,30,Male,Ludhiana,Punjab,Self-employed,591000,2018-05-20
5498,Priya Gupta,49,Male,Jaipur,Rajasthan,Salaried,1251400,2016-12-31
5499,Amit Mishra,21,Male,Bhubaneswar,Odisha,Business,863200,2025-11-14
5500,Neha Yadav,26,Female,Kolkata,West Bengal,Self-employed,1201800,2025-10-18
5501,Rohit Sharma,28,Female,Chennai,Tamil Nadu,Freelancer,247400,2017-10-18
5502,Anjali Patel,24,Female,Delhi,Delhi,Self-employed,892100,2016-06-09
5503,Vikas Verma,22,Female,Mumbai,Maharashtra,Retired,1074600,2023-09-09
5504,Pooja Joshi,42,Male,Lucknow,Uttar Pradesh,Freelancer,356800,2016-06-23
5505,Arjun Kumar,36,Female,Ahmedabad,Gujarat,Self-employed,1205000,2024-08-25
5506,Simran Malhotra,42,Male,Ludhiana,Punjab,Retired,705400,2025-07-02
5507,Karan Mehta,45,Female,Bhopal,Madhya Pradesh,Salaried,4061500,2020-02-12
5508,Sneha Singh,41,Male,Bengaluru,Karnataka,Salaried,226500,2017-06-28
5509,Aditya Agarwal,45,Male,Jaipur,Rajasthan,Salaried,1592500,2022-11-29
5510,Nisha Gupta,37,Female,Kochi,Kerala,Self-employed,603800,2022-05-19
5511,Manish Mishra,26,Female,Ahmedabad,Gujarat,Business,308200,2020-10-27
5512,Kavita Yadav,49,Female,Ahmedabad,Gujarat,Business,561300,2018-08-14
5513,Rahul Sharma,32,Female,Ludhiana,Punjab,Salaried,873700,2017-03-27
5514,Priya Patel,29,Male,Jaipur,Rajasthan,Salaried,1327000,2016-03-22
5515,Amit Verma,36,Male,Mumbai,Maharashtra,Salaried,1933600,2019-05-21
5516,Neha Joshi,29,Male,Jaipur,Rajasthan,Business,1639400,2018-03-26
5517,Rohit Kumar,34,Female,Jaipur,Rajasthan,Salaried,441000,2023-01-11
5518,Anjali Malhotra,41,Female,Hyderabad,Telangana,Freelancer,1396400,2021-12-21
5519,Vikas Mehta,41,Male,Hyderabad,Telangana,Salaried,930100,2017-03-22
5520,Pooja Singh,29,Female,Bhubaneswar,Odisha,Salaried,523200,2021-12-05
5521,Arjun Agarwal,33,Female,Kolkata,West Bengal,Freelancer,667500,2020-06-07
5522,Simran Gupta,49,Male,Delhi,Delhi,Self-employed,507600,2020-11-28
5523,Karan Mishra,43,Female,Patna,Bihar,Salaried,765500,2025-01-27
5524,Sneha Yadav,59,Female,Bengaluru,Karnataka,Self-employed,502100,2018-01-18
5525,Aditya Sharma,50,Female,Chennai,Tamil Nadu,Salaried,426100,2019-03-19
5526,Nisha Patel,49,Male,Bhopal,Madhya Pradesh,Retired,976100,2021-03-24
5527,Manish Verma,24,Male,Bhopal,Madhya Pradesh,Self-employed,1059800,2020-04-05
5528,Kavita Joshi,46,Male,Chennai,Tamil Nadu,Salaried,676500,2017-10-07
5529,Rahul Kumar,37,Male,Ahmedabad,Gujarat,Self-employed,1591300,2017-01-13
5530,Priya Malhotra,32,Female,Hyderabad,Telangana,Salaried,649900,2023-04-09
5531,Amit Mehta,40,Male,Bengaluru,Karnataka,Business,635000,2024-04-01
5532,Neha Singh,47,Female,Kolkata,West Bengal,Freelancer,1078500,2023-01-16
5533,Rohit Agarwal,43,Male,Mumbai,Maharashtra,Freelancer,697300,2025-10-24
5534,Anjali Gupta,29,Male,Chennai,Tamil Nadu,Salaried,785800,2019-02-14
5535,Vikas Mishra,45,Male,Lucknow,Uttar Pradesh,Salaried,187500,2023-03-08
5536,Pooja Yadav,32,Female,Jaipur,Rajasthan,Salaried,756900,2018-07-25
5537,Arjun Sharma,40,Female,Gurugram,Haryana,Business,274500,2021-07-06
5538,Simran Patel,35,Male,Ludhiana,Punjab,Self-employed,383200,2017-10-23
5539,Karan Verma,36,Female,Hyderabad,Telangana,Self-employed,359800,2019-09-02
5540,Sneha Joshi,46,Male,Bengaluru,Karnataka,Freelancer,422700,2018-05-25
5541,Aditya Kumar,28,Male,Lucknow,Uttar Pradesh,Salaried,554600,2016-01-12
5542,Nisha Malhotra,57,Female,Patna,Bihar,Salaried,573900,2019-01-18
5543,Manish Mehta,21,Male,Kolkata,West Bengal,Salaried,1080800,2017-01-22
5544,Kavita Singh,32,Female,Gurugram,Haryana,Salaried,847600,2021-10-31
5545,Rahul Agarwal,42,Male,Hyderabad,Telangana,Salaried,263600,2024-04-11
5546,Priya Gupta,44,Male,Kolkata,West Bengal,Self-employed,785200,2021-04-03
5547,Amit Mishra,37,Male,Bhubaneswar,Odisha,Salaried,893500,2017-01-30
5548,Neha Yadav,37,Female,Chennai,Tamil Nadu,Salaried,626000,2023-02-05
5549,Rohit Sharma,42,Male,Bhopal,Madhya Pradesh,Business,725300,2023-06-01
5550,Anjali Patel,36,Female,Mumbai,Maharashtra,Salaried,832800,2017-10-01
5551,Vikas Verma,52,Male,Ludhiana,Punjab,Business,1142100,2016-04-09
5552,Pooja Joshi,46,Male,Kochi,Kerala,Salaried,315400,2017-04-01
5553,Arjun Kumar,47,Female,Mumbai,Maharashtra,Self-employed,655700,2021-07-15
5554,Simran Malhotra,28,Male,Lucknow,Uttar Pradesh,Retired,1719300,2023-12-31
5555,Karan Mehta,37,Female,Bengaluru,Karnataka,Salaried,1634700,2022-07-03
5556,Sneha Singh,35,Male,Ahmedabad,Gujarat,Self-employed,1197600,2023-08-03
5557,Aditya Agarwal,28,Female,Delhi,Delhi,Freelancer,1007600,2016-03-14
5558,Nisha Gupta,42,Male,Chennai,Tamil Nadu,Self-employed,1863300,2024-09-02
5559,Manish Mishra,33,Female,Bengaluru,Karnataka,Salaried,2153600,2021-11-09
5560,Kavita Yadav,45,Male,Bengaluru,Karnataka,Salaried,698600,2022-07-05
5561,Rahul Sharma,27,Male,Hyderabad,Telangana,Business,440000,2021-02-06
5562,Priya Patel,55,Male,Jaipur,Rajasthan,Freelancer,646400,2016-06-23
5563,Amit Verma,29,Male,Delhi,Delhi,Salaried,4118500,2020-10-26
5564,Neha Joshi,40,Male,Delhi,Delhi,Salaried,316400,2022-06-20
5565,Rohit Kumar,46,Male,Ludhiana,Punjab,Salaried,579000,2025-12-18
5566,Anjali Malhotra,32,Female,Bhopal,Madhya Pradesh,Salaried,344800,2017-05-11
5567,Vikas Mehta,47,Female,Lucknow,Uttar Pradesh,Salaried,803300,2019-07-16
5568,Pooja Singh,26,Female,Jaipur,Rajasthan,Salaried,387100,2017-03-03
5569,Arjun Agarwal,53,Female,Ahmedabad,Gujarat,Salaried,706500,2016-02-04
5570,Simran Gupta,38,Male,Lucknow,Uttar Pradesh,Salaried,256600,2021-12-06
5571,Karan Mishra,32,Male,Patna,Bihar,Retired,1053400,2019-10-26
5572,Sneha Yadav,35,Male,Lucknow,Uttar Pradesh,Salaried,1469000,2024-02-20
5573,Aditya Sharma,46,Female,Bhopal,Madhya Pradesh,Salaried,607200,2025-12-18
5574,Nisha Patel,32,Male,Chennai,Tamil Nadu,Salaried,696300,2025-08-23
5575,Manish Verma,31,Male,Lucknow,Uttar Pradesh,Retired,685500,2025-04-03
5576,Kavita Joshi,36,Female,Jaipur,Rajasthan,Business,828500,2019-10-12
5577,Rahul Kumar,26,Male,Mumbai,Maharashtra,Business,734400,2025-06-09
5578,Priya Malhotra,56,Female,Lucknow,Uttar Pradesh,Salaried,1144300,2023-11-15
5579,Amit Mehta,32,Female,Bhopal,Madhya Pradesh,Freelancer,1477700,2024-09-11
5580,Neha Singh,46,Male,Bengaluru,Karnataka,Salaried,479300,2022-09-03
5581,Rohit Agarwal,40,Male,Chennai,Tamil Nadu,Salaried,632700,2016-06-24
5582,Anjali Gupta,28,Male,Hyderabad,Telangana,Self-employed,1231500,2021-11-23
5583,Vikas Mishra,38,Female,Jaipur,Rajasthan,Business,343100,2017-08-14
5584,Pooja Yadav,46,Male,Delhi,Delhi,Business,253700,2019-04-01
5585,Arjun Sharma,36,Female,Bhopal,Madhya Pradesh,Freelancer,849400,2018-07-02
5586,Simran Patel,50,Female,Bengaluru,Karnataka,Freelancer,985400,2019-07-14
5587,Karan Verma,48,Male,Lucknow,Uttar Pradesh,Salaried,504100,2020-05-05
5588,Sneha Joshi,47,Male,Patna,Bihar,Salaried,545600,2019-07-26
5589,Aditya Kumar,33,Female,Ahmedabad,Gujarat,Salaried,493700,2019-08-19
5590,Nisha Malhotra,27,Male,Lucknow,Uttar Pradesh,Freelancer,465600,2024-03-21
5591,Manish Mehta,32,Female,Bhopal,Madhya Pradesh,Salaried,1098300,2018-08-10
5592,Kavita Singh,40,Male,Bhubaneswar,Odisha,Freelancer,391800,2018-05-10
5593,Rahul Agarwal,43,Female,Lucknow,Uttar Pradesh,Salaried,648100,2021-12-14
5594,Priya Gupta,21,Female,Ahmedabad,Gujarat,Salaried,455800,2019-06-23
5595,Amit Mishra,38,Female,Bengaluru,Karnataka,Salaried,336900,2023-11-11
5596,Neha Yadav,40,Male,Delhi,Delhi,Salaried,1210400,2016-08-21
5597,Rohit Sharma,35,Male,Lucknow,Uttar Pradesh,Freelancer,563500,2023-06-07
5598,Anjali Patel,51,Female,Hyderabad,Telangana,Salaried,831900,2024-02-26
5599,Vikas Verma,42,Male,Ahmedabad,Gujarat,Salaried,327200,2020-01-02
5600,Pooja Joshi,51,Male,Lucknow,Uttar Pradesh,Salaried,498700,2021-12-24
5601,Arjun Kumar,36,Female,Jaipur,Rajasthan,Salaried,1136700,2020-12-14
5602,Simran Malhotra,47,Male,Patna,Bihar,Salaried,3112200,2023-02-16
5603,Karan Mehta,54,Male,Kochi,Kerala,Salaried,252900,2023-09-07
5604,Sneha Singh,51,Male,Ahmedabad,Gujarat,Freelancer,671500,2019-03-18
5605,Aditya Agarwal,27,Female,Gurugram,Haryana,Salaried,940900,2016-02-25
5606,Nisha Gupta,35,Female,Bengaluru,Karnataka,Salaried,534400,2022-07-31
5607,Manish Mishra,35,Male,Bengaluru,Karnataka,Self-employed,1196700,2025-02-10
5608,Kavita Yadav,43,Male,Kolkata,West Bengal,Salaried,465600,2024-02-18
5609,Rahul Sharma,45,Male,Mumbai,Maharashtra,Salaried,816200,2018-03-23
5610,Priya Patel,30,Female,Lucknow,Uttar Pradesh,Self-employed,562800,2024-07-31
5611,Amit Verma,39,Male,Jaipur,Rajasthan,Salaried,1466700,2021-01-23
5612,Neha Joshi,21,Female,Ludhiana,Punjab,Business,517000,2021-05-13
5613,Rohit Kumar,52,Male,Mumbai,Maharashtra,Self-employed,618000,2018-12-22
5614,Anjali Malhotra,33,Other,Lucknow,Uttar Pradesh,Business,1261700,2018-03-16
5615,Vikas Mehta,39,Male,Bhubaneswar,Odisha,Retired,426100,2024-06-27
5616,Pooja Singh,35,Female,Delhi,Delhi,Salaried,778900,2020-04-24
5617,Arjun Agarwal,49,Male,Lucknow,Uttar Pradesh,Salaried,275200,2017-08-22
5618,Simran Gupta,21,Male,Mumbai,Maharashtra,Salaried,412300,2023-02-28
5619,Karan Mishra,38,Female,Patna,Bihar,Salaried,925400,2025-03-25
5620,Sneha Yadav,37,Female,Bhubaneswar,Odisha,Business,434900,2023-07-15
5621,Aditya Sharma,33,Male,Bengaluru,Karnataka,Business,555900,2017-09-03
5622,Nisha Patel,55,Female,Lucknow,Uttar Pradesh,Self-employed,983700,2019-05-23
5623,Manish Verma,29,Female,Lucknow,Uttar Pradesh,Self-employed,545400,2021-12-28
5624,Kavita Joshi,46,Female,Jaipur,Rajasthan,Salaried,1179300,2021-05-03
5625,Rahul Kumar,42,Male,Mumbai,Maharashtra,Self-employed,844500,2020-03-10
5626,Priya Malhotra,51,Male,Jaipur,Rajasthan,Business,953100,2017-07-14
5627,Amit Mehta,31,Male,Jaipur,Rajasthan,Self-employed,1484200,2022-12-21
5628,Neha Singh,31,Male,Gurugram,Haryana,Salaried,894200,2017-09-18
5629,Rohit Agarwal,49,Female,Kolkata,West Bengal,Business,1748400,2022-12-24
5630,Anjali Gupta,42,Male,Bhopal,Madhya Pradesh,Salaried,1238000,2023-08-20
5631,Vikas Mishra,23,Male,Kochi,Kerala,Self-employed,562400,2023-09-12
5632,Pooja Yadav,33,Female,Mumbai,Maharashtra,Self-employed,1527400,2020-05-29
5633,Arjun Sharma,42,Female,Kochi,Kerala,Salaried,867100,2024-12-06
5634,Simran Patel,46,Male,Jaipur,Rajasthan,Business,603700,2017-11-05
5635,Karan Verma,31,Male,Jaipur,Rajasthan,Freelancer,874100,2016-02-18
5636,Sneha Joshi,21,Female,Ahmedabad,Gujarat,Salaried,1382800,2019-10-18
5637,Aditya Kumar,43,Male,Kochi,Kerala,Retired,963300,2021-03-17
5638,Nisha Malhotra,26,Female,Jaipur,Rajasthan,Self-employed,2043400,2017-09-18
5639,Manish Mehta,21,Female,Bengaluru,Karnataka,Business,1363300,2023-06-20
5640,Kavita Singh,21,Male,Mumbai,Maharashtra,Freelancer,1000100,2025-10-07
5641,Rahul Agarwal,46,Female,Jaipur,Rajasthan,Self-employed,426600,2016-10-03
5642,Priya Gupta,39,Female,Bhopal,Madhya Pradesh,Freelancer,679400,2021-09-25
5643,Amit Mishra,36,Male,Jaipur,Rajasthan,Salaried,780200,2024-02-21
5644,Neha Yadav,52,Female,Delhi,Delhi,Salaried,1100200,2016-08-03
5645,Rohit Sharma,44,Female,Kolkata,West Bengal,Business,1064900,2016-08-17
5646,Anjali Patel,54,Female,Ludhiana,Punjab,Freelancer,823300,2022-06-28
5647,Vikas Verma,24,Female,Delhi,Delhi,Freelancer,801300,2025-07-24
5648,Pooja Joshi,38,Male,Bengaluru,Karnataka,Self-employed,1114700,2022-03-22
5649,Arjun Kumar,22,Male,Bhopal,Madhya Pradesh,Self-employed,467700,2020-08-12
5650,Simran Malhotra,36,Male,Gurugram,Haryana,Salaried,1905700,2019-08-03
5651,Karan Mehta,36,Male,Mumbai,Maharashtra,Retired,243300,2016-02-15
5652,Sneha Singh,44,Male,Kolkata,West Bengal,Salaried,1669900,2021-01-10
5653,Aditya Agarwal,38,Female,Jaipur,Rajasthan,Business,731600,2018-11-03
5654,Nisha Gupta,44,Female,Ludhiana,Punjab,Self-employed,1301800,2017-09-24
5655,Manish Mishra,45,Female,Delhi,Delhi,Self-employed,916200,2022-08-19
5656,Kavita Yadav,60,Female,Gurugram,Haryana,Salaried,907200,2023-07-13
5657,Rahul Sharma,35,Female,Bhopal,Madhya Pradesh,Retired,1017300,2018-09-13
5658,Priya Patel,29,Male,Bhopal,Madhya Pradesh,Self-employed,1170300,2016-11-28
5659,Amit Verma,40,Female,Kolkata,West Bengal,Retired,625900,2021-02-22
5660,Neha Joshi,30,Male,Delhi,Delhi,Salaried,1325100,2022-01-22
5661,Rohit Kumar,53,Female,Jaipur,Rajasthan,Self-employed,413100,2017-05-21
5662,Anjali Malhotra,35,Female,Kochi,Kerala,Business,747800,2016-04-26
5663,Vikas Mehta,32,Male,Hyderabad,Telangana,Business,1187800,2018-07-31
5664,Pooja Singh,33,Female,Lucknow,Uttar Pradesh,Freelancer,1296400,2017-09-27
5665,Arjun Agarwal,45,Female,Chennai,Tamil Nadu,Salaried,966300,2020-05-08
5666,Simran Gupta,36,Male,Chennai,Tamil Nadu,Salaried,604100,2020-01-02
5667,Karan Mishra,32,Female,Hyderabad,Telangana,Self-employed,1228100,2025-03-29
5668,Sneha Yadav,55,Male,Chennai,Tamil Nadu,Salaried,519000,2022-11-09
5669,Aditya Sharma,29,Male,Kochi,Kerala,Retired,1965200,2021-06-14
5670,Nisha Patel,38,Female,Mumbai,Maharashtra,Salaried,715900,2018-05-18
5671,Manish Verma,45,Female,Kolkata,West Bengal,Self-employed,321600,2019-07-18
5672,Kavita Joshi,22,Female,Delhi,Delhi,Salaried,388800,2020-09-30
5673,Rahul Kumar,43,Female,Jaipur,Rajasthan,Self-employed,768200,2022-03-13
5674,Priya Malhotra,27,Male,Mumbai,Maharashtra,Salaried,810000,2016-04-22
5675,Amit Mehta,46,Male,Delhi,Delhi,Salaried,2215800,2024-06-14
5676,Neha Singh,28,Female,Hyderabad,Telangana,Salaried,423600,2022-03-13
5677,Rohit Agarwal,45,Female,Mumbai,Maharashtra,Salaried,766500,2017-03-02
5678,Anjali Gupta,49,Male,Jaipur,Rajasthan,Retired,418800,2019-03-04
5679,Vikas Mishra,47,Female,Ludhiana,Punjab,Salaried,572000,2018-12-02
5680,Pooja Yadav,41,Female,Patna,Bihar,Self-employed,1893600,2023-09-12
5681,Arjun Sharma,36,Female,Kolkata,West Bengal,Retired,401500,2016-10-10
5682,Simran Patel,32,Female,Ludhiana,Punjab,Business,1035800,2018-04-13
5683,Karan Verma,53,Male,Ludhiana,Punjab,Retired,930900,2024-09-04
5684,Sneha Joshi,31,Female,Lucknow,Uttar Pradesh,Retired,740100,2024-07-28
5685,Aditya Kumar,28,Female,Bengaluru,Karnataka,Self-employed,998000,2016-08-17
5686,Nisha Malhotra,45,Male,Mumbai,Maharashtra,Business,396300,2021-04-03
5687,Manish Mehta,30,Female,Kolkata,West Bengal,Salaried,1865100,2020-07-24
5688,Kavita Singh,28,Male,Gurugram,Haryana,Salaried,2161900,2017-01-19
5689,Rahul Agarwal,24,Male,Kochi,Kerala,Business,769700,2016-06-07
5690,Priya Gupta,33,Female,Kolkata,West Bengal,Self-employed,2843500,2018-04-03
5691,Amit Mishra,37,Male,Mumbai,Maharashtra,Business,602200,2022-11-23
5692,Neha Yadav,40,Male,Kolkata,West Bengal,Business,934800,2016-07-26
5693,Rohit Sharma,48,Female,Mumbai,Maharashtra,Salaried,1648500,2016-06-22
5694,Anjali Patel,43,Male,Patna,Bihar,Freelancer,582700,2020-12-28
5695,Vikas Verma,36,Male,Jaipur,Rajasthan,Self-employed,350800,2019-01-09
5696,Pooja Joshi,36,Male,Chennai,Tamil Nadu,Salaried,309100,2018-11-07
5697,Arjun Kumar,43,Male,Kolkata,West Bengal,Freelancer,2329800,2018-10-13
5698,Simran Malhotra,51,Female,Lucknow,Uttar Pradesh,Salaried,560700,2017-12-08
5699,Karan Mehta,39,Female,Bhubaneswar,Odisha,Business,677200,2025-03-16
5700,Sneha Singh,33,Female,Lucknow,Uttar Pradesh,Self-employed,406700,2019-10-15
5701,Aditya Agarwal,28,Female,Ahmedabad,Gujarat,Salaried,1263500,2021-03-06
5702,Nisha Gupta,24,Male,Jaipur,Rajasthan,Business,488000,2019-07-26
5703,Manish Mishra,45,Female,Mumbai,Maharashtra,Self-employed,572400,2024-04-10
5704,Kavita Yadav,44,Female,Gurugram,Haryana,Salaried,884300,2022-09-10
5705,Rahul Sharma,44,Female,Kolkata,West Bengal,Salaried,417700,2024-04-09
5706,Priya Patel,37,Female,Chennai,Tamil Nadu,Freelancer,679800,2023-09-14
5707,Amit Verma,52,Female,Bhubaneswar,Odisha,Salaried,1621800,2024-10-18
5708,Neha Joshi,33,Female,Hyderabad,Telangana,Freelancer,949200,2017-11-07
5709,Rohit Kumar,48,Male,Kochi,Kerala,Salaried,805800,2023-01-08
5710,Anjali Malhotra,38,Female,Hyderabad,Telangana,Self-employed,844100,2025-02-04
5711,Vikas Mehta,32,Male,Jaipur,Rajasthan,Freelancer,605500,2017-10-23
5712,Pooja Singh,44,Male,Kochi,Kerala,Salaried,2248400,2020-04-12
5713,Arjun Agarwal,42,Male,Kolkata,West Bengal,Self-employed,479800,2019-06-14
5714,Simran Gupta,42,Male,Kochi,Kerala,Business,842300,2024-10-08
5715,Karan Mishra,39,Male,Ahmedabad,Gujarat,Business,799000,2022-06-11
5716,Sneha Yadav,38,Male,Mumbai,Maharashtra,Self-employed,1306200,2016-12-23
5717,Aditya Sharma,62,Female,Bhopal,Madhya Pradesh,Self-employed,1375800,2019-08-01
5718,Nisha Patel,50,Female,Patna,Bihar,Business,736900,2019-08-09
5719,Manish Verma,45,Female,Hyderabad,Telangana,Freelancer,880000,2024-11-08
5720,Kavita Joshi,39,Male,Patna,Bihar,Business,898500,2017-02-22
5721,Rahul Kumar,48,Female,Kochi,Kerala,Salaried,214900,2020-01-31
5722,Priya Malhotra,43,Female,Bhopal,Madhya Pradesh,Retired,313000,2017-10-03
5723,Amit Mehta,38,Male,Lucknow,Uttar Pradesh,Salaried,537700,2020-05-12
5724,Neha Singh,35,Female,Lucknow,Uttar Pradesh,Salaried,550700,2017-05-21
5725,Rohit Agarwal,37,Female,Bengaluru,Karnataka,Salaried,387800,2020-08-08
5726,Anjali Gupta,21,Male,Kolkata,West Bengal,Salaried,1132700,2020-02-10
5727,Vikas Mishra,40,Female,Gurugram,Haryana,Salaried,750900,2019-10-17
5728,Pooja Yadav,33,Female,Patna,Bihar,Salaried,666500,2016-11-07
5729,Arjun Sharma,54,Male,Kolkata,West Bengal,Salaried,375800,2020-07-15
5730,Simran Patel,38,Male,Mumbai,Maharashtra,Business,731800,2023-07-14
5731,Karan Verma,26,Male,Patna,Bihar,Salaried,180000,2016-09-01
5732,Sneha Joshi,38,Male,Kolkata,West Bengal,Salaried,685700,2017-04-21
5733,Aditya Kumar,28,Male,Patna,Bihar,Salaried,776500,2017-09-06
5734,Nisha Malhotra,43,Female,Jaipur,Rajasthan,Salaried,856700,2022-10-19
5735,Manish Mehta,41,Male,Ludhiana,Punjab,Salaried,317300,2016-09-06
5736,Kavita Singh,48,Female,Jaipur,Rajasthan,Self-employed,848700,2024-06-20
5737,Rahul Agarwal,30,Male,Ludhiana,Punjab,Retired,423000,2022-11-29
5738,Priya Gupta,38,Male,Chennai,Tamil Nadu,Freelancer,479700,2020-05-14
5739,Amit Mishra,24,Male,Mumbai,Maharashtra,Freelancer,1113100,2020-11-08
5740,Neha Yadav,45,Female,Bhopal,Madhya Pradesh,Salaried,2270700,2021-04-13
5741,Rohit Sharma,43,Male,Jaipur,Rajasthan,Salaried,771500,2021-02-18
5742,Anjali Patel,43,Male,Bhopal,Madhya Pradesh,Salaried,478500,2017-05-25
5743,Vikas Verma,38,Male,Kolkata,West Bengal,Business,832000,2025-04-30
5744,Pooja Joshi,42,Female,Delhi,Delhi,Salaried,1257100,2020-07-27
5745,Arjun Kumar,54,Other,Lucknow,Uttar Pradesh,Self-employed,1055300,2021-02-15
5746,Simran Malhotra,35,Male,Ahmedabad,Gujarat,Salaried,3390700,2018-02-12
5747,Karan Mehta,39,Male,Bhopal,Madhya Pradesh,Salaried,506100,2019-09-27
5748,Sneha Singh,27,Female,Hyderabad,Telangana,Retired,861600,2025-05-02
5749,Aditya Agarwal,29,Female,Chennai,Tamil Nadu,Business,1758100,2025-09-21
5750,Nisha Gupta,39,Male,Patna,Bihar,Freelancer,1698400,2018-07-12
5751,Manish Mishra,49,Female,Gurugram,Haryana,Self-employed,256600,2024-07-10
5752,Kavita Yadav,35,Female,Ahmedabad,Gujarat,Freelancer,748600,2016-03-14
5753,Rahul Sharma,36,Male,Ludhiana,Punjab,Self-employed,1696900,2018-03-19
5754,Priya Patel,34,Female,Kochi,Kerala,Retired,3677300,2023-11-18
5755,Amit Verma,33,Female,Lucknow,Uttar Pradesh,Salaried,1104500,2018-11-11
5756,Neha Joshi,41,Female,Hyderabad,Telangana,Self-employed,612600,2022-03-17
5757,Rohit Kumar,23,Male,Kolkata,West Bengal,Business,430500,2021-10-27
5758,Anjali Malhotra,51,Male,Ludhiana,Punjab,Salaried,2541200,2016-08-22
5759,Vikas Mehta,31,Male,Patna,Bihar,Freelancer,1119800,2022-01-13
5760,Pooja Singh,45,Male,Kolkata,West Bengal,Retired,470400,2022-07-02
5761,Arjun Agarwal,25,Female,Kochi,Kerala,Self-employed,670700,2024-09-20
5762,Simran Gupta,45,Female,Jaipur,Rajasthan,Salaried,889500,2017-10-03
5763,Karan Mishra,45,Female,Kolkata,West Bengal,Self-employed,1011500,2017-09-12
5764,Sneha Yadav,42,Female,Kolkata,West Bengal,Freelancer,457300,2018-09-11
5765,Aditya Sharma,28,Male,Lucknow,Uttar Pradesh,Self-employed,535000,2019-07-22
5766,Nisha Patel,40,Female,Lucknow,Uttar Pradesh,Salaried,302200,2025-06-14
5767,Manish Verma,26,Female,Bhubaneswar,Odisha,Self-employed,1328700,2024-06-18
5768,Kavita Joshi,35,Male,Jaipur,Rajasthan,Salaried,621500,2024-12-24
5769,Rahul Kumar,48,Female,Chennai,Tamil Nadu,Business,969300,2023-04-07
5770,Priya Malhotra,46,Male,Mumbai,Maharashtra,Salaried,1639800,2020-06-05
5771,Amit Mehta,38,Female,Bengaluru,Karnataka,Self-employed,846400,2023-12-21
5772,Neha Singh,28,Female,Bhubaneswar,Odisha,Business,704800,2023-08-28
5773,Rohit Agarwal,44,Male,Ludhiana,Punjab,Salaried,834400,2020-11-30
5774,Anjali Gupta,38,Female,Bhopal,Madhya Pradesh,Salaried,776500,2024-11-05
5775,Vikas Mishra,21,Female,Ahmedabad,Gujarat,Salaried,1488400,2024-02-10
5776,Pooja Yadav,46,Male,Mumbai,Maharashtra,Salaried,889800,2024-01-25
5777,Arjun Sharma,38,Male,Lucknow,Uttar Pradesh,Salaried,555900,2024-05-03
5778,Simran Patel,50,Male,Mumbai,Maharashtra,Retired,1334600,2018-05-09
5779,Karan Verma,27,Female,Bengaluru,Karnataka,Business,1475600,2023-03-05
5780,Sneha Joshi,21,Female,Patna,Bihar,Freelancer,359200,2021-09-16
5781,Aditya Kumar,41,Female,Bengaluru,Karnataka,Retired,1742500,2021-12-05
5782,Nisha Malhotra,41,Male,Lucknow,Uttar Pradesh,Salaried,916600,2022-09-03
5783,Manish Mehta,21,Female,Kochi,Kerala,Salaried,876400,2023-06-20
5784,Kavita Singh,28,Male,Jaipur,Rajasthan,Salaried,1304700,2017-01-11
5785,Rahul Agarwal,66,Female,Delhi,Delhi,Freelancer,549100,2023-12-06
5786,Priya Gupta,35,Male,Jaipur,Rajasthan,Business,1267600,2021-03-12
5787,Amit Mishra,45,Male,Patna,Bihar,Salaried,609600,2017-01-10
5788,Neha Yadav,31,Female,Bhopal,Madhya Pradesh,Salaried,333200,2020-05-23
5789,Rohit Sharma,21,Male,Bhopal,Madhya Pradesh,Self-employed,433200,2017-08-17
5790,Anjali Patel,36,Female,Bhubaneswar,Odisha,Self-employed,1024500,2023-08-26
5791,Vikas Verma,35,Female,Chennai,Tamil Nadu,Freelancer,445900,2018-12-01
5792,Pooja Joshi,34,Male,Mumbai,Maharashtra,Salaried,1818200,2025-09-11
5793,Arjun Kumar,37,Male,Bengaluru,Karnataka,Freelancer,1442600,2021-06-30
5794,Simran Malhotra,41,Female,Chennai,Tamil Nadu,Salaried,1561600,2022-11-10
5795,Karan Mehta,36,Female,Bengaluru,Karnataka,Business,803300,2024-10-06
5796,Sneha Singh,25,Male,Jaipur,Rajasthan,Retired,864300,2018-11-17
5797,Aditya Agarwal,43,Male,Bhubaneswar,Odisha,Freelancer,389000,2023-08-20
5798,Nisha Gupta,21,Female,Bhopal,Madhya Pradesh,Salaried,1296900,2017-09-20
5799,Manish Mishra,21,Female,Bhubaneswar,Odisha,Salaried,924200,2022-07-01
5800,Kavita Yadav,45,Male,Gurugram,Haryana,Self-employed,1024600,2020-03-12
5801,Rahul Sharma,43,Male,Delhi,Delhi,Salaried,1898200,2023-04-20
5802,Priya Patel,37,Female,Jaipur,Rajasthan,Self-employed,537400,2022-06-30
5803,Amit Verma,24,Female,Bhubaneswar,Odisha,Retired,699700,2021-01-04
5804,Neha Joshi,31,Female,Jaipur,Rajasthan,Salaried,897600,2019-03-29
5805,Rohit Kumar,35,Female,Chennai,Tamil Nadu,Self-employed,448400,2023-01-07
5806,Anjali Malhotra,22,Female,Jaipur,Rajasthan,Salaried,676500,2018-01-15
5807,Vikas Mehta,31,Male,Ahmedabad,Gujarat,Freelancer,983600,2019-07-01
5808,Pooja Singh,45,Female,Bengaluru,Karnataka,Retired,627100,2021-05-05
5809,Arjun Agarwal,52,Male,Jaipur,Rajasthan,Self-employed,1540700,2022-04-14
5810,Simran Gupta,34,Female,Delhi,Delhi,Salaried,326700,2025-05-17
5811,Karan Mishra,46,Male,Bhopal,Madhya Pradesh,Business,1390700,2022-09-11
5812,Sneha Yadav,21,Male,Bengaluru,Karnataka,Business,1078900,2023-03-14
5813,Aditya Sharma,45,Female,Ahmedabad,Gujarat,Salaried,548500,2022-02-28
5814,Nisha Patel,30,Female,Bhubaneswar,Odisha,Freelancer,451100,2019-08-18
5815,Manish Verma,41,Male,Delhi,Delhi,Retired,238900,2019-03-17
5816,Kavita Joshi,36,Female,Ludhiana,Punjab,Self-employed,484300,2016-08-08
5817,Rahul Kumar,51,Male,Lucknow,Uttar Pradesh,Self-employed,1334100,2023-12-24
5818,Priya Malhotra,29,Male,Lucknow,Uttar Pradesh,Salaried,727200,2021-02-14
5819,Amit Mehta,44,Female,Bengaluru,Karnataka,Self-employed,1421800,2025-12-10
5820,Neha Singh,35,Male,Mumbai,Maharashtra,Salaried,533300,2022-04-29
5821,Rohit Agarwal,36,Female,Hyderabad,Telangana,Salaried,1106500,2022-06-01
5822,Anjali Gupta,36,Male,Lucknow,Uttar Pradesh,Salaried,505400,2025-04-09
5823,Vikas Mishra,30,Female,Bhopal,Madhya Pradesh,Salaried,441000,2024-05-25
5824,Pooja Yadav,38,Female,Kolkata,West Bengal,Salaried,707100,2022-05-28
5825,Arjun Sharma,37,Male,Ludhiana,Punjab,Self-employed,520300,2017-11-14
5826,Simran Patel,40,Male,Kolkata,West Bengal,Self-employed,321000,2018-05-25
5827,Karan Verma,39,Female,Kolkata,West Bengal,Self-employed,678400,2018-11-20
5828,Sneha Joshi,46,Female,Bengaluru,Karnataka,Salaried,795200,2024-07-12
5829,Aditya Kumar,47,Male,Bhopal,Madhya Pradesh,Salaried,1506700,2021-05-16
5830,Nisha Malhotra,27,Female,Gurugram,Haryana,Freelancer,1255500,2023-02-15
5831,Manish Mehta,47,Male,Lucknow,Uttar Pradesh,Self-employed,1467100,2024-10-10
5832,Kavita Singh,26,Male,Bhubaneswar,Odisha,Retired,1114600,2016-12-14
5833,Rahul Agarwal,44,Male,Jaipur,Rajasthan,Salaried,900600,2016-08-06
5834,Priya Gupta,44,Male,Kochi,Kerala,Self-employed,381500,2018-10-19
5835,Amit Mishra,21,Female,Ahmedabad,Gujarat,Salaried,814400,2017-03-25
5836,Neha Yadav,39,Female,Ludhiana,Punjab,Business,1041400,2017-05-18
5837,Rohit Sharma,33,Female,Patna,Bihar,Freelancer,1671800,2016-03-26
5838,Anjali Patel,30,Female,Jaipur,Rajasthan,Retired,1093900,2025-02-04
5839,Vikas Verma,52,Female,Gurugram,Haryana,Retired,1483700,2019-07-12
5840,Pooja Joshi,31,Female,Lucknow,Uttar Pradesh,Salaried,425200,2017-06-06
5841,Arjun Kumar,30,Female,Gurugram,Haryana,Self-employed,626700,2024-08-17
5842,Simran Malhotra,39,Female,Patna,Bihar,Self-employed,949800,2022-11-13
5843,Karan Mehta,45,Female,Ludhiana,Punjab,Self-employed,1420300,2024-05-19
5844,Sneha Singh,37,Male,Kolkata,West Bengal,Salaried,692400,2017-09-21
5845,Aditya Agarwal,50,Female,Kolkata,West Bengal,Freelancer,716800,2022-04-18
5846,Nisha Gupta,43,Female,Bhubaneswar,Odisha,Freelancer,1094400,2016-01-18
5847,Manish Mishra,21,Female,Bhopal,Madhya Pradesh,Salaried,403800,2025-02-09
5848,Kavita Yadav,33,Female,Ahmedabad,Gujarat,Salaried,1815600,2019-06-22
5849,Rahul Sharma,32,Female,Jaipur,Rajasthan,Salaried,462500,2019-03-22
5850,Priya Patel,43,Other,Hyderabad,Telangana,Business,261100,2020-06-20
5851,Amit Verma,21,Male,Lucknow,Uttar Pradesh,Salaried,754200,2017-05-14
5852,Neha Joshi,63,Female,Lucknow,Uttar Pradesh,Freelancer,1908800,2017-04-02
5853,Rohit Kumar,43,Male,Lucknow,Uttar Pradesh,Business,1035500,2025-11-22
5854,Anjali Malhotra,39,Female,Mumbai,Maharashtra,Self-employed,1133600,2016-04-24
5855,Vikas Mehta,50,Female,Delhi,Delhi,Self-employed,767300,2018-01-22
5856,Pooja Singh,61,Male,Kolkata,West Bengal,Salaried,689700,2018-02-07
5857,Arjun Agarwal,47,Male,Gurugram,Haryana,Retired,320700,2022-10-30
5858,Simran Gupta,47,Female,Mumbai,Maharashtra,Self-employed,216500,2022-07-28
5859,Karan Mishra,39,Male,Jaipur,Rajasthan,Retired,835500,2023-04-26
5860,Sneha Yadav,37,Male,Bhopal,Madhya Pradesh,Self-employed,1543800,2021-02-13
5861,Aditya Sharma,33,Female,Patna,Bihar,Business,906300,2023-02-01
5862,Nisha Patel,30,Male,Kolkata,West Bengal,Salaried,1056900,2016-11-17
5863,Manish Verma,31,Male,Mumbai,Maharashtra,Self-employed,1792100,2025-08-31
5864,Kavita Joshi,24,Female,Mumbai,Maharashtra,Business,898700,2021-05-26
5865,Rahul Kumar,37,Male,Patna,Bihar,Business,701100,2016-08-13
5866,Priya Malhotra,21,Male,Delhi,Delhi,Business,478100,2016-12-26
5867,Amit Mehta,40,Female,Mumbai,Maharashtra,Salaried,2280800,2020-04-03
5868,Neha Singh,38,Female,Bhubaneswar,Odisha,Retired,1001900,2018-04-13
5869,Rohit Agarwal,39,Female,Mumbai,Maharashtra,Retired,446300,2016-04-21
5870,Anjali Gupta,33,Female,Bhopal,Madhya Pradesh,Salaried,393800,2016-07-30
5871,Vikas Mishra,69,Female,Mumbai,Maharashtra,Retired,1494100,2019-06-10
5872,Pooja Yadav,52,Male,Hyderabad,Telangana,Salaried,423900,2018-08-05
5873,Arjun Sharma,26,Male,Jaipur,Rajasthan,Business,2079100,2016-06-07
5874,Simran Patel,40,Male,Bengaluru,Karnataka,Salaried,180000,2023-03-04
5875,Karan Verma,32,Male,Gurugram,Haryana,Retired,1640100,2021-03-23
5876,Sneha Joshi,28,Female,Delhi,Delhi,Salaried,980300,2019-09-09
5877,Aditya Kumar,25,Female,Mumbai,Maharashtra,Self-employed,800600,2024-08-30
5878,Nisha Malhotra,42,Male,Bhopal,Madhya Pradesh,Salaried,681000,2019-06-25
5879,Manish Mehta,31,Female,Hyderabad,Telangana,Salaried,2121700,2023-06-10
5880,Kavita Singh,48,Male,Delhi,Delhi,Self-employed,1106500,2024-10-17
5881,Rahul Agarwal,48,Male,Ludhiana,Punjab,Salaried,456400,2018-06-29
5882,Priya Gupta,52,Female,Delhi,Delhi,Business,291400,2024-05-28
5883,Amit Mishra,29,Male,Hyderabad,Telangana,Retired,826800,2022-09-17
5884,Neha Yadav,43,Male,Delhi,Delhi,Business,749600,2017-02-07
5885,Rohit Sharma,44,Male,Ludhiana,Punjab,Freelancer,325100,2021-01-15
5886,Anjali Patel,33,Male,Lucknow,Uttar Pradesh,Salaried,727500,2023-04-02
5887,Vikas Verma,30,Female,Ahmedabad,Gujarat,Salaried,547000,2020-08-17
5888,Pooja Joshi,54,Female,Bengaluru,Karnataka,Self-employed,753800,2025-07-17
5889,Arjun Kumar,40,Male,Gurugram,Haryana,Salaried,1118000,2020-01-03
5890,Simran Malhotra,44,Male,Bhopal,Madhya Pradesh,Retired,1704500,2019-06-10
5891,Karan Mehta,30,Female,Ahmedabad,Gujarat,Salaried,1236400,2016-07-11
5892,Sneha Singh,26,Female,Jaipur,Rajasthan,Freelancer,504400,2019-01-27
5893,Aditya Agarwal,32,Male,Gurugram,Haryana,Salaried,918700,2021-05-28
5894,Nisha Gupta,37,Male,Mumbai,Maharashtra,Business,776500,2024-09-19
5895,Manish Mishra,27,Female,Chennai,Tamil Nadu,Salaried,360500,2020-06-30
5896,Kavita Yadav,38,Female,Ahmedabad,Gujarat,Salaried,933600,2025-11-16
5897,Rahul Sharma,21,Male,Mumbai,Maharashtra,Business,2082300,2025-03-06
5898,Priya Patel,27,Female,Bengaluru,Karnataka,Salaried,763500,2018-09-26
5899,Amit Verma,45,Male,Lucknow,Uttar Pradesh,Business,312100,2020-10-05
5900,Neha Joshi,44,Male,Gurugram,Haryana,Self-employed,762600,2017-06-06
5901,Rohit Kumar,34,Male,Hyderabad,Telangana,Salaried,384700,2016-12-15
5902,Anjali Malhotra,28,Female,Bhopal,Madhya Pradesh,Retired,1206000,2022-06-21
5903,Vikas Mehta,28,Male,Bengaluru,Karnataka,Self-employed,1001000,2020-10-06
5904,Pooja Singh,34,Male,Kolkata,West Bengal,Business,682700,2024-03-09
5905,Arjun Agarwal,44,Male,Gurugram,Haryana,Self-employed,625100,2021-04-28
5906,Simran Gupta,47,Female,Chennai,Tamil Nadu,Self-employed,667400,2025-10-11
5907,Karan Mishra,33,Male,Bhubaneswar,Odisha,Salaried,753400,2020-04-09
5908,Sneha Yadav,26,Male,Gurugram,Haryana,Salaried,490500,2024-02-08
5909,Aditya Sharma,41,Male,Mumbai,Maharashtra,Self-employed,349600,2017-10-13
5910,Nisha Patel,30,Female,Jaipur,Rajasthan,Salaried,1403000,2017-09-26
5911,Manish Verma,33,Male,Chennai,Tamil Nadu,Salaried,606700,2024-05-16
5912,Kavita Joshi,51,Male,Patna,Bihar,Business,822200,2025-08-08
5913,Rahul Kumar,46,Male,Gurugram,Haryana,Business,877400,2025-11-03
5914,Priya Malhotra,40,Female,Jaipur,Rajasthan,Salaried,895300,2020-12-06
5915,Amit Mehta,25,Female,Chennai,Tamil Nadu,Salaried,393300,2017-08-15
5916,Neha Singh,40,Female,Chennai,Tamil Nadu,Salaried,298400,2022-10-27
5917,Rohit Agarwal,49,Female,Gurugram,Haryana,Salaried,542600,2023-04-22
5918,Anjali Gupta,34,Female,Ahmedabad,Gujarat,Salaried,932400,2019-05-16
5919,Vikas Mishra,52,Male,Jaipur,Rajasthan,Salaried,502600,2018-01-25
5920,Pooja Yadav,51,Female,Gurugram,Haryana,Retired,617000,2019-07-23
5921,Arjun Sharma,55,Male,Bhubaneswar,Odisha,Business,2416500,2017-05-11
5922,Simran Patel,41,Male,Delhi,Delhi,Salaried,271800,2018-02-11
5923,Karan Verma,44,Female,Mumbai,Maharashtra,Salaried,495100,2025-03-22
5924,Sneha Joshi,52,Male,Kochi,Kerala,Business,2128600,2022-08-18
5925,Aditya Kumar,42,Male,Hyderabad,Telangana,Salaried,731800,2020-05-17
5926,Nisha Malhotra,33,Male,Kolkata,West Bengal,Business,508700,2016-07-02
5927,Manish Mehta,34,Female,Delhi,Delhi,Freelancer,1426400,2016-02-01
5928,Kavita Singh,40,Male,Hyderabad,Telangana,Self-employed,773100,2016-10-09
5929,Rahul Agarwal,25,Female,Hyderabad,Telangana,Salaried,619200,2018-04-15
5930,Priya Gupta,37,Female,Bengaluru,Karnataka,Business,833700,2023-12-30
5931,Amit Mishra,49,Female,Mumbai,Maharashtra,Retired,522200,2019-12-26
5932,Neha Yadav,21,Male,Kochi,Kerala,Self-employed,428600,2025-10-30
5933,Rohit Sharma,53,Female,Kolkata,West Bengal,Business,704600,2017-11-16
5934,Anjali Patel,49,Male,Jaipur,Rajasthan,Salaried,430100,2017-04-06
5935,Vikas Verma,33,Male,Bhopal,Madhya Pradesh,Salaried,754400,2018-05-20
5936,Pooja Joshi,43,Male,Gurugram,Haryana,Business,911400,2024-04-19
5937,Arjun Kumar,38,Female,Bengaluru,Karnataka,Freelancer,1199000,2017-01-02
5938,Simran Malhotra,50,Male,Kolkata,West Bengal,Self-employed,1394700,2023-05-29
5939,Karan Mehta,48,Male,Chennai,Tamil Nadu,Business,600000,2025-02-05
5940,Sneha Singh,24,Male,Mumbai,Maharashtra,Salaried,987100,2016-06-14
5941,Aditya Agarwal,44,Male,Bhubaneswar,Odisha,Salaried,983300,2024-05-05
5942,Nisha Gupta,36,Female,Lucknow,Uttar Pradesh,Self-employed,898200,2020-09-24
5943,Manish Mishra,39,Female,Kolkata,West Bengal,Salaried,576200,2025-11-09
5944,Kavita Yadav,31,Female,Jaipur,Rajasthan,Self-employed,426100,2017-08-24
5945,Rahul Sharma,55,Male,Kolkata,West Bengal,Salaried,988500,2025-06-04
5946,Priya Patel,48,Male,Jaipur,Rajasthan,Business,293300,2024-09-09
5947,Amit Verma,31,Female,Kolkata,West Bengal,Business,647300,2023-03-26
5948,Neha Joshi,25,Male,Delhi,Delhi,Self-employed,184100,2021-12-13
5949,Rohit Kumar,34,Female,Jaipur,Rajasthan,Salaried,359600,2016-02-07
5950,Anjali Malhotra,42,Male,Ludhiana,Punjab,Self-employed,463000,2016-12-13
5951,Vikas Mehta,40,Female,Ludhiana,Punjab,Retired,1371000,2019-05-21
5952,Pooja Singh,51,Male,Ludhiana,Punjab,Self-employed,1095000,2025-04-13
5953,Arjun Agarwal,46,Male,Hyderabad,Telangana,Salaried,553000,2021-07-14
5954,Simran Gupta,48,Female,Bhopal,Madhya Pradesh,Salaried,1120200,2023-08-16
5955,Karan Mishra,41,Female,Bengaluru,Karnataka,Salaried,1222000,2018-01-03
5956,Sneha Yadav,24,Male,Ahmedabad,Gujarat,Salaried,686600,2017-03-01
5957,Aditya Sharma,36,Female,Bhopal,Madhya Pradesh,Business,350300,2019-06-24
5958,Nisha Patel,49,Female,Bhubaneswar,Odisha,Freelancer,669000,2017-10-09
5959,Manish Verma,37,Male,Delhi,Delhi,Salaried,710700,2022-05-22
5960,Kavita Joshi,43,Male,Lucknow,Uttar Pradesh,Salaried,380800,2025-01-15
5961,Rahul Kumar,35,Male,Lucknow,Uttar Pradesh,Salaried,917800,2016-11-15
5962,Priya Malhotra,28,Male,Kolkata,West Bengal,Freelancer,874800,2017-05-26
5963,Amit Mehta,37,Female,Bengaluru,Karnataka,Self-employed,958000,2025-11-01
5964,Neha Singh,41,Male,Delhi,Delhi,Business,874400,2022-03-22
5965,Rohit Agarwal,31,Male,Ludhiana,Punjab,Salaried,1120500,2022-12-28
5966,Anjali Gupta,36,Male,Jaipur,Rajasthan,Self-employed,679600,2024-09-13
5967,Vikas Mishra,29,Female,Ludhiana,Punjab,Salaried,838000,2020-09-18
5968,Pooja Yadav,49,Male,Ahmedabad,Gujarat,Salaried,602600,2020-10-22
5969,Arjun Sharma,35,Male,Delhi,Delhi,Self-employed,543800,2020-11-12
5970,Simran Patel,53,Male,Mumbai,Maharashtra,Self-employed,1565700,2023-08-21
5971,Karan Verma,53,Female,Jaipur,Rajasthan,Salaried,243700,2025-04-25
5972,Sneha Joshi,37,Male,Bengaluru,Karnataka,Salaried,1214700,2024-06-03
5973,Aditya Kumar,28,Female,Ahmedabad,Gujarat,Salaried,533100,2022-11-20
5974,Nisha Malhotra,21,Male,Bengaluru,Karnataka,Salaried,496500,2020-03-19
5975,Manish Mehta,23,Male,Bhubaneswar,Odisha,Self-employed,866000,2018-07-26
5976,Kavita Singh,24,Male,Kolkata,West Bengal,Freelancer,330600,2018-02-03
5977,Rahul Agarwal,52,Male,Ahmedabad,Gujarat,Salaried,478800,2022-01-19
5978,Priya Gupta,39,Female,Chennai,Tamil Nadu,Salaried,470100,2017-10-14
5979,Amit Mishra,42,Female,Patna,Bihar,Salaried,664000,2024-01-27
5980,Neha Yadav,21,Female,Kolkata,West Bengal,Self-employed,481900,2023-10-26
5981,Rohit Sharma,26,Female,Ludhiana,Punjab,Salaried,1809300,2025-11-11
5982,Anjali Patel,47,Male,Hyderabad,Telangana,Business,2015100,2021-10-30
5983,Vikas Verma,41,Male,Lucknow,Uttar Pradesh,Salaried,246700,2017-04-25
5984,Pooja Joshi,37,Female,Ludhiana,Punjab,Self-employed,1011800,2017-05-30
5985,Arjun Kumar,44,Female,Hyderabad,Telangana,Freelancer,1202700,2020-07-21
5986,Simran Malhotra,54,Female,Delhi,Delhi,Freelancer,1011000,2016-07-05
5987,Karan Mehta,36,Male,Mumbai,Maharashtra,Retired,522200,2016-05-25
5988,Sneha Singh,39,Male,Bhubaneswar,Odisha,Business,655800,2018-10-02
5989,Aditya Agarwal,40,Female,Chennai,Tamil Nadu,Freelancer,497000,2016-05-31
5990,Nisha Gupta,62,Male,Ahmedabad,Gujarat,Salaried,595200,2019-10-18
5991,Manish Mishra,21,Male,Kochi,Kerala,Salaried,385500,2016-04-02
5992,Kavita Yadav,45,Male,Lucknow,Uttar Pradesh,Salaried,704100,2024-06-29
5993,Rahul Sharma,37,Female,Chennai,Tamil Nadu,Business,328200,2021-01-23
5994,Priya Patel,44,Male,Hyderabad,Telangana,Retired,671800,2023-01-31
5995,Amit Verma,31,Female,Gurugram,Haryana,Salaried,377400,2023-05-20
5996,Neha Joshi,38,Male,Lucknow,Uttar Pradesh,Self-employed,840400,2017-08-24
5997,Rohit Kumar,45,Female,Delhi,Delhi,Business,516100,2016-02-18
5998,Anjali Malhotra,69,Female,Lucknow,Uttar Pradesh,Freelancer,880000,2021-03-17
5999,Vikas Mehta,46,Male,Mumbai,Maharashtra,Self-employed,1359600,2025-02-11
6000,Pooja Singh,30,Female,Hyderabad,Telangana,Retired,1797700,2025-10-29
