loan_id,application_id,customer_id,branch_id,loan_type,loan_amount,interest_rate,tenure_months,loan_start_date,loan_end_date,loan_status
9001,5001,4517,146,Business,232800,9.27,180,2024-01-14,2038-10-27,Active
9002,5004,1558,147,Personal,319200,8.85,120,2024-12-26,2034-11-04,Active
9003,5006,5162,142,Home,148200,15.0,12,2023-12-11,2024-12-05,Active
9004,5007,1290,122,Business,762100,12.41,48,2024-04-23,2028-04-02,Active
9005,5008,3275,124,Personal,229500,11.59,84,2025-01-27,2031-12-22,Closed
9006,5010,4596,120,Auto,390400,7.41,48,2024-01-19,2027-12-29,Active
9007,5011,5271,150,Education,2085000,9.39,84,2024-01-24,2030-12-18,Active
9008,5012,4293,120,Business,491900,8.05,12,2025-03-04,2026-02-27,Active
9009,5014,1847,150,Home,156300,8.36,240,2024-05-08,2044-01-24,Active
9010,5015,3810,117,Personal,561700,9.23,36,2025-11-18,2028-11-02,Default
9011,5017,3954,102,Home,79300,8.15,60,2024-07-19,2029-06-23,Closed
9012,5018,5931,146,Personal,904000,14.65,36,2023-10-15,2026-09-29,Default
9013,5020,3944,134,Personal,1318200,7.72,180,2024-05-20,2039-03-03,Active
9014,5021,5983,138,Business,205400,14.3,60,2023-03-13,2028-02-15,Closed
9015,5022,2920,116,Education,1631800,11.07,120,2024-04-03,2034-02-10,Closed
9016,5023,1859,139,Auto,844400,8.33,36,2023-01-27,2026-01-11,Closed
9017,5024,2140,127,Personal,2982400,11.48,36,2023-10-06,2026-09-20,Active
9018,5025,2035,104,Home,1008100,14.32,24,2024-09-12,2026-09-02,Closed
9019,5027,1167,118,Auto,1839800,14.56,60,2024-07-30,2029-07-04,Default
9020,5028,3010,110,Home,469500,10.02,84,2024-02-27,2031-01-21,Default
9021,5029,3611,102,Home,147000,12.7,24,2024-06-03,2026-05-24,Closed
9022,5030,2824,118,Auto,240700,7.56,24,2023-04-29,2025-04-18,Default
9023,5032,1328,131,Home,1152400,11.24,84,2023-11-11,2030-10-05,Active
9024,5033,4597,136,Home,423600,8.93,48,2025-09-12,2029-08-22,Active
9025,5034,1821,140,Personal,754400,9.54,48,2024-05-05,2028-04-14,Active
9026,5038,4193,126,Home,235700,10.94,60,2024-01-21,2028-12-25,Active
9027,5040,5893,143,Business,1075600,14.77,180,2023-07-08,2038-04-20,Closed
9028,5041,3779,112,Personal,394400,14.0,48,2023-09-16,2027-08-26,Closed
9029,5042,3683,103,Auto,324500,10.25,84,2024-07-09,2031-06-03,Active
9030,5044,1489,138,Business,315800,11.06,240,2025-11-15,2045-08-02,Default
9031,5045,2789,130,Personal,909000,14.43,12,2023-12-23,2024-12-17,Active
9032,5047,2391,136,Personal,1290500,7.7,84,2025-08-04,2032-06-28,Closed
9033,5049,2134,118,Home,305500,13.6,36,2024-02-23,2027-02-07,Closed
9034,5050,3922,113,Personal,222700,8.44,84,2024-12-11,2031-11-05,Active
9035,5051,5652,103,Home,136300,9.37,84,2023-11-08,2030-10-02,Closed
9036,5052,3457,104,Personal,662000,8.85,36,2025-04-10,2028-03-25,Closed
9037,5053,4163,112,Personal,345300,11.69,48,2023-06-08,2027-05-18,Closed
9038,5054,1239,147,Personal,455400,8.95,84,2024-04-14,2031-03-09,Active
9039,5055,5413,111,Personal,271800,10.88,60,2024-08-28,2029-08-02,Default
9040,5056,1770,111,Personal,503300,7.22,48,2023-12-20,2027-11-29,Active
9041,5057,3127,143,Personal,195800,9.69,36,2024-07-11,2027-06-26,Closed
9042,5059,5426,145,Home,463600,13.04,24,2025-01-18,2027-01-08,Active
9043,5061,4779,147,Business,940900,10.7,180,2023-03-25,2038-01-05,Active
9044,5063,3949,121,Personal,48900,14.0,240,2023-09-30,2043-06-17,Active
9045,5064,2694,123,Personal,3827200,10.91,48,2025-05-06,2029-04-15,Active
9046,5066,4134,147,Education,1553400,14.45,48,2025-03-20,2029-02-27,Closed
9047,5071,3803,117,Business,336200,10.35,60,2023-10-17,2028-09-20,Default
9048,5072,2125,101,Personal,1840000,10.07,48,2023-12-31,2027-12-10,Active
9049,5073,2249,138,Personal,656800,9.18,180,2025-12-07,2040-09-19,Closed
9050,5074,1555,132,Personal,537300,10.93,24,2024-04-15,2026-04-05,Closed
9051,5075,2389,107,Personal,499200,14.06,60,2025-08-28,2030-08-02,Closed
9052,5076,1415,114,Home,309400,13.07,180,2025-11-18,2040-08-31,Closed
9053,5077,4648,101,Education,381800,8.47,48,2025-08-01,2029-07-11,Active
9054,5078,1840,138,Personal,2090800,14.87,12,2023-08-25,2024-08-19,Active
9055,5080,1656,150,Personal,1477000,10.8,60,2024-01-03,2028-12-07,Closed
9056,5081,2656,109,Personal,216100,8.89,60,2024-06-06,2029-05-11,Active
9057,5082,5873,130,Business,257700,14.98,240,2023-07-26,2043-04-12,Active
9058,5083,1979,134,Personal,770700,10.75,36,2024-01-28,2027-01-12,Closed
9059,5084,1551,126,Personal,301200,8.48,36,2023-11-28,2026-11-12,Closed
9060,5085,1300,117,Personal,571500,14.0,48,2023-04-10,2027-03-20,Closed
9061,5086,2321,122,Business,242000,11.25,60,2024-07-18,2029-06-22,Active
9062,5089,4980,143,Personal,773300,8.67,240,2024-12-29,2044-09-15,Closed
9063,5093,1422,119,Personal,149900,12.78,48,2023-05-16,2027-04-25,Active
9064,5095,2974,113,Business,1453500,15.35,240,2024-09-21,2044-06-08,Active
9065,5097,4747,116,Auto,118600,7.72,120,2024-11-26,2034-10-05,Active
9066,5098,2704,144,Personal,185500,10.69,60,2024-05-23,2029-04-27,Active
9067,5099,5646,128,Personal,666500,11.36,24,2025-01-20,2027-01-10,Closed
9068,5100,5025,141,Personal,958800,12.62,84,2024-07-06,2031-05-31,Active
9069,5102,4684,140,Personal,508300,8.94,120,2025-07-06,2035-05-15,Active
9070,5104,2711,146,Home,209200,8.57,48,2025-06-30,2029-06-09,Active
9071,5106,1684,118,Personal,4812200,13.31,120,2025-07-07,2035-05-16,Active
9072,5109,3489,141,Education,1375300,12.69,36,2024-08-21,2027-08-06,Active
9073,5110,4130,112,Business,1703600,9.09,84,2023-09-23,2030-08-17,Active
9074,5111,2792,117,Personal,1344000,7.48,180,2025-11-13,2040-08-26,Active
9075,5112,2818,147,Auto,982600,13.8,12,2025-02-15,2026-02-10,Closed
9076,5114,4168,119,Auto,208000,12.8,84,2023-08-25,2030-07-19,Closed
9077,5116,5558,142,Home,1373300,14.48,240,2024-12-27,2044-09-13,Active
9078,5117,5725,136,Business,226900,7.57,120,2025-05-26,2035-04-04,Closed
9079,5118,1752,137,Auto,198500,11.14,60,2025-12-29,2030-12-03,Active
9080,5119,4427,139,Auto,318400,8.36,120,2024-12-05,2034-10-14,Closed
9081,5121,1308,119,Auto,324400,12.74,84,2024-03-25,2031-02-17,Active
9082,5122,2869,144,Personal,344600,9.12,240,2024-04-14,2043-12-31,Default
9083,5123,1303,124,Home,931900,9.23,84,2025-03-29,2032-02-21,Closed
9084,5124,1712,127,Home,381800,13.08,84,2025-06-21,2032-05-15,Active
9085,5125,1526,137,Personal,300600,14.01,180,2024-08-31,2039-06-14,Active
9086,5126,5143,101,Auto,67700,14.74,36,2024-03-20,2027-03-05,Active
9087,5127,1760,137,Personal,1484900,7.66,36,2025-01-29,2028-01-14,Closed
9088,5128,5702,148,Personal,344600,13.86,180,2025-01-18,2039-11-01,Active
9089,5129,3547,120,Auto,1383800,15.26,180,2024-11-14,2039-08-28,Active
9090,5133,3419,145,Business,85300,7.45,84,2025-05-22,2032-04-15,Active
9091,5135,4666,126,Auto,334200,14.75,24,2025-05-07,2027-04-27,Active
9092,5136,1070,139,Business,390400,15.11,120,2025-12-28,2035-11-06,Active
9093,5137,3926,103,Auto,622200,8.63,180,2023-09-24,2038-07-07,Active
9094,5138,5082,112,Home,1579600,9.62,120,2025-04-10,2035-02-17,Closed
9095,5140,1135,133,Home,147400,9.54,36,2023-09-27,2026-09-11,Closed
9096,5142,1138,124,Business,1119700,15.07,120,2025-12-29,2035-11-07,Active
9097,5145,2438,120,Home,443800,7.14,24,2025-11-25,2027-11-15,Active
9098,5146,3288,122,Home,265300,11.73,12,2025-04-02,2026-03-28,Default
9099,5148,3929,115,Business,486800,11.93,84,2025-07-04,2032-05-28,Default
9100,5149,4084,120,Auto,594800,12.54,48,2025-05-19,2029-04-28,Closed
9101,5150,1387,123,Business,421700,8.91,12,2025-03-13,2026-03-08,Active
9102,5152,5691,123,Personal,604100,11.03,24,2024-05-20,2026-05-10,Active
9103,5154,1036,150,Home,195500,10.51,24,2025-04-05,2027-03-26,Closed
9104,5157,4538,132,Home,281300,10.47,36,2024-05-18,2027-05-03,Closed
9105,5160,3369,110,Personal,633700,9.84,180,2024-05-25,2039-03-08,Active
9106,5161,5819,142,Auto,344300,15.02,36,2023-07-24,2026-07-08,Default
9107,5165,4939,130,Education,615300,12.54,36,2025-03-06,2028-02-19,Closed
9108,5166,2485,119,Personal,556700,13.46,48,2025-09-16,2029-08-26,Closed
9109,5168,1323,142,Business,149800,9.73,120,2023-03-25,2033-01-31,Active
9110,5169,2161,131,Home,459900,7.01,24,2024-06-22,2026-06-12,Closed
9111,5170,3952,144,Home,533300,15.09,180,2025-06-19,2040-04-01,Active
9112,5172,2974,120,Personal,504200,14.45,36,2025-09-02,2028-08-17,Active
9113,5174,4070,104,Personal,384300,10.89,12,2023-05-16,2024-05-10,Active
9114,5175,2825,120,Home,493400,10.28,240,2025-10-06,2045-06-23,Closed
9115,5176,3967,109,Auto,1457600,10.78,24,2023-09-10,2025-08-30,Active
9116,5179,3406,144,Personal,100800,9.29,60,2024-09-27,2029-09-01,Default
9117,5182,2984,126,Personal,421200,12.23,36,2024-05-10,2027-04-25,Active
9118,5184,1683,119,Personal,208700,15.28,240,2024-03-19,2043-12-05,Closed
9119,5187,4070,127,Home,509200,7.57,24,2023-11-27,2025-11-16,Closed
9120,5188,4968,139,Auto,322200,13.71,60,2023-11-08,2028-10-12,Active
9121,5191,4017,119,Business,1143400,7.5,60,2024-04-24,2029-03-29,Active
9122,5192,3529,132,Business,291000,14.3,48,2024-07-13,2028-06-22,Closed
9123,5193,1646,147,Business,471700,8.24,48,2024-02-27,2028-02-06,Closed
9124,5194,5289,110,Home,191400,11.2,120,2023-04-24,2033-03-02,Active
9125,5195,1500,136,Personal,40200,11.32,36,2025-11-06,2028-10-21,Active
9126,5198,3317,124,Personal,486500,12.36,84,2024-04-11,2031-03-06,Closed
9127,5199,5671,137,Business,1729900,12.14,120,2023-06-26,2033-05-04,Default
9128,5200,3039,136,Auto,541200,12.97,24,2025-02-21,2027-02-11,Closed
9129,5201,1317,141,Business,813100,14.21,180,2023-12-15,2038-09-27,Default
9130,5202,3648,119,Personal,2720100,7.31,84,2023-03-16,2030-02-07,Default
9131,5204,5292,141,Personal,223600,13.27,180,2024-05-05,2039-02-16,Closed
9132,5205,5474,124,Auto,255200,7.44,48,2024-11-14,2028-10-24,Active
9133,5206,3166,114,Personal,163000,13.75,180,2025-08-05,2040-05-18,Closed
9134,5207,2938,138,Personal,1508900,13.74,84,2025-11-11,2032-10-05,Closed
9135,5208,4871,115,Business,4464800,8.62,180,2024-04-10,2039-01-22,Active
9136,5209,4767,111,Personal,814600,8.78,36,2025-06-03,2028-05-18,Active
9137,5211,1382,144,Business,1791200,7.66,60,2023-04-23,2028-03-27,Active
9138,5212,3841,115,Personal,1216700,9.04,12,2024-11-13,2025-11-08,Active
9139,5215,1502,122,Personal,563000,11.24,84,2025-07-08,2032-06-01,Closed
9140,5217,2920,104,Education,301300,10.3,60,2024-05-15,2029-04-19,Default
9141,5218,4627,124,Auto,1152500,8.9,84,2025-11-17,2032-10-11,Closed
9142,5219,1217,126,Home,1463400,12.28,36,2024-07-09,2027-06-24,Closed
9143,5220,4043,105,Business,1454000,11.44,60,2024-07-02,2029-06-06,Active
9144,5222,1330,138,Personal,2725800,8.07,180,2023-03-20,2037-12-31,Default
9145,5223,1936,112,Home,306100,9.73,84,2023-04-04,2030-02-26,Active
9146,5226,3654,102,Auto,874400,15.0,48,2024-08-04,2028-07-14,Active
9147,5227,4346,138,Personal,334800,12.72,24,2024-04-07,2026-03-28,Closed
9148,5228,2182,139,Education,426100,15.08,12,2023-02-28,2024-02-23,Active
9149,5229,2691,130,Auto,397400,10.87,36,2023-10-01,2026-09-15,Active
9150,5230,5796,128,Personal,387300,7.17,12,2025-02-11,2026-02-06,Closed
9151,5232,5209,143,Auto,589600,13.73,120,2023-04-29,2033-03-07,Active
9152,5233,5638,105,Education,89700,7.8,36,2024-10-08,2027-09-23,Closed
9153,5234,1941,141,Home,634200,15.01,180,2024-04-22,2039-02-03,Closed
9154,5235,2781,127,Business,641100,9.61,24,2023-01-31,2025-01-20,Closed
9155,5237,4472,108,Personal,635000,12.6,120,2023-12-10,2033-10-18,Active
9156,5238,3001,141,Personal,683000,14.19,12,2024-08-08,2025-08-03,Closed
9157,5239,1018,133,Personal,100800,10.89,48,2025-07-25,2029-07-04,Active
9158,5241,2034,114,Home,490500,10.66,180,2024-07-15,2039-04-28,Active
9159,5243,1565,144,Business,1244800,8.58,180,2025-05-15,2040-02-26,Closed
9160,5244,1699,142,Education,409600,13.19,36,2023-05-20,2026-05-04,Active
9161,5245,4127,119,Education,2267400,9.88,24,2024-04-12,2026-04-02,Closed
9162,5247,4228,128,Business,600400,12.33,180,2023-03-01,2037-12-12,Closed
9163,5248,1890,145,Home,527200,9.1,36,2024-10-26,2027-10-11,Closed
9164,5249,1391,146,Home,244700,13.28,180,2023-08-09,2038-05-22,Active
9165,5250,3810,136,Home,412300,12.92,180,2024-10-26,2039-08-09,Default
9166,5251,3173,117,Auto,746700,7.07,60,2023-11-15,2028-10-19,Active
9167,5252,4700,130,Home,773600,7.87,240,2024-04-22,2044-01-08,Default
9168,5258,2400,137,Home,1239600,7.7,120,2025-12-15,2035-10-24,Active
9169,5259,2215,112,Personal,3568700,7.3,120,2024-11-26,2034-10-05,Closed
9170,5261,3059,107,Home,229700,7.51,60,2025-07-15,2030-06-19,Active
9171,5262,1415,133,Education,510400,9.76,48,2024-09-18,2028-08-28,Active
9172,5264,5664,122,Home,478600,13.51,48,2023-11-27,2027-11-06,Closed
9173,5265,3910,131,Personal,271900,11.53,84,2024-05-11,2031-04-05,Closed
9174,5267,2580,125,Business,561100,7.9,36,2025-12-05,2028-11-19,Closed
9175,5268,2745,124,Personal,236300,7.44,24,2024-11-02,2026-10-23,Closed
9176,5270,5676,132,Home,348500,7.88,12,2024-10-18,2025-10-13,Active
9177,5271,1970,123,Education,361900,10.17,240,2025-06-19,2045-03-06,Active
9178,5274,5082,130,Education,824600,9.59,120,2023-08-26,2033-07-04,Active
9179,5275,5422,136,Personal,864700,13.03,36,2025-06-21,2028-06-05,Closed
9180,5276,1875,141,Home,221300,12.32,48,2023-03-03,2027-02-10,Closed
9181,5277,4508,115,Business,466000,14.45,36,2025-09-18,2028-09-02,Active
9182,5278,3719,126,Personal,338600,15.06,48,2025-11-09,2029-10-19,Active
9183,5279,5190,107,Personal,550300,7.01,60,2023-08-18,2028-07-22,Active
9184,5280,1336,130,Education,434500,8.94,60,2023-10-19,2028-09-22,Closed
9185,5282,1164,125,Personal,1062800,7.66,60,2024-10-17,2029-09-21,Active
9186,5284,5464,123,Home,344900,9.61,24,2023-10-21,2025-10-10,Closed
9187,5285,1319,127,Personal,1369800,12.08,84,2025-11-16,2032-10-10,Closed
9188,5287,2855,137,Education,718500,9.26,48,2025-05-29,2029-05-08,Closed
9189,5289,3944,131,Business,1121700,8.61,36,2023-06-12,2026-05-27,Closed
9190,5291,4766,129,Business,1749000,10.29,48,2024-04-28,2028-04-07,Default
9191,5292,1187,117,Auto,419500,7.15,36,2024-09-23,2027-09-08,Active
9192,5296,2827,107,Personal,972800,15.27,60,2025-09-21,2030-08-26,Closed
9193,5299,2681,149,Business,133700,15.22,48,2024-06-04,2028-05-14,Closed
9194,5300,4808,104,Home,769300,8.14,120,2024-04-16,2034-02-23,Active
9195,5301,1122,145,Personal,1221800,8.61,36,2024-05-04,2027-04-19,Closed
9196,5304,2254,135,Auto,436200,11.81,36,2025-10-26,2028-10-10,Active
9197,5305,1017,118,Personal,292200,9.62,84,2023-02-15,2030-01-09,Active
9198,5306,5098,140,Personal,4474300,7.1,180,2024-01-17,2038-10-30,Active
9199,5307,1267,149,Education,1262900,7.46,60,2023-04-28,2028-04-01,Default
9200,5308,5019,105,Education,227800,12.72,24,2024-01-28,2026-01-17,Closed
9201,5310,1251,133,Home,214700,8.79,60,2025-10-04,2030-09-08,Default
9202,5311,5373,107,Business,449400,11.58,12,2025-07-15,2026-07-10,Closed
9203,5312,4607,143,Home,208900,9.35,240,2023-02-19,2042-11-06,Active
9204,5315,3272,122,Home,556700,11.46,24,2024-07-12,2026-07-02,Active
9205,5316,4623,144,Personal,774500,15.49,36,2025-11-04,2028-10-19,Closed
9206,5317,1941,144,Personal,136100,12.87,240,2025-08-28,2045-05-15,Active
9207,5318,4485,126,Education,4328700,9.95,84,2023-11-11,2030-10-05,Active
9208,5319,1473,127,Personal,421200,15.2,120,2024-01-18,2033-11-26,Active
9209,5320,1514,101,Education,1414800,7.29,12,2023-10-10,2024-10-04,Active
9210,5323,3502,143,Business,250000,8.45,48,2025-01-30,2029-01-09,Closed
9211,5324,3687,113,Home,3070700,11.24,120,2025-06-17,2035-04-26,Active
9212,5325,4903,110,Business,4201500,9.48,60,2024-07-27,2029-07-01,Active
9213,5326,4962,123,Home,359500,13.12,36,2024-11-24,2027-11-09,Active
9214,5327,3529,112,Auto,657200,7.29,12,2024-05-10,2025-05-05,Active
9215,5328,3123,147,Home,550900,9.33,240,2024-09-26,2044-06-13,Closed
9216,5329,3357,115,Auto,1405200,14.27,84,2023-03-11,2030-02-02,Closed
9217,5331,5056,112,Education,143900,10.42,60,2025-05-17,2030-04-21,Closed
9218,5332,3435,124,Personal,81900,8.73,36,2024-07-31,2027-07-16,Default
9219,5333,4347,149,Business,323100,11.41,36,2024-08-11,2027-07-27,Closed
9220,5336,4783,132,Personal,1010300,10.11,24,2026-01-15,2028-01-05,Active
9221,5342,3317,126,Auto,162500,9.4,120,2025-12-03,2035-10-12,Default
9222,5344,2220,116,Home,88700,14.21,48,2024-09-26,2028-09-05,Closed
9223,5345,2880,135,Home,629700,14.24,48,2025-11-15,2029-10-25,Active
9224,5346,4177,148,Personal,616100,10.56,180,2024-06-03,2039-03-17,Active
9225,5347,2801,140,Personal,129000,12.13,36,2025-12-24,2028-12-08,Active
9226,5348,2099,116,Education,597100,13.11,240,2025-01-08,2044-09-25,Active
9227,5349,2121,118,Auto,863200,12.98,120,2025-11-06,2035-09-15,Closed
9228,5350,4723,118,Education,1546900,9.83,180,2024-01-21,2038-11-03,Active
9229,5351,5124,116,Business,1859500,12.62,60,2024-07-24,2029-06-28,Active
9230,5353,3910,115,Personal,759600,14.81,12,2025-11-04,2026-10-30,Active
9231,5355,2608,123,Personal,583000,7.47,84,2025-05-02,2032-03-26,Closed
9232,5356,4099,135,Personal,698200,7.62,180,2023-04-24,2038-02-04,Default
9233,5357,1150,107,Education,374100,14.25,60,2023-01-30,2028-01-04,Closed
9234,5358,1682,108,Business,510900,12.12,180,2023-08-05,2038-05-18,Closed
9235,5360,1762,150,Personal,171400,7.23,24,2024-04-09,2026-03-30,Active
9236,5361,1183,105,Auto,815900,13.51,180,2024-03-25,2039-01-06,Active
9237,5363,1173,129,Personal,424400,7.9,120,2024-03-29,2034-02-05,Closed
9238,5366,1355,128,Personal,2660400,14.14,120,2025-09-10,2035-07-20,Default
9239,5368,3433,130,Education,544700,11.11,240,2023-12-03,2043-08-20,Closed
9240,5369,1733,137,Education,895800,9.48,240,2024-01-04,2043-09-21,Active
9241,5370,1920,126,Home,1236700,12.25,24,2026-01-16,2028-01-06,Closed
9242,5371,2335,113,Auto,245000,8.48,36,2023-05-17,2026-05-01,Active
9243,5372,5650,141,Personal,398800,11.57,36,2023-01-30,2026-01-14,Active
9244,5375,1874,145,Personal,133900,11.16,240,2026-01-03,2045-09-20,Closed
9245,5378,3543,117,Home,258900,9.04,48,2024-07-03,2028-06-12,Active
9246,5379,5520,146,Personal,782200,12.68,60,2023-08-05,2028-07-09,Closed
9247,5380,5937,145,Personal,630200,9.98,24,2025-08-17,2027-08-07,Active
9248,5381,1255,134,Home,961000,14.23,120,2024-04-11,2034-02-18,Closed
9249,5382,4835,129,Personal,722500,7.71,12,2023-02-10,2024-02-05,Active
9250,5383,5357,142,Auto,281600,13.55,36,2024-12-19,2027-12-04,Closed
9251,5385,3628,107,Education,573900,10.72,60,2023-02-15,2028-01-20,Active
9252,5389,1206,114,Education,2206800,9.65,240,2024-07-10,2044-03-27,Active
9253,5390,3130,136,Home,55600,14.98,60,2025-02-23,2030-01-28,Active
9254,5393,1267,116,Auto,1219700,8.7,84,2023-05-26,2030-04-19,Active
9255,5394,5847,115,Home,473300,10.6,180,2023-02-14,2037-11-27,Active
9256,5395,2767,140,Education,394000,10.94,60,2025-02-05,2030-01-10,Active
9257,5396,2764,107,Home,1837500,9.53,120,2025-01-25,2034-12-04,Active
9258,5400,1554,146,Personal,348900,7.76,240,2025-05-20,2045-02-04,Active
9259,5403,3677,136,Education,855600,14.69,84,2023-03-29,2030-02-20,Active
9260,5404,4797,133,Education,351300,14.6,48,2025-05-16,2029-04-25,Default
9261,5405,4843,145,Education,424500,12.35,240,2023-03-06,2042-11-21,Active
9262,5408,4429,143,Home,259900,9.76,36,2024-10-03,2027-09-18,Active
9263,5409,2057,106,Education,2568500,12.34,36,2025-08-12,2028-07-27,Active
9264,5410,1838,101,Personal,399600,15.2,24,2025-09-16,2027-09-06,Default
9265,5411,3613,123,Home,126500,14.51,84,2023-05-17,2030-04-10,Active
9266,5414,2522,135,Personal,1136800,8.41,24,2023-03-07,2025-02-24,Closed
9267,5415,3771,139,Personal,561500,13.94,24,2025-07-07,2027-06-27,Default
9268,5416,4797,106,Personal,1569000,13.78,36,2024-02-21,2027-02-05,Default
9269,5417,2022,110,Personal,227200,14.8,36,2024-10-07,2027-09-22,Closed
9270,5418,4121,115,Personal,1276800,7.4,24,2024-11-17,2026-11-07,Closed
9271,5419,4086,105,Education,728500,13.52,24,2025-04-07,2027-03-28,Closed
9272,5420,4790,112,Home,563400,11.64,84,2024-10-31,2031-09-25,Default
9273,5422,3841,132,Home,250200,11.58,180,2023-08-04,2038-05-17,Closed
9274,5425,4647,105,Home,440600,9.97,48,2024-10-07,2028-09-16,Closed
9275,5426,1432,142,Education,396200,13.68,48,2023-05-20,2027-04-29,Active
9276,5427,1567,102,Business,719100,10.6,84,2025-10-10,2032-09-03,Closed
9277,5428,1481,141,Home,676800,10.04,60,2024-02-21,2029-01-25,Closed
9278,5431,5272,133,Home,1044400,15.16,48,2023-09-20,2027-08-30,Active
9279,5433,4959,142,Personal,2408800,10.93,60,2026-01-06,2030-12-11,Closed
9280,5440,3996,106,Auto,514500,13.74,240,2025-05-31,2045-02-15,Closed
9281,5441,2971,126,Education,937000,8.18,60,2024-08-08,2029-07-13,Closed
9282,5442,1431,126,Education,933800,13.29,120,2025-02-22,2035-01-01,Active
9283,5443,5094,108,Education,310500,12.7,12,2024-08-12,2025-08-07,Closed
9284,5444,4664,125,Auto,1056300,11.34,36,2023-08-01,2026-07-16,Active
9285,5445,5416,123,Home,203300,8.17,84,2024-01-05,2030-11-29,Active
9286,5447,3119,138,Home,536200,8.02,84,2024-05-27,2031-04-21,Active
9287,5448,2112,117,Home,231000,12.75,12,2023-05-22,2024-05-16,Closed
9288,5451,3215,116,Home,353800,14.27,24,2025-02-20,2027-02-10,Active
9289,5452,5727,145,Home,482300,11.82,48,2024-11-22,2028-11-01,Active
9290,5453,1797,146,Home,2446100,10.92,36,2024-07-31,2027-07-16,Closed
9291,5456,2422,127,Home,294700,11.42,180,2024-01-16,2038-10-29,Closed
9292,5458,5103,125,Education,216500,8.33,60,2024-10-29,2029-10-03,Active
9293,5459,2746,132,Auto,329300,7.44,60,2023-08-16,2028-07-20,Active
9294,5460,5075,125,Personal,594000,14.05,84,2023-09-22,2030-08-16,Closed
9295,5462,1238,132,Personal,122500,14.19,84,2025-11-08,2032-10-02,Closed
9296,5463,3499,140,Personal,695100,13.4,48,2023-04-21,2027-03-31,Closed
9297,5467,2005,119,Business,553600,13.56,24,2023-11-03,2025-10-23,Active
9298,5469,3251,146,Auto,173200,8.82,48,2025-02-23,2029-02-02,Closed
9299,5471,3908,122,Personal,1789000,7.92,84,2025-07-10,2032-06-03,Default
9300,5472,5216,119,Auto,1042900,8.36,120,2024-10-05,2034-08-14,Active
9301,5473,5761,111,Personal,771300,12.43,48,2024-03-24,2028-03-03,Active
9302,5478,5727,122,Personal,936300,10.38,240,2023-04-22,2043-01-07,Default
9303,5480,1953,120,Home,275400,7.13,180,2024-10-25,2039-08-08,Active
9304,5483,2617,147,Personal,132900,15.08,120,2024-07-04,2034-05-13,Closed
9305,5485,4399,116,Auto,395100,8.96,120,2025-06-30,2035-05-09,Closed
9306,5486,3445,145,Auto,436700,7.04,12,2024-03-13,2025-03-08,Closed
9307,5488,1790,143,Home,42600,10.26,240,2025-01-14,2044-10-01,Active
9308,5490,4964,111,Personal,1414800,8.81,120,2023-07-09,2033-05-17,Closed
9309,5491,3382,147,Auto,229600,10.14,240,2024-07-04,2044-03-21,Default
9310,5495,3500,106,Home,101200,14.98,240,2025-06-14,2045-03-01,Active
9311,5497,4160,141,Home,208500,12.28,180,2024-12-18,2039-10-01,Closed
9312,5499,5718,103,Auto,203700,12.49,120,2023-06-06,2033-04-14,Active
9313,5500,5268,119,Business,223000,14.51,24,2023-03-18,2025-03-07,Active
9314,5504,3084,142,Business,1142500,7.97,84,2023-11-11,2030-10-05,Closed
9315,5505,2477,110,Education,863600,7.85,120,2025-02-19,2034-12-29,Closed
9316,5506,1225,132,Personal,230400,14.27,12,2023-11-07,2024-11-01,Closed
9317,5508,3978,121,Personal,436800,8.35,12,2025-03-30,2026-03-25,Closed
9318,5511,4365,131,Personal,549000,13.24,24,2025-07-14,2027-07-04,Active
9319,5512,3797,106,Home,905300,8.78,48,2024-10-04,2028-09-13,Closed
9320,5515,5463,146,Auto,282100,11.04,240,2026-01-18,2045-10-05,Active
9321,5516,2507,137,Business,365500,10.28,120,2024-10-15,2034-08-24,Active
9322,5518,2024,104,Home,166800,7.88,180,2024-10-12,2039-07-26,Active
9323,5519,2411,145,Auto,311800,12.71,36,2023-12-24,2026-12-08,Active
9324,5525,3190,135,Education,1172500,14.27,120,2023-03-22,2033-01-28,Closed
9325,5526,4347,113,Business,1787000,7.84,180,2025-10-17,2040-07-30,Default
9326,5528,2637,139,Auto,544700,10.04,48,2023-03-21,2027-02-28,Active
9327,5530,3829,112,Education,734000,7.24,24,2025-03-24,2027-03-14,Default
9328,5531,2569,143,Home,364300,9.01,240,2024-01-31,2043-10-18,Closed
9329,5532,2652,123,Education,42500,9.21,48,2024-05-17,2028-04-26,Active
9330,5533,4169,103,Personal,154300,13.95,180,2025-01-20,2039-11-03,Active
9331,5534,3377,150,Home,1686500,13.39,12,2023-04-06,2024-03-31,Closed
9332,5535,4791,117,Home,1119600,14.07,24,2024-05-05,2026-04-25,Active
9333,5536,4013,122,Business,467400,7.68,60,2023-04-12,2028-03-16,Closed
9334,5537,2397,146,Auto,762100,8.13,180,2023-02-09,2037-11-22,Active
9335,5538,4583,129,Business,311000,9.58,84,2024-02-24,2031-01-18,Active
9336,5539,3823,127,Education,341600,13.33,84,2023-07-15,2030-06-08,Active
9337,5542,3059,143,Personal,968500,7.21,48,2024-12-31,2028-12-10,Closed
9338,5545,4586,107,Auto,1096100,8.26,36,2023-03-24,2026-03-08,Default
9339,5546,5433,104,Business,501700,11.23,240,2024-05-07,2044-01-23,Active
9340,5547,5471,143,Education,138000,7.2,12,2023-02-17,2024-02-12,Active
9341,5548,2119,111,Home,510200,7.88,48,2024-06-30,2028-06-09,Closed
9342,5555,1225,133,Education,168700,9.71,60,2023-01-09,2027-12-14,Active
9343,5557,1408,135,Home,527400,9.03,240,2025-08-03,2045-04-20,Active
9344,5559,5805,128,Auto,400000,10.07,60,2024-12-25,2029-11-29,Active
9345,5561,2193,118,Education,1695400,13.42,60,2023-04-29,2028-04-02,Active
9346,5562,3867,106,Home,579000,8.85,84,2023-07-23,2030-06-16,Closed
9347,5564,2423,123,Personal,873000,12.32,60,2023-06-13,2028-05-17,Active
9348,5565,5280,134,Business,647400,14.49,12,2025-05-04,2026-04-29,Active
9349,5566,4274,116,Business,189800,9.59,120,2023-02-25,2033-01-03,Closed
9350,5567,5717,123,Auto,383300,7.42,12,2023-11-26,2024-11-20,Active
9351,5569,3050,135,Auto,46200,12.37,12,2023-10-01,2024-09-25,Active
9352,5570,3043,106,Auto,483400,13.09,12,2024-09-07,2025-09-02,Active
9353,5573,2194,124,Business,174300,11.05,180,2024-12-20,2039-10-03,Active
9354,5574,3819,115,Personal,590200,10.64,48,2025-04-29,2029-04-08,Closed
9355,5577,5178,150,Business,601500,13.34,60,2025-11-08,2030-10-13,Closed
9356,5578,2317,109,Home,117400,10.54,60,2024-01-07,2028-12-11,Closed
9357,5580,1879,146,Business,872400,7.04,24,2024-07-30,2026-07-20,Active
9358,5583,1595,108,Home,121800,14.56,24,2023-02-24,2025-02-13,Closed
9359,5584,3076,133,Business,170700,9.15,36,2025-04-26,2028-04-10,Closed
9360,5585,5281,126,Personal,493100,12.17,48,2023-09-18,2027-08-28,Closed
9361,5586,1668,117,Education,360100,11.72,84,2023-05-28,2030-04-21,Active
9362,5588,1217,131,Personal,278000,11.36,120,2023-09-03,2033-07-12,Closed
9363,5589,5704,111,Auto,2633200,9.09,36,2023-07-25,2026-07-09,Closed
9364,5591,5791,126,Education,1140800,13.29,36,2025-10-26,2028-10-10,Active
9365,5593,5568,104,Business,242900,9.09,120,2024-12-14,2034-10-23,Default
9366,5594,2362,108,Auto,1741300,14.98,12,2023-06-20,2024-06-14,Active
9367,5595,5481,124,Education,2313300,11.76,12,2024-02-27,2025-02-21,Default
9368,5599,4982,123,Business,1597400,13.55,48,2023-08-02,2027-07-12,Closed
9369,5602,5739,114,Personal,969900,13.33,12,2025-06-04,2026-05-30,Closed
9370,5605,5709,139,Education,1080800,15.23,180,2023-09-01,2038-06-14,Closed
9371,5607,1700,143,Education,1122700,11.52,84,2024-01-05,2030-11-29,Default
9372,5608,4318,119,Home,578700,7.47,84,2024-04-06,2031-03-01,Active
9373,5609,1353,102,Business,1000400,7.75,60,2024-03-12,2029-02-14,Closed
9374,5610,2842,104,Personal,401600,10.04,240,2023-10-14,2043-07-01,Closed
9375,5615,3470,144,Home,542500,10.06,240,2023-04-14,2042-12-30,Closed
9376,5617,1862,149,Home,430500,8.85,36,2024-07-25,2027-07-10,Default
9377,5618,1086,111,Auto,1355300,14.87,36,2025-07-01,2028-06-15,Active
9378,5621,5274,132,Business,1836000,11.02,120,2024-02-07,2033-12-16,Closed
9379,5622,2862,119,Auto,700700,14.67,36,2024-12-24,2027-12-09,Active
9380,5623,4165,125,Home,689200,7.47,84,2024-05-14,2031-04-08,Active
9381,5624,4782,150,Personal,603500,9.96,180,2025-11-08,2040-08-21,Active
9382,5625,2250,150,Home,264800,10.06,60,2024-04-07,2029-03-12,Default
9383,5626,5563,133,Education,2312900,7.32,240,2023-11-12,2043-07-30,Active
9384,5630,5985,113,Personal,1683800,12.5,60,2023-07-02,2028-06-05,Active
9385,5631,5076,141,Home,425300,8.21,12,2025-10-05,2026-09-30,Active
9386,5632,3139,103,Auto,1844900,9.95,120,2024-03-02,2034-01-09,Closed
9387,5637,5031,115,Home,988900,15.34,240,2025-10-14,2045-07-01,Closed
9388,5639,2897,130,Personal,1131400,14.91,60,2025-11-30,2030-11-04,Closed
9389,5640,3781,136,Auto,390100,9.22,180,2024-07-11,2039-04-24,Active
9390,5641,4206,111,Personal,394700,9.68,12,2023-03-09,2024-03-03,Active
9391,5642,1816,104,Personal,2173500,11.59,240,2025-05-23,2045-02-07,Closed
9392,5643,2551,142,Education,2811700,9.43,12,2023-05-14,2024-05-08,Active
9393,5646,4672,143,Personal,649000,13.17,60,2024-07-04,2029-06-08,Default
9394,5647,3210,128,Personal,1350400,11.82,48,2024-09-06,2028-08-16,Closed
9395,5648,4070,139,Auto,448800,11.02,36,2025-02-22,2028-02-07,Active
9396,5650,1024,149,Business,190600,15.14,180,2023-03-22,2038-01-02,Active
9397,5652,4497,130,Home,144700,8.85,120,2024-06-15,2034-04-24,Closed
9398,5653,3677,148,Auto,372200,14.3,180,2024-04-02,2039-01-14,Closed
9399,5654,4948,102,Home,382600,13.18,120,2024-02-04,2033-12-13,Active
9400,5655,5395,148,Personal,848000,8.71,24,2024-08-01,2026-07-22,Active
9401,5656,4079,114,Personal,1184700,8.57,240,2023-11-26,2043-08-13,Active
9402,5659,3118,119,Home,181000,11.91,60,2025-08-06,2030-07-11,Closed
9403,5660,3276,131,Home,1115400,7.68,24,2025-06-09,2027-05-30,Closed
9404,5661,1197,133,Personal,1947600,11.09,48,2023-12-08,2027-11-17,Closed
9405,5662,2538,110,Education,155200,9.87,24,2024-12-06,2026-11-26,Active
9406,5667,1817,104,Home,971200,14.23,120,2025-06-26,2035-05-05,Default
9407,5669,4539,140,Personal,361200,12.07,48,2025-08-15,2029-07-25,Closed
9408,5672,4388,136,Auto,232200,12.44,84,2024-11-23,2031-10-18,Default
9409,5673,5735,129,Personal,974100,9.78,48,2024-02-02,2028-01-12,Active
9410,5675,3390,142,Auto,514000,8.84,60,2024-07-24,2029-06-28,Closed
9411,5676,3203,149,Business,307900,11.56,24,2025-05-22,2027-05-12,Active
9412,5679,2883,113,Personal,328900,15.03,84,2025-12-24,2032-11-17,Default
9413,5680,3176,116,Personal,804900,12.06,36,2023-09-26,2026-09-10,Active
9414,5681,2403,146,Personal,1634400,7.16,24,2025-08-29,2027-08-19,Default
9415,5682,2988,131,Education,398200,15.19,60,2025-01-12,2029-12-17,Active
9416,5683,1096,138,Auto,616500,14.09,48,2024-01-12,2027-12-22,Active
9417,5685,3661,133,Personal,528100,14.51,240,2024-12-01,2044-08-18,Active
9418,5686,2142,149,Home,1096200,10.85,48,2023-12-21,2027-11-30,Default
9419,5688,4189,111,Home,410800,14.62,12,2025-05-07,2026-05-02,Active
9420,5689,4420,126,Home,366900,9.2,120,2026-01-11,2035-11-20,Closed
9421,5690,5320,104,Home,623200,13.81,12,2024-09-06,2025-09-01,Active
9422,5691,3296,134,Auto,431300,12.21,60,2025-10-22,2030-09-26,Closed
9423,5692,5019,138,Personal,261200,15.1,60,2025-04-14,2030-03-19,Active
9424,5696,1742,147,Business,158300,9.52,84,2025-05-20,2032-04-13,Default
9425,5697,2577,137,Personal,3285800,8.05,36,2023-07-14,2026-06-28,Closed
9426,5700,2788,108,Personal,598900,13.09,84,2024-10-30,2031-09-24,Closed
9427,5701,4097,143,Home,565500,15.38,180,2023-08-21,2038-06-03,Closed
9428,5702,1138,150,Education,264100,8.24,36,2023-07-21,2026-07-05,Active
9429,5703,3057,139,Business,1571300,7.86,36,2026-01-05,2028-12-20,Closed
9430,5707,5267,130,Home,307900,10.66,24,2023-11-03,2025-10-23,Active
9431,5709,5608,120,Home,813300,13.12,240,2024-10-23,2044-07-10,Closed
9432,5710,2920,116,Home,229300,12.07,48,2023-06-27,2027-06-06,Closed
9433,5711,5016,115,Personal,303500,14.99,84,2025-02-02,2031-12-28,Active
9434,5712,5471,104,Auto,851400,13.88,12,2023-09-23,2024-09-17,Closed
9435,5713,2896,136,Business,148500,11.87,60,2023-07-16,2028-06-19,Default
9436,5714,1204,127,Education,646800,10.07,60,2024-08-02,2029-07-07,Closed
9437,5716,1657,136,Business,131000,14.1,48,2024-09-15,2028-08-25,Default
9438,5717,2049,134,Personal,1149300,11.15,84,2025-06-20,2032-05-14,Default
9439,5718,4463,119,Personal,2839900,14.44,120,2025-03-21,2035-01-28,Active
9440,5719,4127,140,Home,381500,12.1,24,2025-06-19,2027-06-09,Active
9441,5720,4025,146,Business,338700,13.01,240,2024-11-07,2044-07-25,Closed
9442,5721,4616,148,Personal,682600,7.4,36,2024-07-28,2027-07-13,Default
9443,5724,1072,121,Home,845400,15.42,60,2024-01-08,2028-12-12,Default
9444,5728,5123,142,Auto,569800,13.41,180,2025-11-01,2040-08-14,Active
9445,5729,5180,121,Home,391600,11.95,36,2023-07-26,2026-07-10,Closed
9446,5730,3596,125,Business,635900,11.52,12,2023-06-22,2024-06-16,Closed
9447,5731,1074,117,Home,460200,12.1,240,2023-11-29,2043-08-16,Default
9448,5732,5586,118,Personal,258600,7.39,180,2023-03-02,2037-12-13,Active
9449,5733,4527,140,Auto,2023500,10.1,240,2025-04-03,2044-12-19,Closed
9450,5734,4320,143,Personal,124000,7.76,48,2025-12-07,2029-11-16,Closed
9451,5736,4639,127,Education,1094200,8.49,120,2025-08-09,2035-06-18,Closed
9452,5737,2360,104,Business,856000,9.83,240,2025-11-04,2045-07-22,Active
9453,5738,2278,131,Personal,489300,12.72,36,2024-01-06,2026-12-21,Active
9454,5740,5699,119,Home,278000,14.91,12,2024-11-01,2025-10-27,Closed
9455,5742,5928,117,Personal,162200,15.39,240,2023-05-26,2043-02-10,Default
9456,5744,1603,134,Auto,751400,13.38,60,2023-02-11,2028-01-16,Active
9457,5745,5889,135,Home,802900,9.28,12,2024-01-13,2025-01-07,Closed
9458,5746,2896,117,Personal,346200,9.74,120,2025-10-16,2035-08-25,Closed
9459,5751,2933,120,Home,368100,9.61,180,2023-04-16,2038-01-27,Active
9460,5752,2761,116,Business,1068900,14.13,24,2024-03-23,2026-03-13,Active
9461,5753,5293,105,Auto,1457300,13.58,36,2024-11-12,2027-10-28,Closed
9462,5754,1665,134,Education,308200,7.54,60,2024-11-18,2029-10-23,Active
9463,5755,4737,139,Auto,3002100,11.2,48,2024-06-16,2028-05-26,Closed
9464,5756,5108,107,Education,363200,12.46,12,2023-12-31,2024-12-25,Active
9465,5757,1963,109,Home,286500,7.13,24,2023-02-15,2025-02-04,Default
9466,5761,5952,114,Business,361000,12.05,180,2025-10-10,2040-07-23,Active
9467,5762,1473,116,Home,245300,15.0,24,2024-01-30,2026-01-19,Active
9468,5763,5207,144,Personal,318200,7.4,120,2023-02-05,2032-12-14,Active
9469,5764,3469,124,Home,1064100,8.45,24,2023-11-15,2025-11-04,Closed
9470,5765,5875,150,Personal,91700,7.88,48,2023-04-04,2027-03-14,Active
9471,5766,4496,108,Personal,875200,10.14,180,2024-04-30,2039-02-11,Closed
9472,5767,1247,147,Home,206600,10.14,120,2024-01-20,2033-11-28,Closed
9473,5768,3879,126,Home,2061500,15.12,60,2023-12-05,2028-11-08,Default
9474,5769,3070,117,Personal,2307700,13.8,180,2023-03-12,2037-12-23,Closed
9475,5770,5495,126,Personal,448900,12.42,36,2024-10-21,2027-10-06,Active
9476,5773,1326,144,Personal,166800,12.46,120,2023-12-26,2033-11-03,Closed
9477,5774,1602,143,Home,104400,12.67,180,2025-01-26,2039-11-09,Active
9478,5775,5742,144,Business,127500,8.45,24,2025-05-15,2027-05-05,Active
9479,5777,1811,142,Home,186900,10.01,48,2025-07-08,2029-06-17,Closed
9480,5778,1404,103,Business,4557900,12.5,180,2025-06-12,2040-03-25,Active
9481,5779,5690,107,Business,294900,7.28,240,2023-04-19,2043-01-04,Closed
9482,5780,3275,105,Home,247200,11.16,24,2023-05-09,2025-04-28,Active
9483,5782,4018,120,Home,795300,14.11,36,2024-02-13,2027-01-28,Default
9484,5785,4385,138,Business,727700,11.63,24,2023-12-23,2025-12-12,Closed
9485,5787,2985,140,Personal,618700,14.35,60,2025-06-27,2030-06-01,Closed
9486,5788,1154,105,Auto,582700,13.34,240,2024-04-17,2044-01-03,Closed
9487,5790,1733,125,Education,415200,11.58,60,2024-03-10,2029-02-12,Active
9488,5792,4108,109,Business,291700,10.2,120,2024-08-03,2034-06-12,Active
9489,5793,5218,145,Personal,128500,12.57,240,2025-10-09,2045-06-26,Active
9490,5797,4176,114,Education,737100,11.23,12,2024-05-02,2025-04-27,Closed
9491,5798,4154,111,Auto,1837900,15.45,36,2025-02-05,2028-01-21,Active
9492,5802,5327,118,Business,214100,12.19,48,2024-02-27,2028-02-06,Closed
9493,5804,4299,146,Personal,875600,9.14,60,2025-03-02,2030-02-04,Default
9494,5805,1728,121,Personal,809500,15.19,120,2025-08-19,2035-06-28,Active
9495,5806,4572,106,Home,611900,9.44,240,2024-12-10,2044-08-27,Active
9496,5807,4021,103,Auto,1736800,14.57,180,2025-05-06,2040-02-17,Closed
9497,5808,5959,110,Personal,624100,11.18,240,2023-01-20,2042-10-07,Closed
9498,5811,3014,121,Personal,951600,12.99,180,2023-11-15,2038-08-28,Closed
9499,5813,2834,109,Home,580600,8.71,120,2023-12-08,2033-10-16,Closed
9500,5814,5099,141,Home,510300,11.75,84,2023-03-14,2030-02-05,Closed
9501,5817,4938,118,Personal,188400,8.71,120,2024-05-07,2034-03-16,Closed
9502,5822,3694,134,Home,1088000,9.02,12,2026-01-19,2027-01-14,Closed
9503,5824,4919,150,Home,375500,8.38,48,2025-12-05,2029-11-14,Default
9504,5825,3250,114,Home,1371700,10.82,60,2025-10-23,2030-09-27,Active
9505,5827,1328,103,Personal,398300,11.37,60,2023-10-03,2028-09-06,Closed
9506,5830,1265,137,Auto,390100,9.23,180,2024-10-28,2039-08-11,Closed
9507,5831,2467,128,Personal,384700,12.21,60,2024-01-09,2028-12-13,Active
9508,5835,4414,142,Personal,631700,9.3,60,2025-11-18,2030-10-23,Active
9509,5837,2809,114,Auto,161900,11.43,60,2023-09-28,2028-09-01,Closed
9510,5839,3010,123,Business,1067900,12.83,180,2023-11-22,2038-09-04,Active
9511,5840,3034,112,Auto,1973600,7.51,180,2024-09-03,2039-06-17,Active
9512,5841,4195,117,Home,1325800,14.31,120,2024-01-04,2033-11-12,Closed
9513,5842,1550,136,Home,287200,10.04,120,2025-02-06,2034-12-16,Active
9514,5845,2514,139,Home,299400,11.39,240,2024-08-04,2044-04-21,Default
9515,5846,5874,145,Auto,227800,10.79,120,2024-03-14,2034-01-21,Closed
9516,5849,2265,135,Home,1373500,15.07,180,2025-06-25,2040-04-07,Active
9517,5851,2290,110,Education,855900,8.61,84,2025-03-27,2032-02-19,Active
9518,5855,3224,143,Home,126200,12.33,12,2023-10-29,2024-10-23,Active
9519,5857,4119,114,Education,166100,14.04,36,2025-11-17,2028-11-01,Closed
9520,5858,3841,125,Personal,496600,10.64,12,2024-12-26,2025-12-21,Active
9521,5859,4719,119,Home,168000,9.85,60,2024-10-18,2029-09-22,Active
9522,5860,2869,121,Personal,868200,7.96,240,2025-05-24,2045-02-08,Closed
9523,5861,5729,141,Auto,3601200,13.13,84,2025-05-06,2032-03-30,Closed
9524,5862,1167,130,Auto,359600,13.68,36,2023-09-20,2026-09-04,Closed
9525,5863,4627,139,Home,126400,9.67,240,2025-07-10,2045-03-27,Active
9526,5865,2127,112,Home,1334400,13.59,180,2024-10-17,2039-07-31,Closed
9527,5866,1086,140,Business,661300,7.85,84,2025-10-29,2032-09-22,Default
9528,5867,4778,110,Personal,7504600,10.66,120,2023-07-12,2033-05-20,Active
9529,5870,3715,113,Personal,117300,9.35,12,2023-08-03,2024-07-28,Closed
9530,5873,3927,103,Business,540800,9.34,180,2025-06-16,2040-03-29,Closed
9531,5875,2844,135,Auto,318900,14.91,240,2024-01-29,2043-10-16,Closed
9532,5876,4014,142,Personal,410600,13.6,240,2024-11-10,2044-07-28,Default
9533,5877,2242,134,Home,945700,13.51,24,2023-05-13,2025-05-02,Active
9534,5880,3910,101,Personal,98000,11.19,60,2023-05-16,2028-04-19,Closed
9535,5881,1590,103,Auto,913000,12.28,84,2025-08-22,2032-07-16,Active
9536,5882,5005,146,Auto,47300,13.68,60,2025-01-21,2029-12-26,Closed
9537,5883,4174,126,Personal,512900,9.27,120,2023-04-12,2033-02-18,Active
9538,5884,1030,130,Personal,682500,9.48,120,2025-09-22,2035-08-01,Active
9539,5885,4855,146,Home,445900,14.51,120,2023-06-09,2033-04-17,Closed
9540,5887,5249,104,Auto,976000,8.95,180,2025-01-19,2039-11-02,Closed
9541,5888,5774,137,Personal,712100,12.78,36,2023-11-09,2026-10-24,Closed
9542,5889,3091,108,Personal,670400,14.81,120,2023-12-07,2033-10-15,Default
9543,5890,2576,147,Business,330300,15.09,36,2025-06-19,2028-06-03,Default
9544,5892,3199,146,Education,4329600,9.58,12,2025-11-02,2026-10-28,Active
9545,5893,4562,139,Home,451100,15.08,48,2024-01-24,2028-01-03,Closed
9546,5895,2127,137,Home,2102500,8.17,240,2024-12-30,2044-09-16,Closed
9547,5899,4280,131,Business,1801400,9.06,60,2023-02-07,2028-01-12,Closed
9548,5900,2418,130,Personal,387800,10.41,84,2023-12-05,2030-10-29,Active
9549,5905,2834,126,Education,412900,13.46,12,2023-07-12,2024-07-06,Active
9550,5906,5693,116,Business,318000,7.76,48,2023-10-21,2027-09-30,Closed
9551,5907,5522,122,Education,143600,8.89,180,2023-11-08,2038-08-21,Default
9552,5909,4654,132,Personal,399800,11.05,48,2024-12-30,2028-12-09,Closed
9553,5910,1755,146,Home,632900,7.64,84,2024-04-04,2031-02-27,Default
9554,5911,4802,143,Home,645300,10.0,60,2026-01-09,2030-12-14,Closed
9555,5912,4451,113,Education,674500,12.22,12,2025-12-09,2026-12-04,Active
9556,5913,3532,125,Personal,395000,13.57,36,2025-06-04,2028-05-19,Default
9557,5914,5175,114,Personal,315200,11.26,24,2024-07-06,2026-06-26,Closed
9558,5918,4913,101,Home,1071500,10.81,120,2024-05-11,2034-03-20,Closed
9559,5919,1178,117,Auto,2385000,9.82,60,2023-01-24,2027-12-29,Active
9560,5924,4036,140,Business,178300,10.13,120,2025-05-03,2035-03-12,Active
9561,5926,4556,116,Education,279900,11.59,240,2024-12-03,2044-08-20,Active
9562,5928,2906,121,Home,851500,10.37,84,2025-10-06,2032-08-30,Default
9563,5929,1174,139,Home,667300,9.7,60,2024-08-04,2029-07-09,Closed
9564,5930,2846,150,Home,696800,12.3,240,2024-11-19,2044-08-06,Active
9565,5932,3558,145,Business,2292000,15.47,12,2024-07-08,2025-07-03,Active
9566,5933,3649,127,Personal,881700,9.49,60,2023-11-08,2028-10-12,Active
9567,5937,3726,107,Business,170200,8.02,48,2023-02-07,2027-01-17,Active
9568,5938,5185,128,Home,374800,8.25,84,2024-06-29,2031-05-24,Default
9569,5939,2067,131,Education,669800,12.16,84,2023-09-19,2030-08-13,Active
9570,5941,3344,142,Personal,472900,11.73,12,2023-06-15,2024-06-09,Closed
9571,5942,5437,135,Education,40000,7.91,240,2025-02-14,2044-11-01,Closed
9572,5943,3679,133,Business,162000,10.49,12,2024-09-08,2025-09-03,Active
9573,5944,2342,129,Personal,326700,14.26,60,2024-02-14,2029-01-18,Active
9574,5946,5267,144,Auto,394000,11.06,48,2023-06-10,2027-05-20,Active
9575,5947,4595,142,Home,623500,13.65,84,2025-09-16,2032-08-10,Active
9576,5949,5431,139,Personal,1921200,7.39,240,2023-05-23,2043-02-07,Closed
9577,5950,5175,124,Personal,668100,11.18,180,2024-03-17,2038-12-29,Active
9578,5951,5589,142,Home,366100,14.0,36,2025-05-10,2028-04-24,Closed
9579,5952,5251,136,Home,2094300,12.12,240,2025-11-15,2045-08-02,Active
9580,5955,2768,117,Personal,134800,7.97,84,2024-07-02,2031-05-27,Default
9581,5956,2389,106,Business,991900,14.52,36,2024-08-08,2027-07-24,Closed
9582,5957,1200,133,Personal,569600,8.57,120,2025-12-08,2035-10-17,Active
9583,5958,1512,148,Business,913100,13.05,36,2025-01-23,2028-01-08,Active
9584,5959,3733,148,Personal,1852500,7.62,36,2026-01-20,2029-01-04,Active
9585,5961,2064,144,Education,374200,11.58,48,2025-08-25,2029-08-04,Active
9586,5962,3772,126,Home,667000,9.55,120,2023-07-23,2033-05-31,Closed
9587,5966,3169,144,Education,1727600,15.3,84,2024-12-28,2031-11-22,Active
9588,5967,3464,107,Home,357900,14.65,180,2023-06-03,2038-03-16,Active
9589,5968,5382,137,Home,2429600,10.75,36,2025-04-17,2028-04-01,Active
9590,5969,4010,116,Education,407400,14.26,24,2024-03-19,2026-03-09,Active
9591,5970,1405,102,Personal,244100,9.03,24,2025-04-24,2027-04-14,Closed
9592,5971,5584,148,Personal,289100,11.42,60,2025-06-18,2030-05-23,Active
9593,5973,3793,123,Personal,569600,14.04,12,2025-03-25,2026-03-20,Active
9594,5977,3781,145,Personal,619100,12.82,48,2023-08-06,2027-07-16,Active
9595,5978,4335,141,Home,687600,10.81,240,2023-09-01,2043-05-19,Active
9596,5979,3447,139,Personal,383900,11.55,12,2023-12-11,2024-12-05,Default
9597,5980,1247,132,Auto,644500,9.47,12,2025-06-25,2026-06-20,Active
9598,5982,1628,136,Business,313500,11.79,60,2023-05-14,2028-04-17,Closed
9599,5983,3117,129,Personal,896200,8.15,12,2024-05-10,2025-05-05,Closed
9600,5984,5493,108,Auto,578600,13.43,120,2024-08-06,2034-06-15,Closed
9601,5985,1608,143,Home,798300,15.46,36,2023-07-02,2026-06-16,Active
9602,5986,3194,143,Education,570700,7.44,84,2024-06-16,2031-05-11,Active
9603,5987,3434,115,Personal,682200,13.74,120,2025-06-17,2035-04-26,Active
9604,5988,1298,114,Auto,795200,14.14,240,2024-06-09,2044-02-25,Default
9605,5989,4573,106,Education,3341600,7.29,48,2025-12-08,2029-11-17,Active
9606,5990,4294,113,Personal,350200,11.97,12,2024-01-16,2025-01-10,Active
9607,5991,2545,112,Auto,346900,14.59,180,2025-11-29,2040-09-11,Active
9608,5992,2483,127,Home,1869400,11.83,12,2023-05-05,2024-04-29,Active
9609,5994,1782,134,Personal,483800,12.0,240,2025-01-10,2044-09-27,Closed
9610,5996,4685,111,Personal,1134800,15.46,48,2023-11-27,2027-11-06,Active
9611,5998,4285,128,Home,258600,14.63,240,2024-10-19,2044-07-06,Closed
9612,6000,1083,107,Home,853700,12.39,60,2025-11-17,2030-10-22,Active
9613,6001,5451,135,Personal,588900,11.37,240,2025-10-28,2045-07-15,Active
9614,6002,2810,135,Auto,497500,8.63,60,2023-03-08,2028-02-10,Default
9615,6003,1141,120,Business,829400,14.17,60,2025-10-15,2030-09-19,Closed
9616,6005,3998,111,Auto,789200,9.43,60,2023-07-15,2028-06-18,Closed
9617,6009,5931,121,Home,411800,7.06,36,2024-11-23,2027-11-08,Closed
9618,6010,1931,102,Personal,134300,7.48,48,2025-08-13,2029-07-23,Active
9619,6011,3289,121,Home,463500,8.67,12,2023-09-29,2024-09-23,Closed
9620,6012,3672,127,Home,114600,13.91,120,2024-07-29,2034-06-07,Active
9621,6013,2017,142,Auto,178600,15.28,180,2024-08-04,2039-05-18,Active
9622,6014,2176,122,Personal,369500,13.09,48,2024-11-27,2028-11-06,Active
9623,6015,2021,125,Personal,266400,8.41,48,2025-05-16,2029-04-25,Active
9624,6018,3954,136,Business,706300,14.35,240,2025-03-19,2044-12-04,Closed
9625,6019,5883,131,Personal,1191300,13.89,12,2024-01-05,2024-12-30,Active
9626,6021,5197,116,Business,854100,14.22,48,2023-07-05,2027-06-14,Default
9627,6022,2548,148,Auto,432500,8.54,180,2024-11-30,2039-09-13,Active
9628,6025,1187,137,Business,1228200,11.39,48,2023-05-16,2027-04-25,Closed
9629,6026,4477,121,Business,146400,12.32,240,2023-12-18,2043-09-04,Closed
9630,6027,4033,129,Business,212700,12.76,240,2024-11-04,2044-07-22,Default
9631,6028,3931,101,Business,640800,12.82,84,2025-02-24,2032-01-19,Active
9632,6029,1047,141,Auto,508500,7.11,36,2024-07-20,2027-07-05,Closed
9633,6030,3869,103,Education,1334500,15.16,24,2023-08-09,2025-07-29,Closed
9634,6031,4913,145,Auto,456900,11.92,180,2025-09-29,2040-07-12,Closed
9635,6032,4038,126,Personal,284100,8.65,60,2023-09-30,2028-09-03,Active
9636,6033,4306,135,Personal,317100,13.51,48,2025-09-10,2029-08-20,Closed
9637,6034,5519,109,Home,345100,7.46,60,2023-10-09,2028-09-12,Closed
9638,6035,2614,128,Home,675500,8.4,48,2023-02-21,2027-01-31,Active
9639,6036,3489,109,Home,644800,10.37,84,2025-09-21,2032-08-15,Active
9640,6037,3154,113,Personal,1292100,11.79,180,2025-03-03,2039-12-15,Active
9641,6038,2701,123,Auto,178500,10.55,48,2024-12-08,2028-11-17,Active
9642,6039,2437,149,Business,316000,9.58,240,2023-02-16,2042-11-03,Active
9643,6041,5242,141,Personal,835400,13.26,60,2023-12-23,2028-11-26,Active
9644,6042,3692,144,Auto,1307900,7.06,48,2025-09-20,2029-08-30,Active
9645,6043,4585,138,Auto,934900,12.77,24,2024-05-02,2026-04-22,Active
9646,6045,4837,103,Education,2102700,15.07,120,2023-03-13,2033-01-19,Active
9647,6046,3584,121,Business,238300,8.28,48,2026-01-05,2029-12-15,Default
9648,6047,3346,143,Home,617000,14.27,120,2023-02-02,2032-12-11,Default
9649,6048,3159,131,Business,2052100,8.58,240,2024-11-13,2044-07-31,Active
9650,6050,1581,145,Business,649700,10.58,180,2024-11-06,2039-08-20,Active
9651,6052,5626,146,Business,1418000,15.29,240,2024-12-04,2044-08-21,Active
9652,6053,4812,147,Home,183200,13.69,48,2023-04-02,2027-03-12,Active
9653,6055,2937,115,Auto,747600,10.05,36,2024-01-01,2026-12-16,Active
9654,6056,2668,117,Home,969400,9.97,24,2024-09-04,2026-08-25,Closed
9655,6058,1219,114,Education,949400,9.74,24,2024-04-21,2026-04-11,Active
9656,6059,1892,116,Personal,1042700,10.08,180,2025-07-02,2040-04-14,Active
9657,6061,4587,142,Home,400900,15.29,240,2023-06-11,2043-02-26,Closed
9658,6062,3329,117,Personal,160200,9.9,84,2024-08-13,2031-07-08,Closed
9659,6063,1844,126,Home,216500,10.78,48,2025-04-25,2029-04-04,Active
9660,6064,5108,148,Auto,1355800,8.8,60,2025-07-31,2030-07-05,Active
9661,6065,2969,114,Personal,646200,12.43,60,2024-02-03,2029-01-07,Active
9662,6067,4838,145,Personal,345800,14.08,60,2025-01-11,2029-12-16,Active
9663,6069,5328,136,Education,1341600,9.43,12,2025-09-12,2026-09-07,Closed
9664,6070,2802,122,Home,282200,8.81,48,2024-09-19,2028-08-29,Active
9665,6074,2939,103,Education,625300,10.84,24,2024-02-06,2026-01-26,Active
9666,6076,1195,103,Personal,589200,12.82,84,2023-02-12,2030-01-06,Default
9667,6077,4097,115,Business,189000,10.46,240,2025-03-04,2044-11-19,Closed
9668,6079,2505,104,Home,665400,8.26,12,2024-03-01,2025-02-24,Closed
9669,6080,1865,132,Personal,1035100,8.53,24,2024-08-06,2026-07-27,Active
9670,6082,2684,116,Auto,169500,9.44,36,2025-04-04,2028-03-19,Active
9671,6085,3308,130,Home,2601700,14.09,240,2024-11-30,2044-08-17,Closed
9672,6087,2542,133,Personal,513700,11.33,60,2025-01-24,2029-12-29,Active
9673,6088,5148,137,Home,588300,12.0,60,2023-10-23,2028-09-26,Active
9674,6089,5883,108,Personal,377700,8.71,84,2025-03-10,2032-02-02,Active
9675,6094,2925,131,Auto,682100,12.56,60,2024-04-01,2029-03-06,Closed
9676,6095,2962,130,Business,369500,14.13,12,2023-12-21,2024-12-15,Default
9677,6096,4837,138,Personal,361000,8.7,240,2023-08-16,2043-05-03,Default
9678,6102,1628,103,Education,372200,7.5,48,2024-02-16,2028-01-26,Closed
9679,6104,5189,120,Business,1690500,12.64,60,2025-03-16,2030-02-18,Closed
9680,6105,3266,105,Education,588200,13.93,120,2024-11-07,2034-09-16,Active
9681,6107,4768,146,Home,254400,12.82,48,2025-11-26,2029-11-05,Active
9682,6109,5794,143,Business,158900,10.64,36,2024-10-02,2027-09-17,Closed
9683,6110,1975,105,Education,2567500,12.55,240,2025-01-24,2044-10-11,Default
9684,6113,5384,102,Auto,1214400,15.47,84,2025-06-30,2032-05-24,Default
9685,6114,5715,126,Auto,182200,12.3,84,2025-05-19,2032-04-12,Closed
9686,6117,5696,116,Auto,267000,11.49,36,2025-01-01,2027-12-17,Closed
9687,6118,3025,140,Personal,589400,11.59,180,2023-10-27,2038-08-09,Active
9688,6120,4269,149,Home,301300,10.99,84,2024-10-05,2031-08-30,Active
9689,6123,4120,132,Business,2234500,12.85,84,2023-11-09,2030-10-03,Active
9690,6124,2346,102,Personal,1587500,14.18,60,2023-08-25,2028-07-29,Active
9691,6125,4262,141,Education,140800,13.13,12,2025-04-05,2026-03-31,Active
9692,6126,2758,127,Auto,258600,8.92,240,2025-11-28,2045-08-15,Active
9693,6127,3744,144,Home,1786500,10.12,48,2025-08-17,2029-07-27,Closed
9694,6128,5980,145,Home,706500,12.02,24,2023-10-31,2025-10-20,Closed
9695,6129,2700,115,Auto,567300,15.44,240,2024-04-27,2044-01-13,Active
9696,6130,2543,123,Education,1079000,7.58,180,2024-01-07,2038-10-20,Active
9697,6133,4348,122,Personal,247800,8.6,240,2023-07-19,2043-04-05,Active
9698,6134,1418,120,Personal,542100,13.59,60,2024-07-22,2029-06-26,Active
9699,6136,3775,101,Home,1633200,8.63,84,2025-04-21,2032-03-15,Active
9700,6137,2185,135,Personal,405700,12.72,12,2025-09-30,2026-09-25,Default
9701,6140,1163,129,Home,53200,15.45,12,2025-01-07,2026-01-02,Active
9702,6142,5429,122,Business,364500,12.45,12,2024-02-17,2025-02-11,Closed
9703,6143,4681,129,Personal,206000,11.07,60,2025-10-08,2030-09-12,Active
9704,6144,1525,122,Personal,163500,14.08,84,2025-06-03,2032-04-27,Active
9705,6148,4323,111,Home,77200,13.56,36,2025-05-01,2028-04-15,Active
9706,6151,4693,121,Personal,936900,13.04,36,2024-04-19,2027-04-04,Default
9707,6152,4465,145,Personal,220500,8.0,240,2024-09-19,2044-06-06,Closed
9708,6155,2721,111,Education,107900,12.37,84,2023-02-18,2030-01-12,Closed
9709,6156,5800,122,Home,173800,7.11,180,2025-08-07,2040-05-20,Active
9710,6157,4497,146,Personal,955000,7.48,12,2025-10-08,2026-10-03,Active
9711,6158,1909,143,Business,176200,7.33,12,2023-08-05,2024-07-30,Closed
9712,6160,1328,109,Education,710800,7.93,240,2023-08-11,2043-04-28,Closed
9713,6161,1455,107,Home,190900,10.68,240,2024-02-19,2043-11-06,Active
9714,6163,2156,104,Home,548000,15.04,12,2025-11-30,2026-11-25,Active
9715,6164,2975,135,Personal,1633100,7.64,24,2025-05-09,2027-04-29,Active
9716,6169,5034,112,Auto,441800,13.13,48,2023-10-04,2027-09-13,Default
9717,6172,4663,142,Home,1702000,11.31,240,2023-08-30,2043-05-17,Active
9718,6173,4733,139,Auto,1217300,9.34,60,2025-06-03,2030-05-08,Closed
9719,6174,3416,127,Business,827600,9.69,120,2024-12-20,2034-10-29,Closed
9720,6175,5187,137,Education,110600,7.19,36,2024-10-07,2027-09-22,Active
9721,6178,3187,129,Personal,315300,12.95,24,2023-12-26,2025-12-15,Default
9722,6181,3070,116,Personal,2139900,7.85,120,2024-09-27,2034-08-06,Active
9723,6183,5556,150,Education,2417000,7.29,240,2025-04-15,2044-12-31,Active
9724,6184,4673,113,Personal,5614400,10.98,84,2025-09-18,2032-08-12,Closed
9725,6186,1114,107,Home,312300,11.06,48,2024-01-05,2027-12-15,Closed
9726,6187,2905,130,Education,406300,12.57,240,2024-09-22,2044-06-09,Closed
9727,6188,2521,110,Auto,538600,13.0,84,2023-02-06,2029-12-31,Active
9728,6189,2506,137,Education,200400,11.32,48,2023-01-28,2027-01-07,Default
9729,6190,3588,139,Auto,1640900,13.02,48,2024-08-10,2028-07-20,Active
9730,6191,1921,130,Personal,1815800,9.13,60,2024-12-31,2029-12-05,Closed
9731,6192,4794,136,Auto,138900,8.22,240,2023-11-18,2043-08-05,Active
9732,6193,2309,146,Home,942600,14.92,180,2024-07-07,2039-04-20,Active
9733,6194,2070,112,Personal,177600,10.17,12,2024-05-24,2025-05-19,Closed
9734,6195,5748,133,Personal,776100,7.77,36,2024-07-27,2027-07-12,Active
9735,6196,5552,147,Personal,246500,14.03,36,2024-05-29,2027-05-14,Default
9736,6197,5488,101,Home,1227800,12.21,36,2025-03-18,2028-03-02,Active
9737,6198,4285,146,Personal,1420400,12.03,36,2025-02-25,2028-02-10,Active
9738,6199,5508,123,Education,652900,8.13,36,2025-11-30,2028-11-14,Active
9739,6200,2183,143,Personal,2218700,13.44,24,2023-11-10,2025-10-30,Active
9740,6201,1911,125,Education,374700,8.73,36,2024-05-24,2027-05-09,Closed
9741,6202,2980,138,Auto,919000,7.36,60,2024-10-05,2029-09-09,Active
9742,6203,1551,116,Auto,796300,8.37,120,2025-02-16,2034-12-26,Active
9743,6205,4543,113,Personal,957000,12.95,48,2023-11-12,2027-10-22,Active
9744,6206,2941,135,Education,1109000,13.72,12,2025-07-30,2026-07-25,Default
9745,6207,4182,109,Home,287400,9.1,120,2025-01-12,2034-11-21,Active
9746,6209,1443,129,Education,431100,9.68,12,2023-09-07,2024-09-01,Closed
9747,6210,2359,112,Business,585200,8.38,120,2024-11-08,2034-09-17,Closed
9748,6211,3894,149,Home,2304500,10.85,24,2023-12-10,2025-11-29,Active
9749,6212,1916,142,Home,206600,8.87,36,2023-01-15,2025-12-30,Closed
9750,6213,4645,137,Home,1748000,15.36,120,2025-05-17,2035-03-26,Default
9751,6214,1544,135,Personal,323900,13.52,24,2023-03-24,2025-03-13,Active
9752,6215,5996,104,Home,330500,12.08,60,2024-08-03,2029-07-08,Active
9753,6217,2771,105,Business,505200,13.13,24,2023-10-07,2025-09-26,Closed
9754,6218,4879,125,Personal,616300,8.42,12,2024-10-29,2025-10-24,Active
9755,6220,1023,128,Business,73400,13.32,120,2024-07-24,2034-06-02,Closed
9756,6222,3354,146,Home,395700,9.94,180,2023-10-24,2038-08-06,Active
9757,6223,3540,116,Auto,217500,10.99,12,2025-09-16,2026-09-11,Active
9758,6224,5680,120,Auto,466600,14.52,84,2025-03-19,2032-02-11,Active
9759,6225,4297,107,Personal,521200,15.03,120,2025-07-18,2035-05-27,Default
9760,6228,2553,137,Auto,1423800,13.53,60,2024-07-24,2029-06-28,Active
9761,6230,4362,117,Home,607700,13.52,24,2024-08-06,2026-07-27,Active
9762,6232,2971,143,Education,175300,13.33,60,2025-06-03,2030-05-08,Active
9763,6233,3409,117,Personal,357300,12.32,180,2024-09-10,2039-06-24,Closed
9764,6234,3328,150,Home,336100,8.66,12,2023-05-22,2024-05-16,Active
9765,6235,5874,127,Personal,316100,12.0,84,2024-07-13,2031-06-07,Default
9766,6236,2029,121,Business,152000,7.48,84,2023-05-23,2030-04-16,Active
9767,6237,5073,134,Education,283300,7.26,120,2024-06-24,2034-05-03,Closed
9768,6238,4224,149,Home,1486500,14.12,36,2025-06-13,2028-05-28,Default
9769,6239,5078,140,Education,103500,11.59,24,2023-10-21,2025-10-10,Closed
9770,6240,3611,120,Home,927500,7.14,84,2023-07-17,2030-06-10,Active
9771,6242,2668,142,Home,4141900,9.32,48,2023-09-12,2027-08-22,Closed
9772,6243,1136,132,Home,471600,12.8,60,2024-07-22,2029-06-26,Closed
9773,6244,5615,145,Personal,665300,14.98,48,2023-03-31,2027-03-10,Active
9774,6246,1342,138,Personal,233200,14.17,24,2024-04-03,2026-03-24,Closed
9775,6251,1964,122,Personal,985500,10.78,36,2024-07-17,2027-07-02,Active
9776,6252,2622,115,Business,1803800,9.43,60,2023-11-30,2028-11-03,Active
9777,6253,2725,136,Business,542200,9.64,36,2024-05-16,2027-05-01,Closed
9778,6254,1377,150,Business,163200,13.24,24,2024-01-08,2025-12-28,Active
9779,6256,1328,128,Personal,937700,13.84,240,2024-08-17,2044-05-04,Active
9780,6259,4254,102,Auto,514600,10.11,120,2025-07-25,2035-06-03,Active
9781,6260,5602,133,Home,273700,12.29,180,2024-09-30,2039-07-14,Active
9782,6261,5964,137,Home,210100,13.34,180,2023-02-09,2037-11-22,Closed
9783,6262,5800,122,Auto,119400,14.19,240,2024-03-03,2043-11-19,Active
9784,6264,5036,128,Home,285800,12.45,60,2024-07-10,2029-06-14,Closed
9785,6265,1909,110,Personal,766600,14.35,36,2024-06-24,2027-06-09,Active
9786,6269,1277,116,Personal,195500,9.39,180,2025-01-15,2039-10-29,Active
9787,6272,5057,150,Personal,662200,12.94,12,2023-11-29,2024-11-23,Active
9788,6275,1840,114,Home,514800,10.42,48,2023-05-22,2027-05-01,Active
9789,6277,2366,135,Personal,475900,14.89,24,2024-02-03,2026-01-23,Active
9790,6278,5110,127,Auto,582200,8.86,24,2024-04-26,2026-04-16,Active
9791,6279,2159,111,Education,1083000,13.69,12,2023-02-13,2024-02-08,Active
9792,6280,2724,107,Personal,719400,14.92,48,2025-11-13,2029-10-23,Closed
9793,6281,5062,140,Business,271300,12.8,48,2025-10-16,2029-09-25,Active
9794,6282,1567,143,Personal,694100,13.71,24,2023-11-11,2025-10-31,Default
9795,6285,4373,134,Personal,66400,14.53,24,2023-02-03,2025-01-23,Active
9796,6288,4684,105,Personal,170300,9.63,240,2025-07-13,2045-03-30,Active
9797,6289,4231,139,Home,146400,8.06,84,2025-05-12,2032-04-05,Closed
9798,6291,2224,124,Education,162100,14.96,120,2023-11-28,2033-10-06,Closed
9799,6292,4137,126,Personal,913800,7.32,120,2023-11-11,2033-09-19,Active
9800,6296,1079,135,Home,51800,11.12,84,2024-06-10,2031-05-05,Active
9801,6301,1267,146,Auto,1219700,9.74,48,2025-01-27,2029-01-06,Closed
9802,6302,1229,122,Auto,820200,11.71,84,2025-09-22,2032-08-16,Closed
9803,6304,3605,141,Personal,386800,15.41,240,2025-01-17,2044-10-04,Default
9804,6305,4144,104,Personal,874700,7.39,240,2023-01-20,2042-10-07,Active
9805,6306,4871,138,Auto,350400,13.54,180,2024-12-19,2039-10-02,Active
9806,6307,1597,120,Business,716300,7.21,48,2024-02-10,2028-01-20,Closed
9807,6309,1835,137,Business,354800,9.22,12,2024-02-28,2025-02-22,Active
9808,6312,2922,103,Auto,102600,13.0,180,2024-04-15,2039-01-27,Active
9809,6313,5936,136,Education,537400,9.34,84,2024-12-08,2031-11-02,Active
9810,6314,3625,104,Education,427600,12.19,180,2023-10-02,2038-07-15,Active
9811,6315,1917,106,Home,139600,15.22,36,2024-11-30,2027-11-15,Active
9812,6317,2975,150,Business,588100,14.44,24,2023-12-14,2025-12-03,Active
9813,6318,5488,112,Personal,7403100,14.11,12,2025-12-10,2026-12-05,Active
9814,6319,4092,101,Personal,409300,8.65,24,2024-07-27,2026-07-17,Closed
9815,6320,1333,124,Home,332000,9.31,36,2023-06-01,2026-05-16,Closed
9816,6321,3240,119,Personal,151300,13.69,24,2025-03-25,2027-03-15,Active
9817,6322,1295,104,Auto,1140200,13.21,84,2025-03-24,2032-02-16,Active
9818,6324,2739,131,Personal,167100,9.48,36,2024-10-09,2027-09-24,Active
9819,6326,3393,104,Education,269400,10.65,36,2024-02-27,2027-02-11,Active
9820,6328,4869,120,Auto,823700,12.51,12,2026-01-17,2027-01-12,Active
9821,6331,5645,146,Personal,2959900,11.47,180,2024-12-26,2039-10-09,Closed
9822,6333,5714,136,Personal,351000,10.88,60,2025-05-27,2030-05-01,Closed
9823,6336,1691,103,Education,2584000,7.85,48,2024-09-14,2028-08-24,Closed
9824,6337,4919,128,Personal,690200,10.7,24,2025-03-19,2027-03-09,Closed
9825,6339,1294,129,Business,361900,15.43,24,2024-05-13,2026-05-03,Active
9826,6342,3854,118,Home,417500,9.91,36,2025-06-27,2028-06-11,Active
9827,6343,4911,110,Education,2392600,12.9,120,2024-04-15,2034-02-22,Closed
9828,6345,5702,112,Business,811100,11.3,180,2025-10-09,2040-07-22,Active
9829,6349,3858,113,Education,1337200,13.76,240,2023-07-24,2043-04-10,Closed
9830,6352,5854,137,Home,1840000,13.36,12,2024-06-18,2025-06-13,Closed
9831,6354,1610,123,Personal,274500,15.03,12,2025-11-03,2026-10-29,Active
9832,6356,2505,133,Personal,78600,12.53,84,2023-06-18,2030-05-12,Closed
9833,6358,4232,102,Home,883600,15.06,180,2025-06-03,2040-03-16,Default
9834,6360,1655,130,Personal,800300,7.35,60,2023-05-02,2028-04-05,Active
9835,6361,3940,135,Home,1229600,10.46,48,2025-09-06,2029-08-16,Closed
9836,6362,1151,130,Education,216900,12.74,240,2024-05-04,2044-01-20,Active
9837,6363,2979,120,Home,406800,11.08,24,2023-08-13,2025-08-02,Closed
9838,6364,4607,126,Personal,687400,14.92,36,2023-05-10,2026-04-24,Closed
9839,6366,2818,134,Personal,802400,8.19,24,2025-12-13,2027-12-03,Active
9840,6367,1753,146,Home,436300,11.08,120,2025-02-11,2034-12-21,Closed
9841,6372,4674,149,Business,3073000,14.28,120,2023-09-25,2033-08-03,Active
9842,6374,4410,124,Home,562800,13.44,48,2024-03-23,2028-03-02,Closed
9843,6375,2891,117,Home,476300,13.73,240,2024-01-06,2043-09-23,Active
9844,6377,1977,134,Education,154600,10.93,120,2023-04-01,2033-02-07,Active
9845,6378,4768,146,Personal,1210700,9.88,36,2023-12-12,2026-11-26,Active
9846,6381,5463,120,Business,1849100,11.3,48,2023-02-11,2027-01-21,Active
9847,6382,3222,137,Personal,654100,8.71,12,2024-10-20,2025-10-15,Closed
9848,6385,2630,106,Personal,158700,12.45,180,2023-01-29,2037-11-11,Closed
9849,6386,4725,135,Auto,231800,13.68,12,2023-05-29,2024-05-23,Closed
9850,6388,5754,108,Auto,259900,7.61,36,2023-08-19,2026-08-03,Active
9851,6389,5360,127,Home,249300,12.09,180,2025-02-06,2039-11-20,Active
9852,6390,5265,148,Education,1116100,11.89,120,2023-02-01,2032-12-10,Closed
9853,6391,5413,102,Auto,611200,9.24,120,2025-07-02,2035-05-11,Closed
9854,6393,1213,109,Home,535900,15.46,180,2024-12-08,2039-09-21,Default
9855,6394,5064,123,Home,350900,11.25,180,2023-05-24,2038-03-06,Active
9856,6396,4010,124,Personal,431900,14.55,36,2023-10-15,2026-09-29,Default
9857,6399,3171,122,Personal,880200,8.62,12,2026-01-08,2027-01-03,Active
9858,6401,4290,114,Personal,397100,13.37,84,2023-11-21,2030-10-15,Closed
9859,6402,3601,121,Auto,161500,7.67,60,2025-01-13,2029-12-18,Active
9860,6405,3572,112,Home,952900,7.58,84,2025-11-28,2032-10-22,Active
9861,6407,1233,139,Home,552000,8.63,36,2025-04-15,2028-03-30,Closed
9862,6408,5384,136,Personal,439700,13.27,24,2024-12-23,2026-12-13,Closed
9863,6409,4570,133,Personal,348800,15.47,36,2025-04-13,2028-03-28,Active
9864,6411,5810,101,Home,2495700,13.89,12,2023-09-27,2024-09-21,Active
9865,6412,1832,123,Auto,309100,10.61,48,2023-07-14,2027-06-23,Active
9866,6415,3218,143,Home,448000,12.47,48,2023-10-24,2027-10-03,Closed
9867,6416,2235,150,Home,527900,11.03,60,2024-12-24,2029-11-28,Active
9868,6419,1022,150,Business,630000,9.1,12,2023-09-03,2024-08-28,Active
9869,6420,4878,103,Personal,524900,12.23,180,2023-05-17,2038-02-27,Closed
9870,6421,5128,123,Auto,393200,11.5,36,2023-10-16,2026-09-30,Default
9871,6423,1345,150,Home,948800,11.57,84,2025-03-19,2032-02-11,Closed
9872,6424,2161,114,Personal,2172900,7.54,48,2024-09-07,2028-08-17,Active
9873,6425,1484,109,Personal,209600,8.03,48,2025-11-18,2029-10-28,Closed
9874,6426,5018,143,Personal,820000,11.25,12,2023-02-03,2024-01-29,Active
9875,6427,2829,147,Personal,3332100,10.05,60,2024-06-12,2029-05-17,Closed
9876,6428,2885,127,Home,853800,10.61,180,2025-06-05,2040-03-18,Active
9877,6429,4500,147,Personal,1076400,10.32,180,2024-09-04,2039-06-18,Active
9878,6430,4054,116,Business,563700,13.05,36,2023-04-18,2026-04-02,Active
9879,6432,5863,125,Personal,249900,8.52,36,2024-10-05,2027-09-20,Active
9880,6437,2614,128,Home,2110100,15.01,12,2024-05-29,2025-05-24,Default
9881,6439,3101,125,Personal,194100,11.0,240,2025-11-10,2045-07-28,Closed
9882,6440,1809,131,Personal,210700,9.89,120,2023-06-05,2033-04-13,Active
9883,6441,5612,123,Home,358500,7.18,180,2024-10-25,2039-08-08,Default
9884,6444,5581,111,Home,2169900,10.02,12,2023-03-16,2024-03-10,Active
9885,6447,2139,146,Home,358500,12.32,48,2025-02-28,2029-02-07,Active
9886,6449,2903,142,Personal,283500,13.78,84,2025-07-03,2032-05-27,Closed
9887,6451,2585,134,Education,177900,13.22,48,2024-07-01,2028-06-10,Default
9888,6453,5369,112,Personal,1066300,11.87,36,2024-07-31,2027-07-16,Active
9889,6454,5761,127,Personal,567500,10.71,36,2023-02-05,2026-01-20,Closed
9890,6455,2406,127,Personal,1300400,11.47,48,2025-09-08,2029-08-18,Active
9891,6456,4294,144,Auto,190500,15.18,120,2023-02-06,2032-12-15,Closed
9892,6460,5083,145,Personal,81000,15.21,12,2025-11-03,2026-10-29,Closed
9893,6462,4285,120,Auto,1820200,13.83,12,2023-08-10,2024-08-04,Active
9894,6466,4345,109,Auto,939100,8.42,84,2024-01-22,2030-12-16,Closed
9895,6467,1983,108,Personal,729300,14.94,60,2023-08-29,2028-08-02,Active
9896,6468,4133,149,Home,2880600,12.51,48,2024-12-23,2028-12-02,Default
9897,6469,5443,113,Personal,136700,11.06,48,2024-08-12,2028-07-22,Active
9898,6472,2345,141,Business,292900,11.77,36,2023-12-10,2026-11-24,Closed
9899,6474,3466,101,Personal,448800,11.05,120,2024-09-06,2034-07-16,Active
9900,6476,4312,101,Home,1129600,11.06,48,2024-11-27,2028-11-06,Active
9901,6478,5829,142,Education,768500,10.67,24,2024-05-15,2026-05-05,Closed
9902,6479,1429,134,Auto,1217900,14.61,84,2025-03-28,2032-02-20,Closed
9903,6482,3598,131,Auto,658100,10.87,36,2025-04-12,2028-03-27,Default
9904,6483,1577,104,Auto,2622500,8.87,48,2025-04-06,2029-03-16,Closed
9905,6484,4263,115,Personal,225500,8.94,12,2024-02-02,2025-01-27,Closed
9906,6487,5553,115,Personal,461000,8.12,120,2023-08-06,2033-06-14,Active
9907,6488,2293,139,Personal,853000,11.71,60,2024-01-23,2028-12-27,Active
9908,6489,3292,120,Auto,1722000,9.76,48,2023-09-15,2027-08-25,Active
9909,6491,1804,104,Business,146100,11.91,24,2025-07-08,2027-06-28,Default
9910,6493,2133,122,Education,982700,14.91,84,2024-09-06,2031-08-01,Closed
9911,6494,4513,114,Home,635800,15.12,60,2025-03-03,2030-02-05,Active
9912,6496,4004,121,Home,217900,9.6,180,2024-06-12,2039-03-26,Default
9913,6497,5195,125,Home,301800,8.87,24,2023-10-28,2025-10-17,Active
9914,6500,2128,121,Home,507900,7.47,120,2025-02-02,2034-12-12,Closed
9915,6502,5723,138,Home,500600,9.32,12,2025-07-18,2026-07-13,Active
9916,6503,5142,108,Education,1256000,11.3,24,2023-06-14,2025-06-03,Active
9917,6504,1574,126,Business,170000,12.12,12,2024-08-20,2025-08-15,Active
9918,6505,5722,146,Auto,947600,7.83,60,2024-08-05,2029-07-10,Closed
9919,6507,4994,110,Education,3326700,9.09,12,2025-12-19,2026-12-14,Active
9920,6510,2551,142,Personal,7640400,7.36,12,2024-11-11,2025-11-06,Active
9921,6511,1634,134,Home,2693100,13.6,120,2025-05-26,2035-04-04,Active
9922,6513,5984,150,Education,352400,9.3,180,2025-07-07,2040-04-19,Closed
9923,6514,2361,113,Personal,685100,11.84,36,2023-08-30,2026-08-14,Active
9924,6515,5892,116,Home,491000,10.91,12,2024-10-03,2025-09-28,Closed
9925,6516,4637,142,Auto,441300,11.06,180,2024-07-12,2039-04-25,Active
9926,6518,4996,129,Personal,1098200,12.66,120,2024-02-08,2033-12-17,Closed
9927,6520,4545,148,Personal,1561000,10.49,240,2023-04-07,2042-12-23,Closed
9928,6521,3014,132,Auto,316000,9.12,60,2024-08-21,2029-07-26,Closed
9929,6522,4149,118,Auto,295300,10.48,60,2023-12-22,2028-11-25,Closed
9930,6523,1658,129,Home,1206700,14.0,180,2023-03-08,2037-12-19,Closed
9931,6524,1245,118,Education,1167800,11.78,180,2023-03-10,2037-12-21,Active
9932,6527,1136,104,Personal,1441200,15.3,24,2023-08-26,2025-08-15,Active
9933,6528,1205,123,Personal,1738000,13.67,48,2025-01-04,2028-12-14,Active
9934,6529,1884,117,Personal,1156500,14.02,48,2025-07-15,2029-06-24,Closed
9935,6530,4733,137,Home,366100,13.65,24,2025-05-20,2027-05-10,Closed
9936,6531,5652,131,Home,242600,10.76,180,2025-04-26,2040-02-07,Closed
9937,6532,1885,119,Home,2104400,13.83,24,2023-12-10,2025-11-29,Active
9938,6533,1983,135,Business,414400,12.36,36,2024-01-26,2027-01-10,Closed
9939,6534,3445,144,Auto,406300,8.92,240,2023-06-22,2043-03-09,Active
9940,6536,1706,129,Auto,344200,7.81,48,2023-10-30,2027-10-09,Closed
9941,6538,3607,136,Home,547800,11.24,48,2024-05-19,2028-04-28,Active
9942,6539,3274,127,Home,349400,11.95,36,2024-01-26,2027-01-10,Active
9943,6542,2992,122,Home,314000,9.97,120,2024-01-18,2033-11-26,Default
9944,6543,2317,110,Personal,312500,12.35,240,2025-11-08,2045-07-26,Active
9945,6544,4152,149,Home,1521400,8.28,36,2024-09-02,2027-08-18,Closed
9946,6548,5104,150,Auto,223100,13.85,180,2024-12-20,2039-10-03,Closed
9947,6552,3650,124,Business,804800,10.41,180,2024-02-02,2038-11-15,Closed
9948,6553,3327,106,Home,171500,13.17,180,2024-04-03,2039-01-15,Active
9949,6554,1640,123,Auto,184600,14.25,12,2023-04-28,2024-04-22,Active
9950,6557,4766,129,Business,470400,9.03,60,2023-03-08,2028-02-10,Active
9951,6563,2458,131,Personal,3085100,11.64,36,2024-06-14,2027-05-30,Active
9952,6564,4789,122,Auto,1004900,8.06,240,2025-01-10,2044-09-27,Closed
9953,6565,2608,103,Education,4267800,7.36,120,2024-08-07,2034-06-16,Default
9954,6569,4155,137,Home,3827900,7.34,48,2024-05-11,2028-04-20,Active
9955,6570,1536,136,Personal,1928500,15.08,12,2023-04-01,2024-03-26,Active
9956,6572,1761,106,Home,492700,7.38,84,2023-06-27,2030-05-21,Closed
9957,6573,1208,117,Personal,190200,12.13,12,2024-08-25,2025-08-20,Default
9958,6576,4264,102,Education,388800,7.49,48,2024-02-11,2028-01-21,Closed
9959,6578,5006,122,Personal,447700,13.07,48,2024-01-20,2027-12-30,Closed
9960,6579,2396,142,Education,845800,11.16,180,2025-10-19,2040-08-01,Active
9961,6581,1507,147,Personal,901300,8.77,240,2024-12-15,2044-09-01,Closed
9962,6582,1861,106,Home,398900,12.13,120,2023-06-26,2033-05-04,Closed
9963,6583,5474,124,Personal,911900,9.84,36,2023-09-02,2026-08-17,Active
9964,6585,5161,124,Auto,195600,8.29,12,2024-07-23,2025-07-18,Active
9965,6586,4982,116,Education,91300,13.29,240,2024-05-24,2044-02-09,Closed
9966,6587,3851,149,Home,782900,10.25,24,2023-07-17,2025-07-06,Default
9967,6588,1597,136,Auto,380000,10.99,120,2025-05-12,2035-03-21,Active
9968,6589,3020,134,Auto,799200,7.33,120,2023-04-20,2033-02-26,Active
9969,6590,4892,107,Personal,322300,11.79,180,2023-11-20,2038-09-02,Closed
9970,6592,5595,141,Business,269800,11.37,24,2024-11-28,2026-11-18,Default
9971,6595,2924,149,Personal,462100,13.36,24,2025-08-18,2027-08-08,Active
9972,6597,5136,122,Personal,1790500,11.06,36,2025-01-14,2027-12-30,Active
9973,6598,4310,147,Personal,1107500,14.17,60,2025-10-28,2030-10-02,Closed
9974,6600,5077,121,Business,490100,9.96,84,2024-05-18,2031-04-12,Active
9975,6602,4843,117,Business,1414300,13.35,36,2025-09-25,2028-09-09,Active
9976,6603,1182,121,Auto,68600,9.05,36,2023-05-28,2026-05-12,Active
9977,6605,5761,127,Home,609300,14.34,84,2025-09-15,2032-08-09,Active
9978,6606,1408,145,Home,329000,9.99,12,2023-10-28,2024-10-22,Closed
9979,6607,2423,137,Home,600100,13.26,24,2024-10-31,2026-10-21,Active
9980,6608,2615,121,Business,293500,13.84,36,2023-07-07,2026-06-21,Closed
9981,6609,3523,141,Home,869500,8.4,120,2025-04-11,2035-02-18,Closed
9982,6610,1826,122,Auto,299800,13.81,12,2025-08-26,2026-08-21,Active
9983,6611,1096,146,Auto,471600,9.46,120,2024-07-22,2034-05-31,Default
9984,6613,4340,141,Personal,2494700,12.06,36,2026-01-11,2028-12-26,Active
9985,6616,4604,128,Home,190500,11.43,84,2023-07-14,2030-06-07,Default
9986,6617,1399,126,Home,177100,11.98,24,2024-01-24,2026-01-13,Active
9987,6618,2262,111,Home,308200,13.7,24,2025-01-07,2026-12-28,Closed
9988,6621,1808,125,Auto,196700,14.07,180,2024-08-15,2039-05-29,Closed
9989,6623,1767,104,Auto,1702600,9.13,24,2023-03-31,2025-03-20,Active
9990,6627,1382,112,Education,280000,8.61,12,2023-09-23,2024-09-17,Closed
9991,6628,1295,103,Auto,167800,7.71,48,2025-02-04,2029-01-14,Default
9992,6629,1055,107,Education,156600,13.0,48,2024-03-02,2028-02-10,Active
9993,6630,1643,138,Home,581000,11.05,84,2024-02-15,2031-01-09,Active
9994,6632,1640,147,Home,143200,8.27,84,2025-02-18,2032-01-13,Closed
9995,6633,2513,122,Auto,378100,11.11,180,2025-10-30,2040-08-12,Active
9996,6636,5044,133,Personal,721800,15.37,12,2025-12-23,2026-12-18,Active
9997,6637,4907,136,Personal,516700,11.74,60,2024-08-01,2029-07-06,Default
9998,6639,5269,102,Home,945200,14.41,180,2024-12-06,2039-09-19,Active
9999,6642,4999,138,Home,5787200,7.75,180,2025-02-07,2039-11-21,Active
10000,6643,5632,102,Personal,143100,14.67,84,2025-02-27,2032-01-22,Closed
10001,6644,2513,147,Personal,750800,11.74,84,2023-08-31,2030-07-25,Active
10002,6646,3816,105,Education,509000,11.59,48,2025-12-08,2029-11-17,Closed
10003,6647,3487,120,Business,1528000,8.17,12,2023-10-20,2024-10-14,Active
10004,6648,2313,146,Personal,254500,10.88,84,2023-09-19,2030-08-13,Active
10005,6649,3022,131,Auto,564700,11.12,240,2023-03-05,2042-11-20,Active
10006,6650,4251,145,Business,353300,8.19,180,2025-10-21,2040-08-03,Default
10007,6651,5193,145,Business,835200,9.85,12,2024-07-23,2025-07-18,Active
10008,6652,5810,122,Personal,347300,14.47,120,2025-11-02,2035-09-11,Default
10009,6654,1994,140,Personal,340500,7.28,240,2024-08-05,2044-04-22,Default
10010,6656,1864,127,Home,420700,11.45,120,2025-10-08,2035-08-17,Closed
10011,6657,4804,115,Personal,233800,13.64,12,2024-04-24,2025-04-19,Active
10012,6658,5949,131,Personal,104700,15.23,36,2025-12-06,2028-11-20,Closed
10013,6662,1596,113,Personal,188500,12.59,24,2025-09-03,2027-08-24,Closed
10014,6663,2941,106,Personal,1126200,7.34,180,2024-12-03,2039-09-16,Active
10015,6665,4221,129,Business,952100,13.11,180,2023-08-21,2038-06-03,Closed
10016,6666,2819,125,Personal,174800,13.2,120,2025-02-23,2035-01-02,Closed
10017,6667,2002,125,Home,3031200,11.57,24,2023-10-11,2025-09-30,Closed
10018,6670,4304,104,Personal,280200,10.21,36,2023-07-02,2026-06-16,Closed
10019,6671,2231,107,Education,360900,10.74,240,2026-01-20,2045-10-07,Active
10020,6675,1544,111,Business,1048600,15.03,12,2023-09-12,2024-09-06,Active
10021,6676,2576,122,Home,284100,14.54,36,2024-05-08,2027-04-23,Active
10022,6677,2100,104,Business,457300,9.42,60,2024-11-18,2029-10-23,Closed
10023,6679,1292,146,Auto,1382100,7.63,240,2025-11-05,2045-07-23,Closed
10024,6681,1613,110,Home,268800,13.33,24,2023-08-31,2025-08-20,Active
10025,6682,3641,108,Home,526400,11.53,240,2024-11-29,2044-08-16,Closed
10026,6683,3695,112,Education,1139900,12.44,24,2023-09-14,2025-09-03,Closed
10027,6684,1731,141,Personal,195000,15.02,48,2023-01-25,2027-01-04,Default
10028,6685,1218,125,Auto,181900,15.01,84,2023-05-05,2030-03-29,Active
10029,6686,2486,129,Home,326600,14.06,48,2024-12-09,2028-11-18,Closed
10030,6687,4849,106,Business,122000,9.25,180,2025-03-25,2040-01-06,Default
10031,6688,2771,106,Personal,636700,13.81,24,2025-03-29,2027-03-19,Active
10032,6689,1246,113,Business,109200,14.2,24,2023-06-05,2025-05-25,Active
10033,6691,1404,125,Business,165800,7.01,36,2025-12-22,2028-12-06,Default
10034,6693,5599,112,Personal,1588500,10.47,12,2024-06-02,2025-05-28,Closed
10035,6694,5480,108,Auto,677900,9.66,240,2023-08-31,2043-05-18,Closed
10036,6696,5498,108,Education,707700,14.17,240,2023-03-01,2042-11-16,Active
10037,6697,2449,128,Personal,2085500,7.92,180,2023-06-09,2038-03-22,Default
10038,6699,4960,122,Auto,1157100,12.29,180,2024-06-18,2039-04-01,Active
10039,6702,1113,103,Home,452600,11.33,120,2025-01-03,2034-11-12,Closed
10040,6703,4913,118,Home,736500,14.86,24,2023-10-09,2025-09-28,Closed
10041,6705,4112,110,Auto,162900,11.03,60,2025-08-14,2030-07-19,Active
10042,6707,1206,136,Auto,1282600,7.65,240,2023-01-20,2042-10-07,Active
10043,6708,2910,121,Personal,361200,14.56,120,2025-06-11,2035-04-20,Closed
10044,6709,1981,129,Home,1646400,12.11,84,2025-11-24,2032-10-18,Active
10045,6711,5203,134,Home,1941900,12.68,48,2024-04-02,2028-03-12,Active
10046,6712,3645,141,Business,555200,13.12,240,2024-07-03,2044-03-20,Closed
10047,6713,2760,111,Home,963000,14.04,60,2025-03-04,2030-02-06,Active
10048,6715,1040,148,Personal,582500,13.28,120,2023-04-29,2033-03-07,Active
10049,6716,4677,114,Personal,528900,9.19,120,2024-03-15,2034-01-22,Closed
10050,6717,4969,145,Business,212500,15.14,24,2024-01-29,2026-01-18,Active
10051,6719,4937,144,Home,670600,8.24,180,2025-07-17,2040-04-29,Closed
10052,6720,4060,133,Business,1949800,10.52,48,2023-07-16,2027-06-25,Active
10053,6721,3354,135,Education,239800,11.53,84,2024-12-15,2031-11-09,Active
10054,6722,2770,117,Business,58200,7.46,240,2023-01-29,2042-10-16,Active
10055,6723,3091,104,Personal,1942900,8.06,60,2025-06-06,2030-05-11,Closed
10056,6725,5028,141,Personal,560700,8.61,180,2025-11-26,2040-09-08,Active
10057,6728,2618,127,Business,731800,14.4,60,2023-06-16,2028-05-20,Closed
10058,6729,1149,120,Business,221700,12.11,120,2023-11-20,2033-09-28,Default
10059,6730,3119,107,Business,267200,7.86,12,2024-04-18,2025-04-13,Active
10060,6732,4863,140,Home,2308800,13.23,180,2025-05-01,2040-02-12,Active
10061,6733,3492,124,Home,188400,10.88,240,2023-03-30,2042-12-15,Active
10062,6734,2922,125,Personal,133900,8.35,48,2025-02-23,2029-02-02,Closed
10063,6735,3815,144,Auto,58900,11.77,12,2023-05-06,2024-04-30,Default
10064,6736,2808,149,Education,246500,10.27,240,2023-12-10,2043-08-27,Closed
10065,6738,2876,112,Education,1388700,12.51,60,2024-01-25,2028-12-29,Active
10066,6739,1688,123,Business,374000,15.33,36,2026-01-13,2028-12-28,Active
10067,6743,3287,121,Business,870900,13.18,12,2023-12-04,2024-11-28,Closed
10068,6744,2095,141,Personal,529100,11.36,24,2023-01-21,2025-01-10,Closed
10069,6746,4619,105,Home,208100,12.21,180,2024-08-16,2039-05-30,Active
10070,6747,3967,145,Business,170400,13.58,84,2023-10-23,2030-09-16,Active
10071,6748,5752,118,Home,409600,8.95,240,2026-01-27,2045-10-14,Active
10072,6749,5404,147,Personal,510200,8.15,48,2023-03-20,2027-02-27,Closed
10073,6750,3715,137,Auto,1196500,11.9,48,2025-10-24,2029-10-03,Active
10074,6754,5376,116,Auto,145800,13.34,36,2025-08-18,2028-08-02,Default
10075,6755,3803,141,Home,3579700,10.59,120,2023-05-03,2033-03-11,Active
10076,6756,3647,133,Business,618800,8.65,12,2023-12-15,2024-12-09,Active
10077,6758,5701,107,Home,449000,12.42,12,2023-11-30,2024-11-24,Active
10078,6760,3083,110,Education,270500,12.75,48,2023-12-30,2027-12-09,Active
10079,6761,2530,104,Education,262600,13.7,36,2024-05-06,2027-04-21,Active
10080,6762,1610,120,Auto,4273900,11.98,12,2023-09-29,2024-09-23,Closed
10081,6764,5574,112,Auto,518700,10.11,180,2024-05-25,2039-03-08,Default
10082,6765,2747,116,Personal,172900,8.86,48,2025-10-29,2029-10-08,Active
10083,6766,1466,118,Business,3965300,7.36,36,2023-01-26,2026-01-10,Active
10084,6767,3433,103,Business,848300,10.41,12,2025-03-01,2026-02-24,Closed
10085,6768,4194,135,Home,240500,13.55,36,2024-09-15,2027-08-31,Active
10086,6769,2333,128,Personal,278300,13.4,36,2023-07-17,2026-07-01,Default
10087,6774,4127,145,Auto,1303400,15.01,24,2025-03-15,2027-03-05,Closed
10088,6775,3422,107,Personal,219400,7.15,12,2025-03-17,2026-03-12,Active
10089,6776,4595,126,Personal,578700,8.5,60,2024-07-27,2029-07-01,Default
10090,6777,1240,145,Auto,297400,12.62,12,2023-12-07,2024-12-01,Active
10091,6778,1820,129,Personal,475600,11.61,36,2024-04-04,2027-03-20,Closed
10092,6779,4296,108,Business,430700,13.1,60,2024-09-09,2029-08-14,Active
10093,6780,3586,124,Personal,389100,10.3,12,2023-10-11,2024-10-05,Active
10094,6781,5951,109,Home,1324000,10.0,180,2025-05-02,2040-02-13,Closed
10095,6783,1813,102,Auto,100600,12.94,12,2024-06-28,2025-06-23,Active
10096,6787,5984,126,Personal,495400,10.47,240,2025-08-05,2045-04-22,Active
10097,6788,2483,140,Business,2011100,9.2,180,2024-07-03,2039-04-16,Default
10098,6790,2600,112,Personal,622200,9.56,60,2024-06-29,2029-06-03,Active
10099,6792,2545,120,Home,1311000,8.87,24,2025-03-28,2027-03-18,Default
10100,6793,4769,147,Personal,557400,7.1,240,2023-10-18,2043-07-05,Active
10101,6794,5641,120,Auto,368700,12.88,84,2024-07-01,2031-05-26,Active
10102,6795,1905,125,Home,261400,13.25,36,2025-03-10,2028-02-23,Closed
10103,6796,2590,128,Auto,681100,13.73,36,2024-02-25,2027-02-09,Closed
10104,6798,1152,120,Business,93500,8.52,12,2023-03-07,2024-03-01,Active
10105,6800,3327,102,Personal,54700,14.77,36,2025-05-22,2028-05-06,Closed
10106,6801,4739,146,Business,1535600,9.82,240,2025-06-28,2045-03-15,Closed
10107,6803,5413,105,Education,696100,14.6,84,2024-07-25,2031-06-19,Active
10108,6805,3970,134,Business,1175100,9.31,36,2024-04-19,2027-04-04,Active
10109,6807,2136,123,Home,368700,7.36,12,2025-08-27,2026-08-22,Active
10110,6809,3968,134,Home,491100,11.4,12,2023-05-19,2024-05-13,Active
10111,6812,4069,141,Personal,235100,11.51,84,2023-03-29,2030-02-20,Active
10112,6813,4807,116,Education,967300,14.66,180,2023-03-04,2037-12-15,Default
10113,6815,2488,101,Business,1454300,12.7,84,2025-06-08,2032-05-02,Closed
10114,6816,1739,148,Education,606800,14.02,12,2023-06-16,2024-06-10,Default
10115,6817,5815,116,Auto,552300,14.25,24,2023-07-31,2025-07-20,Closed
10116,6818,5322,141,Auto,819700,11.15,24,2025-07-15,2027-07-05,Active
10117,6821,1088,136,Education,2119600,14.72,120,2025-03-21,2035-01-28,Closed
10118,6822,3147,119,Personal,1511900,13.15,84,2024-07-05,2031-05-30,Active
10119,6823,4606,119,Home,394600,7.93,48,2025-06-16,2029-05-26,Closed
10120,6826,3476,143,Auto,732900,9.12,24,2024-03-08,2026-02-26,Active
10121,6827,1316,139,Auto,155900,7.87,24,2024-09-24,2026-09-14,Closed
10122,6828,1477,134,Education,687600,11.96,24,2024-03-01,2026-02-19,Active
10123,6830,3473,149,Personal,449300,8.9,84,2025-03-19,2032-02-11,Active
10124,6831,5483,130,Auto,461100,15.01,84,2025-11-18,2032-10-12,Active
10125,6834,5228,109,Business,1484800,14.59,120,2025-06-27,2035-05-06,Default
10126,6837,4476,115,Personal,205700,13.76,24,2025-07-25,2027-07-15,Closed
10127,6840,2444,110,Personal,89600,14.46,240,2024-10-18,2044-07-05,Closed
10128,6842,3379,103,Personal,1878300,14.16,36,2025-01-09,2027-12-25,Active
10129,6845,4613,144,Personal,312000,8.49,240,2023-11-17,2043-08-04,Default
10130,6847,4682,116,Personal,865900,7.78,84,2025-06-12,2032-05-06,Active
10131,6849,1951,138,Home,588600,12.94,120,2023-11-19,2033-09-27,Closed
10132,6850,3936,115,Business,1804500,9.91,240,2024-01-11,2043-09-28,Active
10133,6851,4914,109,Home,638900,12.32,24,2023-04-26,2025-04-15,Closed
10134,6853,2760,103,Education,436100,12.39,180,2024-09-25,2039-07-09,Active
10135,6856,3162,150,Auto,976400,14.29,36,2023-04-10,2026-03-25,Default
10136,6858,3699,106,Home,181800,8.37,24,2025-11-30,2027-11-20,Active
10137,6862,5072,127,Personal,609300,14.52,180,2023-01-20,2037-11-02,Closed
10138,6863,4717,107,Home,205400,9.76,12,2023-07-25,2024-07-19,Closed
10139,6864,2935,150,Education,265300,14.57,24,2024-03-19,2026-03-09,Closed
10140,6867,3469,115,Home,209700,8.73,48,2026-01-21,2029-12-31,Closed
10141,6869,1972,133,Personal,1541700,8.36,180,2025-09-28,2040-07-11,Active
10142,6870,2987,124,Auto,1194400,12.23,60,2025-04-18,2030-03-23,Active
10143,6871,2640,124,Personal,1651000,14.68,12,2024-06-15,2025-06-10,Closed
10144,6874,4574,119,Personal,893100,11.14,240,2024-11-09,2044-07-27,Closed
10145,6875,1474,123,Auto,408900,7.7,84,2024-09-28,2031-08-23,Active
10146,6877,3327,128,Personal,785300,14.4,24,2024-02-04,2026-01-24,Active
10147,6878,1216,146,Education,618400,11.23,120,2025-10-19,2035-08-28,Active
10148,6881,4123,104,Home,577600,11.3,12,2023-03-14,2024-03-08,Active
10149,6882,1769,143,Home,464500,8.84,12,2025-10-20,2026-10-15,Active
10150,6883,2101,148,Personal,1747300,8.69,240,2025-06-17,2045-03-04,Closed
10151,6884,5525,125,Auto,1371800,12.18,36,2023-01-28,2026-01-12,Active
10152,6885,2113,115,Personal,62600,10.66,180,2024-11-17,2039-08-31,Active
10153,6887,3078,105,Home,380700,8.26,60,2023-08-11,2028-07-15,Active
10154,6888,2760,137,Business,1787600,15.31,24,2024-07-28,2026-07-18,Active
10155,6889,1517,150,Personal,53700,7.4,24,2024-06-18,2026-06-08,Active
10156,6890,4473,102,Home,505000,7.37,60,2025-08-26,2030-07-31,Active
10157,6891,5144,142,Auto,753100,15.32,24,2025-03-07,2027-02-25,Closed
10158,6893,3329,121,Personal,282700,8.88,36,2024-02-20,2027-02-04,Closed
10159,6894,1275,112,Auto,185100,7.12,240,2024-10-03,2044-06-20,Closed
10160,6895,2083,112,Education,124100,10.38,84,2025-01-08,2031-12-03,Closed
10161,6896,3229,109,Personal,1030600,8.86,240,2023-03-27,2042-12-12,Active
10162,6897,5567,105,Home,523300,13.85,120,2025-05-23,2035-04-01,Active
10163,6898,1679,118,Home,2061400,9.15,12,2024-10-14,2025-10-09,Default
10164,6899,1895,139,Personal,821500,13.95,24,2023-08-21,2025-08-10,Closed
10165,6901,2448,101,Business,188900,11.51,240,2023-07-28,2043-04-14,Active
10166,6902,1100,129,Personal,1864800,13.84,36,2023-08-04,2026-07-19,Active
10167,6904,4908,140,Home,1029700,12.22,180,2024-05-25,2039-03-08,Active
10168,6905,5632,135,Personal,408000,13.42,120,2025-09-26,2035-08-05,Default
10169,6906,1032,120,Personal,277400,10.9,84,2024-01-07,2030-12-01,Closed
10170,6907,2581,120,Home,2892500,10.58,180,2023-12-16,2038-09-28,Active
10171,6908,3467,131,Business,663100,10.86,180,2024-05-23,2039-03-06,Active
10172,6909,4510,122,Home,194500,13.32,180,2023-03-31,2038-01-11,Active
10173,6910,5840,141,Personal,398100,10.76,12,2025-09-24,2026-09-19,Active
10174,6912,4202,141,Home,516500,9.48,120,2024-06-23,2034-05-02,Closed
10175,6914,4018,140,Business,858100,13.89,180,2023-01-06,2037-10-19,Active
10176,6915,2837,112,Personal,234500,10.53,24,2025-03-26,2027-03-16,Closed
10177,6917,2956,106,Home,1083800,10.8,48,2024-03-05,2028-02-13,Active
10178,6919,5304,103,Business,700000,7.7,84,2023-12-17,2030-11-10,Closed
10179,6920,4316,138,Home,254600,10.12,48,2024-10-08,2028-09-17,Active
10180,6922,5075,131,Education,1190400,13.99,24,2023-09-18,2025-09-07,Default
10181,6924,1026,136,Business,1556700,12.68,24,2025-01-09,2026-12-30,Active
10182,6925,5607,120,Home,542300,8.12,24,2023-06-18,2025-06-07,Closed
10183,6926,3021,139,Personal,532100,10.99,24,2025-03-05,2027-02-23,Active
10184,6931,1317,102,Personal,265600,14.87,120,2024-04-21,2034-02-28,Default
10185,6932,5418,130,Home,2095300,8.96,240,2025-02-10,2044-10-28,Active
10186,6933,5320,116,Home,1540300,14.01,240,2025-03-28,2044-12-13,Closed
10187,6934,3667,134,Auto,967200,11.8,84,2025-01-30,2031-12-25,Closed
10188,6935,2086,143,Business,138900,10.03,36,2024-06-26,2027-06-11,Active
10189,6936,4864,146,Business,1332600,15.26,120,2023-10-13,2033-08-21,Closed
10190,6937,4053,125,Business,1123500,13.13,180,2024-06-05,2039-03-19,Closed
10191,6938,5961,120,Personal,375600,9.7,240,2024-02-09,2043-10-27,Closed
10192,6940,1589,147,Auto,654600,8.66,48,2025-06-30,2029-06-09,Closed
10193,6941,1678,103,Home,133700,14.47,60,2023-03-31,2028-03-04,Closed
10194,6942,2850,144,Home,288100,12.03,12,2025-12-30,2026-12-25,Closed
10195,6945,2591,150,Personal,99000,7.31,60,2025-04-25,2030-03-30,Active
10196,6947,5262,140,Home,396600,10.64,120,2024-05-28,2034-04-06,Closed
10197,6948,3597,117,Auto,144900,10.77,24,2023-07-11,2025-06-30,Closed
10198,6949,2396,117,Personal,370900,13.59,60,2023-07-31,2028-07-04,Active
10199,6951,1837,137,Home,170700,9.03,240,2025-12-07,2045-08-24,Closed
10200,6953,5161,142,Home,396800,10.89,36,2025-11-18,2028-11-02,Closed
10201,6954,4046,149,Personal,2587600,7.68,24,2023-06-25,2025-06-14,Closed
10202,6955,5432,137,Business,1078700,8.05,60,2025-05-10,2030-04-14,Closed
10203,6957,5702,122,Business,3750000,13.75,240,2025-01-02,2044-09-19,Active
10204,6958,2960,130,Business,181500,11.45,48,2026-01-11,2029-12-21,Active
10205,6959,2716,139,Home,955400,10.28,12,2024-11-19,2025-11-14,Active
10206,6960,5888,125,Personal,342500,9.26,84,2025-04-05,2032-02-28,Default
10207,6961,1021,103,Home,1398700,15.19,240,2023-04-07,2042-12-23,Active
10208,6962,3228,146,Education,261500,10.98,48,2025-11-11,2029-10-21,Active
10209,6963,3407,119,Home,378300,11.79,240,2023-11-09,2043-07-27,Active
10210,6965,1676,108,Auto,295600,15.37,120,2023-08-19,2033-06-27,Active
10211,6966,1627,118,Auto,452100,13.4,12,2024-03-13,2025-03-08,Active
10212,6967,1790,110,Personal,920800,10.21,84,2023-06-18,2030-05-12,Active
10213,6969,4457,138,Home,98400,11.73,24,2023-11-26,2025-11-15,Default
10214,6970,1796,121,Personal,284300,10.36,180,2025-06-20,2040-04-02,Active
10215,6971,5248,134,Business,363500,11.71,120,2023-10-11,2033-08-19,Active
10216,6973,4923,145,Personal,933000,12.5,120,2024-10-07,2034-08-16,Closed
10217,6975,4161,118,Business,1006400,15.29,48,2024-09-13,2028-08-23,Default
10218,6976,2714,143,Education,851600,13.22,12,2025-05-20,2026-05-15,Closed
10219,6978,4543,149,Home,2562700,12.93,120,2024-05-24,2034-04-02,Active
10220,6979,2697,134,Home,219200,7.82,60,2024-10-02,2029-09-06,Closed
10221,6980,3091,148,Auto,367500,9.71,60,2025-05-21,2030-04-25,Active
10222,6981,2491,134,Home,140800,9.39,240,2024-09-28,2044-06-15,Active
10223,6983,2075,131,Auto,1080600,7.86,36,2023-10-25,2026-10-09,Active
10224,6984,4426,116,Business,324700,14.41,60,2023-02-09,2028-01-14,Active
10225,6986,2273,134,Home,2646600,13.91,24,2024-03-11,2026-03-01,Active
10226,6989,1177,135,Business,902100,13.72,60,2024-10-29,2029-10-03,Closed
10227,6992,4265,120,Auto,299300,8.5,60,2024-08-19,2029-07-24,Active
10228,6993,2118,126,Education,850600,12.1,24,2025-04-19,2027-04-09,Default
10229,6994,2458,103,Home,591800,11.48,240,2025-07-16,2045-04-02,Closed
10230,6995,5192,149,Business,133600,12.21,36,2023-07-27,2026-07-11,Closed
10231,6999,2324,109,Business,243000,13.69,12,2023-03-11,2024-03-05,Active
10232,7001,5908,122,Auto,617800,7.8,48,2023-10-28,2027-10-07,Closed
10233,7003,1365,103,Education,6086900,8.62,48,2023-03-09,2027-02-16,Active
10234,7004,1516,113,Business,216900,9.39,60,2024-10-23,2029-09-27,Closed
10235,7005,1576,134,Business,333400,11.0,36,2025-02-20,2028-02-05,Closed
10236,7006,5918,112,Personal,821000,11.98,180,2023-09-28,2038-07-11,Closed
10237,7008,5777,115,Personal,2896400,9.59,120,2023-05-05,2033-03-13,Closed
10238,7009,1542,144,Business,334900,7.93,12,2024-10-05,2025-09-30,Closed
10239,7010,1937,141,Home,951600,11.31,12,2024-06-03,2025-05-29,Closed
10240,7011,5050,144,Auto,335900,7.51,180,2024-03-26,2039-01-07,Active
10241,7013,3133,150,Education,601500,10.09,60,2024-08-24,2029-07-29,Default
10242,7014,3546,109,Auto,117400,7.38,24,2025-06-11,2027-06-01,Active
10243,7015,3540,114,Personal,299700,8.86,180,2024-04-17,2039-01-29,Closed
10244,7016,3757,138,Auto,253000,7.94,180,2025-01-22,2039-11-05,Closed
10245,7017,2754,126,Home,716200,10.79,120,2025-07-13,2035-05-22,Default
10246,7019,3550,148,Personal,988100,9.0,120,2024-06-20,2034-04-29,Active
10247,7021,1732,127,Home,171300,7.47,24,2024-02-19,2026-02-08,Closed
10248,7022,1834,134,Home,223200,9.53,48,2025-07-13,2029-06-22,Active
10249,7023,3153,144,Auto,330200,14.59,240,2024-09-24,2044-06-11,Active
10250,7024,5687,147,Auto,1156000,14.16,240,2024-07-07,2044-03-24,Active
10251,7025,2236,132,Home,120500,14.5,24,2025-12-25,2027-12-15,Closed
10252,7027,1285,143,Personal,1175800,10.33,24,2024-09-24,2026-09-14,Closed
10253,7028,4539,116,Business,619500,14.47,24,2025-01-29,2027-01-19,Closed
10254,7031,1896,131,Personal,118900,15.09,60,2025-02-22,2030-01-27,Active
10255,7032,3459,142,Personal,1832200,15.14,180,2023-09-19,2038-07-02,Active
10256,7034,2745,115,Auto,788800,8.06,36,2024-05-14,2027-04-29,Closed
10257,7040,5252,150,Personal,451300,14.0,240,2023-06-17,2043-03-04,Active
10258,7042,3957,139,Auto,110800,9.86,12,2023-01-06,2024-01-01,Default
10259,7043,1646,145,Auto,209600,10.82,60,2025-02-26,2030-01-31,Active
10260,7044,3240,138,Auto,567300,12.57,180,2023-05-08,2038-02-18,Active
10261,7045,2130,139,Personal,1153700,13.44,24,2023-05-06,2025-04-25,Active
10262,7046,2462,129,Personal,4093600,14.65,84,2024-07-15,2031-06-09,Closed
10263,7047,3279,122,Home,2994600,15.14,36,2025-10-29,2028-10-13,Active
10264,7049,2052,104,Personal,183700,13.54,240,2023-07-26,2043-04-12,Closed
10265,7051,3712,130,Auto,429000,9.04,120,2025-05-04,2035-03-13,Default
10266,7053,3418,144,Personal,428000,11.32,240,2025-04-06,2044-12-22,Active
10267,7054,3138,132,Home,290500,9.94,84,2023-01-17,2029-12-11,Default
10268,7055,2726,149,Education,995700,14.35,240,2024-01-15,2043-10-02,Default
10269,7059,5064,104,Business,297100,11.21,24,2025-07-06,2027-06-26,Active
10270,7061,1129,101,Education,288700,14.28,24,2025-12-08,2027-11-28,Closed
10271,7062,4154,138,Personal,779700,15.28,48,2024-04-21,2028-03-31,Default
10272,7065,5060,137,Auto,249400,9.44,60,2025-03-31,2030-03-05,Active
10273,7069,2635,136,Personal,1200100,7.25,240,2023-04-17,2043-01-02,Active
10274,7070,1798,140,Auto,155300,8.82,24,2023-06-15,2025-06-04,Default
10275,7071,1904,150,Personal,254000,12.44,180,2023-03-29,2038-01-09,Closed
10276,7072,5354,107,Personal,653500,13.88,60,2024-02-18,2029-01-22,Active
10277,7073,4172,138,Home,352000,13.36,240,2024-09-28,2044-06-15,Closed
10278,7076,4944,144,Home,440700,13.83,60,2025-11-11,2030-10-16,Closed
10279,7079,4365,137,Business,722300,14.86,24,2025-08-20,2027-08-10,Closed
10280,7080,1875,124,Home,674600,8.91,180,2024-09-02,2039-06-16,Active
10281,7084,1888,133,Home,1637000,7.43,12,2024-05-31,2025-05-26,Closed
10282,7086,4410,115,Personal,2990500,9.79,36,2025-10-24,2028-10-08,Active
10283,7087,4878,125,Auto,421700,14.26,48,2024-11-28,2028-11-07,Closed
10284,7089,5183,125,Business,1793200,13.19,120,2023-08-13,2033-06-21,Closed
10285,7090,5447,114,Home,287900,7.28,36,2023-04-30,2026-04-14,Active
10286,7092,4496,112,Auto,1107800,8.31,12,2025-03-20,2026-03-15,Closed
10287,7093,2833,140,Personal,1939500,14.9,48,2026-01-11,2029-12-21,Active
10288,7094,2255,112,Business,249000,11.22,180,2024-09-13,2039-06-27,Closed
10289,7095,4973,116,Business,538000,12.44,24,2024-06-28,2026-06-18,Active
10290,7098,1817,125,Personal,288000,7.8,120,2023-11-19,2033-09-27,Active
10291,7099,4771,111,Personal,869900,11.9,24,2024-04-07,2026-03-28,Active
10292,7100,4680,105,Home,2060500,14.19,12,2024-05-20,2025-05-15,Closed
10293,7102,5775,114,Personal,252700,14.67,240,2023-01-27,2042-10-14,Closed
10294,7104,1823,144,Home,121700,10.83,36,2025-06-13,2028-05-28,Active
10295,7105,5046,129,Personal,1732800,11.99,84,2024-03-21,2031-02-13,Closed
10296,7106,3496,102,Auto,1366500,13.2,24,2026-01-09,2027-12-30,Closed
10297,7107,2795,102,Personal,158100,10.39,240,2024-06-27,2044-03-14,Default
10298,7112,1329,150,Personal,382600,9.48,24,2025-05-22,2027-05-12,Closed
10299,7114,2818,112,Personal,259000,7.76,60,2026-01-12,2030-12-17,Active
10300,7115,4573,105,Personal,259900,8.66,60,2025-07-28,2030-07-02,Default
10301,7116,3898,112,Home,192300,15.35,84,2023-02-24,2030-01-18,Closed
10302,7117,4943,133,Education,429900,14.4,60,2024-09-03,2029-08-08,Active
10303,7118,2012,110,Personal,217300,9.94,180,2024-03-03,2038-12-15,Active
10304,7119,5469,149,Business,477900,14.06,240,2023-09-16,2043-06-03,Closed
10305,7120,3016,135,Auto,802100,13.5,240,2024-03-01,2043-11-17,Closed
10306,7122,1780,113,Auto,2160000,15.22,120,2023-05-13,2033-03-21,Active
10307,7123,4532,139,Auto,733600,7.34,24,2023-02-14,2025-02-03,Active
10308,7125,1187,140,Home,1906200,11.92,36,2023-11-29,2026-11-13,Active
10309,7126,1970,143,Education,609500,12.96,60,2024-12-25,2029-11-29,Closed
10310,7127,4449,149,Personal,422000,14.05,24,2025-05-15,2027-05-05,Closed
10311,7128,4486,110,Home,396500,13.82,180,2024-12-17,2039-09-30,Active
10312,7129,5140,115,Home,2206900,9.35,48,2025-02-05,2029-01-15,Closed
10313,7132,1701,138,Education,820000,12.98,120,2024-11-16,2034-09-25,Active
10314,7136,1916,109,Personal,543100,13.88,60,2023-09-29,2028-09-02,Closed
10315,7139,4752,126,Personal,1341600,11.39,240,2024-12-29,2044-09-15,Active
10316,7142,2091,102,Education,121500,11.26,36,2024-05-31,2027-05-16,Closed
10317,7143,1169,134,Education,271300,10.75,48,2025-03-31,2029-03-10,Active
10318,7146,3245,122,Education,1945300,8.77,84,2025-11-03,2032-09-27,Active
10319,7147,5109,112,Business,93900,14.08,120,2023-04-10,2033-02-16,Closed
10320,7152,1608,117,Personal,449900,11.27,180,2024-09-17,2039-07-01,Default
10321,7156,4786,118,Education,403200,8.14,180,2024-12-18,2039-10-01,Active
10322,7158,4945,144,Business,150400,14.77,12,2024-04-28,2025-04-23,Closed
10323,7159,5012,121,Education,865000,14.18,84,2024-09-26,2031-08-21,Closed
10324,7161,2092,122,Business,226500,10.59,12,2024-07-08,2025-07-03,Closed
10325,7162,3289,146,Auto,587700,13.65,12,2024-10-10,2025-10-05,Closed
10326,7163,4528,121,Personal,308000,8.41,48,2025-10-01,2029-09-10,Active
10327,7165,2735,135,Education,292200,15.26,240,2026-01-18,2045-10-05,Closed
10328,7166,4767,138,Education,801500,7.72,24,2024-01-18,2026-01-07,Closed
10329,7167,1154,125,Education,836200,14.49,48,2024-02-29,2028-02-08,Closed
10330,7169,2208,136,Business,807400,15.48,84,2025-12-29,2032-11-22,Closed
10331,7170,3616,113,Personal,1234700,9.46,180,2023-09-26,2038-07-09,Active
10332,7173,5642,119,Personal,69700,13.9,24,2023-03-12,2025-03-01,Closed
10333,7174,3890,115,Auto,1075000,14.77,12,2024-01-28,2025-01-22,Closed
10334,7177,5619,110,Personal,1982100,15.1,36,2024-12-09,2027-11-24,Default
10335,7178,4158,107,Auto,1750200,13.13,12,2023-06-10,2024-06-04,Active
10336,7179,4218,143,Business,539200,12.27,12,2025-01-02,2025-12-28,Active
10337,7182,3366,124,Business,177900,7.89,60,2025-04-30,2030-04-04,Active
10338,7185,4646,113,Personal,263800,10.99,240,2023-02-24,2042-11-11,Default
10339,7187,3942,141,Education,913200,10.35,120,2023-07-27,2033-06-04,Closed
10340,7188,4881,127,Education,881900,7.19,60,2024-10-18,2029-09-22,Default
10341,7190,3312,148,Personal,749700,9.43,48,2025-11-25,2029-11-04,Closed
10342,7191,3865,107,Auto,635400,13.32,60,2025-10-21,2030-09-25,Default
10343,7192,1185,106,Personal,2144000,9.59,60,2023-10-25,2028-09-28,Closed
10344,7193,4504,116,Auto,253200,7.29,60,2023-12-12,2028-11-15,Closed
10345,7194,5789,105,Education,579500,13.55,24,2023-05-14,2025-05-03,Closed
10346,7195,4006,137,Personal,495400,13.87,120,2025-01-29,2034-12-08,Active
10347,7197,5076,113,Personal,749600,7.23,180,2023-09-09,2038-06-22,Active
10348,7198,1567,126,Personal,138400,14.11,60,2025-03-13,2030-02-15,Active
10349,7199,2312,147,Home,163300,13.77,24,2023-06-09,2025-05-29,Active
10350,7200,5439,117,Business,195800,12.28,180,2024-02-16,2038-11-29,Default
10351,7201,4424,111,Auto,530600,7.38,120,2024-07-23,2034-06-01,Active
10352,7204,1624,114,Home,219000,15.02,48,2023-08-22,2027-08-01,Active
10353,7205,1498,122,Auto,360300,7.85,180,2023-10-18,2038-07-31,Active
10354,7208,2907,139,Auto,780700,13.11,120,2025-09-16,2035-07-26,Active
10355,7212,5634,131,Education,699200,13.49,120,2023-02-02,2032-12-11,Closed
10356,7213,1703,141,Home,534500,15.05,60,2024-04-24,2029-03-29,Active
10357,7215,1997,150,Home,854100,15.05,120,2023-07-14,2033-05-22,Active
10358,7216,4935,135,Education,764400,9.37,84,2024-04-16,2031-03-11,Active
10359,7218,3261,141,Home,1667800,8.97,180,2024-01-06,2038-10-19,Active
10360,7219,1587,135,Auto,287700,10.49,12,2024-12-06,2025-12-01,Active
10361,7220,3985,146,Auto,194600,14.95,240,2025-04-23,2045-01-08,Closed
10362,7223,3724,129,Personal,211700,13.15,120,2025-03-28,2035-02-04,Active
10363,7224,2005,129,Business,330300,14.75,48,2025-12-31,2029-12-10,Active
10364,7225,2776,128,Home,1118200,8.85,24,2025-10-21,2027-10-11,Active
10365,7226,2115,120,Personal,1725800,7.58,120,2024-07-14,2034-05-23,Active
10366,7229,3690,105,Home,382200,7.21,180,2025-04-06,2040-01-18,Active
10367,7230,1613,148,Auto,2196100,7.61,84,2025-04-12,2032-03-06,Active
10368,7234,1011,128,Home,1023600,14.15,60,2023-03-31,2028-03-04,Closed
10369,7235,2998,131,Auto,369200,14.41,36,2024-11-01,2027-10-17,Active
10370,7237,1764,122,Auto,822000,14.8,12,2024-08-04,2025-07-30,Active
10371,7238,5647,128,Auto,1931400,10.47,36,2025-11-27,2028-11-11,Closed
10372,7239,2871,127,Home,171700,10.96,48,2023-07-02,2027-06-11,Closed
10373,7240,1755,126,Auto,784300,8.62,180,2023-08-04,2038-05-17,Closed
10374,7241,4156,126,Auto,2565900,10.75,180,2026-01-11,2040-10-24,Closed
10375,7243,1055,150,Business,1655200,8.33,240,2025-10-28,2045-07-15,Default
10376,7244,4393,127,Business,192400,12.25,24,2026-01-04,2027-12-25,Active
10377,7247,4422,128,Education,1030400,7.14,12,2025-04-26,2026-04-21,Closed
10378,7249,3794,138,Education,373100,10.64,48,2023-07-02,2027-06-11,Active
10379,7251,5946,119,Home,532600,15.37,120,2024-10-16,2034-08-25,Closed
10380,7253,1822,145,Home,628800,15.45,36,2023-06-16,2026-05-31,Active
10381,7256,2902,107,Home,318200,13.57,240,2024-05-28,2044-02-13,Active
10382,7258,1448,141,Personal,512100,9.54,60,2023-03-16,2028-02-18,Active
10383,7260,5676,129,Education,471800,8.69,24,2024-03-03,2026-02-21,Active
10384,7261,4296,124,Home,429200,7.31,36,2025-09-18,2028-09-02,Closed
10385,7267,1543,122,Home,414600,10.56,84,2024-12-08,2031-11-02,Closed
10386,7269,2674,108,Education,389200,10.92,120,2023-01-26,2032-12-04,Closed
10387,7272,5252,120,Personal,702200,7.68,240,2023-01-30,2042-10-17,Active
10388,7273,3379,123,Business,125000,14.38,60,2025-02-23,2030-01-28,Closed
10389,7275,4036,112,Auto,886700,12.53,60,2026-01-04,2030-12-09,Active
10390,7276,5417,141,Home,884300,10.23,84,2025-09-10,2032-08-04,Active
10391,7277,2947,128,Business,1030400,14.27,60,2025-06-25,2030-05-30,Default
10392,7279,1202,123,Business,772800,10.5,240,2023-01-23,2042-10-10,Closed
10393,7283,5897,150,Business,1297600,14.21,240,2023-06-15,2043-03-02,Active
10394,7284,1986,121,Personal,756400,11.21,60,2025-03-30,2030-03-04,Active
10395,7285,4554,125,Home,913300,12.4,12,2023-12-15,2024-12-09,Closed
10396,7287,2905,133,Auto,258900,7.93,120,2024-08-14,2034-06-23,Closed
10397,7288,5749,104,Home,1404900,9.19,240,2025-06-01,2045-02-16,Closed
10398,7290,2890,109,Education,478600,12.54,48,2024-12-16,2028-11-25,Closed
10399,7291,2829,141,Personal,1223200,10.49,12,2023-12-07,2024-12-01,Closed
10400,7294,3404,121,Personal,694700,8.13,12,2025-02-21,2026-02-16,Closed
10401,7295,2360,148,Auto,268300,8.31,180,2023-09-18,2038-07-01,Active
10402,7296,1085,101,Home,472300,13.02,36,2024-08-29,2027-08-14,Active
10403,7298,4176,125,Personal,424000,12.82,24,2024-10-09,2026-09-29,Active
10404,7301,5579,132,Personal,799300,13.13,84,2024-12-10,2031-11-04,Active
10405,7302,5232,117,Auto,681900,13.13,24,2023-02-21,2025-02-10,Active
10406,7303,1076,143,Auto,464600,15.17,48,2023-07-07,2027-06-16,Active
10407,7304,1316,114,Personal,395400,15.25,12,2024-02-23,2025-02-17,Active
10408,7306,1956,146,Auto,775900,10.69,180,2023-11-20,2038-09-02,Closed
10409,7309,1018,121,Business,1233900,13.61,180,2024-05-20,2039-03-03,Active
10410,7310,5528,103,Personal,189400,13.27,240,2025-06-08,2045-02-23,Default
10411,7312,1149,149,Education,236700,8.47,48,2024-09-02,2028-08-12,Active
10412,7314,5315,136,Home,108300,13.64,12,2023-03-03,2024-02-26,Active
10413,7315,4980,101,Education,232200,14.17,84,2025-03-06,2032-01-29,Closed
10414,7316,1671,142,Business,1788000,7.32,48,2024-12-08,2028-11-17,Active
10415,7317,4682,117,Personal,843300,11.46,12,2023-09-10,2024-09-04,Active
10416,7319,3943,122,Home,494000,9.12,60,2024-07-14,2029-06-18,Active
10417,7320,2275,147,Auto,691800,14.93,48,2024-12-04,2028-11-13,Closed
10418,7321,4133,139,Auto,2242000,7.72,12,2024-10-20,2025-10-15,Closed
10419,7322,2503,131,Home,492500,12.6,120,2024-08-29,2034-07-08,Closed
10420,7323,3116,111,Home,458000,12.52,24,2024-04-07,2026-03-28,Closed
10421,7325,5925,104,Personal,436500,8.03,84,2024-10-19,2031-09-13,Active
10422,7327,3672,137,Home,378100,13.5,24,2023-04-02,2025-03-22,Closed
10423,7328,2553,119,Education,482000,9.3,60,2024-03-18,2029-02-20,Closed
10424,7329,4741,131,Business,216400,12.88,24,2024-03-25,2026-03-15,Default
10425,7330,5056,127,Home,112900,9.12,240,2023-10-11,2043-06-28,Closed
10426,7331,3563,149,Business,448000,10.33,12,2024-03-09,2025-03-04,Active
10427,7332,2902,118,Personal,712200,9.8,24,2023-11-30,2025-11-19,Active
10428,7333,4054,139,Auto,1265200,12.13,180,2025-07-28,2040-05-10,Active
10429,7339,1985,142,Auto,457400,12.29,240,2026-01-15,2045-10-02,Active
10430,7340,3428,114,Home,215100,11.43,12,2024-06-23,2025-06-18,Closed
10431,7343,2035,105,Home,1431800,8.27,36,2023-09-25,2026-09-09,Closed
10432,7344,1716,123,Auto,310400,12.49,48,2024-03-18,2028-02-26,Closed
10433,7345,2533,143,Auto,347300,9.03,60,2023-03-15,2028-02-17,Default
10434,7346,2178,137,Home,868800,10.64,12,2024-09-14,2025-09-09,Closed
10435,7347,5952,142,Business,391400,15.37,60,2024-09-06,2029-08-11,Default
10436,7349,1922,148,Home,94600,14.19,120,2024-04-28,2034-03-07,Closed
10437,7350,1694,126,Business,2700600,9.34,12,2025-04-08,2026-04-03,Active
10438,7351,1667,111,Education,670000,8.86,36,2024-05-22,2027-05-07,Closed
10439,7352,2252,127,Personal,2299100,11.83,180,2023-12-12,2038-09-24,Closed
10440,7354,5354,120,Business,1168700,7.74,48,2023-06-02,2027-05-12,Active
10441,7357,1884,114,Home,2280800,11.08,24,2023-04-06,2025-03-26,Closed
10442,7359,4904,139,Home,218300,10.87,36,2024-04-14,2027-03-30,Default
10443,7360,5211,142,Home,438700,15.45,120,2024-10-17,2034-08-26,Active
10444,7363,2703,139,Business,512500,7.27,120,2023-11-26,2033-10-04,Closed
10445,7365,1308,137,Auto,534000,14.45,180,2023-06-08,2038-03-21,Closed
10446,7367,2890,146,Auto,487200,14.94,120,2023-10-17,2033-08-25,Default
10447,7368,2982,140,Personal,291200,12.5,36,2023-08-03,2026-07-18,Active
10448,7369,5488,128,Home,847300,11.59,24,2024-05-25,2026-05-15,Default
10449,7371,2163,141,Business,1801600,8.22,180,2024-04-15,2039-01-27,Active
10450,7372,1866,105,Personal,508100,12.81,48,2023-07-21,2027-06-30,Closed
10451,7373,4749,133,Personal,825800,13.33,180,2025-01-25,2039-11-08,Active
10452,7376,1618,131,Business,888300,12.86,24,2023-03-29,2025-03-18,Active
10453,7379,4922,126,Home,979200,7.68,180,2023-08-08,2038-05-21,Default
10454,7384,4732,107,Home,446300,13.68,180,2024-05-14,2039-02-25,Active
10455,7385,4408,134,Auto,238900,8.94,84,2023-03-01,2030-01-23,Active
10456,7387,4655,103,Business,609700,9.23,120,2025-01-13,2034-11-22,Closed
10457,7388,2265,124,Personal,1223400,10.33,120,2024-03-05,2034-01-12,Closed
10458,7389,5324,107,Home,204100,12.63,36,2023-09-08,2026-08-23,Closed
10459,7390,2686,146,Auto,63000,11.81,12,2024-02-16,2025-02-10,Active
10460,7394,2553,128,Personal,197200,12.98,180,2023-11-02,2038-08-15,Active
10461,7395,4330,145,Personal,535800,12.6,84,2024-09-23,2031-08-18,Active
10462,7397,5319,132,Home,1073300,12.96,84,2024-08-16,2031-07-11,Closed
10463,7398,1485,107,Personal,410100,9.53,120,2025-05-08,2035-03-17,Active
10464,7399,3239,146,Auto,1609400,12.82,240,2026-01-03,2045-09-20,Closed
10465,7400,5653,109,Personal,1200300,13.77,120,2024-10-27,2034-09-05,Closed
10466,7401,1982,115,Education,263300,7.47,36,2024-01-11,2026-12-26,Active
10467,7402,2719,109,Home,2452200,15.0,180,2024-10-13,2039-07-27,Default
10468,7403,3194,134,Education,2218100,7.41,120,2024-10-17,2034-08-26,Closed
10469,7405,4792,137,Home,1398400,13.41,60,2023-05-02,2028-04-05,Closed
10470,7407,1083,104,Business,939400,12.48,120,2023-04-19,2033-02-25,Default
10471,7408,4097,138,Personal,603400,9.7,240,2024-03-02,2043-11-18,Closed
10472,7409,5549,114,Personal,582600,11.06,120,2025-12-18,2035-10-27,Default
10473,7411,3478,118,Home,1216100,14.8,60,2023-09-11,2028-08-15,Closed
10474,7413,2990,141,Business,396700,14.26,84,2024-07-16,2031-06-10,Default
10475,7414,2420,104,Home,182100,10.11,120,2024-06-26,2034-05-05,Default
10476,7415,5798,103,Personal,143600,10.3,36,2024-03-14,2027-02-27,Closed
10477,7416,1852,119,Education,296300,8.83,60,2025-10-11,2030-09-15,Closed
10478,7417,5314,127,Auto,497300,10.59,240,2025-04-18,2045-01-03,Closed
10479,7419,2612,130,Personal,1628100,12.57,12,2025-05-24,2026-05-19,Closed
10480,7421,3515,113,Home,1462900,10.84,84,2025-12-15,2032-11-08,Active
10481,7424,4704,133,Personal,538200,13.16,180,2024-02-06,2038-11-19,Active
10482,7425,5508,104,Business,139200,13.86,48,2023-09-02,2027-08-12,Closed
10483,7428,1386,135,Home,304100,9.72,12,2024-06-15,2025-06-10,Default
10484,7429,4494,119,Auto,360800,12.6,12,2023-03-12,2024-03-06,Active
10485,7430,5134,144,Auto,2844700,11.62,36,2025-04-13,2028-03-28,Active
10486,7433,4115,139,Home,560800,7.88,60,2024-01-03,2028-12-07,Closed
10487,7434,3166,132,Auto,410100,9.46,48,2025-03-12,2029-02-19,Closed
10488,7435,3654,142,Business,1060300,8.04,240,2024-06-01,2044-02-17,Closed
10489,7437,1198,145,Home,1616400,13.83,48,2024-11-21,2028-10-31,Default
10490,7439,2017,105,Education,600400,12.95,36,2025-05-12,2028-04-26,Active
10491,7441,3516,117,Home,1546000,13.83,180,2023-03-24,2038-01-04,Closed
10492,7443,2573,135,Education,95200,12.45,240,2023-07-04,2043-03-21,Active
10493,7444,1104,117,Home,582300,11.41,240,2024-07-02,2044-03-19,Active
10494,7445,3033,117,Home,454100,11.04,120,2025-01-24,2034-12-03,Closed
10495,7446,2258,125,Personal,296800,9.86,48,2025-10-02,2029-09-11,Active
10496,7447,3082,141,Home,774500,14.44,240,2023-10-06,2043-06-23,Active
10497,7448,5816,108,Auto,765300,10.96,24,2025-12-09,2027-11-29,Default
10498,7452,4302,128,Personal,2358500,8.82,84,2024-04-26,2031-03-21,Closed
10499,7453,1100,146,Home,247500,13.35,12,2024-06-19,2025-06-14,Active
10500,7454,3111,145,Home,1421000,9.87,36,2023-03-08,2026-02-20,Active
10501,7456,2021,119,Personal,239900,8.9,120,2023-10-12,2033-08-20,Active
10502,7457,3958,108,Auto,934200,13.72,180,2023-06-11,2038-03-24,Closed
10503,7458,4778,109,Business,251100,10.8,120,2025-05-12,2035-03-21,Closed
10504,7459,3332,118,Business,128100,8.73,60,2025-04-30,2030-04-04,Active
10505,7460,2743,144,Home,415900,12.72,24,2023-11-24,2025-11-13,Active
10506,7462,1419,103,Business,615500,13.94,60,2025-07-27,2030-07-01,Closed
10507,7463,1991,127,Personal,661600,10.4,120,2024-07-31,2034-06-09,Closed
10508,7464,3475,134,Education,1140300,8.98,84,2025-10-23,2032-09-16,Active
10509,7466,5847,116,Personal,412900,7.21,12,2023-03-02,2024-02-25,Active
10510,7468,3036,148,Business,782200,14.38,240,2024-03-25,2043-12-11,Active
10511,7469,4380,130,Home,1287400,10.81,84,2023-08-21,2030-07-15,Closed
10512,7470,2646,136,Home,416300,14.55,36,2023-03-10,2026-02-22,Closed
10513,7471,4973,110,Auto,351700,12.99,36,2025-03-30,2028-03-14,Closed
10514,7472,5243,136,Business,176200,11.2,84,2025-10-13,2032-09-06,Active
10515,7473,4998,123,Education,1700300,12.94,120,2024-12-08,2034-10-17,Closed
10516,7475,3429,129,Business,1001800,9.64,48,2025-07-12,2029-06-21,Closed
10517,7476,2775,145,Home,902400,8.68,120,2024-04-12,2034-02-19,Closed
10518,7477,2727,131,Personal,744700,8.28,36,2025-03-18,2028-03-02,Default
10519,7479,2489,140,Auto,1076200,14.8,36,2025-12-10,2028-11-24,Active
10520,7480,4741,149,Home,339300,13.33,48,2025-09-28,2029-09-07,Closed
10521,7481,1844,131,Business,123300,14.96,24,2025-08-26,2027-08-16,Closed
10522,7485,3296,117,Business,1252400,13.49,120,2023-02-28,2033-01-06,Active
10523,7486,2514,105,Auto,452000,10.28,60,2025-12-19,2030-11-23,Active
10524,7487,3898,134,Personal,221700,14.97,240,2025-04-24,2045-01-09,Active
10525,7489,4928,125,Personal,584400,12.0,240,2025-05-20,2045-02-04,Closed
10526,7491,4108,124,Home,62200,14.95,12,2025-01-28,2026-01-23,Active
10527,7492,5000,113,Personal,514200,8.8,24,2024-09-24,2026-09-14,Closed
10528,7493,4482,111,Personal,1200400,10.17,48,2024-04-05,2028-03-15,Closed
10529,7495,1067,140,Home,555700,10.19,60,2023-09-20,2028-08-24,Default
10530,7496,3081,118,Education,675800,7.05,120,2025-01-24,2034-12-03,Closed
10531,7498,2269,131,Home,266400,12.88,60,2024-05-12,2029-04-16,Active
10532,7499,2510,102,Personal,2059800,14.63,12,2023-11-11,2024-11-05,Closed
10533,7500,5692,122,Home,968300,14.8,48,2025-08-08,2029-07-18,Active
10534,7501,1849,114,Home,482800,13.77,60,2024-10-31,2029-10-05,Active
10535,7502,2875,114,Education,498000,9.16,24,2023-06-05,2025-05-25,Active
10536,7503,1602,145,Personal,424100,10.27,12,2025-01-01,2025-12-27,Active
10537,7505,5781,111,Personal,1869800,9.81,24,2025-07-14,2027-07-04,Closed
10538,7506,2413,136,Home,533600,10.82,48,2023-06-29,2027-06-08,Closed
10539,7507,3583,109,Business,747100,10.88,36,2024-05-05,2027-04-20,Active
10540,7508,3851,104,Education,4140800,14.57,180,2023-01-28,2037-11-10,Active
10541,7509,3289,132,Personal,891900,7.89,48,2024-03-05,2028-02-13,Closed
10542,7510,1096,148,Home,160100,13.44,48,2025-05-10,2029-04-19,Active
10543,7512,1234,138,Auto,131300,11.88,60,2023-11-07,2028-10-11,Default
10544,7514,5678,114,Personal,504000,12.85,12,2025-09-28,2026-09-23,Active
10545,7515,5216,148,Personal,688600,14.59,12,2024-09-10,2025-09-05,Default
10546,7516,4549,148,Business,1559100,15.0,60,2025-10-05,2030-09-09,Closed
10547,7517,1022,130,Home,3140900,7.09,84,2025-10-20,2032-09-13,Active
10548,7518,3809,133,Personal,633100,14.26,36,2025-08-14,2028-07-29,Active
10549,7520,3523,114,Personal,1047800,8.54,48,2024-06-23,2028-06-02,Closed
10550,7521,5935,131,Business,236100,8.32,180,2024-12-28,2039-10-11,Closed
10551,7522,3236,131,Personal,248700,14.73,60,2024-09-16,2029-08-21,Closed
10552,7523,1418,115,Auto,321800,15.0,240,2024-12-23,2044-09-09,Active
10553,7524,1553,101,Business,423200,10.36,24,2025-07-16,2027-07-06,Closed
10554,7525,3588,108,Personal,194200,7.52,84,2024-09-01,2031-07-27,Closed
10555,7526,4891,125,Personal,338400,13.92,240,2024-07-23,2044-04-09,Active
10556,7527,1036,148,Home,834300,14.19,60,2023-12-21,2028-11-24,Active
10557,7528,5066,126,Auto,787900,8.78,60,2024-08-02,2029-07-07,Active
10558,7531,3172,124,Business,130900,15.35,60,2023-11-14,2028-10-18,Active
10559,7533,5801,135,Education,714100,13.68,84,2024-03-01,2031-01-24,Active
10560,7534,1918,119,Business,311500,10.8,180,2023-11-03,2038-08-16,Closed
10561,7535,4260,112,Business,119600,10.85,180,2025-10-08,2040-07-21,Default
10562,7538,2020,113,Business,259800,9.89,12,2024-08-01,2025-07-27,Default
10563,7540,3161,116,Business,2766500,13.32,48,2025-10-21,2029-09-30,Closed
10564,7541,2341,129,Business,532800,12.26,240,2023-11-19,2043-08-06,Default
10565,7543,5932,110,Personal,802500,13.63,84,2024-12-22,2031-11-16,Closed
10566,7548,2081,149,Education,567400,11.56,60,2025-08-26,2030-07-31,Active
10567,7549,5160,132,Personal,401200,7.44,60,2025-02-05,2030-01-10,Closed
10568,7551,2458,150,Business,1962700,14.44,48,2025-08-19,2029-07-29,Active
10569,7552,4602,118,Home,325300,10.85,60,2023-12-28,2028-12-01,Closed
10570,7553,4838,148,Personal,354600,13.19,24,2023-08-09,2025-07-29,Closed
10571,7555,3429,111,Business,2468000,9.14,240,2025-09-22,2045-06-09,Active
10572,7556,4996,107,Education,509700,9.19,36,2024-07-09,2027-06-24,Closed
10573,7558,5512,124,Auto,2068800,10.11,12,2024-02-10,2025-02-04,Closed
10574,7559,3667,112,Personal,315600,9.92,24,2023-07-31,2025-07-20,Closed
10575,7560,3182,116,Personal,191500,9.37,60,2023-05-02,2028-04-05,Active
10576,7562,4880,111,Business,664900,9.73,60,2024-04-07,2029-03-12,Default
10577,7563,4763,130,Education,2671200,8.19,36,2024-07-08,2027-06-23,Active
10578,7564,5655,133,Auto,602000,7.11,84,2025-12-18,2032-11-11,Active
10579,7565,1223,133,Auto,1036900,15.3,48,2024-12-16,2028-11-25,Closed
10580,7567,2019,105,Personal,229600,7.63,24,2025-04-14,2027-04-04,Default
10581,7568,4975,117,Home,141700,10.01,48,2023-03-08,2027-02-15,Closed
10582,7569,3297,134,Home,1123400,14.1,60,2024-05-10,2029-04-14,Closed
10583,7570,1226,116,Personal,232200,7.03,84,2023-10-23,2030-09-16,Active
10584,7571,4126,145,Home,919000,13.63,12,2025-06-12,2026-06-07,Active
10585,7572,5061,149,Personal,552100,10.57,120,2024-01-02,2033-11-10,Closed
10586,7573,5583,109,Home,443700,8.82,12,2024-10-26,2025-10-21,Active
10587,7574,4128,132,Personal,386600,8.28,48,2024-10-21,2028-09-30,Closed
10588,7575,4948,136,Personal,271700,14.1,48,2023-06-16,2027-05-26,Active
10589,7576,5412,127,Education,694100,9.44,12,2025-02-15,2026-02-10,Default
10590,7579,2516,146,Personal,1961200,11.04,240,2024-02-20,2043-11-07,Active
10591,7580,1769,148,Education,863700,10.04,240,2023-05-09,2043-01-24,Closed
10592,7583,3174,145,Auto,287300,14.37,36,2023-07-05,2026-06-19,Active
10593,7587,4293,130,Education,705500,8.22,48,2024-08-13,2028-07-23,Closed
10594,7588,3081,115,Personal,2396100,15.36,12,2025-06-20,2026-06-15,Active
10595,7592,4118,127,Home,1168200,7.16,12,2024-12-16,2025-12-11,Active
10596,7593,4948,122,Auto,218500,8.69,36,2023-10-31,2026-10-15,Closed
10597,7594,3498,122,Personal,153800,11.02,60,2024-03-01,2029-02-03,Closed
10598,7596,1950,124,Personal,567400,8.48,240,2025-08-19,2045-05-06,Active
10599,7597,5530,114,Home,941300,9.11,240,2025-09-06,2045-05-24,Closed
10600,7598,1626,138,Home,330200,15.39,24,2026-01-16,2028-01-06,Closed
10601,7601,1143,106,Home,247200,12.2,60,2025-06-04,2030-05-09,Closed
10602,7602,4721,145,Auto,574500,7.38,36,2025-04-22,2028-04-06,Active
10603,7604,1288,117,Home,454100,11.05,84,2025-06-13,2032-05-07,Default
10604,7606,5503,128,Home,506500,11.94,36,2025-04-08,2028-03-23,Active
10605,7607,2819,124,Personal,206900,9.8,24,2024-10-30,2026-10-20,Active
10606,7608,5650,145,Personal,2969500,14.55,36,2023-08-06,2026-07-21,Default
10607,7609,4293,115,Personal,1132200,13.88,24,2024-01-18,2026-01-07,Closed
10608,7614,1289,128,Personal,338700,10.43,12,2023-03-01,2024-02-24,Default
10609,7615,4895,114,Home,1614900,13.44,120,2025-04-25,2035-03-04,Closed
10610,7616,5877,111,Auto,723700,11.5,84,2025-01-07,2031-12-02,Default
10611,7618,4671,101,Education,334600,13.91,48,2024-01-17,2027-12-27,Active
10612,7619,5634,117,Personal,646900,11.15,36,2023-04-15,2026-03-30,Default
10613,7620,5554,144,Home,145600,7.95,84,2025-07-03,2032-05-27,Closed
10614,7623,2806,125,Auto,254400,9.64,48,2023-11-18,2027-10-28,Default
10615,7625,4566,102,Education,1050000,12.3,84,2023-10-29,2030-09-22,Closed
10616,7626,2689,102,Home,185800,15.15,240,2024-10-31,2044-07-18,Default
10617,7628,1644,139,Auto,119300,14.5,120,2024-02-21,2033-12-30,Default
10618,7629,5347,115,Personal,255000,14.14,36,2023-09-07,2026-08-22,Active
10619,7630,5975,113,Personal,651900,11.65,48,2025-12-12,2029-11-21,Default
10620,7634,3517,112,Education,352000,8.59,240,2025-03-19,2044-12-04,Active
10621,7637,1533,111,Personal,1721800,7.15,84,2025-01-27,2031-12-22,Active
10622,7638,4493,129,Personal,773200,9.99,24,2023-09-02,2025-08-22,Closed
10623,7640,1978,111,Education,780600,13.53,180,2023-05-21,2038-03-03,Active
10624,7641,5600,104,Home,106700,9.13,36,2023-06-17,2026-06-01,Closed
10625,7643,3181,101,Personal,647200,9.48,36,2025-06-02,2028-05-17,Closed
10626,7648,4057,145,Personal,277800,8.02,60,2023-12-21,2028-11-24,Active
10627,7649,2358,127,Auto,561900,13.03,240,2025-04-20,2045-01-05,Active
10628,7651,4649,144,Auto,2622300,9.44,120,2025-05-17,2035-03-26,Default
10629,7652,3719,135,Personal,711200,12.34,180,2024-02-17,2038-11-30,Closed
10630,7654,5210,113,Auto,894000,11.46,120,2024-01-16,2033-11-24,Active
10631,7655,4658,146,Business,387800,15.44,180,2025-03-28,2040-01-09,Closed
10632,7656,3871,131,Education,874600,15.04,180,2023-07-08,2038-04-20,Active
10633,7658,1927,111,Auto,1913700,10.35,24,2024-08-01,2026-07-22,Closed
10634,7661,5049,110,Home,317700,13.82,24,2023-10-19,2025-10-08,Closed
10635,7662,1295,137,Auto,1251900,10.46,240,2023-06-11,2043-02-26,Closed
10636,7663,2404,108,Auto,180000,9.29,48,2023-04-07,2027-03-17,Closed
10637,7664,1616,116,Home,341300,7.12,84,2025-12-01,2032-10-25,Active
10638,7665,2584,105,Home,667800,13.11,120,2024-05-02,2034-03-11,Active
10639,7666,3128,121,Auto,525300,9.38,12,2025-09-09,2026-09-04,Closed
10640,7668,4856,108,Home,437400,11.09,180,2024-07-17,2039-04-30,Active
10641,7669,4508,135,Auto,326700,8.41,12,2024-03-21,2025-03-16,Active
10642,7670,5350,105,Personal,304500,7.55,180,2023-04-18,2038-01-29,Default
10643,7672,4510,113,Business,253900,13.35,12,2023-02-04,2024-01-30,Active
10644,7674,5440,113,Home,219600,9.49,24,2024-07-19,2026-07-09,Active
10645,7675,3106,105,Auto,365700,9.17,24,2025-12-12,2027-12-02,Closed
10646,7676,1220,133,Education,537100,9.2,48,2023-05-13,2027-04-22,Default
10647,7677,5938,116,Business,827500,7.89,24,2025-04-25,2027-04-15,Closed
10648,7678,2201,120,Home,2379900,7.27,84,2024-09-23,2031-08-18,Active
10649,7679,5582,142,Business,91200,8.58,120,2023-02-03,2032-12-12,Closed
10650,7681,1705,138,Business,266600,13.8,12,2024-04-21,2025-04-16,Closed
10651,7684,5736,128,Personal,563000,15.34,24,2025-08-19,2027-08-09,Active
10652,7685,3654,116,Education,2588100,11.38,120,2024-09-27,2034-08-06,Active
10653,7687,5910,132,Personal,204700,13.85,36,2024-08-20,2027-08-05,Active
10654,7690,3452,132,Personal,786500,9.17,60,2023-04-13,2028-03-17,Active
10655,7691,2248,111,Auto,525700,12.81,24,2025-07-27,2027-07-17,Active
10656,7692,1771,102,Business,353800,14.57,36,2023-09-09,2026-08-24,Closed
10657,7693,3596,104,Auto,3105300,12.25,84,2025-03-28,2032-02-20,Active
10658,7696,4428,113,Auto,2257000,12.96,120,2024-09-21,2034-07-31,Default
10659,7698,4047,105,Education,645300,7.85,48,2023-06-01,2027-05-11,Closed
10660,7699,5324,107,Business,2140100,10.04,180,2023-08-07,2038-05-20,Active
10661,7700,3648,113,Home,552300,7.26,24,2025-02-08,2027-01-29,Active
10662,7702,4365,122,Education,739500,8.41,48,2024-06-14,2028-05-24,Default
10663,7703,1008,102,Personal,80900,9.53,60,2026-01-01,2030-12-06,Active
10664,7705,4435,140,Personal,188300,15.1,36,2023-11-03,2026-10-18,Default
10665,7706,2069,126,Education,476900,7.34,48,2024-01-18,2027-12-28,Closed
10666,7708,3280,129,Business,66400,10.84,60,2024-01-14,2028-12-18,Active
10667,7709,2963,108,Personal,260000,13.56,60,2025-05-06,2030-04-10,Closed
10668,7710,3316,120,Personal,2234300,11.31,48,2024-05-25,2028-05-04,Active
10669,7711,1749,149,Home,1442700,11.98,120,2025-01-31,2034-12-10,Default
10670,7713,4373,103,Business,398100,14.93,24,2025-05-11,2027-05-01,Active
10671,7715,3714,141,Education,818600,12.54,60,2024-12-26,2029-11-30,Closed
10672,7717,5203,106,Personal,1033600,13.44,36,2024-03-10,2027-02-23,Active
10673,7718,4801,101,Personal,623600,7.34,240,2025-01-09,2044-09-26,Active
10674,7719,5255,119,Education,789500,13.76,48,2025-03-08,2029-02-15,Closed
10675,7720,4896,140,Personal,190000,10.59,36,2025-03-11,2028-02-24,Active
10676,7722,4621,112,Business,67800,7.17,84,2023-05-28,2030-04-21,Active
10677,7723,3507,102,Home,323400,14.22,240,2024-09-11,2044-05-29,Closed
10678,7726,3777,141,Home,6475600,15.13,48,2023-04-29,2027-04-08,Default
10679,7729,3647,136,Auto,243500,12.13,24,2025-08-29,2027-08-19,Active
10680,7730,1102,137,Auto,199700,14.56,180,2024-06-29,2039-04-12,Active
10681,7731,4396,140,Home,668300,8.65,24,2025-11-03,2027-10-24,Closed
10682,7732,2380,109,Personal,388200,12.13,48,2025-03-09,2029-02-16,Active
10683,7733,5039,135,Personal,208500,10.82,24,2025-04-28,2027-04-18,Closed
10684,7734,2151,141,Personal,463400,7.31,240,2025-11-05,2045-07-23,Active
10685,7739,1810,145,Personal,157300,12.33,12,2024-03-22,2025-03-17,Active
10686,7740,5692,149,Personal,334600,11.9,12,2025-02-10,2026-02-05,Active
10687,7741,5561,140,Home,389300,7.38,120,2026-01-09,2035-11-18,Closed
10688,7742,3182,123,Business,739900,8.77,120,2024-07-08,2034-05-17,Closed
10689,7747,4743,108,Home,255800,9.46,180,2025-07-30,2040-05-12,Active
10690,7749,5343,115,Personal,1929900,8.66,36,2023-08-20,2026-08-04,Active
10691,7750,1354,150,Personal,1751900,12.53,48,2024-10-23,2028-10-02,Active
10692,7752,3160,142,Home,944000,11.52,36,2025-04-11,2028-03-26,Active
10693,7754,5557,123,Personal,870600,10.12,24,2024-10-14,2026-10-04,Closed
10694,7756,4277,136,Personal,6826300,10.68,84,2025-11-11,2032-10-05,Closed
10695,7757,4855,149,Home,307800,15.21,36,2025-06-17,2028-06-01,Active
10696,7758,1461,137,Business,642400,7.95,48,2025-03-06,2029-02-13,Closed
10697,7759,1546,112,Auto,4068900,8.59,12,2025-10-24,2026-10-19,Active
10698,7760,5806,118,Personal,497200,11.57,180,2025-12-10,2040-09-22,Closed
10699,7761,5140,126,Home,347300,15.31,24,2023-11-19,2025-11-08,Active
10700,7763,4427,130,Home,358500,13.28,240,2025-09-28,2045-06-15,Active
10701,7765,4557,150,Education,151400,13.97,120,2025-10-29,2035-09-07,Closed
10702,7766,2286,128,Personal,214900,13.23,120,2025-04-18,2035-02-25,Closed
10703,7767,5171,142,Auto,592100,7.66,12,2024-06-13,2025-06-08,Active
10704,7768,2550,112,Home,318000,9.49,24,2024-04-07,2026-03-28,Active
10705,7769,5564,108,Personal,179900,11.59,60,2025-01-25,2029-12-30,Active
10706,7771,2211,133,Home,310000,7.53,36,2023-07-01,2026-06-15,Active
10707,7773,4371,114,Education,553800,10.39,180,2025-11-04,2040-08-17,Closed
10708,7776,5763,101,Education,209600,8.79,240,2025-06-01,2045-02-16,Active
10709,7777,5165,101,Home,181400,12.54,48,2024-09-24,2028-09-03,Active
10710,7781,3377,127,Education,2488100,7.84,84,2024-12-02,2031-10-27,Closed
10711,7782,1793,134,Personal,646800,13.69,240,2024-03-10,2043-11-26,Active
10712,7785,5863,108,Business,507900,11.85,60,2024-06-30,2029-06-04,Closed
10713,7786,2696,110,Personal,467400,10.17,120,2024-12-07,2034-10-16,Closed
10714,7788,3028,120,Home,1350000,8.19,24,2023-03-22,2025-03-11,Active
10715,7789,3447,137,Home,565500,12.71,48,2024-10-20,2028-09-29,Closed
10716,7790,2424,101,Personal,504900,14.13,240,2025-10-11,2045-06-28,Active
10717,7791,1081,130,Personal,2048700,14.21,24,2024-10-14,2026-10-04,Closed
10718,7793,3141,125,Home,487600,8.1,48,2025-08-11,2029-07-21,Active
10719,7794,3922,130,Auto,785100,15.33,240,2025-02-12,2044-10-30,Active
10720,7795,1072,126,Auto,139600,9.73,240,2025-04-04,2044-12-20,Closed
10721,7796,2081,118,Home,574500,9.05,84,2023-03-23,2030-02-14,Closed
10722,7797,3555,110,Personal,1366400,10.15,84,2023-06-21,2030-05-15,Active
10723,7799,1720,107,Personal,139800,10.63,24,2023-01-24,2025-01-13,Closed
10724,7800,2627,110,Business,3390900,11.98,36,2024-09-08,2027-08-24,Active
10725,7803,3253,106,Personal,672700,11.67,12,2023-06-10,2024-06-04,Active
10726,7804,4024,104,Personal,854300,8.43,240,2023-08-04,2043-04-21,Closed
10727,7806,1265,140,Business,981400,9.37,24,2024-04-28,2026-04-18,Default
10728,7807,1269,110,Personal,441200,13.31,84,2025-04-03,2032-02-26,Closed
10729,7809,1264,126,Personal,225500,8.82,48,2023-07-24,2027-07-03,Active
10730,7810,4698,141,Personal,221300,12.89,36,2023-10-25,2026-10-09,Active
10731,7811,4064,127,Home,350000,13.44,60,2024-09-29,2029-09-03,Active
10732,7814,2633,132,Home,629800,13.4,240,2024-01-30,2043-10-17,Closed
10733,7815,5103,106,Personal,149700,13.29,60,2023-06-23,2028-05-27,Active
10734,7816,4661,129,Auto,239400,9.21,84,2023-05-10,2030-04-03,Active
10735,7817,1399,139,Personal,656400,10.58,60,2024-11-21,2029-10-26,Active
10736,7818,1184,123,Personal,99100,10.99,240,2024-08-14,2044-05-01,Closed
10737,7820,3853,131,Business,304600,15.05,120,2025-04-05,2035-02-12,Closed
10738,7821,4648,136,Personal,578800,9.8,60,2025-04-27,2030-04-01,Closed
10739,7822,5189,137,Home,1248500,14.97,240,2025-05-28,2045-02-12,Active
10740,7823,3409,105,Home,330200,14.42,120,2023-03-16,2033-01-22,Closed
10741,7824,1111,105,Personal,443300,13.5,24,2023-09-19,2025-09-08,Closed
10742,7825,5404,106,Personal,207500,12.84,180,2023-06-11,2038-03-24,Closed
10743,7827,5173,120,Auto,89700,11.22,120,2024-01-16,2033-11-24,Default
10744,7829,4340,150,Education,382400,8.01,24,2025-12-11,2027-12-01,Closed
10745,7830,4424,106,Auto,672800,11.13,36,2025-04-06,2028-03-21,Closed
10746,7833,4454,128,Home,658600,7.2,180,2024-11-03,2039-08-17,Closed
10747,7834,3887,112,Auto,1649700,11.16,60,2025-06-27,2030-06-01,Default
10748,7835,1441,133,Business,402500,12.37,24,2025-04-16,2027-04-06,Default
10749,7838,2324,114,Personal,434900,10.42,120,2024-04-10,2034-02-17,Closed
10750,7839,2310,132,Personal,231100,8.07,24,2023-08-12,2025-08-01,Closed
10751,7840,2823,136,Auto,1028500,12.92,36,2025-05-02,2028-04-16,Active
10752,7841,5735,122,Personal,689800,14.16,12,2024-06-22,2025-06-17,Closed
10753,7845,1526,130,Home,501500,12.45,240,2025-10-25,2045-07-12,Active
10754,7847,3199,101,Personal,444200,11.93,60,2024-10-31,2029-10-05,Default
10755,7849,5987,112,Auto,1016100,10.6,240,2024-09-14,2044-06-01,Active
10756,7850,2202,106,Auto,1995800,12.71,12,2024-01-18,2025-01-12,Active
10757,7851,3773,114,Auto,549400,9.67,24,2023-10-27,2025-10-16,Active
10758,7855,1203,117,Business,623600,11.93,240,2024-06-12,2044-02-28,Active
10759,7856,3311,132,Personal,315700,9.83,180,2023-01-24,2037-11-06,Active
10760,7857,4057,135,Business,2254100,12.25,12,2023-08-02,2024-07-27,Active
10761,7860,4636,149,Education,266900,10.97,84,2023-10-11,2030-09-04,Default
10762,7861,4532,124,Business,360800,8.95,60,2025-03-28,2030-03-02,Closed
10763,7864,1662,139,Business,287900,9.3,36,2025-03-02,2028-02-15,Default
10764,7866,5644,103,Home,425300,13.18,48,2024-01-17,2027-12-27,Active
10765,7870,2064,116,Business,172800,8.44,240,2025-05-30,2045-02-14,Active
10766,7875,5371,124,Personal,452300,9.47,240,2023-03-14,2042-11-29,Closed
10767,7876,3173,116,Personal,346400,13.15,84,2023-03-27,2030-02-18,Active
10768,7878,4901,110,Home,857900,7.23,240,2025-12-31,2045-09-17,Default
10769,7880,3773,118,Business,5350900,7.02,180,2023-02-22,2037-12-05,Active
10770,7883,4352,112,Personal,87800,10.35,180,2025-05-25,2040-03-07,Closed
10771,7885,5268,122,Education,3906500,15.07,48,2025-10-02,2029-09-11,Closed
10772,7886,1006,148,Home,871900,7.4,60,2024-01-23,2028-12-27,Closed
10773,7888,3969,141,Education,509600,14.62,180,2025-06-06,2040-03-19,Closed
10774,7889,1539,139,Business,728100,11.79,36,2024-02-25,2027-02-09,Active
10775,7890,4702,137,Personal,2118900,7.84,180,2023-12-19,2038-10-01,Active
10776,7891,3520,119,Business,1616900,14.06,120,2024-01-17,2033-11-25,Active
10777,7893,4797,119,Auto,610100,7.39,180,2023-03-04,2037-12-15,Closed
10778,7894,2279,102,Personal,1107200,11.36,24,2024-01-24,2026-01-13,Active
10779,7895,1556,122,Education,317900,12.26,12,2024-08-05,2025-07-31,Active
10780,7896,3914,140,Home,567500,12.77,24,2023-01-17,2025-01-06,Active
10781,7897,5701,115,Personal,377700,9.0,60,2024-08-12,2029-07-17,Active
10782,7898,5343,104,Business,525400,9.28,240,2024-01-19,2043-10-06,Closed
10783,7899,1317,114,Education,668200,14.21,180,2025-04-28,2040-02-09,Default
10784,7901,4718,127,Personal,1117800,10.02,120,2024-12-11,2034-10-20,Closed
10785,7902,4147,120,Auto,1301300,11.48,48,2025-04-24,2029-04-03,Active
10786,7904,5232,136,Home,760300,10.79,36,2023-09-05,2026-08-20,Closed
10787,7905,3275,105,Education,906000,8.53,48,2025-07-13,2029-06-22,Active
10788,7907,3940,139,Auto,119100,10.46,180,2024-04-03,2039-01-15,Active
10789,7908,4830,126,Home,224600,7.37,180,2024-08-29,2039-06-12,Closed
10790,7909,3987,125,Personal,340700,8.28,84,2023-12-11,2030-11-04,Active
10791,7911,3985,108,Auto,377900,14.08,48,2025-01-13,2028-12-23,Closed
10792,7912,5165,133,Education,672400,14.86,36,2025-12-20,2028-12-04,Active
10793,7913,2386,140,Personal,429600,7.18,180,2023-05-11,2038-02-21,Closed
10794,7914,3018,133,Business,403600,9.73,24,2023-02-27,2025-02-16,Active
10795,7918,2578,130,Auto,301600,14.95,180,2025-10-12,2040-07-25,Closed
10796,7919,1741,112,Home,314200,13.12,60,2024-12-04,2029-11-08,Default
10797,7923,2855,143,Business,80300,7.11,240,2025-04-05,2044-12-21,Active
10798,7924,3479,115,Home,334700,7.92,180,2024-09-29,2039-07-13,Active
10799,7925,3964,137,Auto,106100,13.27,36,2025-03-16,2028-02-29,Active
10800,7926,4292,144,Business,335300,12.78,48,2023-10-10,2027-09-19,Closed
10801,7927,2171,125,Business,866800,14.44,240,2023-04-23,2043-01-08,Active
10802,7928,3625,136,Auto,242100,13.43,84,2024-09-19,2031-08-14,Closed
10803,7931,4794,138,Home,806300,15.03,240,2025-12-11,2045-08-28,Default
10804,7935,4622,149,Home,1211500,11.62,36,2023-05-20,2026-05-04,Active
10805,7937,5347,101,Business,96300,9.24,180,2025-02-23,2039-12-07,Default
10806,7939,4350,138,Personal,1377500,8.11,240,2023-12-05,2043-08-22,Active
10807,7941,1715,107,Auto,325600,7.04,12,2024-09-29,2025-09-24,Closed
10808,7942,4126,115,Auto,653800,8.06,240,2024-09-24,2044-06-11,Closed
10809,7944,4283,139,Education,312300,12.09,24,2024-05-14,2026-05-04,Default
10810,7945,1518,132,Home,1068900,10.45,60,2024-11-04,2029-10-09,Active
10811,7947,2982,108,Personal,1141800,13.73,36,2024-03-31,2027-03-16,Active
10812,7950,1707,149,Auto,49600,9.79,12,2023-11-03,2024-10-28,Default
10813,7952,1781,130,Business,503000,10.03,60,2025-12-11,2030-11-15,Closed
10814,7953,5284,120,Personal,1138600,12.24,120,2024-11-27,2034-10-06,Active
10815,7956,5722,129,Personal,162400,14.97,24,2023-04-09,2025-03-29,Active
10816,7958,4837,102,Personal,1416900,12.02,24,2024-02-13,2026-02-02,Active
10817,7962,4208,146,Home,936700,8.96,36,2025-04-24,2028-04-08,Active
10818,7963,3709,115,Home,154900,10.33,180,2024-03-14,2038-12-26,Closed
10819,7966,5955,130,Business,308300,14.85,84,2023-11-08,2030-10-02,Default
10820,7969,3696,149,Home,1016200,13.82,36,2025-12-07,2028-11-21,Closed
10821,7975,3776,142,Personal,345200,7.29,36,2025-02-26,2028-02-11,Closed
10822,7977,4238,144,Business,434500,9.16,120,2024-11-07,2034-09-16,Active
10823,7978,2282,106,Personal,251800,12.13,36,2023-07-26,2026-07-10,Closed
10824,7979,5332,123,Auto,808800,13.27,24,2024-03-07,2026-02-25,Closed
10825,7980,2418,120,Business,933400,8.02,60,2024-10-29,2029-10-03,Closed
10826,7981,1741,127,Auto,523900,11.38,180,2024-03-29,2039-01-10,Closed
10827,7984,4557,148,Personal,338300,11.78,12,2024-11-12,2025-11-07,Active
10828,7985,3782,104,Personal,794900,8.03,12,2024-08-07,2025-08-02,Closed
10829,7987,1471,127,Personal,1608300,10.74,12,2025-09-24,2026-09-19,Closed
10830,7989,5925,142,Business,650800,7.03,48,2023-10-11,2027-09-20,Default
10831,7990,3719,145,Auto,2644000,12.95,180,2025-05-25,2040-03-07,Active
10832,7991,4317,105,Business,323100,7.65,180,2023-05-06,2038-02-16,Active
10833,7992,5347,117,Personal,1570900,8.24,84,2025-05-22,2032-04-15,Active
10834,7995,2230,121,Education,138700,13.74,120,2024-06-22,2034-05-01,Active
10835,8004,1083,135,Auto,609400,10.52,180,2025-02-04,2039-11-18,Closed
10836,8005,4969,135,Auto,103700,12.89,120,2025-06-25,2035-05-04,Closed
10837,8006,5973,135,Personal,318600,12.56,24,2023-02-04,2025-01-24,Active
10838,8007,1876,120,Personal,4980800,8.28,84,2025-04-09,2032-03-03,Default
10839,8009,2565,135,Personal,206100,8.44,48,2025-10-20,2029-09-29,Active
10840,8012,2190,132,Auto,278800,12.6,12,2024-02-26,2025-02-20,Active
10841,8013,3179,146,Education,314900,9.02,12,2023-06-23,2024-06-17,Active
10842,8014,2795,108,Home,215700,10.75,60,2023-03-05,2028-02-07,Closed
10843,8016,4244,126,Home,455000,13.98,36,2025-12-24,2028-12-08,Active
10844,8017,3929,101,Personal,340900,9.33,240,2024-03-17,2043-12-03,Active
10845,8018,3217,125,Home,1043700,9.91,48,2024-02-02,2028-01-12,Active
10846,8020,2116,105,Personal,212900,9.66,12,2025-09-04,2026-08-30,Closed
10847,8022,5101,126,Personal,702900,13.34,120,2023-01-25,2032-12-03,Active
10848,8023,3731,136,Personal,951300,9.73,84,2024-07-21,2031-06-15,Active
10849,8026,4549,107,Auto,320200,10.26,48,2025-08-04,2029-07-14,Closed
10850,8027,5975,140,Auto,1424400,11.72,120,2025-09-20,2035-07-30,Active
10851,8030,4939,127,Personal,1131200,11.34,48,2025-12-05,2029-11-14,Closed
10852,8031,5317,108,Education,160700,9.34,84,2025-06-15,2032-05-09,Active
10853,8032,5879,122,Home,372500,12.18,36,2024-04-29,2027-04-14,Closed
10854,8034,3083,108,Business,746700,10.01,60,2024-04-04,2029-03-09,Active
10855,8035,5922,126,Education,506300,10.89,12,2025-01-07,2026-01-02,Active
10856,8037,3660,133,Home,228900,10.21,84,2023-08-29,2030-07-23,Closed
10857,8039,4294,143,Personal,348700,13.67,240,2023-05-17,2043-02-01,Active
10858,8044,5237,120,Business,2939500,11.59,36,2025-11-29,2028-11-13,Closed
10859,8046,3551,144,Home,318400,15.39,12,2023-07-07,2024-07-01,Closed
10860,8047,3418,108,Home,1352300,11.19,240,2023-12-11,2043-08-28,Active
10861,8048,4675,102,Personal,95900,14.57,84,2025-06-09,2032-05-03,Closed
10862,8049,2293,144,Business,5315800,11.88,240,2025-06-25,2045-03-12,Active
10863,8050,2554,147,Auto,901600,14.59,36,2025-05-17,2028-05-01,Active
10864,8052,4124,125,Home,299600,12.65,84,2023-08-13,2030-07-07,Closed
10865,8055,1283,104,Home,1680300,8.03,36,2023-05-25,2026-05-09,Active
10866,8057,2081,103,Auto,1022000,7.8,180,2023-05-02,2038-02-12,Active
10867,8058,5476,141,Personal,402700,13.5,84,2024-03-09,2031-02-01,Active
10868,8061,5759,120,Personal,333600,12.81,240,2025-05-27,2045-02-11,Default
10869,8062,5923,118,Home,167500,10.83,36,2023-07-22,2026-07-06,Closed
10870,8065,5374,125,Education,600300,10.65,240,2025-12-17,2045-09-03,Active
10871,8067,1084,150,Home,1156100,12.62,180,2023-10-15,2038-07-28,Active
10872,8068,3193,108,Education,346100,11.72,48,2026-01-14,2029-12-24,Active
10873,8070,5009,139,Personal,340200,8.72,12,2023-05-24,2024-05-18,Closed
10874,8071,1745,114,Auto,1003000,14.44,60,2025-05-11,2030-04-15,Closed
10875,8072,1151,107,Personal,208700,12.98,24,2023-09-17,2025-09-06,Closed
10876,8074,3884,108,Personal,794500,12.54,60,2025-04-18,2030-03-23,Active
10877,8076,5605,137,Home,457700,11.05,12,2025-01-11,2026-01-06,Active
10878,8077,1362,108,Home,78400,15.04,36,2025-12-13,2028-11-27,Active
10879,8078,2216,141,Home,492500,7.09,120,2023-06-09,2033-04-17,Closed
10880,8082,5308,120,Home,3088000,12.94,120,2023-05-14,2033-03-22,Active
10881,8083,2159,146,Home,460500,15.35,48,2025-03-03,2029-02-10,Closed
10882,8084,5940,132,Business,346000,12.02,36,2023-07-02,2026-06-16,Closed
10883,8085,5604,126,Business,515900,12.04,48,2023-12-27,2027-12-06,Active
10884,8086,1945,138,Auto,497200,13.75,48,2025-08-23,2029-08-02,Default
10885,8088,5804,115,Education,1950100,7.2,180,2023-05-24,2038-03-06,Active
10886,8089,4829,132,Personal,632000,7.98,24,2025-09-11,2027-09-01,Active
10887,8090,2410,147,Education,423100,14.19,60,2025-04-11,2030-03-16,Active
10888,8091,3938,148,Personal,879400,12.58,60,2024-01-15,2028-12-19,Active
10889,8092,4759,110,Personal,662000,15.35,60,2023-07-31,2028-07-04,Active
10890,8093,5555,112,Business,542700,10.46,180,2023-09-15,2038-06-28,Closed
10891,8094,5920,127,Education,210900,10.8,240,2025-01-28,2044-10-15,Active
10892,8095,2038,113,Personal,580700,12.64,12,2025-03-03,2026-02-26,Active
10893,8096,4227,110,Business,950100,8.54,84,2023-10-30,2030-09-23,Default
10894,8097,4972,114,Home,283500,9.45,180,2024-06-11,2039-03-25,Closed
10895,8098,1616,113,Business,1255000,14.31,12,2023-03-19,2024-03-13,Closed
10896,8099,4796,120,Business,796500,13.83,48,2025-12-07,2029-11-16,Active
10897,8100,1004,124,Auto,1145600,11.85,180,2023-12-12,2038-09-24,Closed
10898,8101,4224,116,Personal,378800,10.05,180,2024-10-19,2039-08-02,Closed
10899,8102,5755,126,Education,231800,12.41,60,2023-01-25,2027-12-30,Default
10900,8103,5286,105,Personal,743900,8.47,48,2025-11-13,2029-10-23,Default
10901,8104,4753,130,Home,840300,10.68,120,2024-08-21,2034-06-30,Active
10902,8105,4676,146,Auto,3371000,11.28,36,2026-01-05,2028-12-20,Closed
10903,8107,5174,122,Personal,670600,10.92,12,2024-02-18,2025-02-12,Active
10904,8108,5530,139,Auto,986300,10.56,240,2024-10-09,2044-06-26,Default
10905,8109,5722,145,Home,908200,10.19,240,2025-03-21,2044-12-06,Closed
10906,8110,1212,130,Personal,170000,11.91,60,2024-11-25,2029-10-30,Active
10907,8111,3241,125,Personal,1123600,10.04,240,2024-06-25,2044-03-12,Closed
10908,8115,1679,118,Auto,223600,12.01,240,2023-05-02,2043-01-17,Active
10909,8117,5282,136,Business,621500,11.42,48,2025-12-15,2029-11-24,Closed
10910,8118,5419,109,Auto,1336400,10.0,60,2023-10-05,2028-09-08,Active
10911,8121,5685,118,Home,764400,13.67,180,2023-01-31,2037-11-13,Active
10912,8122,3557,123,Education,1803900,7.36,24,2023-09-11,2025-08-31,Active
10913,8124,3388,112,Home,295700,9.29,240,2025-04-19,2045-01-04,Active
10914,8125,4633,111,Personal,3568000,11.21,24,2024-04-06,2026-03-27,Active
10915,8126,3367,101,Education,175500,14.76,120,2025-07-27,2035-06-05,Active
10916,8127,3287,101,Business,405800,7.61,48,2025-04-26,2029-04-05,Active
10917,8128,3558,105,Personal,1423200,11.96,24,2025-07-18,2027-07-08,Active
10918,8129,1795,127,Auto,750900,8.45,120,2024-10-18,2034-08-27,Active
10919,8133,4706,107,Auto,231000,7.1,84,2023-10-07,2030-08-31,Active
10920,8134,1725,118,Auto,235400,14.37,12,2024-01-20,2025-01-14,Closed
10921,8135,1978,147,Auto,320100,14.45,48,2023-12-10,2027-11-19,Default
10922,8137,5338,119,Education,186700,9.34,120,2024-11-24,2034-10-03,Closed
10923,8138,1076,138,Home,450500,14.32,120,2024-03-06,2034-01-13,Active
10924,8139,5444,104,Auto,597400,10.21,36,2024-07-26,2027-07-11,Active
10925,8140,4603,130,Home,560200,7.4,60,2025-03-02,2030-02-04,Default
10926,8141,2658,141,Personal,1146800,8.91,48,2023-04-05,2027-03-15,Closed
10927,8142,2872,105,Home,458300,12.53,60,2023-03-08,2028-02-10,Active
10928,8144,4744,139,Personal,339100,8.75,12,2023-12-31,2024-12-25,Closed
10929,8146,5209,141,Education,573700,11.9,180,2023-10-05,2038-07-18,Default
10930,8147,1350,119,Home,177200,8.55,180,2023-03-20,2037-12-31,Active
10931,8149,5887,149,Business,400900,8.77,180,2025-10-09,2040-07-22,Default
10932,8150,4091,104,Personal,1034300,12.74,240,2023-09-17,2043-06-04,Default
10933,8151,3265,105,Home,398200,14.4,48,2023-02-02,2027-01-12,Active
10934,8153,1642,118,Auto,1176400,13.36,36,2025-02-21,2028-02-06,Closed
10935,8156,5507,141,Personal,109900,7.49,48,2024-04-21,2028-03-31,Default
10936,8157,3559,137,Personal,195500,14.85,60,2025-01-26,2029-12-31,Active
10937,8159,2928,128,Home,215400,8.36,60,2025-07-23,2030-06-27,Default
10938,8160,1289,117,Business,409600,13.18,60,2025-09-17,2030-08-22,Closed
10939,8161,3771,116,Personal,1782300,13.19,60,2025-06-14,2030-05-19,Closed
10940,8163,3050,117,Business,648300,10.84,24,2023-03-21,2025-03-10,Closed
10941,8165,1253,147,Personal,105100,11.79,12,2025-09-20,2026-09-15,Default
10942,8166,3271,127,Home,254000,7.82,48,2023-01-15,2026-12-25,Active
10943,8167,4280,127,Personal,282000,15.27,12,2023-02-13,2024-02-08,Closed
10944,8169,4663,101,Home,399100,7.55,120,2023-02-20,2032-12-29,Active
10945,8170,1368,145,Home,915500,14.74,24,2025-04-23,2027-04-13,Active
10946,8171,2571,127,Personal,176800,9.12,24,2025-01-25,2027-01-15,Default
10947,8177,5640,135,Personal,565700,10.33,240,2025-07-17,2045-04-03,Active
10948,8178,3701,137,Personal,574300,13.44,24,2023-08-24,2025-08-13,Closed
10949,8179,4962,148,Business,81100,14.47,240,2024-02-14,2043-11-01,Closed
10950,8181,5624,150,Auto,519000,12.91,24,2023-11-01,2025-10-21,Closed
10951,8182,4338,134,Home,3849100,8.03,36,2025-02-04,2028-01-20,Closed
10952,8184,3232,101,Personal,461300,9.99,36,2024-04-27,2027-04-12,Active
10953,8185,4266,127,Auto,1656500,12.19,24,2025-05-21,2027-05-11,Active
10954,8187,3130,124,Personal,232200,15.38,84,2025-08-12,2032-07-06,Closed
10955,8188,2570,121,Business,375100,10.44,84,2023-11-07,2030-10-01,Closed
10956,8189,4925,140,Personal,880100,9.57,36,2025-04-16,2028-03-31,Active
10957,8191,1719,118,Auto,641100,9.38,48,2024-11-25,2028-11-04,Closed
10958,8194,5000,105,Personal,100900,14.26,120,2023-08-04,2033-06-12,Closed
10959,8195,4965,141,Home,102900,8.45,24,2023-03-30,2025-03-19,Active
10960,8196,4075,118,Business,544500,12.48,36,2024-07-01,2027-06-16,Active
10961,8197,1854,143,Home,287700,14.21,60,2024-05-13,2029-04-17,Closed
10962,8200,1830,147,Auto,271800,14.25,36,2023-04-15,2026-03-30,Closed
10963,8201,1693,145,Auto,165800,8.11,36,2024-09-23,2027-09-08,Closed
10964,8202,4617,143,Personal,267200,13.74,240,2025-04-08,2044-12-24,Closed
10965,8203,4163,107,Home,3132800,14.82,36,2023-09-07,2026-08-22,Default
10966,8205,2575,118,Home,419200,13.65,36,2026-01-20,2029-01-04,Default
10967,8206,3153,125,Business,490500,12.96,36,2023-06-30,2026-06-14,Active
10968,8207,3147,132,Home,1133600,11.39,240,2025-01-06,2044-09-23,Closed
10969,8209,5680,101,Home,460100,13.53,60,2025-11-29,2030-11-03,Active
10970,8210,5295,146,Personal,487700,11.9,48,2024-03-10,2028-02-18,Active
10971,8213,4802,110,Personal,276000,10.46,120,2023-04-04,2033-02-10,Active
10972,8216,5793,132,Auto,231200,11.2,60,2023-04-18,2028-03-22,Active
10973,8218,1436,109,Home,2886300,12.56,84,2023-11-09,2030-10-03,Closed
10974,8220,4365,120,Personal,144900,11.75,120,2024-12-08,2034-10-17,Active
10975,8221,2846,125,Education,289700,12.69,24,2024-03-31,2026-03-21,Closed
10976,8222,2535,128,Home,497800,15.34,12,2025-11-10,2026-11-05,Active
10977,8224,5271,116,Auto,197800,9.22,240,2024-05-21,2044-02-06,Active
10978,8225,4749,128,Home,1063900,15.46,36,2025-06-15,2028-05-30,Active
10979,8227,4819,120,Business,446200,7.46,36,2024-03-28,2027-03-13,Closed
10980,8228,1170,127,Personal,2057900,12.17,60,2025-03-04,2030-02-06,Active
10981,8231,5542,126,Auto,627400,14.94,240,2023-02-01,2042-10-19,Closed
10982,8232,1951,126,Auto,139200,7.87,60,2025-01-08,2029-12-13,Closed
10983,8233,2551,126,Auto,2382300,15.42,240,2025-05-18,2045-02-02,Active
10984,8234,4046,122,Personal,508000,14.81,120,2025-05-29,2035-04-07,Active
10985,8236,3619,138,Home,556600,14.26,180,2024-04-06,2039-01-18,Active
10986,8237,4831,107,Personal,534700,11.48,84,2024-01-22,2030-12-16,Closed
10987,8238,4010,104,Business,56300,8.82,120,2025-05-10,2035-03-19,Closed
10988,8240,1510,136,Home,427700,7.76,120,2023-02-25,2033-01-03,Closed
10989,8241,5883,124,Home,234800,7.55,60,2024-06-22,2029-05-27,Active
10990,8242,4750,139,Business,355800,12.0,84,2023-10-29,2030-09-22,Closed
10991,8244,2441,130,Home,497900,12.97,48,2025-02-27,2029-02-06,Active
10992,8245,4432,137,Business,414300,8.87,120,2024-08-19,2034-06-28,Closed
10993,8247,3174,137,Business,2404900,11.16,24,2024-11-26,2026-11-16,Active
10994,8248,1449,109,Education,983100,11.49,120,2025-12-04,2035-10-13,Active
10995,8250,3058,123,Home,1850800,14.62,84,2024-11-29,2031-10-24,Active
10996,8251,2019,129,Personal,234700,8.07,120,2024-10-26,2034-09-04,Default
10997,8253,4075,146,Personal,1137700,13.78,12,2024-04-26,2025-04-21,Closed
10998,8254,1918,143,Personal,93100,13.55,12,2025-03-23,2026-03-18,Active
10999,8256,5274,105,Education,391300,12.79,12,2025-06-04,2026-05-30,Closed
11000,8257,3033,133,Personal,877300,9.11,36,2025-08-17,2028-08-01,Default
11001,8258,1599,140,Home,452500,7.44,12,2024-02-13,2025-02-07,Active
11002,8260,3301,135,Personal,146100,13.65,36,2023-04-01,2026-03-16,Active
11003,8261,1003,113,Business,991200,11.76,36,2023-04-01,2026-03-16,Default
11004,8262,2992,123,Home,270100,12.34,12,2024-02-04,2025-01-29,Default
11005,8263,2927,147,Auto,173400,14.24,180,2024-04-25,2039-02-06,Default
11006,8264,5147,149,Home,364600,8.12,36,2024-01-02,2026-12-17,Active
11007,8265,4763,126,Home,465700,8.75,48,2025-11-19,2029-10-29,Closed
11008,8266,3715,134,Personal,358400,10.58,36,2025-05-02,2028-04-16,Active
11009,8267,3828,146,Home,125000,10.01,60,2023-12-15,2028-11-18,Closed
11010,8268,3473,138,Home,507700,15.07,120,2025-10-18,2035-08-27,Closed
11011,8269,5216,127,Education,160700,9.7,60,2023-12-14,2028-11-17,Default
11012,8271,2394,138,Personal,240600,14.64,36,2025-12-22,2028-12-06,Active
11013,8276,3182,150,Business,1057800,11.52,60,2024-01-14,2028-12-18,Active
11014,8277,1635,109,Auto,82800,7.82,36,2024-07-03,2027-06-18,Closed
11015,8278,1956,150,Home,411600,12.72,240,2024-09-18,2044-06-05,Closed
11016,8279,3120,117,Business,362200,13.35,36,2023-04-12,2026-03-27,Closed
11017,8280,3407,139,Home,270400,8.39,48,2024-04-21,2028-03-31,Closed
11018,8283,1719,122,Business,331000,10.57,240,2024-02-29,2043-11-16,Closed
11019,8284,2973,114,Business,591400,8.26,48,2024-02-16,2028-01-26,Active
11020,8285,4464,112,Auto,547100,8.5,24,2025-04-25,2027-04-15,Active
11021,8286,1995,117,Auto,244600,12.84,84,2025-12-29,2032-11-22,Active
11022,8287,5617,113,Education,576500,11.21,60,2023-03-10,2028-02-12,Closed
11023,8288,1837,142,Education,674500,7.27,60,2025-12-16,2030-11-20,Active
11024,8292,3160,126,Auto,280100,14.94,84,2025-01-14,2031-12-09,Active
11025,8294,4152,126,Personal,163500,12.87,84,2025-10-07,2032-08-31,Active
11026,8295,5803,149,Business,172900,7.45,240,2024-01-23,2043-10-10,Active
11027,8296,5295,133,Personal,396700,13.12,24,2024-12-13,2026-12-03,Active
11028,8297,1544,123,Auto,1258900,14.12,36,2025-11-14,2028-10-29,Closed
11029,8299,4504,148,Personal,448100,10.45,48,2025-10-05,2029-09-14,Closed
11030,8300,1965,123,Personal,140100,13.41,48,2024-10-14,2028-09-23,Closed
11031,8301,3376,127,Home,1105600,9.46,24,2023-06-13,2025-06-02,Active
11032,8302,2922,115,Home,1070800,8.03,48,2023-07-24,2027-07-03,Active
11033,8303,3870,114,Personal,155900,15.25,240,2025-11-09,2045-07-27,Closed
11034,8306,1675,143,Business,561900,7.04,180,2024-07-08,2039-04-21,Active
11035,8308,3237,103,Auto,151400,11.45,120,2023-10-07,2033-08-15,Default
11036,8309,5924,128,Auto,501900,7.83,60,2025-02-11,2030-01-16,Closed
11037,8312,5220,127,Auto,288800,12.07,36,2023-03-04,2026-02-16,Active
11038,8313,3014,145,Personal,153800,7.04,48,2024-04-12,2028-03-22,Active
11039,8315,5887,141,Home,1683000,7.53,12,2025-07-28,2026-07-23,Active
11040,8316,2860,140,Personal,423500,13.0,84,2024-09-17,2031-08-12,Active
11041,8317,5494,105,Personal,160500,13.88,24,2023-03-19,2025-03-08,Active
11042,8320,5106,102,Business,1564700,13.75,84,2025-04-08,2032-03-02,Active
11043,8321,5675,139,Business,812000,8.48,48,2025-05-13,2029-04-22,Active
11044,8322,3729,111,Auto,58900,7.04,84,2025-02-23,2032-01-18,Active
11045,8328,3564,143,Auto,233500,13.37,180,2024-11-28,2039-09-11,Active
11046,8329,4351,124,Home,391800,8.56,240,2023-05-26,2043-02-10,Closed
11047,8333,1091,131,Home,370500,9.71,48,2024-11-11,2028-10-21,Closed
11048,8334,3765,117,Business,316900,9.34,12,2023-11-22,2024-11-16,Default
11049,8336,5335,121,Business,464700,14.92,240,2024-01-01,2043-09-18,Closed
11050,8337,4813,137,Personal,250000,14.46,84,2024-08-14,2031-07-09,Closed
11051,8339,1185,106,Personal,2431000,10.86,60,2024-06-19,2029-05-24,Active
11052,8340,1195,116,Business,781800,13.73,60,2025-04-03,2030-03-08,Active
11053,8342,4153,132,Business,1433200,13.33,12,2025-11-09,2026-11-04,Active
11054,8343,4675,140,Personal,601500,11.0,60,2024-09-05,2029-08-10,Closed
11055,8345,5381,106,Personal,2700200,7.82,120,2024-03-02,2034-01-09,Active
11056,8346,1146,122,Home,490400,13.58,36,2024-05-02,2027-04-17,Closed
11057,8347,2440,111,Auto,681700,12.76,48,2025-03-05,2029-02-12,Active
11058,8348,5069,137,Home,1238900,8.33,60,2023-12-24,2028-11-27,Closed
11059,8349,2899,108,Business,849500,11.13,240,2024-07-28,2044-04-14,Active
11060,8351,2494,139,Auto,774300,13.76,36,2025-02-03,2028-01-19,Closed
11061,8352,2899,108,Education,588000,13.53,36,2024-01-08,2026-12-23,Active
11062,8353,3708,118,Auto,900300,15.26,180,2025-03-27,2040-01-08,Closed
11063,8354,5832,123,Auto,899600,10.94,240,2024-03-29,2043-12-15,Closed
11064,8357,5468,107,Home,369500,14.02,60,2025-01-30,2030-01-04,Closed
11065,8358,2186,137,Auto,598700,7.06,240,2023-09-05,2043-05-23,Closed
11066,8359,4060,138,Education,489400,12.46,48,2023-07-02,2027-06-11,Closed
11067,8361,4021,146,Personal,2863600,9.37,180,2025-11-07,2040-08-20,Active
11068,8362,4935,125,Business,234400,8.33,180,2023-10-25,2038-08-07,Active
11069,8363,5146,129,Auto,78400,13.28,120,2025-03-23,2035-01-30,Active
11070,8364,2438,142,Home,1060100,10.15,120,2025-03-07,2035-01-14,Active
11071,8365,3169,115,Home,316200,12.22,60,2024-05-28,2029-05-02,Active
11072,8366,4737,139,Personal,1703700,14.06,36,2024-08-25,2027-08-10,Closed
11073,8367,1458,140,Education,378100,11.57,12,2023-08-02,2024-07-27,Closed
11074,8368,3274,143,Home,447000,10.74,12,2024-03-06,2025-03-01,Closed
11075,8369,4332,103,Home,5937400,12.28,240,2024-05-25,2044-02-10,Active
11076,8370,3326,143,Auto,420500,15.47,12,2023-08-21,2024-08-15,Closed
11077,8371,3052,147,Business,477400,8.08,12,2025-12-15,2026-12-10,Active
11078,8372,2791,143,Education,1386700,9.3,36,2023-06-30,2026-06-14,Active
11079,8373,4376,119,Home,564100,14.94,12,2024-12-03,2025-11-28,Closed
11080,8380,5001,115,Personal,306400,15.46,24,2024-09-23,2026-09-13,Active
11081,8382,1955,135,Home,1141500,11.74,60,2023-01-25,2027-12-30,Default
11082,8384,1418,110,Personal,1036700,7.15,12,2023-10-02,2024-09-26,Closed
11083,8386,3762,114,Business,591100,14.06,60,2025-11-17,2030-10-22,Active
11084,8387,1706,129,Education,535600,12.36,240,2025-03-05,2044-11-20,Active
11085,8388,4342,105,Education,208000,11.47,240,2023-08-29,2043-05-16,Active
11086,8389,1373,119,Home,371900,15.21,12,2024-03-10,2025-03-05,Active
11087,8390,2095,146,Personal,485700,8.13,60,2023-09-12,2028-08-16,Closed
11088,8391,4274,131,Home,145900,9.93,240,2024-08-17,2044-05-04,Default
11089,8394,5317,128,Home,351800,12.32,12,2025-02-25,2026-02-20,Closed
11090,8395,2183,112,Home,109100,7.04,180,2023-05-25,2038-03-07,Active
11091,8396,3286,142,Auto,321800,14.36,180,2025-05-11,2040-02-22,Active
11092,8398,2754,138,Home,541500,13.48,180,2024-01-23,2038-11-05,Active
11093,8399,3750,144,Personal,645100,9.0,60,2024-01-23,2028-12-27,Closed
11094,8401,2810,136,Auto,419900,9.62,60,2025-12-07,2030-11-11,Closed
11095,8402,3397,119,Home,373300,9.6,12,2023-04-22,2024-04-16,Closed
11096,8403,1322,130,Education,149800,14.32,180,2025-06-12,2040-03-25,Closed
11097,8404,2204,108,Home,297200,9.73,24,2024-02-10,2026-01-30,Closed
11098,8405,4672,131,Business,241600,9.37,240,2025-04-09,2044-12-25,Default
11099,8406,5873,133,Home,795800,13.29,240,2025-03-08,2044-11-23,Active
11100,8410,4691,148,Personal,1153500,11.92,240,2025-01-14,2044-10-01,Closed
11101,8412,4598,102,Personal,516200,10.05,180,2025-10-11,2040-07-24,Default
11102,8414,3578,109,Business,131400,11.9,120,2024-02-08,2033-12-17,Active
11103,8416,5386,138,Home,1743100,14.82,36,2024-07-06,2027-06-21,Closed
11104,8417,3899,139,Personal,46300,10.83,24,2025-02-09,2027-01-30,Closed
11105,8418,4625,102,Auto,323200,7.04,240,2023-09-17,2043-06-04,Active
11106,8419,3167,126,Personal,579700,13.24,84,2023-04-05,2030-02-27,Closed
11107,8422,1218,134,Personal,635000,15.49,48,2023-04-04,2027-03-14,Closed
11108,8423,5821,131,Home,666300,7.45,240,2024-12-07,2044-08-24,Active
11109,8424,3864,122,Auto,1189600,12.2,84,2024-06-02,2031-04-27,Closed
11110,8425,4084,113,Personal,880700,10.39,60,2025-01-27,2030-01-01,Default
11111,8426,5033,118,Home,383100,11.8,48,2024-11-28,2028-11-07,Active
11112,8427,4854,127,Auto,1333200,9.62,180,2024-09-11,2039-06-25,Closed
11113,8428,3368,108,Auto,105300,13.4,36,2023-03-21,2026-03-05,Closed
11114,8429,3074,138,Auto,1283700,7.79,120,2023-03-20,2033-01-26,Active
11115,8433,5247,143,Education,1271600,7.76,12,2023-07-19,2024-07-13,Closed
11116,8434,1463,145,Business,448700,11.59,84,2025-06-18,2032-05-12,Closed
11117,8439,1511,146,Home,1071800,9.73,240,2025-03-19,2044-12-04,Active
11118,8440,5869,142,Personal,713100,14.85,84,2025-03-31,2032-02-23,Closed
11119,8442,4762,145,Personal,121600,8.64,36,2024-02-17,2027-02-01,Active
11120,8444,5066,101,Auto,367000,13.59,48,2024-07-03,2028-06-12,Default
11121,8447,3767,135,Auto,2361000,15.28,240,2023-11-28,2043-08-15,Closed
11122,8448,5571,114,Business,556600,9.78,180,2023-04-20,2038-01-31,Closed
11123,8449,2609,107,Personal,458800,14.8,48,2025-11-25,2029-11-04,Active
11124,8450,2691,102,Business,92100,9.69,120,2023-12-15,2033-10-23,Active
11125,8451,1770,107,Auto,348000,11.71,12,2024-03-27,2025-03-22,Active
11126,8453,3395,107,Personal,243200,7.0,84,2024-03-30,2031-02-22,Active
11127,8454,1808,105,Home,831300,9.25,180,2025-07-10,2040-04-22,Active
11128,8459,4062,147,Personal,386900,7.45,60,2025-05-17,2030-04-21,Closed
11129,8461,1115,140,Auto,273300,7.25,12,2023-05-12,2024-05-06,Active
11130,8463,5036,108,Personal,197900,15.46,120,2023-05-11,2033-03-19,Default
11131,8465,2743,123,Business,301600,13.5,24,2024-01-05,2025-12-25,Active
11132,8467,4550,131,Auto,405000,9.86,12,2024-04-16,2025-04-11,Active
11133,8469,5162,119,Home,342900,12.79,48,2025-11-15,2029-10-25,Active
11134,8470,5304,128,Home,396200,11.48,180,2023-09-01,2038-06-14,Closed
11135,8471,1278,125,Business,1618400,14.8,60,2023-08-19,2028-07-23,Closed
11136,8472,5721,133,Education,978300,9.12,12,2025-01-01,2025-12-27,Closed
11137,8473,1139,138,Business,158100,11.36,12,2024-01-10,2025-01-04,Active
11138,8474,1676,131,Education,1196600,7.06,120,2025-03-14,2035-01-21,Active
11139,8475,3380,107,Home,195400,13.18,84,2023-12-01,2030-10-25,Closed
11140,8476,3595,130,Personal,1077400,11.91,12,2024-08-20,2025-08-15,Closed
11141,8478,2837,118,Education,306000,12.3,240,2023-10-10,2043-06-27,Closed
11142,8479,3937,112,Home,958100,13.17,60,2024-02-10,2029-01-14,Active
11143,8481,3880,104,Auto,561100,10.24,12,2023-11-27,2024-11-21,Active
11144,8482,5367,125,Auto,238700,8.33,120,2023-10-28,2033-09-05,Active
11145,8483,3348,125,Business,511200,8.57,36,2024-03-06,2027-02-19,Active
11146,8484,2066,149,Auto,132500,13.22,24,2025-03-27,2027-03-17,Active
11147,8486,2621,114,Personal,857200,15.45,84,2024-08-24,2031-07-19,Closed
11148,8489,4044,101,Home,733900,10.82,24,2025-01-01,2026-12-22,Closed
11149,8492,1730,115,Personal,983900,8.46,84,2025-08-16,2032-07-10,Active
11150,8494,2394,136,Auto,39400,7.59,180,2025-03-09,2039-12-21,Active
11151,8497,1040,114,Business,423900,11.09,84,2024-10-07,2031-09-01,Active
11152,8498,1769,139,Personal,262900,13.09,36,2023-02-14,2026-01-29,Closed
11153,8500,1518,110,Auto,406700,12.12,180,2023-07-25,2038-05-07,Closed
11154,8501,5703,111,Home,313700,9.48,36,2024-10-17,2027-10-02,Closed
11155,8504,5936,116,Personal,478000,12.05,24,2023-11-17,2025-11-06,Active
11156,8505,2930,150,Business,1388200,11.62,36,2024-01-22,2027-01-06,Default
11157,8506,5325,102,Personal,877500,8.84,60,2023-08-29,2028-08-02,Active
11158,8507,5839,132,Education,495700,10.48,180,2025-06-02,2040-03-15,Closed
11159,8508,5550,104,Auto,222700,14.44,12,2025-06-18,2026-06-13,Closed
11160,8509,5459,137,Home,1068200,13.4,84,2023-02-07,2030-01-01,Closed
11161,8511,5490,120,Home,347800,14.9,240,2023-10-25,2043-07-12,Closed
11162,8514,1601,118,Home,84400,14.58,180,2025-05-30,2040-03-12,Active
11163,8515,5700,109,Personal,911400,9.1,24,2025-03-01,2027-02-19,Closed
11164,8518,5843,148,Education,630900,14.33,180,2025-01-31,2039-11-14,Closed
11165,8520,1495,146,Auto,491300,12.23,84,2025-06-11,2032-05-05,Closed
11166,8523,3195,138,Personal,1272200,15.18,60,2024-02-01,2029-01-05,Active
11167,8524,4996,149,Education,322600,8.66,24,2025-11-09,2027-10-30,Closed
11168,8525,2732,118,Auto,697300,9.92,24,2024-05-05,2026-04-25,Active
11169,8527,3902,139,Auto,727100,10.41,84,2023-09-12,2030-08-06,Default
11170,8528,5428,130,Personal,830700,7.2,24,2023-10-16,2025-10-05,Active
11171,8529,1776,148,Personal,249500,11.08,12,2024-01-24,2025-01-18,Active
11172,8530,4516,126,Education,614300,15.02,60,2025-04-15,2030-03-20,Active
11173,8531,1442,143,Personal,269300,13.93,120,2023-07-26,2033-06-03,Closed
11174,8533,1411,130,Auto,326600,8.69,60,2024-09-08,2029-08-13,Active
11175,8535,1109,117,Personal,919500,9.4,36,2024-12-30,2027-12-15,Active
11176,8536,5641,144,Business,89700,15.3,24,2023-04-11,2025-03-31,Active
11177,8538,5782,114,Home,2097000,7.51,36,2024-11-20,2027-11-05,Active
11178,8541,3460,128,Personal,892700,10.86,84,2023-10-20,2030-09-13,Closed
11179,8542,2727,125,Personal,2504000,14.54,180,2023-03-20,2037-12-31,Active
11180,8544,1484,132,Auto,499500,12.93,84,2023-09-16,2030-08-10,Closed
11181,8545,5140,112,Personal,287700,15.35,240,2023-06-03,2043-02-18,Active
11182,8547,1607,115,Home,711800,15.29,240,2024-11-08,2044-07-26,Active
11183,8550,4831,147,Home,424200,13.39,36,2024-10-13,2027-09-28,Active
11184,8551,1435,106,Home,1165200,11.13,120,2024-04-12,2034-02-19,Closed
11185,8552,5219,140,Auto,54900,12.3,180,2024-02-27,2038-12-10,Closed
11186,8554,2818,102,Home,306600,13.75,36,2025-05-16,2028-04-30,Closed
11187,8555,5722,135,Personal,4918900,9.49,60,2023-03-09,2028-02-11,Active
11188,8556,1952,131,Auto,95000,10.9,36,2025-09-09,2028-08-24,Active
11189,8557,3807,145,Education,615800,12.67,120,2024-10-29,2034-09-07,Closed
11190,8558,1876,106,Business,475100,9.31,60,2025-05-04,2030-04-08,Closed
11191,8560,5781,106,Business,334800,12.59,12,2023-11-24,2024-11-18,Active
11192,8564,3946,150,Home,328300,8.24,12,2024-01-31,2025-01-25,Closed
11193,8565,5218,102,Business,711900,10.57,240,2026-01-10,2045-09-27,Active
11194,8569,3884,110,Auto,444000,7.87,60,2023-10-04,2028-09-07,Closed
11195,8570,5639,126,Auto,436800,14.17,24,2025-12-29,2027-12-19,Active
11196,8573,2199,137,Home,106500,9.57,48,2024-12-10,2028-11-19,Default
11197,8575,2745,139,Personal,743700,14.87,60,2025-09-28,2030-09-02,Closed
11198,8576,2760,144,Personal,79900,13.7,240,2025-06-09,2045-02-24,Active
11199,8577,4091,106,Auto,337300,9.68,24,2024-10-23,2026-10-13,Active
11200,8578,2753,120,Home,1747300,12.13,48,2025-06-30,2029-06-09,Active
11201,8581,2077,121,Personal,402400,10.75,180,2025-07-10,2040-04-22,Closed
11202,8582,2022,110,Auto,481200,13.85,36,2024-03-10,2027-02-23,Active
11203,8583,1992,124,Home,194200,12.83,24,2023-08-31,2025-08-20,Closed
11204,8584,1587,115,Business,206000,12.56,36,2025-02-06,2028-01-22,Active
11205,8585,1558,144,Auto,176600,13.17,120,2023-05-22,2033-03-30,Closed
11206,8587,2572,134,Personal,142700,10.58,240,2024-03-25,2043-12-11,Active
11207,8589,1642,138,Education,722000,10.52,60,2024-02-01,2029-01-05,Closed
11208,8593,4194,112,Education,557200,9.99,24,2023-11-14,2025-11-03,Closed
11209,8594,3407,148,Business,948300,8.36,120,2025-05-11,2035-03-20,Active
11210,8596,5042,130,Home,1352500,10.08,36,2025-04-16,2028-03-31,Closed
11211,8598,4186,113,Business,543200,12.37,120,2023-04-05,2033-02-11,Closed
11212,8599,1419,128,Home,744500,9.67,84,2024-05-05,2031-03-30,Active
11213,8600,5619,117,Education,153500,8.65,12,2024-11-16,2025-11-11,Closed
11214,8602,1811,106,Business,141500,15.14,60,2023-09-29,2028-09-02,Active
11215,8607,5101,142,Personal,350500,11.95,12,2024-04-20,2025-04-15,Active
11216,8609,2976,102,Business,626200,7.27,120,2025-04-12,2035-02-19,Active
11217,8610,3005,114,Business,967000,13.64,84,2024-02-26,2031-01-20,Closed
11218,8611,3610,124,Personal,172400,12.73,240,2024-05-15,2044-01-31,Active
11219,8615,1826,101,Auto,753600,10.31,48,2024-06-30,2028-06-09,Active
11220,8618,1430,134,Auto,86000,12.93,240,2023-11-14,2043-08-01,Active
11221,8619,4914,107,Auto,1855600,14.77,60,2024-09-02,2029-08-07,Closed
11222,8620,4722,110,Auto,1791700,8.83,60,2024-03-22,2029-02-24,Default
11223,8623,3750,116,Home,366300,11.49,60,2024-04-10,2029-03-15,Default
11224,8624,4672,119,Education,639300,13.56,60,2023-09-22,2028-08-26,Active
11225,8625,5601,126,Personal,367200,7.71,120,2024-07-20,2034-05-29,Closed
11226,8627,2419,148,Home,739400,13.39,12,2025-12-20,2026-12-15,Closed
11227,8630,3102,144,Business,1150700,13.49,120,2024-03-05,2034-01-12,Closed
11228,8631,3031,147,Business,159700,11.7,120,2025-04-13,2035-02-20,Active
11229,8633,1979,136,Personal,391000,13.67,60,2025-10-02,2030-09-06,Closed
11230,8635,1135,140,Education,1220900,12.7,36,2025-05-10,2028-04-24,Active
11231,8636,3621,142,Home,771300,9.76,120,2023-07-14,2033-05-22,Default
11232,8638,3306,138,Personal,315400,8.24,60,2024-08-25,2029-07-30,Active
11233,8642,2689,134,Personal,106400,15.18,48,2024-09-16,2028-08-26,Active
11234,8644,4253,128,Auto,323100,11.89,240,2024-04-04,2043-12-21,Active
11235,8645,1381,116,Personal,214000,13.06,48,2024-03-11,2028-02-19,Active
11236,8648,5763,144,Home,513500,11.6,60,2023-06-12,2028-05-16,Default
11237,8649,4391,123,Home,522200,13.32,84,2025-04-06,2032-02-29,Active
11238,8652,5624,123,Personal,660500,8.3,84,2024-05-15,2031-04-09,Default
11239,8653,2525,150,Business,1066000,8.88,24,2024-09-11,2026-09-01,Closed
11240,8654,2053,145,Personal,2722800,14.26,36,2025-02-27,2028-02-12,Active
11241,8656,3056,108,Personal,1807300,7.46,180,2024-11-11,2039-08-25,Active
11242,8658,4375,109,Auto,713700,10.88,240,2023-11-28,2043-08-15,Active
11243,8659,4871,126,Education,408000,8.62,84,2025-05-05,2032-03-29,Closed
11244,8660,5218,109,Home,1285200,11.84,12,2023-12-18,2024-12-12,Closed
11245,8661,5322,109,Home,327900,10.96,24,2024-02-24,2026-02-13,Active
11246,8662,5125,139,Personal,2625300,13.28,36,2023-05-15,2026-04-29,Closed
11247,8663,1588,120,Personal,468800,9.62,24,2024-12-30,2026-12-20,Closed
11248,8666,2075,105,Home,750700,10.58,60,2024-03-06,2029-02-08,Closed
11249,8668,3181,114,Personal,680600,8.99,84,2025-07-25,2032-06-18,Closed
11250,8669,4264,125,Personal,308400,7.87,48,2025-01-20,2028-12-30,Active
11251,8670,1528,118,Personal,1634100,8.93,12,2024-06-24,2025-06-19,Active
11252,8672,4156,132,Business,208500,14.64,120,2024-04-14,2034-02-21,Active
11253,8673,1896,145,Personal,421600,11.11,180,2024-08-28,2039-06-11,Closed
11254,8674,5003,146,Auto,355300,11.57,48,2024-10-02,2028-09-11,Active
11255,8675,4759,147,Personal,551500,13.3,240,2025-10-09,2045-06-26,Active
11256,8676,2527,123,Personal,120700,14.35,48,2025-01-25,2029-01-04,Closed
11257,8677,1604,138,Business,118800,7.2,36,2025-05-13,2028-04-27,Active
11258,8678,1803,115,Auto,1015200,8.06,12,2023-06-25,2024-06-19,Closed
11259,8679,2086,138,Personal,165100,10.63,24,2025-11-27,2027-11-17,Active
11260,8681,5589,112,Home,222900,8.7,24,2025-03-15,2027-03-05,Closed
11261,8682,1143,117,Home,218800,11.03,24,2023-07-06,2025-06-25,Active
11262,8685,5219,134,Personal,305700,12.23,180,2025-02-05,2039-11-19,Default
11263,8686,2522,123,Personal,937200,11.17,24,2025-02-25,2027-02-15,Closed
11264,8687,2909,136,Business,903300,12.77,12,2024-09-09,2025-09-04,Closed
11265,8690,1754,118,Auto,512200,7.16,60,2025-02-11,2030-01-16,Closed
11266,8691,5360,132,Personal,1316700,11.6,84,2023-06-16,2030-05-10,Active
11267,8692,3042,140,Personal,289000,13.12,36,2025-08-30,2028-08-14,Active
11268,8693,5184,146,Home,3563800,15.47,84,2024-02-14,2031-01-08,Active
11269,8695,2261,141,Auto,262300,7.89,60,2023-03-30,2028-03-03,Closed
11270,8697,2595,126,Education,1592000,7.1,84,2023-05-26,2030-04-19,Active
11271,8700,2596,149,Personal,132000,9.47,36,2023-05-03,2026-04-17,Closed
11272,8701,4241,148,Business,281600,9.79,48,2023-12-31,2027-12-10,Closed
11273,8703,3380,116,Business,1545700,13.87,36,2025-03-09,2028-02-22,Closed
11274,8705,4510,112,Personal,3134100,9.14,240,2023-10-05,2043-06-22,Closed
11275,8707,5237,132,Home,651100,9.09,24,2023-12-31,2025-12-20,Active
11276,8711,4979,122,Home,360700,14.4,60,2025-02-14,2030-01-19,Closed
11277,8714,1854,122,Personal,1663800,10.65,60,2024-12-12,2029-11-16,Active
11278,8715,4182,124,Business,430800,12.59,60,2023-02-19,2028-01-24,Default
11279,8718,3462,129,Home,750100,8.77,12,2025-03-01,2026-02-24,Active
11280,8719,4080,140,Auto,1179700,12.12,120,2023-07-20,2033-05-28,Closed
11281,8720,4013,143,Personal,468400,14.6,240,2024-03-12,2043-11-28,Active
11282,8723,4648,135,Personal,730300,13.22,240,2024-02-14,2043-11-01,Closed
11283,8724,4974,120,Personal,296600,8.19,24,2025-10-13,2027-10-03,Active
11284,8726,5374,144,Home,322000,8.12,36,2024-12-01,2027-11-16,Closed
11285,8730,5175,113,Education,174700,7.87,240,2024-12-12,2044-08-29,Active
11286,8731,2976,105,Home,408000,14.81,120,2023-03-22,2033-01-28,Active
11287,8734,5191,138,Auto,972400,12.18,60,2025-08-24,2030-07-29,Active
11288,8738,2959,118,Personal,67200,7.15,12,2023-02-10,2024-02-05,Closed
11289,8739,5867,112,Home,246700,14.13,36,2025-12-24,2028-12-08,Closed
11290,8740,5830,148,Auto,686500,9.78,24,2024-09-28,2026-09-18,Closed
11291,8741,3653,130,Home,126200,12.75,48,2024-07-04,2028-06-13,Closed
11292,8742,4306,101,Home,408500,14.24,240,2024-05-28,2044-02-13,Closed
11293,8746,2592,144,Education,132200,13.41,84,2024-10-25,2031-09-19,Closed
11294,8749,4547,131,Business,1258400,13.98,240,2025-10-16,2045-07-03,Active
11295,8750,1794,115,Home,791800,13.84,24,2023-10-30,2025-10-19,Closed
11296,8752,5729,119,Auto,710600,8.27,24,2024-11-30,2026-11-20,Closed
11297,8753,4397,146,Business,748800,10.3,24,2025-09-29,2027-09-19,Active
11298,8754,3123,105,Home,122800,14.77,48,2024-08-17,2028-07-27,Active
11299,8755,5233,116,Personal,49000,7.8,36,2025-01-29,2028-01-14,Active
11300,8756,3309,143,Business,122500,15.3,84,2023-12-20,2030-11-13,Active
11301,8757,4284,144,Personal,256300,8.92,180,2023-07-09,2038-04-21,Closed
11302,8759,1798,106,Auto,471900,12.25,48,2025-06-21,2029-05-31,Active
11303,8761,4557,110,Auto,665300,9.78,84,2025-03-12,2032-02-04,Default
11304,8762,2568,116,Home,71800,15.35,120,2024-05-16,2034-03-25,Active
11305,8763,5312,105,Home,736900,11.46,36,2024-04-28,2027-04-13,Closed
11306,8764,5881,144,Personal,258700,8.27,240,2024-03-17,2043-12-03,Active
11307,8767,1383,101,Business,126100,14.2,48,2023-10-19,2027-09-28,Closed
11308,8769,3202,105,Education,159300,10.41,180,2023-02-23,2037-12-06,Closed
11309,8770,4754,112,Personal,541100,14.24,36,2025-09-26,2028-09-10,Closed
11310,8774,1519,148,Personal,437100,10.77,36,2023-07-01,2026-06-15,Active
11311,8775,1236,138,Education,865200,14.93,180,2023-05-10,2038-02-20,Closed
11312,8776,5394,137,Home,119700,7.47,240,2023-03-07,2042-11-22,Active
11313,8778,3171,120,Auto,926400,15.36,36,2025-10-07,2028-09-21,Active
11314,8781,2978,108,Auto,255800,10.94,48,2025-11-18,2029-10-28,Default
11315,8782,2289,108,Auto,264500,10.14,240,2023-03-06,2042-11-21,Active
11316,8783,4180,107,Auto,489500,7.35,60,2024-05-07,2029-04-11,Default
11317,8784,2198,130,Personal,503700,8.94,12,2023-06-02,2024-05-27,Closed
11318,8785,4177,144,Education,253900,9.66,240,2023-07-28,2043-04-14,Active
11319,8786,4933,119,Home,932500,13.19,48,2023-06-01,2027-05-11,Closed
11320,8787,2718,125,Auto,833200,12.93,12,2025-10-27,2026-10-22,Closed
11321,8790,3902,115,Home,2757100,14.53,240,2025-07-20,2045-04-06,Closed
11322,8791,2552,149,Personal,381100,14.99,24,2023-04-06,2025-03-26,Active
11323,8792,3989,101,Business,408300,13.18,240,2023-03-19,2042-12-04,Active
11324,8793,1544,125,Auto,212500,12.87,240,2024-06-08,2044-02-24,Active
11325,8796,4178,135,Personal,361000,14.65,180,2023-07-23,2038-05-05,Active
11326,8797,1994,128,Education,578400,8.11,24,2024-04-20,2026-04-10,Active
11327,8798,5977,121,Personal,463600,7.66,60,2025-11-01,2030-10-06,Closed
11328,8799,2532,123,Auto,168800,13.02,240,2025-10-19,2045-07-06,Active
11329,8800,4004,129,Auto,1948000,9.63,60,2024-02-24,2029-01-28,Closed
11330,8801,5387,133,Personal,3068900,10.61,36,2023-07-12,2026-06-26,Closed
11331,8803,4516,126,Home,2042800,12.17,180,2024-02-19,2038-12-02,Active
11332,8804,2573,146,Home,383300,15.08,36,2024-10-10,2027-09-25,Active
11333,8805,2933,113,Home,1786600,14.42,24,2024-07-14,2026-07-04,Active
11334,8806,1912,104,Home,1356900,13.24,24,2024-03-10,2026-02-28,Active
11335,8808,5412,133,Home,698300,10.66,12,2024-10-08,2025-10-03,Closed
11336,8809,4725,110,Business,1029400,13.74,120,2025-02-10,2034-12-20,Active
11337,8810,5031,139,Personal,2271100,8.53,84,2025-01-21,2031-12-16,Closed
11338,8811,4312,120,Personal,3239300,13.86,48,2025-12-04,2029-11-13,Closed
11339,8812,1156,138,Home,2095400,11.04,60,2025-08-15,2030-07-20,Active
11340,8815,3036,150,Auto,530600,9.22,84,2023-05-12,2030-04-05,Active
11341,8816,3730,131,Home,207100,10.94,12,2023-05-28,2024-05-22,Active
11342,8817,3333,113,Auto,738100,13.7,12,2025-07-27,2026-07-22,Closed
11343,8818,2698,134,Home,392300,12.59,60,2025-07-03,2030-06-07,Default
11344,8820,1878,111,Business,171600,8.16,120,2024-09-15,2034-07-25,Closed
11345,8821,3316,127,Education,467200,12.88,12,2025-04-01,2026-03-27,Active
11346,8822,3996,107,Education,177100,14.08,12,2024-05-09,2025-05-04,Default
11347,8823,2115,149,Auto,2480600,8.28,60,2023-06-17,2028-05-21,Closed
11348,8825,4011,115,Education,968800,7.52,180,2024-05-25,2039-03-08,Closed
11349,8826,1357,111,Personal,127100,7.48,48,2024-07-29,2028-07-08,Active
11350,8829,4380,102,Home,1847300,7.19,12,2024-02-06,2025-01-31,Default
11351,8832,2341,111,Auto,335700,7.15,36,2023-03-19,2026-03-03,Active
11352,8835,5680,146,Education,709100,13.84,48,2025-02-08,2029-01-18,Closed
11353,8837,2437,141,Personal,411000,13.28,48,2024-07-27,2028-07-06,Default
11354,8839,1361,145,Personal,460500,15.0,84,2025-01-20,2031-12-15,Closed
11355,8840,5610,141,Home,599500,10.02,240,2025-04-19,2045-01-04,Active
11356,8841,4008,125,Home,933100,13.03,24,2025-01-04,2026-12-25,Closed
11357,8842,4574,115,Home,1049500,10.49,24,2023-10-13,2025-10-02,Closed
11358,8843,4558,102,Auto,333700,11.76,60,2025-03-05,2030-02-07,Active
11359,8844,1870,122,Auto,924200,10.73,60,2025-05-09,2030-04-13,Default
11360,8845,1877,110,Auto,2131400,10.53,36,2023-11-22,2026-11-06,Active
11361,8846,4765,136,Business,2526900,9.09,240,2025-06-25,2045-03-12,Closed
11362,8849,2820,106,Auto,969200,11.94,84,2023-11-09,2030-10-03,Active
11363,8851,5575,132,Auto,642500,9.22,240,2024-12-18,2044-09-04,Closed
11364,8852,1002,113,Home,404100,8.19,120,2023-06-29,2033-05-07,Default
11365,8853,2693,132,Education,929000,13.37,24,2025-05-09,2027-04-29,Active
11366,8856,3305,136,Personal,285100,12.49,12,2024-10-15,2025-10-10,Closed
11367,8858,4058,102,Personal,288100,9.49,180,2023-04-03,2038-01-14,Active
11368,8859,4157,113,Personal,1531300,12.36,48,2023-08-03,2027-07-13,Active
11369,8860,4315,142,Home,135400,7.23,120,2024-04-09,2034-02-16,Default
11370,8862,5881,107,Business,593600,15.4,48,2023-03-17,2027-02-24,Closed
11371,8863,5534,132,Personal,258000,8.48,24,2024-05-06,2026-04-26,Active
11372,8865,1479,137,Home,428700,15.0,120,2024-09-29,2034-08-08,Default
11373,8866,4068,136,Personal,398400,7.58,120,2025-08-30,2035-07-09,Active
11374,8867,5516,129,Home,1876400,13.02,36,2025-04-04,2028-03-19,Default
11375,8869,4812,139,Personal,92500,8.89,36,2024-10-29,2027-10-14,Active
11376,8871,4459,142,Education,1292700,15.2,24,2025-09-01,2027-08-22,Closed
11377,8874,2406,111,Personal,984200,9.68,240,2023-09-15,2043-06-02,Closed
11378,8875,2499,112,Home,705700,7.34,36,2023-09-15,2026-08-30,Closed
11379,8877,5832,150,Home,601300,7.28,48,2023-09-26,2027-09-05,Default
11380,8878,5443,136,Home,300000,14.27,24,2024-11-20,2026-11-10,Active
11381,8879,2223,127,Education,514700,7.59,120,2024-10-07,2034-08-16,Active
11382,8880,4303,127,Business,40400,14.04,120,2024-05-16,2034-03-25,Active
11383,8881,4506,130,Home,130200,8.28,12,2023-08-23,2024-08-17,Active
11384,8882,4404,101,Education,370700,9.35,36,2025-09-29,2028-09-13,Closed
11385,8883,2360,126,Personal,598900,15.34,240,2023-05-27,2043-02-11,Closed
11386,8885,2258,135,Business,464000,13.16,12,2025-11-27,2026-11-22,Closed
11387,8886,4441,108,Auto,252000,8.24,120,2023-10-17,2033-08-25,Active
11388,8887,5899,128,Education,211800,9.3,240,2024-04-16,2044-01-02,Active
11389,8888,4611,104,Education,1047000,11.04,180,2025-11-23,2040-09-05,Active
11390,8889,2339,131,Auto,214500,14.52,12,2024-08-02,2025-07-28,Active
11391,8890,1170,112,Education,185300,13.04,60,2024-08-03,2029-07-08,Active
11392,8891,4509,117,Auto,4220800,12.91,36,2025-03-27,2028-03-11,Active
11393,8894,5396,137,Personal,319200,10.06,84,2023-05-22,2030-04-15,Closed
11394,8898,4909,149,Home,2697500,12.56,24,2024-10-26,2026-10-16,Active
11395,8899,5284,118,Home,137600,8.47,180,2024-08-24,2039-06-07,Active
11396,8902,3691,134,Home,823100,11.84,60,2025-09-07,2030-08-12,Default
11397,8903,3526,122,Home,1878900,11.76,120,2024-10-20,2034-08-29,Default
11398,8905,4845,148,Business,1909200,12.85,180,2025-06-20,2040-04-02,Closed
11399,8906,3908,112,Home,378300,9.06,36,2025-11-23,2028-11-07,Active
11400,8908,2750,141,Auto,66600,7.99,12,2025-07-22,2026-07-17,Active
11401,8909,2542,135,Home,908000,15.22,180,2025-02-28,2039-12-12,Default
11402,8912,5215,113,Business,1182100,8.3,36,2025-01-14,2027-12-30,Active
11403,8913,2472,126,Personal,400700,9.87,180,2024-06-05,2039-03-19,Active
11404,8915,5063,134,Personal,1861100,14.4,240,2023-02-05,2042-10-23,Closed
11405,8916,1581,113,Business,351800,12.05,120,2023-02-02,2032-12-11,Closed
11406,8917,4961,148,Auto,332100,8.83,60,2025-02-17,2030-01-22,Active
11407,8919,3324,103,Home,1070300,11.08,60,2024-07-29,2029-07-03,Closed
11408,8922,2689,136,Personal,232400,14.15,24,2023-07-27,2025-07-16,Closed
11409,8923,3416,138,Home,611200,15.41,180,2024-05-14,2039-02-25,Closed
11410,8926,4552,148,Home,556800,12.47,48,2023-02-20,2027-01-30,Default
11411,8927,1925,135,Personal,746700,9.16,24,2025-02-04,2027-01-25,Active
11412,8928,4395,142,Personal,439700,13.91,60,2024-05-16,2029-04-20,Closed
11413,8929,2571,105,Home,314800,13.87,24,2023-04-24,2025-04-13,Active
11414,8931,5367,137,Personal,218400,14.56,180,2024-01-24,2038-11-06,Active
11415,8932,3355,150,Business,719700,8.16,180,2024-12-30,2039-10-13,Default
11416,8934,1957,123,Home,1098500,10.1,180,2024-10-03,2039-07-17,Closed
11417,8935,1259,144,Business,1355300,8.99,120,2024-09-30,2034-08-09,Closed
11418,8936,5021,134,Education,838500,8.84,48,2024-08-01,2028-07-11,Closed
11419,8937,4619,107,Personal,118000,10.11,120,2023-08-24,2033-07-02,Active
11420,8938,5616,128,Personal,216900,7.4,120,2023-07-19,2033-05-27,Active
11421,8939,2456,131,Business,186800,14.21,12,2024-04-18,2025-04-13,Active
11422,8940,5867,141,Personal,149300,14.24,120,2024-07-10,2034-05-19,Active
11423,8941,4382,110,Personal,339800,15.02,24,2023-05-11,2025-04-30,Closed
11424,8942,5555,137,Auto,1861800,7.6,120,2025-06-27,2035-05-06,Default
11425,8943,1880,147,Education,1456900,11.86,240,2024-05-24,2044-02-09,Closed
11426,8944,4272,135,Personal,1089300,7.05,48,2024-01-08,2027-12-18,Closed
11427,8945,5627,125,Business,59200,12.01,180,2025-06-12,2040-03-25,Default
11428,8946,4474,150,Personal,2801900,7.83,84,2025-10-03,2032-08-27,Active
11429,8947,3994,106,Personal,2071500,10.28,36,2023-07-21,2026-07-05,Active
11430,8948,4094,138,Home,154200,9.75,120,2024-07-07,2034-05-16,Default
11431,8952,5486,137,Personal,784300,9.81,84,2023-11-05,2030-09-29,Closed
11432,8955,3077,145,Personal,1190300,8.63,240,2024-05-07,2044-01-23,Default
11433,8956,3181,131,Education,273200,7.89,36,2025-07-16,2028-06-30,Active
11434,8957,2747,124,Personal,905400,7.14,24,2025-09-17,2027-09-07,Closed
11435,8958,1534,129,Home,1604500,13.38,84,2023-05-18,2030-04-11,Active
11436,8960,3696,135,Home,679900,14.79,240,2023-11-18,2043-08-05,Active
11437,8961,3924,137,Auto,1622200,14.61,60,2023-03-23,2028-02-25,Active
11438,8962,2604,135,Auto,95200,12.38,84,2023-11-28,2030-10-22,Active
11439,8963,2576,102,Home,466000,8.03,24,2024-02-02,2026-01-22,Active
11440,8966,2677,115,Personal,1990400,11.83,60,2024-07-09,2029-06-13,Closed
11441,8967,3536,144,Personal,1159300,7.83,48,2023-10-27,2027-10-06,Active
11442,8968,2924,101,Home,1399300,11.36,240,2023-11-13,2043-07-31,Closed
11443,8969,2471,125,Auto,1290000,14.29,48,2023-08-27,2027-08-06,Active
11444,8970,5673,110,Personal,623500,8.69,180,2025-03-26,2040-01-07,Active
11445,8973,5235,134,Business,412100,14.93,180,2025-08-31,2040-06-13,Active
11446,8974,3090,140,Business,938700,10.28,240,2024-02-09,2043-10-27,Default
11447,8975,3284,105,Education,3466200,8.85,24,2023-02-28,2025-02-17,Active
11448,8976,2493,118,Education,1080400,11.26,240,2023-02-05,2042-10-23,Active
11449,8977,3246,132,Personal,447500,14.39,84,2023-01-25,2029-12-19,Closed
11450,8978,2412,125,Education,392000,9.3,120,2024-07-16,2034-05-25,Closed
11451,8979,4106,102,Business,283500,8.46,48,2026-01-08,2029-12-18,Closed
11452,8982,1822,131,Business,198600,12.44,36,2024-10-02,2027-09-17,Active
11453,8984,4349,132,Business,719200,12.88,84,2023-11-12,2030-10-06,Active
11454,8985,4768,121,Home,932800,7.61,12,2025-06-27,2026-06-22,Active
11455,8987,2634,118,Business,388600,9.15,180,2024-07-01,2039-04-14,Active
11456,8990,3809,145,Home,5399600,8.01,240,2023-12-30,2043-09-16,Closed
11457,8991,1110,109,Home,199000,13.04,36,2025-11-02,2028-10-17,Default
11458,8992,3245,123,Personal,436400,11.49,24,2024-07-31,2026-07-21,Closed
11459,8993,3932,138,Home,346600,14.61,48,2024-07-07,2028-06-16,Active
11460,8994,1949,123,Business,235900,12.75,120,2026-01-07,2035-11-16,Closed
11461,8995,1453,116,Home,176900,9.32,36,2024-01-05,2026-12-20,Active
11462,8996,4524,115,Auto,287300,9.87,48,2025-01-29,2029-01-08,Active
11463,8997,1107,124,Personal,2748800,10.57,180,2026-01-13,2040-10-26,Closed
11464,8998,1005,147,Home,2063700,7.84,12,2025-11-01,2026-10-27,Active
11465,8999,1137,141,Home,508000,14.83,24,2023-09-02,2025-08-22,Active
11466,9004,4511,138,Home,51000,12.94,60,2023-03-18,2028-02-20,Active
11467,9005,1197,116,Education,2632100,13.16,120,2026-01-02,2035-11-11,Closed
11468,9007,2520,143,Business,811100,12.61,120,2025-11-29,2035-10-08,Active
11469,9008,1596,121,Home,345000,10.77,60,2024-04-10,2029-03-15,Active
11470,9009,2526,126,Auto,2534900,10.23,12,2025-03-28,2026-03-23,Closed
11471,9010,5797,145,Personal,833500,11.67,12,2024-12-26,2025-12-21,Closed
11472,9011,1723,135,Home,462300,13.27,84,2024-03-08,2031-01-31,Closed
11473,9012,3076,145,Personal,2756600,10.03,180,2023-09-12,2038-06-25,Closed
11474,9013,1094,126,Personal,1632300,11.19,180,2023-05-28,2038-03-10,Closed
11475,9014,4047,148,Personal,176600,12.55,12,2024-02-24,2025-02-18,Active
11476,9016,5210,136,Auto,153500,9.35,60,2024-08-20,2029-07-25,Closed
11477,9017,5937,103,Auto,1977100,14.08,48,2025-09-20,2029-08-30,Closed
11478,9018,2148,126,Personal,2671500,8.81,24,2023-02-28,2025-02-17,Closed
11479,9021,5109,148,Home,330500,14.33,240,2025-05-21,2045-02-05,Active
11480,9024,3602,107,Home,192100,7.04,240,2023-08-16,2043-05-03,Default
11481,9025,2209,123,Auto,230500,12.47,36,2023-05-19,2026-05-03,Active
11482,9026,3083,141,Personal,304800,11.03,36,2025-01-27,2028-01-12,Closed
11483,9027,1250,119,Personal,145600,9.1,120,2023-07-15,2033-05-23,Active
11484,9028,1247,113,Personal,880200,15.06,24,2025-04-09,2027-03-30,Active
11485,9029,4506,123,Home,265000,8.81,12,2025-12-20,2026-12-15,Active
11486,9030,4238,101,Personal,492000,11.18,36,2025-01-06,2027-12-22,Default
11487,9031,4421,106,Personal,339600,11.75,84,2025-10-05,2032-08-29,Closed
11488,9032,5224,108,Personal,1517100,15.12,24,2025-08-05,2027-07-26,Active
11489,9034,2988,138,Business,575000,12.42,12,2025-07-19,2026-07-14,Active
11490,9035,2373,128,Home,316300,7.62,24,2025-03-05,2027-02-23,Active
11491,9036,4308,128,Education,249300,10.54,36,2023-08-26,2026-08-10,Closed
11492,9037,4883,116,Personal,183600,14.36,240,2024-08-26,2044-05-13,Active
11493,9038,2257,132,Personal,336700,13.47,48,2024-07-17,2028-06-26,Active
11494,9040,5160,123,Business,427300,7.43,60,2023-03-26,2028-02-28,Closed
11495,9041,3847,106,Auto,861700,11.96,240,2025-01-16,2044-10-03,Default
11496,9042,2228,107,Auto,338400,7.98,180,2025-09-28,2040-07-11,Active
11497,9044,5253,107,Auto,431200,7.84,240,2025-11-28,2045-08-15,Closed
11498,9045,1387,109,Business,793500,15.18,84,2023-03-17,2030-02-08,Closed
11499,9046,4681,126,Business,946500,12.95,36,2024-06-15,2027-05-31,Active
11500,9049,3768,147,Auto,1036100,7.93,24,2023-06-18,2025-06-07,Active
11501,9050,3105,119,Home,342000,9.88,84,2024-06-29,2031-05-24,Closed
11502,9051,1071,127,Business,811800,12.78,36,2025-12-08,2028-11-22,Active
11503,9053,5356,141,Home,48900,14.7,48,2025-11-20,2029-10-30,Closed
11504,9054,2508,113,Auto,281500,7.57,180,2025-06-01,2040-03-14,Active
11505,9057,4993,121,Auto,46800,7.71,12,2024-02-21,2025-02-15,Active
11506,9058,1429,142,Business,495100,7.95,36,2025-06-01,2028-05-16,Active
11507,9060,2657,128,Personal,2269800,11.63,60,2024-11-24,2029-10-29,Active
11508,9061,3302,104,Personal,606300,10.94,240,2024-04-12,2043-12-29,Closed
11509,9062,2789,108,Personal,753500,8.4,120,2025-07-14,2035-05-23,Active
11510,9063,5872,133,Education,705800,11.55,36,2023-04-23,2026-04-07,Active
11511,9064,5412,115,Education,2635800,9.91,180,2023-10-19,2038-08-01,Closed
11512,9065,2322,107,Home,701700,8.43,240,2025-07-02,2045-03-19,Active
11513,9066,4835,106,Home,1863700,7.28,24,2024-10-23,2026-10-13,Closed
11514,9068,4685,150,Personal,2869300,7.84,120,2023-04-18,2033-02-24,Active
11515,9071,5498,116,Auto,759200,10.29,60,2025-04-30,2030-04-04,Active
11516,9072,5487,102,Home,411100,11.37,84,2025-03-01,2032-01-24,Default
11517,9074,4039,125,Personal,996600,8.91,60,2025-03-12,2030-02-14,Closed
11518,9075,2482,119,Home,280100,13.63,24,2025-08-23,2027-08-13,Active
11519,9076,3802,137,Home,712700,11.85,120,2024-04-29,2034-03-08,Closed
11520,9078,3527,105,Personal,878100,13.54,60,2024-12-28,2029-12-02,Active
11521,9080,3486,120,Business,317600,10.38,12,2024-12-19,2025-12-14,Closed
11522,9081,2249,123,Education,176900,14.57,48,2023-10-05,2027-09-14,Active
11523,9083,4223,115,Auto,258600,13.8,84,2024-04-17,2031-03-12,Active
11524,9085,5410,109,Home,464900,11.7,180,2024-11-15,2039-08-29,Active
11525,9086,3863,107,Auto,614000,12.8,60,2023-02-01,2028-01-06,Closed
11526,9087,1860,137,Personal,792200,8.25,36,2025-04-30,2028-04-14,Active
11527,9088,4349,103,Personal,243400,13.56,24,2024-03-03,2026-02-21,Default
11528,9091,3203,124,Business,70300,12.16,24,2024-05-17,2026-05-07,Default
11529,9092,1394,121,Personal,1006900,8.69,36,2025-01-11,2027-12-27,Closed
11530,9094,1649,130,Business,103500,9.32,36,2023-04-04,2026-03-19,Active
11531,9095,3920,118,Personal,106300,14.79,36,2025-07-28,2028-07-12,Closed
11532,9100,2266,116,Education,288200,8.66,36,2024-03-16,2027-03-01,Closed
11533,9101,5368,145,Personal,271800,10.7,180,2024-12-10,2039-09-23,Default
11534,9102,4110,150,Auto,99800,14.15,240,2024-12-30,2044-09-16,Closed
11535,9104,2740,117,Auto,684100,9.67,84,2024-02-23,2031-01-17,Active
11536,9105,4157,149,Home,234400,8.39,48,2024-07-30,2028-07-09,Active
11537,9106,4874,127,Home,2120100,11.2,36,2025-07-22,2028-07-06,Active
11538,9107,1149,144,Home,130400,8.62,12,2023-04-09,2024-04-03,Closed
11539,9108,3687,110,Personal,692000,15.36,36,2024-02-29,2027-02-13,Closed
11540,9109,1932,120,Business,82500,12.54,60,2025-04-27,2030-04-01,Active
11541,9110,3024,147,Home,171200,11.3,12,2024-08-08,2025-08-03,Active
11542,9112,1298,121,Personal,1175200,10.73,12,2024-11-12,2025-11-07,Closed
11543,9113,5693,115,Home,4280100,12.25,84,2024-02-15,2031-01-09,Active
11544,9114,1277,111,Business,202800,10.04,24,2024-08-17,2026-08-07,Closed
11545,9115,3623,110,Personal,249500,8.84,24,2025-06-30,2027-06-20,Closed
11546,9116,5185,114,Auto,4646000,9.2,84,2025-01-05,2031-11-30,Closed
11547,9117,4967,145,Personal,247400,7.92,240,2025-08-03,2045-04-20,Active
11548,9120,1229,148,Personal,967500,14.61,240,2025-05-10,2045-01-25,Active
11549,9121,3462,148,Education,2903000,15.07,84,2024-05-28,2031-04-22,Active
11550,9123,2735,109,Business,131700,9.07,48,2024-09-08,2028-08-18,Default
11551,9125,5114,145,Auto,200700,15.31,240,2023-04-09,2042-12-25,Closed
11552,9127,2062,146,Personal,1549000,11.68,24,2025-06-27,2027-06-17,Closed
11553,9129,2385,130,Personal,755200,9.05,240,2024-05-08,2044-01-24,Default
11554,9130,3122,115,Home,315100,11.3,48,2024-07-19,2028-06-28,Active
11555,9132,5007,117,Auto,191000,7.65,120,2023-07-09,2033-05-17,Closed
11556,9136,3015,132,Home,299600,8.19,84,2025-12-14,2032-11-07,Active
11557,9139,3776,133,Home,733800,8.89,12,2025-09-22,2026-09-17,Active
11558,9141,3478,116,Home,256600,14.76,12,2025-10-15,2026-10-10,Closed
11559,9143,4106,119,Business,915400,15.07,60,2023-12-17,2028-11-20,Active
11560,9145,4332,102,Personal,1736200,10.48,60,2024-10-21,2029-09-25,Active
11561,9146,5958,104,Business,525700,9.06,48,2023-10-16,2027-09-25,Closed
11562,9148,1450,105,Personal,464300,9.75,240,2024-08-05,2044-04-22,Active
11563,9149,4062,138,Auto,256900,9.82,240,2026-01-11,2045-09-28,Default
11564,9151,5432,108,Personal,238500,11.7,120,2025-01-16,2034-11-25,Active
11565,9152,2892,140,Business,195700,8.44,84,2024-05-23,2031-04-17,Closed
11566,9153,1901,124,Education,216500,11.91,36,2023-03-24,2026-03-08,Active
11567,9156,3597,131,Auto,752300,10.15,48,2024-07-01,2028-06-10,Closed
11568,9157,5519,121,Business,145800,12.31,60,2025-07-29,2030-07-03,Active
11569,9158,4322,114,Home,179900,11.81,24,2023-07-08,2025-06-27,Closed
11570,9159,1247,107,Home,428300,10.91,36,2025-06-28,2028-06-12,Default
11571,9160,3600,103,Business,1061300,8.01,48,2023-05-25,2027-05-04,Active
11572,9161,5061,126,Personal,305900,8.34,36,2025-01-29,2028-01-14,Default
11573,9162,3783,128,Personal,1082500,9.94,120,2023-07-29,2033-06-06,Closed
11574,9168,3234,144,Personal,2779000,13.29,120,2023-09-27,2033-08-05,Closed
11575,9169,1019,119,Personal,753500,9.85,120,2025-08-31,2035-07-10,Active
11576,9170,3960,113,Business,192400,9.38,240,2023-07-22,2043-04-08,Closed
11577,9171,4818,101,Auto,225400,13.75,60,2023-03-31,2028-03-04,Active
11578,9173,4815,139,Auto,1121700,14.41,48,2024-02-12,2028-01-22,Closed
11579,9175,3363,138,Education,1780200,13.16,84,2025-12-15,2032-11-08,Default
11580,9176,3029,109,Personal,256400,10.81,240,2025-07-20,2045-04-06,Default
11581,9177,2946,121,Auto,2302600,8.81,84,2024-01-06,2030-11-30,Active
11582,9178,2884,101,Education,491400,15.46,84,2025-04-13,2032-03-07,Default
11583,9181,4224,108,Home,236700,9.87,60,2023-06-07,2028-05-11,Active
11584,9183,5066,122,Personal,614100,10.68,120,2025-08-11,2035-06-20,Active
11585,9184,3559,126,Auto,56900,11.44,36,2023-11-24,2026-11-08,Closed
11586,9185,1761,128,Auto,470500,11.8,84,2026-01-24,2032-12-18,Active
11587,9187,5829,117,Home,648700,7.17,84,2024-07-04,2031-05-29,Active
11588,9189,4357,121,Business,288100,14.63,84,2025-11-23,2032-10-17,Closed
11589,9190,4727,128,Personal,392300,14.48,60,2024-10-24,2029-09-28,Active
11590,9191,2313,118,Business,714300,8.06,84,2025-10-20,2032-09-13,Closed
11591,9192,5953,133,Personal,318400,14.22,12,2025-03-01,2026-02-24,Active
11592,9193,1144,129,Auto,469500,8.33,12,2025-02-25,2026-02-20,Closed
11593,9195,3740,131,Home,296800,9.06,120,2025-01-21,2034-11-30,Active
11594,9196,5197,112,Personal,823800,11.41,36,2024-01-30,2027-01-14,Active
11595,9197,4309,146,Auto,477900,15.3,180,2023-09-25,2038-07-08,Active
11596,9198,4490,119,Business,284300,11.09,36,2023-06-22,2026-06-06,Closed
11597,9199,1205,133,Home,569300,10.27,36,2023-11-22,2026-11-06,Active
11598,9200,3175,130,Business,163800,11.41,240,2025-04-29,2045-01-14,Closed
11599,9201,4023,106,Personal,239100,8.98,60,2025-06-05,2030-05-10,Default
11600,9202,5403,120,Education,527500,14.92,36,2024-09-22,2027-09-07,Active
11601,9203,4837,133,Auto,337500,14.95,60,2024-07-10,2029-06-14,Active
11602,9206,4277,129,Auto,645800,12.75,120,2025-04-14,2035-02-21,Closed
11603,9207,1200,149,Home,180100,8.32,180,2025-12-04,2040-09-16,Active
11604,9209,1434,135,Education,1015400,11.13,36,2025-06-21,2028-06-05,Active
11605,9213,2885,126,Education,2441000,10.25,12,2024-02-21,2025-02-15,Active
11606,9214,5214,123,Auto,1670000,15.46,60,2024-12-15,2029-11-19,Closed
11607,9218,3721,137,Home,271400,7.44,180,2025-09-13,2040-06-26,Closed
11608,9219,3525,127,Education,697500,9.2,24,2025-05-20,2027-05-10,Closed
11609,9220,2757,148,Business,2061300,11.18,84,2025-01-07,2031-12-02,Active
11610,9222,3950,148,Business,218700,14.01,240,2023-10-17,2043-07-04,Active
11611,9223,1948,123,Home,727600,13.2,240,2024-11-17,2044-08-04,Active
11612,9224,3861,138,Home,1057200,15.13,120,2025-08-22,2035-07-01,Closed
11613,9225,1769,150,Auto,430100,8.79,12,2025-07-14,2026-07-09,Closed
11614,9226,3896,150,Home,2202700,7.88,12,2023-06-27,2024-06-21,Closed
11615,9227,1395,130,Business,213900,12.01,24,2024-03-04,2026-02-22,Closed
11616,9229,1897,149,Business,744900,10.68,240,2023-07-28,2043-04-14,Active
11617,9230,1366,143,Home,1046300,9.82,24,2025-12-27,2027-12-17,Active
11618,9231,5913,142,Auto,621700,13.59,120,2023-09-13,2033-07-22,Active
11619,9232,1604,118,Auto,154700,11.67,36,2025-08-11,2028-07-26,Closed
11620,9233,5326,150,Personal,848200,9.73,120,2023-11-24,2033-10-02,Default
11621,9235,2732,130,Auto,969500,11.57,240,2026-01-07,2045-09-24,Closed
11622,9236,4214,119,Personal,2256300,14.93,84,2023-01-30,2029-12-24,Default
11623,9237,1932,145,Personal,256000,9.23,36,2025-07-04,2028-06-18,Active
11624,9240,5111,142,Home,313700,10.84,48,2025-06-22,2029-06-01,Closed
11625,9242,1136,143,Home,1513400,9.45,180,2024-09-21,2039-07-05,Closed
11626,9243,2658,101,Personal,2277500,11.89,48,2024-11-19,2028-10-29,Closed
11627,9244,3744,145,Home,440600,14.67,240,2025-06-16,2045-03-03,Active
11628,9245,4991,104,Education,2242600,12.55,120,2023-04-17,2033-02-23,Closed
11629,9246,5781,117,Home,1278300,8.65,24,2025-03-27,2027-03-17,Closed
11630,9247,5718,137,Personal,483000,8.1,60,2023-08-26,2028-07-30,Active
11631,9248,4483,106,Personal,472900,7.3,240,2024-10-18,2044-07-05,Default
11632,9249,2823,140,Education,2336900,14.15,24,2024-12-02,2026-11-22,Active
11633,9251,5597,149,Home,3164800,11.01,180,2025-04-24,2040-02-05,Active
11634,9252,4944,144,Personal,148700,10.59,36,2025-07-09,2028-06-23,Closed
11635,9254,1876,150,Business,803100,9.24,12,2023-01-14,2024-01-09,Active
11636,9255,3416,141,Business,440400,10.66,48,2023-09-17,2027-08-27,Closed
11637,9256,1776,131,Home,335400,10.0,240,2025-06-27,2045-03-14,Active
11638,9257,4905,138,Personal,510300,13.32,36,2023-03-19,2026-03-03,Closed
11639,9258,5505,122,Personal,620400,13.01,24,2024-11-12,2026-11-02,Closed
11640,9260,1408,121,Education,814700,10.79,24,2025-10-31,2027-10-21,Closed
11641,9263,5159,122,Auto,1323700,12.56,24,2024-05-22,2026-05-12,Closed
11642,9265,5603,145,Education,359600,12.01,24,2024-11-19,2026-11-09,Active
11643,9266,5352,135,Business,942500,12.45,36,2025-09-28,2028-09-12,Closed
11644,9267,1077,129,Auto,446500,13.45,48,2024-09-29,2028-09-08,Active
11645,9268,5026,124,Personal,815600,7.78,48,2023-04-21,2027-03-31,Active
11646,9270,5186,117,Business,670100,14.07,240,2024-02-28,2043-11-15,Active
11647,9271,1365,136,Home,115000,9.4,12,2025-11-26,2026-11-21,Active
11648,9272,2827,145,Auto,877700,10.24,60,2023-07-09,2028-06-12,Closed
11649,9274,2299,150,Home,539900,9.35,36,2023-06-01,2026-05-16,Active
11650,9276,5136,123,Personal,507700,14.03,240,2023-05-18,2043-02-02,Closed
11651,9278,1666,110,Home,280200,14.39,240,2024-02-25,2043-11-12,Closed
11652,9279,5422,129,Business,271900,8.19,84,2023-01-24,2029-12-18,Active
11653,9282,5379,137,Home,176300,11.44,48,2026-01-11,2029-12-21,Default
11654,9283,4244,127,Personal,1355000,10.25,24,2025-07-04,2027-06-24,Closed
11655,9284,4528,120,Auto,731100,8.55,240,2024-03-30,2043-12-16,Active
11656,9285,1214,112,Home,865700,11.73,36,2024-08-27,2027-08-12,Active
11657,9286,3007,138,Education,1657200,10.11,24,2023-10-05,2025-09-24,Active
11658,9288,2607,106,Home,523200,13.08,240,2023-04-21,2043-01-06,Active
11659,9289,5480,126,Auto,2050600,14.11,180,2025-03-21,2040-01-02,Active
11660,9290,2193,124,Home,478300,7.12,84,2025-02-06,2032-01-01,Closed
11661,9293,3656,146,Personal,288000,11.66,120,2025-11-06,2035-09-15,Active
11662,9295,4166,102,Home,513600,11.94,240,2025-07-25,2045-04-11,Active
11663,9297,4045,104,Business,183600,9.7,180,2023-09-06,2038-06-19,Closed
11664,9298,3477,130,Personal,116900,13.82,84,2024-07-28,2031-06-22,Closed
11665,9299,2547,102,Education,145200,14.73,12,2023-02-27,2024-02-22,Active
11666,9300,3936,132,Personal,149500,13.5,180,2023-09-15,2038-06-28,Closed
11667,9301,5201,106,Education,2492500,11.48,36,2025-09-18,2028-09-02,Closed
11668,9305,1988,101,Education,3054500,7.1,84,2025-07-14,2032-06-07,Active
11669,9306,5351,142,Education,527300,10.59,24,2024-01-18,2026-01-07,Active
11670,9308,1424,123,Home,2062500,12.9,180,2024-06-13,2039-03-27,Active
11671,9310,1375,129,Home,629800,8.35,48,2025-11-17,2029-10-27,Closed
11672,9311,5856,108,Personal,304000,13.59,180,2024-02-18,2038-12-01,Active
11673,9312,1047,143,Auto,1424000,12.22,120,2025-12-07,2035-10-16,Active
11674,9314,3393,124,Business,323100,9.82,180,2025-12-16,2040-09-28,Active
11675,9316,5885,113,Business,588200,14.21,24,2023-07-25,2025-07-14,Active
11676,9319,2170,112,Business,845100,12.47,120,2024-12-10,2034-10-19,Default
11677,9321,3991,105,Personal,600600,9.58,180,2023-06-21,2038-04-03,Active
11678,9322,3666,119,Personal,615100,8.68,36,2025-08-08,2028-07-23,Default
11679,9323,2117,118,Personal,1349800,8.33,120,2023-10-14,2033-08-22,Active
11680,9325,4413,115,Auto,2085300,15.39,120,2024-03-14,2034-01-21,Active
11681,9328,3025,112,Personal,1342300,14.39,36,2024-12-10,2027-11-25,Closed
11682,9331,4201,146,Education,177700,12.85,60,2024-11-18,2029-10-23,Closed
11683,9333,3616,111,Home,447500,11.0,240,2023-12-08,2043-08-25,Active
11684,9335,3579,105,Business,874800,14.21,84,2024-11-10,2031-10-05,Default
11685,9337,3653,119,Home,1189400,12.98,60,2024-06-17,2029-05-22,Active
11686,9338,2906,102,Home,2954800,11.74,48,2023-05-18,2027-04-27,Closed
11687,9340,3263,136,Education,1554200,13.63,180,2025-06-25,2040-04-07,Closed
11688,9344,4838,109,Personal,1708700,8.01,240,2023-04-29,2043-01-14,Closed
11689,9345,2499,108,Auto,707700,14.43,84,2024-03-29,2031-02-21,Active
11690,9347,4292,131,Home,460900,8.09,60,2024-09-20,2029-08-25,Closed
11691,9349,4100,147,Home,3697700,14.69,48,2023-10-16,2027-09-25,Closed
11692,9350,5869,130,Home,133300,8.87,180,2024-02-25,2038-12-08,Closed
11693,9351,1914,114,Education,160000,10.3,240,2024-09-04,2044-05-22,Active
11694,9352,4038,123,Auto,383600,13.46,180,2024-03-15,2038-12-27,Default
11695,9356,4494,107,Auto,616800,7.97,36,2025-01-07,2027-12-23,Active
11696,9358,1951,121,Personal,182100,15.29,36,2024-01-10,2026-12-25,Default
11697,9360,2631,108,Personal,752600,13.37,60,2025-02-12,2030-01-17,Closed
11698,9362,5065,104,Personal,1210800,9.21,120,2025-09-10,2035-07-20,Closed
11699,9363,1588,108,Personal,1275500,14.54,24,2024-04-03,2026-03-24,Active
11700,9364,2271,141,Home,452600,7.35,180,2025-09-29,2040-07-12,Default
11701,9365,4479,111,Home,1503900,7.09,84,2025-04-23,2032-03-17,Closed
11702,9367,4453,124,Personal,2028300,9.75,12,2026-01-11,2027-01-06,Active
11703,9368,2328,109,Education,316900,7.86,12,2023-04-26,2024-04-20,Active
11704,9372,3840,117,Auto,236000,13.97,48,2023-07-13,2027-06-22,Active
11705,9373,5350,118,Auto,260900,10.27,120,2023-03-07,2033-01-13,Default
11706,9374,3796,121,Education,1455500,12.27,48,2024-04-01,2028-03-11,Active
11707,9375,3492,131,Business,1260200,13.99,60,2024-12-21,2029-11-25,Closed
11708,9378,3319,109,Auto,398300,8.3,84,2024-02-01,2030-12-26,Active
11709,9379,4042,145,Education,561200,15.28,60,2024-05-09,2029-04-13,Active
11710,9381,1670,134,Business,1146000,12.54,84,2025-09-06,2032-07-31,Active
11711,9382,1912,117,Business,659500,7.56,240,2023-11-06,2043-07-24,Closed
11712,9383,2580,121,Personal,1346100,11.59,36,2025-01-25,2028-01-10,Closed
11713,9385,5255,123,Personal,6013800,14.4,120,2024-01-19,2033-11-27,Active
11714,9387,2612,144,Home,105500,14.63,180,2023-05-16,2038-02-26,Active
11715,9389,2594,136,Auto,267700,13.36,240,2025-08-31,2045-05-18,Active
11716,9390,2351,134,Personal,3041600,15.26,120,2023-11-02,2033-09-10,Closed
11717,9391,4488,110,Home,261700,11.24,36,2024-03-09,2027-02-22,Closed
11718,9397,1943,130,Education,1896800,10.43,36,2025-06-15,2028-05-30,Closed
11719,9401,2945,136,Home,460200,8.88,48,2024-03-01,2028-02-09,Default
11720,9403,2415,132,Personal,359500,10.89,120,2023-12-04,2033-10-12,Active
11721,9404,5374,127,Education,897600,14.29,48,2023-11-05,2027-10-15,Closed
11722,9405,4229,101,Home,1466100,7.46,60,2025-08-10,2030-07-15,Closed
11723,9407,5264,117,Personal,1003700,8.9,24,2025-03-15,2027-03-05,Active
11724,9408,3876,144,Education,400000,15.26,84,2023-12-20,2030-11-13,Closed
11725,9409,4241,109,Personal,411800,13.72,240,2025-12-27,2045-09-13,Active
11726,9411,3125,118,Auto,255100,9.37,24,2023-07-09,2025-06-28,Active
11727,9414,3965,122,Education,819100,14.13,180,2024-07-01,2039-04-14,Active
11728,9415,3837,130,Home,1539100,8.23,120,2025-06-02,2035-04-11,Active
11729,9416,1344,111,Home,127000,12.67,48,2025-03-31,2029-03-10,Closed
11730,9418,4128,142,Home,554800,8.69,48,2026-01-15,2029-12-25,Active
11731,9420,3584,142,Home,156500,11.51,48,2023-12-27,2027-12-06,Active
11732,9421,4230,139,Home,4137100,12.37,48,2025-08-14,2029-07-24,Closed
11733,9422,4193,115,Education,580900,13.24,48,2025-09-26,2029-09-05,Closed
11734,9424,3918,148,Personal,1988900,14.71,240,2024-07-24,2044-04-10,Active
11735,9426,3929,136,Education,298800,13.74,60,2023-02-14,2028-01-19,Active
11736,9427,2916,112,Personal,1363800,9.53,48,2024-08-17,2028-07-27,Active
11737,9430,5222,147,Home,343100,14.17,84,2024-10-27,2031-09-21,Closed
11738,9432,2871,126,Business,178700,7.53,84,2024-07-10,2031-06-04,Default
11739,9433,3491,149,Personal,453800,13.26,36,2023-05-26,2026-05-10,Closed
11740,9435,5258,106,Education,562300,11.11,12,2024-01-24,2025-01-18,Active
11741,9436,4548,135,Personal,689600,10.74,240,2024-11-27,2044-08-14,Active
11742,9437,4908,145,Personal,3661400,12.95,60,2023-06-16,2028-05-20,Closed
11743,9439,4596,102,Personal,209800,7.52,84,2024-11-22,2031-10-17,Active
11744,9440,5226,123,Home,716000,14.42,48,2023-03-09,2027-02-16,Active
11745,9441,3329,104,Business,173600,9.2,84,2023-11-17,2030-10-11,Closed
11746,9442,2880,138,Home,339400,13.92,120,2024-08-21,2034-06-30,Active
11747,9443,2476,143,Home,597000,9.74,12,2023-07-25,2024-07-19,Closed
11748,9446,4935,103,Personal,353800,13.24,12,2025-03-21,2026-03-16,Closed
11749,9447,5991,142,Business,144600,14.81,240,2025-02-23,2044-11-10,Closed
11750,9449,4864,109,Auto,321100,12.88,120,2024-07-27,2034-06-05,Closed
11751,9450,3521,119,Personal,190800,9.0,180,2025-11-08,2040-08-21,Active
11752,9452,2846,102,Personal,1954700,12.95,84,2024-11-13,2031-10-08,Closed
11753,9453,1778,119,Personal,564500,12.95,240,2023-02-11,2042-10-29,Active
11754,9454,1221,101,Business,132800,14.86,60,2025-01-05,2029-12-10,Active
11755,9457,2630,107,Personal,301500,9.18,48,2025-09-05,2029-08-15,Active
11756,9458,5971,110,Home,253100,15.24,24,2025-06-29,2027-06-19,Active
11757,9459,2542,150,Business,805900,12.82,84,2025-11-27,2032-10-21,Active
11758,9460,5238,105,Auto,235000,9.71,12,2023-04-24,2024-04-18,Closed
11759,9461,5897,140,Home,339300,11.33,84,2025-12-19,2032-11-12,Closed
11760,9462,3552,107,Education,152100,13.48,84,2025-03-29,2032-02-21,Closed
11761,9464,4278,138,Education,1275700,7.4,48,2024-11-27,2028-11-06,Closed
11762,9465,4675,110,Personal,446000,9.86,12,2024-03-17,2025-03-12,Active
11763,9466,4120,124,Business,185400,14.54,180,2023-05-26,2038-03-08,Closed
11764,9467,1994,106,Personal,324100,7.91,36,2023-05-02,2026-04-16,Active
11765,9468,4521,144,Business,340800,11.49,60,2023-02-19,2028-01-24,Closed
11766,9471,2992,142,Auto,356500,11.89,36,2023-12-18,2026-12-02,Active
11767,9473,5639,139,Home,401400,9.44,48,2023-04-18,2027-03-28,Active
11768,9474,4846,107,Home,352800,10.44,240,2023-10-16,2043-07-03,Closed
11769,9477,1488,130,Personal,856100,14.74,120,2023-03-14,2033-01-20,Active
11770,9478,2781,148,Home,242000,7.51,180,2024-09-10,2039-06-24,Closed
11771,9479,4421,127,Home,772900,8.37,24,2023-09-28,2025-09-17,Active
11772,9481,4207,133,Home,2205000,14.66,240,2023-08-24,2043-05-11,Active
11773,9483,5983,103,Home,506100,8.52,120,2025-07-04,2035-05-13,Closed
11774,9484,5984,139,Personal,407400,8.48,12,2023-11-23,2024-11-17,Active
11775,9487,3381,104,Personal,104700,11.97,240,2024-03-25,2043-12-11,Closed
11776,9488,1277,137,Home,588800,15.37,240,2023-06-04,2043-02-19,Default
11777,9490,1498,105,Auto,594900,10.8,12,2023-11-20,2024-11-14,Active
11778,9491,3467,138,Education,199400,11.44,60,2024-01-17,2028-12-21,Default
11779,9492,3737,131,Auto,721200,14.02,12,2023-09-12,2024-09-06,Active
11780,9493,5705,140,Home,916000,12.92,120,2024-12-16,2034-10-25,Closed
11781,9494,4449,145,Personal,645900,15.47,180,2023-02-17,2037-11-30,Active
11782,9495,4211,122,Auto,573300,12.21,120,2023-08-21,2033-06-29,Active
11783,9499,5347,141,Auto,477600,10.57,24,2024-10-02,2026-09-22,Active
11784,9501,1278,108,Home,281700,9.84,48,2023-12-14,2027-11-23,Closed
11785,9502,5267,132,Home,305100,15.39,120,2024-02-20,2033-12-29,Closed
11786,9503,2520,116,Personal,757400,13.87,24,2023-03-01,2025-02-18,Active
11787,9505,3542,114,Education,481100,13.97,60,2023-06-30,2028-06-03,Closed
11788,9506,5472,148,Auto,3014000,8.65,180,2025-08-06,2040-05-19,Closed
11789,9507,5374,145,Home,276200,10.91,84,2025-09-04,2032-07-29,Default
11790,9508,3383,136,Education,1740900,7.19,12,2024-01-10,2025-01-04,Closed
11791,9509,5205,106,Personal,232800,11.54,48,2024-06-09,2028-05-19,Active
11792,9510,2056,115,Home,453300,7.63,60,2024-10-17,2029-09-21,Closed
11793,9511,2466,111,Education,274400,8.67,180,2024-04-02,2039-01-14,Active
11794,9513,2764,126,Auto,1106700,9.4,36,2025-04-21,2028-04-05,Closed
11795,9516,5697,121,Personal,1630600,13.95,12,2024-07-24,2025-07-19,Closed
11796,9517,1889,117,Personal,230000,7.87,180,2025-04-10,2040-01-22,Active
11797,9518,1132,127,Business,150800,14.71,36,2023-04-20,2026-04-04,Active
11798,9519,2262,131,Education,109700,11.81,120,2024-09-22,2034-08-01,Closed
11799,9520,1250,114,Education,389100,7.92,12,2023-03-19,2024-03-13,Active
11800,9521,2066,133,Personal,516000,15.39,84,2023-03-09,2030-01-31,Active
11801,9522,1997,102,Personal,69500,7.02,12,2024-06-11,2025-06-06,Active
11802,9523,1231,123,Home,172500,8.39,240,2025-09-17,2045-06-04,Active
11803,9524,4975,138,Personal,399900,8.56,48,2024-12-25,2028-12-04,Active
11804,9525,2910,137,Business,1281200,14.38,12,2023-01-25,2024-01-20,Closed
11805,9527,4162,126,Auto,1188000,9.96,24,2025-08-01,2027-07-22,Closed
11806,9528,1404,102,Education,5267900,14.1,12,2024-03-04,2025-02-27,Active
11807,9529,3239,136,Home,255100,7.36,120,2023-11-01,2033-09-09,Active
11808,9531,4964,127,Home,787600,15.15,12,2025-12-17,2026-12-12,Closed
11809,9532,4453,113,Auto,255200,14.26,12,2024-06-26,2025-06-21,Active
11810,9533,5223,104,Personal,650700,11.05,24,2024-10-25,2026-10-15,Closed
11811,9535,5671,124,Personal,280700,8.3,12,2024-04-11,2025-04-06,Active
11812,9536,1240,124,Home,188500,8.9,180,2024-06-19,2039-04-02,Closed
11813,9537,4110,111,Business,407200,8.94,60,2025-11-29,2030-11-03,Closed
11814,9543,5951,140,Personal,355100,12.97,48,2023-11-28,2027-11-07,Closed
11815,9544,4215,117,Auto,134700,10.19,36,2023-04-09,2026-03-24,Active
11816,9547,3535,139,Personal,592300,7.03,12,2023-06-26,2024-06-20,Active
11817,9549,3593,123,Business,817200,10.27,48,2023-05-31,2027-05-10,Active
11818,9551,3630,139,Personal,563600,11.86,48,2025-03-01,2029-02-08,Closed
11819,9552,1096,136,Personal,283800,7.46,36,2023-10-17,2026-10-01,Closed
11820,9554,2478,136,Personal,664200,11.69,84,2024-04-30,2031-03-25,Closed
11821,9555,2108,143,Business,189100,13.6,48,2023-07-27,2027-07-06,Active
11822,9556,5221,105,Auto,269800,11.8,180,2024-09-05,2039-06-19,Closed
11823,9558,1651,130,Auto,813700,9.82,12,2023-11-27,2024-11-21,Closed
11824,9561,4358,107,Personal,197900,10.07,24,2025-02-18,2027-02-08,Active
11825,9562,4158,146,Business,120900,10.66,240,2023-12-26,2043-09-12,Active
11826,9564,5529,102,Business,949300,14.2,60,2023-02-04,2028-01-09,Active
11827,9566,4177,140,Auto,964800,7.27,24,2024-03-12,2026-03-02,Active
11828,9567,3779,130,Business,84800,10.01,120,2024-07-01,2034-05-10,Active
11829,9568,1704,142,Business,1735700,15.15,12,2024-11-06,2025-11-01,Closed
11830,9569,3426,129,Personal,497400,14.06,48,2024-04-12,2028-03-22,Closed
11831,9570,2212,146,Business,1528700,8.15,240,2023-04-09,2042-12-25,Active
11832,9573,2886,115,Auto,682800,10.02,84,2023-12-01,2030-10-25,Closed
11833,9574,5999,111,Business,2423300,7.15,24,2024-01-03,2025-12-23,Active
11834,9575,3191,107,Home,145900,13.2,180,2024-10-12,2039-07-26,Active
11835,9577,2060,119,Auto,1165700,7.88,24,2025-02-05,2027-01-26,Default
11836,9579,1514,130,Personal,230200,10.28,180,2024-11-04,2039-08-18,Closed
11837,9582,1311,138,Auto,328300,14.68,24,2025-08-21,2027-08-11,Closed
11838,9583,2790,107,Personal,478200,8.16,180,2023-04-19,2038-01-30,Default
11839,9584,1845,136,Personal,305000,9.77,24,2024-09-15,2026-09-05,Active
11840,9585,4260,114,Personal,394400,13.93,36,2024-01-29,2027-01-13,Closed
11841,9586,5121,124,Auto,118400,12.37,120,2025-04-21,2035-02-28,Default
11842,9587,1782,105,Business,850000,13.45,48,2025-05-01,2029-04-10,Active
11843,9588,3537,111,Personal,815300,15.15,36,2023-11-18,2026-11-02,Closed
11844,9589,5470,148,Home,119300,14.76,120,2025-11-05,2035-09-14,Closed
11845,9590,1675,139,Auto,782900,9.44,120,2025-01-13,2034-11-22,Closed
11846,9592,5332,127,Education,518600,9.54,240,2024-10-27,2044-07-14,Default
11847,9594,5753,126,Business,306000,7.73,60,2024-06-07,2029-05-12,Default
11848,9596,3117,116,Education,396900,10.19,240,2024-06-07,2044-02-23,Closed
11849,9599,4568,150,Personal,521600,13.58,240,2025-07-31,2045-04-17,Closed
11850,9600,2021,109,Auto,346000,9.2,60,2023-12-24,2028-11-27,Active
11851,9602,2943,108,Auto,903900,14.04,180,2024-03-29,2039-01-10,Active
11852,9603,1209,131,Business,1722000,11.87,24,2023-10-02,2025-09-21,Closed
11853,9604,1974,114,Home,1108400,10.06,84,2023-06-07,2030-05-01,Closed
11854,9608,2616,108,Business,273300,10.56,24,2023-10-02,2025-09-21,Active
11855,9609,2724,138,Home,782800,13.55,12,2025-09-28,2026-09-23,Active
11856,9610,3442,143,Home,280700,9.69,240,2023-11-03,2043-07-21,Closed
11857,9611,3687,129,Home,1533300,13.09,48,2026-01-01,2029-12-11,Active
11858,9612,5997,132,Auto,270400,10.54,24,2026-01-12,2028-01-02,Active
11859,9615,1382,120,Personal,3183900,13.93,240,2024-03-03,2043-11-19,Default
11860,9617,4063,145,Home,1838700,8.8,48,2024-08-28,2028-08-07,Active
11861,9618,3211,122,Auto,530800,9.62,240,2025-03-03,2044-11-18,Active
11862,9620,2207,122,Home,630400,11.23,48,2024-03-17,2028-02-25,Active
11863,9623,5522,101,Personal,322600,13.37,36,2024-01-09,2026-12-24,Active
11864,9624,5014,133,Home,258100,8.34,120,2023-07-28,2033-06-05,Closed
11865,9625,4400,141,Business,484000,14.68,180,2025-10-15,2040-07-28,Closed
11866,9627,1390,137,Personal,395800,7.15,60,2023-08-30,2028-08-03,Closed
11867,9628,1271,131,Auto,451800,7.22,60,2024-09-06,2029-08-11,Active
11868,9629,5165,139,Business,501500,10.82,12,2023-03-15,2024-03-09,Active
11869,9630,4022,115,Business,641300,14.04,60,2024-05-08,2029-04-12,Closed
11870,9633,4552,106,Home,267300,8.12,60,2024-12-17,2029-11-21,Active
11871,9634,4328,133,Home,377100,11.13,12,2023-09-08,2024-09-02,Active
11872,9635,5870,106,Auto,927400,10.65,240,2023-05-24,2043-02-08,Active
11873,9637,2551,111,Education,366200,13.33,48,2023-04-19,2027-03-29,Active
11874,9638,4874,147,Personal,122900,8.82,24,2024-11-15,2026-11-05,Active
11875,9639,3008,122,Personal,1456200,12.05,180,2023-12-09,2038-09-21,Closed
11876,9646,5588,118,Education,712200,14.82,12,2024-12-23,2025-12-18,Closed
11877,9647,4031,110,Education,221500,7.47,24,2025-11-12,2027-11-02,Active
11878,9648,2833,128,Business,525700,14.52,36,2023-10-05,2026-09-19,Active
11879,9650,5007,142,Personal,498600,8.78,36,2024-02-12,2027-01-27,Active
11880,9651,5417,126,Auto,495700,7.7,60,2025-07-16,2030-06-20,Active
11881,9652,5468,118,Education,828000,9.71,36,2025-09-21,2028-09-05,Closed
11882,9653,3371,108,Education,337600,11.34,36,2023-05-06,2026-04-20,Active
11883,9654,2367,106,Personal,431100,10.04,12,2024-09-20,2025-09-15,Active
11884,9656,2172,126,Personal,441800,8.13,180,2024-07-14,2039-04-27,Active
11885,9657,3240,147,Auto,401900,11.05,60,2025-08-26,2030-07-31,Closed
11886,9658,1916,131,Auto,1731900,7.02,180,2024-01-14,2038-10-27,Closed
11887,9661,2496,133,Business,371000,7.08,12,2023-07-15,2024-07-09,Closed
11888,9662,2559,129,Education,1778900,14.07,240,2023-07-01,2043-03-18,Closed
11889,9663,4887,119,Home,1629000,11.83,12,2024-05-30,2025-05-25,Closed
11890,9664,5610,127,Auto,1438500,10.09,36,2025-09-25,2028-09-09,Active
11891,9665,5458,118,Home,279600,10.42,180,2023-09-06,2038-06-19,Active
11892,9666,4800,104,Home,555200,10.88,12,2023-01-21,2024-01-16,Active
11893,9668,2785,123,Personal,332300,9.0,120,2023-02-20,2032-12-29,Closed
11894,9669,3797,108,Home,548900,13.18,60,2025-08-30,2030-08-04,Active
11895,9670,5716,140,Personal,909300,9.61,36,2025-10-23,2028-10-07,Active
11896,9674,1444,124,Home,2183900,11.9,180,2024-10-26,2039-08-09,Active
11897,9675,4542,105,Personal,1768000,8.14,120,2026-01-21,2035-11-30,Active
11898,9676,4871,148,Home,1313100,7.23,24,2023-01-20,2025-01-09,Closed
11899,9678,4690,111,Business,856400,8.27,240,2025-10-06,2045-06-23,Closed
11900,9684,1352,143,Auto,537700,10.0,84,2025-07-12,2032-06-05,Active
11901,9685,1369,114,Education,628000,8.18,24,2023-12-03,2025-11-22,Default
11902,9686,5879,111,Personal,633700,12.6,24,2024-12-06,2026-11-26,Closed
11903,9693,4258,113,Home,783600,8.38,12,2023-12-25,2024-12-19,Active
11904,9694,4441,122,Auto,4010400,13.91,48,2023-04-11,2027-03-21,Closed
11905,9695,3750,140,Auto,1899800,13.77,60,2025-04-17,2030-03-22,Active
11906,9697,2016,114,Personal,521100,9.41,240,2024-04-27,2044-01-13,Closed
11907,9701,4681,120,Personal,525600,10.96,240,2024-08-07,2044-04-24,Active
11908,9702,2040,101,Business,421200,12.81,24,2025-04-05,2027-03-26,Active
11909,9703,3186,121,Personal,721600,10.61,120,2024-06-12,2034-04-21,Closed
11910,9704,3703,125,Personal,471500,7.67,84,2024-06-12,2031-05-07,Active
11911,9705,5890,128,Auto,420400,9.36,60,2023-05-07,2028-04-10,Active
11912,9709,2670,137,Education,631200,11.36,48,2023-10-12,2027-09-21,Closed
11913,9710,3274,132,Auto,320900,13.94,84,2024-08-24,2031-07-19,Closed
11914,9711,2643,136,Personal,420800,7.59,24,2023-10-15,2025-10-04,Closed
11915,9713,3393,136,Auto,1103300,8.5,48,2024-04-01,2028-03-11,Closed
11916,9714,5390,102,Personal,460800,14.91,12,2024-05-29,2025-05-24,Closed
11917,9717,4739,140,Education,6345200,9.7,84,2025-09-17,2032-08-11,Closed
11918,9719,5007,129,Personal,439000,10.21,240,2023-06-08,2043-02-23,Closed
11919,9720,3503,148,Personal,695400,12.66,60,2023-06-24,2028-05-28,Active
11920,9721,1326,146,Personal,53700,10.13,240,2024-12-26,2044-09-12,Closed
11921,9724,4838,116,Personal,348000,8.96,180,2023-08-31,2038-06-13,Active
11922,9725,5888,127,Auto,545500,15.23,180,2024-03-21,2039-01-02,Closed
11923,9726,3361,109,Home,624100,11.43,84,2023-03-22,2030-02-13,Active
11924,9727,1552,140,Education,1318200,10.15,180,2025-02-28,2039-12-12,Closed
11925,9728,4929,145,Home,96800,13.47,48,2025-02-25,2029-02-04,Default
11926,9730,2795,105,Education,843300,7.87,24,2025-05-09,2027-04-29,Closed
11927,9731,1964,113,Personal,255200,14.67,120,2023-11-05,2033-09-13,Active
11928,9732,2604,145,Home,1720300,13.9,48,2025-12-17,2029-11-26,Closed
11929,9733,5473,125,Personal,400400,10.2,84,2025-05-16,2032-04-09,Active
11930,9734,3793,105,Home,107200,8.58,12,2023-11-18,2024-11-12,Active
11931,9737,5815,146,Home,145800,14.31,48,2025-02-14,2029-01-24,Closed
11932,9738,5397,109,Auto,637000,15.13,48,2023-03-22,2027-03-01,Active
11933,9743,4157,149,Personal,496400,7.41,24,2023-08-21,2025-08-10,Closed
11934,9744,3820,119,Home,1144400,15.39,180,2024-03-26,2039-01-07,Default
11935,9746,5637,105,Personal,1681500,10.28,48,2023-03-08,2027-02-15,Closed
11936,9748,1874,132,Personal,557100,13.85,48,2023-05-05,2027-04-14,Closed
11937,9750,3804,108,Personal,126900,10.89,84,2024-01-31,2030-12-25,Closed
11938,9753,4705,119,Business,246400,11.44,48,2024-06-12,2028-05-22,Default
11939,9754,5609,103,Education,425000,11.56,12,2024-11-07,2025-11-02,Closed
11940,9755,5119,123,Personal,3360000,15.19,36,2024-02-13,2027-01-28,Active
11941,9757,3985,143,Business,345800,12.35,180,2024-07-17,2039-04-30,Active
11942,9759,2589,110,Personal,739800,9.52,24,2026-01-21,2028-01-11,Closed
11943,9760,4266,120,Home,1609800,12.33,180,2023-10-10,2038-07-23,Closed
11944,9764,1074,138,Business,1077100,7.77,84,2023-11-14,2030-10-08,Active
11945,9765,3485,121,Home,2671700,9.82,240,2023-09-06,2043-05-24,Active
11946,9768,5772,119,Auto,768200,8.48,24,2023-07-25,2025-07-14,Closed
11947,9769,3860,114,Home,578400,12.15,12,2023-03-08,2024-03-02,Active
11948,9770,2390,102,Auto,262700,11.52,24,2024-03-18,2026-03-08,Closed
11949,9771,5218,132,Education,1006900,13.16,60,2023-11-21,2028-10-25,Active
11950,9775,3537,126,Auto,561200,9.88,120,2025-09-25,2035-08-04,Active
11951,9776,5899,137,Education,376800,15.38,120,2023-02-01,2032-12-10,Active
11952,9777,2101,145,Auto,933800,9.72,240,2023-03-02,2042-11-17,Active
11953,9780,1294,144,Personal,1884500,7.44,60,2025-06-18,2030-05-23,Closed
11954,9781,2578,140,Personal,225000,9.3,240,2024-04-30,2044-01-16,Closed
11955,9782,5269,128,Auto,1306400,12.3,180,2024-01-11,2038-10-24,Active
11956,9783,5059,124,Auto,488000,13.46,180,2023-05-02,2038-02-12,Active
11957,9784,4434,118,Auto,521700,9.06,60,2024-10-31,2029-10-05,Default
11958,9785,4245,117,Home,1430100,13.63,60,2023-07-15,2028-06-18,Closed
11959,9786,1304,143,Personal,848400,9.86,24,2023-06-01,2025-05-21,Active
11960,9788,3952,147,Personal,884100,8.39,48,2023-02-25,2027-02-04,Closed
11961,9790,2762,137,Auto,846900,8.19,60,2025-04-14,2030-03-19,Default
11962,9792,3717,119,Business,439700,13.95,48,2024-03-07,2028-02-15,Closed
11963,9796,1123,113,Home,344900,9.01,120,2024-08-13,2034-06-22,Active
11964,9797,4718,120,Home,421300,8.87,84,2023-04-30,2030-03-24,Closed
11965,9798,4465,117,Auto,519100,14.5,120,2024-10-24,2034-09-02,Closed
11966,9799,3952,127,Home,2057000,10.1,180,2024-02-04,2038-11-17,Default
11967,9800,1168,104,Personal,111600,15.42,24,2023-07-05,2025-06-24,Closed
11968,9802,1382,131,Personal,734800,9.29,240,2025-12-22,2045-09-08,Active
11969,9804,4978,126,Home,509300,12.61,24,2023-04-17,2025-04-06,Active
11970,9805,4458,137,Education,355400,8.65,36,2025-03-11,2028-02-24,Default
11971,9806,1245,101,Business,356100,8.64,240,2025-04-17,2045-01-02,Closed
11972,9809,2353,112,Home,188500,13.88,36,2024-11-24,2027-11-09,Active
11973,9810,2730,142,Business,830900,14.87,36,2024-07-19,2027-07-04,Closed
11974,9813,2118,145,Personal,1230500,14.6,240,2023-11-20,2043-08-07,Active
11975,9814,2984,116,Business,487700,14.09,120,2025-11-20,2035-09-29,Closed
11976,9815,3692,134,Personal,1105400,11.96,12,2024-01-22,2025-01-16,Closed
11977,9816,1459,124,Personal,180800,7.96,24,2025-02-14,2027-02-04,Active
11978,9817,1519,141,Auto,163500,9.87,60,2025-12-07,2030-11-11,Closed
11979,9818,2618,124,Personal,1652000,9.39,36,2024-03-30,2027-03-15,Active
11980,9820,2886,137,Personal,1385100,9.13,120,2023-03-26,2033-02-01,Default
11981,9821,3639,143,Home,436000,15.27,24,2025-06-02,2027-05-23,Active
11982,9822,2466,104,Business,917300,8.27,24,2023-09-20,2025-09-09,Active
11983,9823,3570,108,Personal,356900,10.99,48,2023-10-11,2027-09-20,Active
11984,9824,2134,116,Auto,162500,14.87,84,2024-06-27,2031-05-22,Active
11985,9825,1763,149,Home,1086500,7.51,180,2024-06-10,2039-03-24,Closed
11986,9827,4690,143,Auto,145100,13.34,180,2024-02-03,2038-11-16,Closed
11987,9828,3931,109,Personal,551600,12.18,60,2023-08-21,2028-07-25,Closed
11988,9829,1948,141,Education,456000,10.06,36,2025-12-24,2028-12-08,Active
11989,9832,3371,124,Personal,743800,14.97,48,2023-05-27,2027-05-06,Active
11990,9833,3649,139,Personal,139900,9.85,12,2023-03-13,2024-03-07,Closed
11991,9834,3117,101,Personal,821300,8.6,36,2025-08-27,2028-08-11,Closed
11992,9836,4992,103,Auto,270100,13.16,120,2024-04-16,2034-02-23,Closed
11993,9838,4040,109,Auto,405500,9.83,24,2025-03-02,2027-02-20,Active
11994,9841,4891,148,Auto,1128500,9.44,24,2024-10-20,2026-10-10,Default
11995,9842,3492,146,Home,1106200,14.92,36,2023-04-28,2026-04-12,Active
11996,9843,4001,147,Home,791800,9.62,120,2025-10-26,2035-09-04,Closed
11997,9844,4705,136,Business,111200,11.88,48,2023-08-27,2027-08-06,Closed
11998,9845,1579,147,Home,362500,12.56,84,2024-03-06,2031-01-29,Default
11999,9846,5491,111,Auto,160000,11.13,48,2024-02-06,2028-01-16,Closed
12000,9851,5620,149,Home,534100,9.65,48,2025-03-12,2029-02-19,Active
12001,9852,4627,141,Business,687500,11.61,24,2025-07-19,2027-07-09,Active
12002,9855,4588,145,Personal,279600,10.4,48,2024-04-25,2028-04-04,Closed
12003,9856,1676,103,Business,595800,7.3,84,2024-04-11,2031-03-06,Closed
12004,9857,3080,134,Personal,161300,9.63,120,2024-01-05,2033-11-13,Closed
12005,9858,2164,135,Personal,445200,11.98,36,2024-08-23,2027-08-08,Closed
12006,9859,5776,116,Home,1584600,7.11,48,2024-02-04,2028-01-14,Active
12007,9861,1423,114,Business,354000,12.52,180,2023-08-17,2038-05-30,Active
12008,9865,5904,136,Personal,1866700,7.26,120,2025-05-27,2035-04-05,Closed
12009,9866,2949,103,Personal,819900,11.78,36,2024-08-22,2027-08-07,Active
12010,9868,4467,148,Personal,446400,7.52,24,2023-01-14,2025-01-03,Active
12011,9869,1241,150,Auto,80800,14.21,12,2023-07-27,2024-07-21,Closed
12012,9870,4879,106,Auto,1115700,14.74,12,2024-02-22,2025-02-16,Active
12013,9871,4282,116,Personal,201000,12.22,60,2024-02-06,2029-01-10,Closed
12014,9873,5060,140,Auto,1250600,8.08,84,2023-11-15,2030-10-09,Active
12015,9874,4168,132,Business,257000,14.68,240,2025-08-28,2045-05-15,Closed
12016,9877,1294,134,Personal,2507300,13.19,120,2023-02-12,2032-12-21,Active
12017,9880,5172,132,Personal,255000,14.47,12,2023-10-12,2024-10-06,Closed
12018,9881,4748,133,Auto,1341700,10.94,24,2024-09-25,2026-09-15,Active
12019,9882,2255,113,Home,856600,10.58,120,2024-11-15,2034-09-24,Active
12020,9883,5069,128,Education,223700,12.04,12,2024-07-23,2025-07-18,Active
12021,9884,3090,118,Business,392900,10.87,24,2023-07-31,2025-07-20,Active
12022,9887,4620,137,Home,360800,8.45,84,2025-12-10,2032-11-03,Closed
12023,9889,1636,124,Personal,2628200,14.02,12,2023-11-12,2024-11-06,Active
12024,9890,1894,101,Business,815300,8.62,60,2023-04-14,2028-03-18,Active
12025,9893,3452,148,Auto,392700,13.34,24,2024-07-24,2026-07-14,Active
12026,9894,2555,129,Business,796900,14.57,48,2024-09-07,2028-08-17,Closed
12027,9895,1637,127,Home,220600,11.5,12,2023-12-18,2024-12-12,Active
12028,9896,3526,114,Auto,1445200,9.15,36,2024-02-08,2027-01-23,Closed
12029,9900,5708,124,Business,635400,7.18,180,2024-11-21,2039-09-04,Closed
12030,9902,3812,115,Auto,125400,12.56,84,2024-11-20,2031-10-15,Active
12031,9903,4474,110,Home,176700,11.7,12,2023-06-14,2024-06-08,Active
12032,9904,3346,124,Business,616300,12.87,36,2025-10-06,2028-09-20,Active
12033,9905,3620,116,Personal,687600,15.09,60,2025-10-27,2030-10-01,Active
12034,9907,1259,131,Education,446100,10.84,180,2024-10-31,2039-08-14,Active
12035,9908,5591,129,Auto,45800,12.72,24,2025-06-05,2027-05-26,Active
12036,9909,1412,109,Home,910900,8.21,24,2025-12-26,2027-12-16,Active
12037,9911,1340,136,Personal,588400,8.19,180,2024-01-15,2038-10-28,Active
12038,9912,3322,111,Home,230400,11.19,12,2025-05-26,2026-05-21,Active
12039,9916,1940,119,Home,1637600,11.99,24,2024-03-31,2026-03-21,Active
12040,9917,5277,116,Business,2604700,15.37,240,2024-05-24,2044-02-09,Active
12041,9918,3700,109,Home,930100,11.83,180,2025-10-16,2040-07-29,Active
12042,9921,4726,144,Home,665100,14.8,12,2025-09-03,2026-08-29,Closed
12043,9922,1675,127,Education,3201100,13.69,120,2023-12-08,2033-10-16,Active
12044,9924,3792,134,Personal,134300,14.64,84,2025-10-06,2032-08-30,Active
12045,9926,1158,111,Personal,419900,14.29,24,2023-12-12,2025-12-01,Closed
12046,9927,5982,119,Auto,813600,11.61,48,2025-08-22,2029-08-01,Closed
12047,9929,3222,108,Business,404400,7.0,60,2025-03-17,2030-02-19,Active
12048,9930,2722,143,Personal,131700,10.87,120,2023-12-21,2033-10-29,Default
12049,9931,5594,148,Home,252800,8.87,48,2023-09-15,2027-08-25,Active
12050,9932,2440,120,Education,396500,13.07,180,2023-03-12,2037-12-23,Active
12051,9933,4037,141,Education,391000,8.68,24,2025-12-05,2027-11-25,Active
12052,9934,2856,111,Home,2029000,11.02,60,2024-07-18,2029-06-22,Active
12053,9936,1322,113,Education,206800,7.21,36,2025-02-28,2028-02-13,Active
12054,9938,3368,117,Personal,148600,7.77,180,2023-05-01,2038-02-11,Active
12055,9941,5885,143,Personal,438100,10.34,180,2025-11-10,2040-08-23,Active
12056,9942,4781,143,Education,1122400,13.21,180,2024-03-14,2038-12-26,Default
12057,9944,5745,123,Home,956700,12.73,84,2024-04-06,2031-03-01,Active
12058,9947,2680,150,Home,347300,10.64,84,2025-02-08,2032-01-03,Active
12059,9948,3169,112,Personal,318800,8.62,240,2025-07-16,2045-04-02,Closed
12060,9949,3679,109,Education,1020400,9.6,60,2023-02-22,2028-01-27,Closed
12061,9950,4442,127,Home,1487900,11.2,48,2026-01-20,2029-12-30,Closed
12062,9951,2125,125,Personal,946800,15.06,36,2025-08-04,2028-07-19,Closed
12063,9952,4244,123,Home,1331400,12.44,24,2024-12-27,2026-12-17,Closed
12064,9954,3673,139,Personal,1878800,8.08,240,2025-05-31,2045-02-15,Active
12065,9955,3380,109,Education,283900,13.84,240,2025-09-05,2045-05-23,Closed
12066,9957,4379,142,Personal,422800,13.13,180,2025-03-12,2039-12-24,Active
12067,9958,4970,125,Business,162100,14.55,48,2025-06-14,2029-05-24,Active
12068,9961,3946,125,Home,1839000,12.2,48,2023-08-18,2027-07-28,Active
12069,9962,1570,110,Auto,564300,9.63,48,2023-04-08,2027-03-18,Closed
12070,9964,3067,115,Business,959000,14.2,84,2023-07-31,2030-06-24,Active
12071,9965,5116,137,Home,111700,11.91,48,2023-02-09,2027-01-19,Active
12072,9967,4086,144,Home,109900,12.97,240,2024-02-16,2043-11-03,Default
12073,9969,3349,103,Auto,203100,10.99,84,2025-09-10,2032-08-04,Closed
12074,9971,5127,124,Home,321200,13.84,12,2024-02-21,2025-02-15,Active
12075,9973,3511,124,Home,952000,12.32,24,2025-11-26,2027-11-16,Active
12076,9974,2582,109,Personal,251500,14.57,48,2023-09-20,2027-08-30,Active
12077,9977,1407,150,Home,346600,9.98,36,2025-10-05,2028-09-19,Active
12078,9978,1989,133,Home,440700,14.2,180,2024-10-14,2039-07-28,Closed
12079,9979,3601,114,Personal,912400,13.7,36,2024-05-23,2027-05-08,Closed
12080,9980,3948,103,Home,171600,10.14,24,2025-01-27,2027-01-17,Closed
12081,9981,3143,106,Education,2678500,14.44,60,2023-04-06,2028-03-10,Closed
12082,9983,3095,116,Auto,711000,12.04,240,2025-06-26,2045-03-13,Active
12083,9985,3598,135,Business,4138700,10.16,48,2024-05-04,2028-04-13,Default
12084,9987,4100,117,Home,528000,9.34,36,2024-08-22,2027-08-07,Default
12085,9988,2042,105,Personal,1440900,7.75,180,2023-08-26,2038-06-08,Active
12086,9989,4039,122,Home,1183300,7.79,240,2025-03-10,2044-11-25,Active
12087,9994,2920,116,Education,581100,13.67,84,2025-01-05,2031-11-30,Closed
12088,9995,5136,113,Auto,342700,10.28,36,2023-01-28,2026-01-12,Active
12089,9996,5709,143,Education,327000,11.45,240,2025-02-10,2044-10-28,Closed
12090,9999,2299,112,Education,589800,14.1,60,2025-02-05,2030-01-10,Active
12091,10000,4611,110,Personal,1173700,12.57,240,2025-08-14,2045-05-01,Closed
12092,10003,1974,110,Personal,64800,15.01,120,2024-06-29,2034-05-08,Closed
12093,10004,3463,148,Home,46200,11.45,36,2024-05-28,2027-05-13,Closed
12094,10005,3084,114,Personal,2143000,7.94,60,2024-09-04,2029-08-09,Active
12095,10006,3287,133,Home,491900,9.95,36,2025-02-23,2028-02-08,Closed
12096,10007,3955,139,Personal,1012700,8.17,12,2024-10-02,2025-09-27,Closed
12097,10008,2873,141,Home,646200,13.35,24,2023-04-27,2025-04-16,Closed
12098,10009,5880,145,Business,1234900,10.96,240,2024-08-04,2044-04-21,Default
12099,10010,2483,141,Personal,946600,7.49,180,2025-05-12,2040-02-23,Closed
12100,10012,4835,128,Auto,1425400,7.14,12,2023-02-12,2024-02-07,Default
12101,10014,2237,122,Home,76000,7.47,12,2023-12-18,2024-12-12,Active
12102,10015,5828,118,Home,888600,12.71,36,2024-10-23,2027-10-08,Closed
12103,10017,3807,115,Home,2081100,8.71,36,2025-08-26,2028-08-10,Active
12104,10019,1957,117,Auto,636800,13.61,12,2024-12-28,2025-12-23,Closed
12105,10020,2206,102,Auto,665300,11.36,12,2023-10-11,2024-10-05,Closed
12106,10022,1968,109,Auto,922500,11.94,36,2025-01-23,2028-01-08,Closed
12107,10023,5760,113,Home,378000,8.44,12,2023-06-19,2024-06-13,Closed
12108,10024,3152,121,Home,275900,14.46,240,2023-03-01,2042-11-16,Active
12109,10025,2659,114,Home,317900,11.01,48,2024-05-31,2028-05-10,Active
12110,10027,2753,141,Personal,3581500,10.5,60,2024-06-08,2029-05-13,Closed
12111,10029,5378,115,Auto,1260200,13.76,24,2025-07-28,2027-07-18,Closed
12112,10030,4438,102,Business,192100,7.28,120,2024-11-15,2034-09-24,Active
12113,10031,2962,127,Auto,93000,11.4,48,2025-12-22,2029-12-01,Closed
12114,10032,4308,134,Home,478300,13.12,48,2025-03-10,2029-02-17,Closed
12115,10033,3493,121,Business,484100,13.76,180,2024-08-30,2039-06-13,Active
12116,10034,3962,137,Home,676800,8.32,120,2025-08-31,2035-07-10,Active
12117,10035,1067,148,Education,3217400,10.32,240,2024-02-16,2043-11-03,Active
12118,10036,2678,113,Education,243500,9.73,48,2025-05-29,2029-05-08,Closed
12119,10039,1613,142,Home,603200,15.43,240,2024-07-26,2044-04-12,Closed
12120,10043,1724,107,Business,2615200,13.25,60,2025-05-10,2030-04-14,Closed
12121,10044,4180,135,Personal,263600,10.62,240,2025-01-23,2044-10-10,Default
12122,10045,2943,124,Home,83100,8.83,60,2023-12-12,2028-11-15,Closed
12123,10046,5031,147,Business,542800,8.48,180,2024-04-29,2039-02-10,Default
12124,10047,3224,101,Personal,435000,15.46,84,2025-11-25,2032-10-19,Active
12125,10050,2913,142,Auto,2311900,11.96,180,2023-04-06,2038-01-17,Active
12126,10051,2859,121,Home,267900,13.16,84,2023-12-03,2030-10-27,Closed
12127,10052,4324,141,Personal,260800,8.34,36,2025-08-08,2028-07-23,Active
12128,10053,2627,120,Education,292700,13.36,84,2024-06-19,2031-05-14,Closed
12129,10055,4553,119,Auto,158700,9.03,36,2024-11-22,2027-11-07,Closed
12130,10056,4417,121,Personal,290500,13.48,24,2023-05-10,2025-04-29,Active
12131,10057,4472,118,Auto,550300,14.77,180,2025-03-06,2039-12-18,Active
12132,10059,3102,139,Personal,951200,10.3,120,2023-02-10,2032-12-19,Default
12133,10060,3996,125,Personal,417200,14.68,60,2024-07-12,2029-06-16,Active
12134,10061,3706,120,Education,1146900,10.95,120,2025-01-27,2034-12-06,Active
12135,10062,3257,137,Home,63900,13.88,84,2025-07-17,2032-06-10,Active
12136,10063,3166,131,Auto,672800,10.86,60,2023-11-23,2028-10-27,Closed
12137,10064,5313,121,Personal,932500,8.22,84,2025-03-31,2032-02-23,Active
12138,10066,4602,148,Personal,835600,12.68,12,2025-02-03,2026-01-29,Closed
12139,10067,2329,116,Auto,227200,9.77,48,2025-03-02,2029-02-09,Closed
12140,10068,4265,107,Business,489400,7.64,60,2025-02-19,2030-01-24,Active
12141,10069,1878,141,Auto,137800,12.54,240,2024-06-16,2044-03-03,Default
12142,10070,2182,140,Personal,747500,11.92,24,2025-05-06,2027-04-26,Closed
12143,10072,1035,143,Business,302400,14.91,180,2024-10-13,2039-07-27,Closed
12144,10073,4486,132,Personal,522000,7.74,84,2023-11-10,2030-10-04,Default
12145,10074,2699,107,Personal,466800,10.66,24,2025-11-26,2027-11-16,Default
12146,10077,3472,140,Education,5429500,8.97,120,2024-10-27,2034-09-05,Active
12147,10079,5365,112,Personal,393200,11.12,36,2025-12-03,2028-11-17,Default
12148,10080,5090,134,Personal,721700,14.16,240,2024-02-23,2043-11-10,Closed
12149,10081,3308,118,Personal,406900,15.0,84,2023-08-01,2030-06-25,Closed
12150,10082,1108,113,Personal,348400,10.23,12,2025-11-08,2026-11-03,Active
12151,10083,2373,101,Home,1606300,12.26,36,2025-08-30,2028-08-14,Active
12152,10084,4617,134,Home,544500,9.0,12,2024-02-08,2025-02-02,Default
12153,10085,3583,101,Personal,454600,13.48,36,2024-06-09,2027-05-25,Active
12154,10086,5675,125,Home,7940600,14.71,12,2025-10-06,2026-10-01,Closed
12155,10088,4511,109,Education,301200,11.05,120,2025-12-16,2035-10-25,Active
12156,10090,2220,121,Home,475100,14.41,24,2024-03-13,2026-03-03,Closed
12157,10091,3593,107,Auto,951700,15.36,84,2025-10-20,2032-09-13,Active
12158,10092,3705,119,Home,164800,12.17,240,2024-12-03,2044-08-20,Closed
12159,10093,5020,131,Home,350300,11.77,60,2024-05-21,2029-04-25,Closed
12160,10097,3325,133,Personal,1133500,10.24,36,2025-01-07,2027-12-23,Active
12161,10098,2283,128,Home,732900,13.68,48,2025-05-22,2029-05-01,Active
12162,10099,5389,150,Personal,141700,13.93,36,2023-12-22,2026-12-06,Closed
12163,10100,1545,121,Business,106200,7.09,48,2024-09-22,2028-09-01,Active
12164,10102,2712,138,Personal,2147500,9.14,60,2024-04-21,2029-03-26,Active
12165,10104,3691,103,Business,335900,7.27,180,2025-10-13,2040-07-26,Closed
12166,10106,1859,144,Home,288700,13.6,48,2025-02-02,2029-01-12,Active
12167,10107,5681,121,Auto,189900,8.51,180,2024-05-20,2039-03-03,Active
12168,10108,3043,111,Business,269500,7.92,48,2024-10-06,2028-09-15,Active
12169,10109,4318,139,Auto,2077000,13.77,12,2023-07-02,2024-06-26,Active
12170,10111,2593,146,Home,168400,11.88,36,2025-03-29,2028-03-13,Active
12171,10112,5929,127,Personal,153600,8.3,180,2024-08-09,2039-05-23,Active
12172,10114,5291,135,Business,628400,14.18,36,2024-06-09,2027-05-25,Active
12173,10115,3053,121,Home,1163200,10.46,60,2023-02-13,2028-01-18,Default
12174,10116,1406,131,Personal,217600,10.17,180,2025-01-15,2039-10-29,Closed
12175,10118,1175,108,Business,4532700,12.54,24,2025-08-25,2027-08-15,Active
12176,10119,5696,132,Home,432900,7.31,48,2024-07-31,2028-07-10,Closed
12177,10120,3743,123,Personal,398700,9.86,84,2025-06-10,2032-05-04,Closed
12178,10122,5324,137,Home,394100,7.67,180,2024-09-20,2039-07-04,Closed
12179,10123,5840,103,Education,1208000,13.25,48,2024-04-19,2028-03-29,Closed
12180,10124,1747,110,Auto,142800,9.33,36,2023-09-18,2026-09-02,Active
12181,10128,4662,123,Auto,348900,14.11,12,2024-06-29,2025-06-24,Active
12182,10129,1659,139,Home,3471600,10.56,120,2025-11-21,2035-09-30,Closed
12183,10130,2365,105,Home,365000,14.52,120,2024-01-29,2033-12-07,Closed
12184,10131,5062,146,Education,64300,8.88,180,2023-08-16,2038-05-29,Active
12185,10133,1368,143,Education,778000,12.55,24,2023-06-02,2025-05-22,Active
12186,10136,1775,140,Home,180500,15.03,24,2023-10-18,2025-10-07,Active
12187,10137,5906,103,Business,507100,10.35,240,2025-04-24,2045-01-09,Active
12188,10138,5880,138,Home,2750100,8.34,240,2024-08-27,2044-05-14,Active
12189,10140,4481,149,Business,383700,11.71,84,2025-04-02,2032-02-25,Closed
12190,10141,1300,144,Personal,239700,10.67,60,2023-03-11,2028-02-13,Active
12191,10143,5766,104,Business,1080100,11.3,12,2025-08-20,2026-08-15,Closed
12192,10145,4984,111,Home,683300,11.04,48,2025-11-18,2029-10-28,Active
12193,10147,4284,111,Personal,449900,9.26,60,2025-10-28,2030-10-02,Closed
12194,10148,2669,148,Education,393900,11.37,36,2025-03-03,2028-02-16,Active
12195,10151,3944,119,Personal,2363500,8.26,60,2025-08-28,2030-08-02,Active
12196,10152,3857,104,Education,662200,11.96,120,2024-02-13,2033-12-22,Active
12197,10154,2820,132,Business,677200,10.72,180,2025-12-21,2040-10-03,Active
12198,10155,5234,131,Home,540300,15.27,240,2025-11-27,2045-08-14,Default
12199,10156,3166,145,Personal,689100,7.81,24,2023-07-28,2025-07-17,Closed
12200,10158,2204,136,Business,1141200,13.39,180,2023-10-10,2038-07-23,Active
12201,10159,5318,118,Home,360300,9.97,180,2024-06-07,2039-03-21,Active
12202,10162,2228,150,Business,1135900,12.93,180,2023-05-12,2038-02-22,Active
12203,10163,3605,133,Personal,1393600,15.14,240,2023-02-13,2042-10-31,Active
12204,10164,1528,103,Personal,523900,14.63,24,2023-12-14,2025-12-03,Default
12205,10165,5713,106,Education,182200,7.96,12,2025-09-16,2026-09-11,Closed
12206,10168,2942,110,Auto,921900,14.45,120,2023-02-20,2032-12-29,Active
12207,10169,5786,143,Auto,1057500,10.32,24,2024-01-03,2025-12-23,Closed
12208,10170,5834,119,Business,1495000,7.6,120,2024-10-12,2034-08-21,Active
12209,10171,4129,101,Auto,471800,8.77,240,2023-08-12,2043-04-29,Closed
12210,10172,5869,145,Personal,216000,7.24,180,2023-08-29,2038-06-11,Active
12211,10174,2439,135,Business,725900,8.18,120,2023-09-06,2033-07-15,Default
12212,10176,4203,113,Personal,221900,10.97,180,2023-05-04,2038-02-14,Default
12213,10177,2976,133,Education,756600,15.03,60,2024-08-04,2029-07-09,Closed
12214,10180,2330,120,Personal,1097600,13.88,12,2024-12-10,2025-12-05,Closed
12215,10181,5513,109,Home,633300,11.52,180,2023-08-03,2038-05-16,Default
12216,10182,2564,110,Home,263200,9.75,60,2024-12-24,2029-11-28,Closed
12217,10183,5910,134,Home,658100,7.24,12,2024-09-15,2025-09-10,Active
12218,10184,4185,119,Auto,4707900,7.49,240,2024-03-29,2043-12-15,Active
12219,10185,3676,115,Personal,180300,13.22,24,2023-09-12,2025-09-01,Closed
12220,10186,3888,138,Home,1019000,11.63,24,2025-07-11,2027-07-01,Closed
12221,10188,2787,137,Personal,445500,8.03,12,2023-09-21,2024-09-15,Active
12222,10189,2649,124,Home,235300,14.33,48,2024-02-24,2028-02-03,Active
12223,10190,2118,137,Business,2161100,11.4,84,2023-09-17,2030-08-11,Default
12224,10191,1455,121,Home,1364800,14.12,84,2025-02-09,2032-01-04,Active
12225,10192,4767,133,Personal,979700,13.62,24,2025-03-26,2027-03-16,Closed
12226,10194,4640,131,Business,87600,9.83,240,2023-05-15,2043-01-30,Closed
12227,10196,1647,122,Business,222700,12.97,48,2023-08-31,2027-08-10,Default
12228,10201,4293,127,Personal,113400,15.43,84,2025-06-02,2032-04-26,Active
12229,10204,6000,119,Education,158300,13.36,60,2025-04-27,2030-04-01,Active
12230,10206,4691,111,Business,446400,9.25,36,2025-12-11,2028-11-25,Closed
12231,10211,2710,113,Auto,1960800,12.03,36,2025-08-10,2028-07-25,Active
12232,10212,1333,107,Auto,552200,10.68,180,2025-04-30,2040-02-11,Default
12233,10213,3344,127,Personal,588000,9.55,60,2025-01-25,2029-12-30,Closed
12234,10214,1441,124,Personal,195100,9.42,120,2025-05-15,2035-03-24,Closed
12235,10215,5808,146,Home,632500,10.91,12,2023-03-03,2024-02-26,Active
12236,10216,5591,125,Personal,761400,9.64,84,2024-05-24,2031-04-18,Closed
12237,10218,2818,147,Education,434500,8.26,120,2024-10-09,2034-08-18,Active
12238,10220,3243,123,Personal,58900,13.43,120,2024-08-23,2034-07-02,Closed
12239,10221,3546,137,Personal,558200,9.49,84,2024-02-07,2031-01-01,Closed
12240,10222,5249,122,Home,217300,10.17,180,2023-03-22,2038-01-02,Active
12241,10224,5212,122,Personal,3404400,14.68,48,2024-05-02,2028-04-11,Closed
12242,10225,4031,103,Education,658100,12.63,84,2024-01-15,2030-12-09,Active
12243,10230,1364,111,Home,79900,14.89,84,2023-02-05,2029-12-30,Closed
12244,10231,3732,124,Home,604500,12.11,24,2024-10-29,2026-10-19,Closed
12245,10233,2410,125,Business,627200,10.02,60,2024-04-11,2029-03-16,Closed
12246,10234,5984,145,Auto,557100,8.89,84,2024-03-05,2031-01-28,Active
12247,10236,2227,118,Home,131800,14.01,60,2025-08-20,2030-07-25,Active
12248,10237,4446,150,Education,671700,10.82,120,2024-01-10,2033-11-18,Active
12249,10238,4097,148,Home,2000600,12.53,180,2024-04-20,2039-02-01,Default
12250,10239,1965,128,Auto,603000,13.31,120,2024-12-08,2034-10-17,Closed
12251,10240,2814,139,Personal,470500,9.09,24,2024-02-09,2026-01-29,Closed
12252,10241,4525,110,Personal,754200,15.3,180,2023-12-15,2038-09-27,Active
12253,10242,3059,134,Auto,1411400,9.0,84,2024-10-28,2031-09-22,Closed
12254,10245,3273,126,Auto,1752000,13.44,60,2024-08-15,2029-07-20,Closed
12255,10248,1014,136,Home,299800,8.29,84,2023-03-27,2030-02-18,Closed
12256,10249,1536,124,Business,2242900,15.28,180,2024-04-02,2039-01-14,Closed
12257,10252,3892,120,Home,394500,9.14,84,2023-07-23,2030-06-16,Closed
12258,10253,2798,147,Business,612700,11.38,120,2023-03-08,2033-01-14,Closed
12259,10257,5297,133,Personal,265900,10.14,84,2024-01-18,2030-12-12,Closed
12260,10259,1228,136,Home,169700,14.68,120,2023-04-17,2033-02-23,Closed
12261,10260,3030,123,Auto,1059200,11.44,240,2025-12-31,2045-09-17,Active
12262,10263,2706,125,Auto,167100,12.71,240,2023-11-20,2043-08-07,Active
12263,10264,2211,145,Personal,1519800,8.87,120,2026-01-01,2035-11-10,Active
12264,10265,2955,108,Home,199100,15.04,24,2024-08-08,2026-07-29,Closed
12265,10266,5649,106,Auto,368300,10.02,120,2025-01-20,2034-11-29,Active
12266,10267,4411,132,Business,431800,7.85,120,2026-01-15,2035-11-24,Default
12267,10268,1083,108,Education,179200,8.85,36,2025-08-06,2028-07-21,Closed
12268,10269,1833,133,Business,941000,8.65,36,2024-07-18,2027-07-03,Closed
12269,10270,3390,102,Personal,480100,7.92,48,2025-06-27,2029-06-06,Default
12270,10273,3383,103,Business,370000,11.17,60,2024-02-25,2029-01-29,Active
12271,10274,4731,102,Personal,199900,9.65,36,2025-07-04,2028-06-18,Closed
12272,10276,3271,110,Auto,472000,11.2,36,2023-02-21,2026-02-05,Active
12273,10277,5702,105,Auto,422800,7.67,24,2024-11-03,2026-10-24,Closed
12274,10278,4448,146,Education,156100,12.01,180,2025-06-20,2040-04-02,Active
12275,10282,5956,149,Education,3071000,12.37,240,2024-10-26,2044-07-13,Active
12276,10283,5088,133,Personal,1474200,9.17,48,2025-01-29,2029-01-08,Closed
12277,10284,2606,147,Home,474500,11.84,24,2024-01-11,2025-12-31,Active
12278,10289,1441,122,Personal,365900,9.59,120,2025-05-17,2035-03-26,Active
12279,10290,2852,104,Education,662900,8.33,36,2026-01-15,2028-12-30,Active
12280,10291,4552,119,Business,155200,12.78,48,2025-03-14,2029-02-21,Active
12281,10292,5686,110,Home,165800,14.1,120,2024-02-17,2033-12-26,Closed
12282,10294,3993,103,Home,156500,8.31,36,2023-12-09,2026-11-23,Active
12283,10295,3011,108,Auto,808200,14.55,180,2024-07-20,2039-05-03,Active
12284,10296,2729,118,Home,981900,12.09,180,2023-04-30,2038-02-10,Default
12285,10297,1308,102,Home,98100,13.57,36,2024-06-05,2027-05-21,Closed
12286,10299,1144,139,Home,1098300,12.89,84,2025-09-28,2032-08-22,Closed
12287,10300,4619,110,Education,205400,14.51,180,2025-11-30,2040-09-12,Active
12288,10301,1330,120,Education,504800,7.51,240,2023-11-27,2043-08-14,Active
12289,10303,1784,130,Auto,229200,15.39,60,2023-02-19,2028-01-24,Active
12290,10305,4233,107,Personal,123800,14.48,240,2025-06-16,2045-03-03,Active
12291,10307,4199,125,Home,925000,7.37,84,2024-09-25,2031-08-20,Active
12292,10308,3052,114,Personal,200800,9.15,180,2023-08-27,2038-06-09,Active
12293,10311,4911,110,Personal,84600,11.55,60,2023-06-24,2028-05-28,Active
12294,10312,5601,114,Personal,1392400,14.28,48,2025-04-11,2029-03-21,Active
12295,10313,1186,133,Education,116800,9.65,84,2024-11-16,2031-10-11,Closed
12296,10314,4353,109,Personal,735100,7.42,120,2023-11-14,2033-09-22,Active
12297,10316,2305,119,Personal,369700,13.63,48,2025-11-22,2029-11-01,Active
12298,10317,2659,138,Home,821500,10.69,24,2023-08-24,2025-08-13,Closed
12299,10318,4866,121,Home,277700,13.47,12,2024-02-11,2025-02-05,Closed
12300,10319,3788,147,Auto,414100,9.77,48,2024-12-13,2028-11-22,Active
12301,10322,3410,131,Auto,453300,13.96,48,2023-06-18,2027-05-28,Active
12302,10323,3231,103,Personal,192200,10.07,120,2024-01-23,2033-12-01,Closed
12303,10328,4733,104,Business,167300,11.05,48,2024-03-20,2028-02-28,Closed
12304,10329,4115,132,Auto,130200,14.97,180,2024-11-12,2039-08-26,Default
12305,10331,4397,147,Personal,519000,8.26,12,2024-02-17,2025-02-11,Active
12306,10332,1790,113,Home,253200,11.95,12,2023-12-27,2024-12-21,Default
12307,10333,3926,118,Home,685000,13.92,12,2025-04-17,2026-04-12,Active
12308,10334,4431,110,Personal,1656600,12.88,60,2023-06-13,2028-05-17,Closed
12309,10338,1711,117,Home,415000,10.63,36,2025-03-04,2028-02-17,Closed
12310,10340,4451,124,Home,209300,13.82,48,2024-02-24,2028-02-03,Active
12311,10341,2203,119,Personal,595400,11.07,24,2024-10-26,2026-10-16,Default
12312,10344,5761,133,Personal,194100,12.47,60,2025-12-14,2030-11-18,Active
12313,10345,4853,106,Personal,137800,9.85,60,2026-01-12,2030-12-17,Closed
12314,10346,4699,143,Personal,393600,7.49,60,2024-02-03,2029-01-07,Default
12315,10347,1053,134,Home,529100,8.74,60,2025-06-26,2030-05-31,Closed
12316,10348,2778,140,Auto,1006600,10.97,12,2023-12-09,2024-12-03,Active
12317,10354,4522,149,Home,631900,14.6,48,2024-07-04,2028-06-13,Active
12318,10355,3437,136,Home,967500,8.12,84,2024-10-08,2031-09-02,Default
12319,10356,2309,148,Auto,570300,9.69,180,2023-04-09,2038-01-20,Active
12320,10357,3354,119,Personal,244700,9.81,180,2023-11-06,2038-08-19,Closed
12321,10358,4870,136,Home,562900,13.62,84,2025-10-09,2032-09-02,Active
12322,10359,2295,101,Education,908100,11.62,120,2024-09-19,2034-07-29,Closed
12323,10360,2565,143,Home,498100,10.54,12,2025-06-08,2026-06-03,Active
12324,10362,2099,113,Auto,1664900,7.53,120,2023-05-18,2033-03-26,Active
12325,10363,2509,125,Auto,408800,15.25,48,2025-09-09,2029-08-19,Default
12326,10364,1112,112,Home,396100,13.86,12,2023-07-25,2024-07-19,Active
12327,10367,5587,129,Personal,837700,7.48,180,2024-07-26,2039-05-09,Closed
12328,10370,4434,127,Business,372200,7.39,120,2023-05-19,2033-03-27,Active
12329,10371,5074,126,Home,1076400,9.15,180,2024-09-06,2039-06-20,Closed
12330,10372,4827,108,Business,866400,7.43,12,2023-01-24,2024-01-19,Closed
12331,10375,3810,124,Home,252800,13.3,180,2024-12-17,2039-09-30,Closed
12332,10376,2827,120,Home,1600200,8.74,12,2023-03-25,2024-03-19,Active
12333,10377,2149,147,Auto,1082900,14.49,240,2023-01-24,2042-10-11,Closed
12334,10378,4940,120,Home,900900,12.19,120,2024-06-08,2034-04-17,Active
12335,10379,4785,101,Home,1280000,11.13,180,2025-09-14,2040-06-27,Default
12336,10380,5380,124,Auto,214900,7.95,60,2025-08-05,2030-07-10,Active
12337,10381,1872,142,Personal,1617900,8.11,84,2023-06-10,2030-05-04,Active
12338,10383,4594,124,Home,178200,8.03,48,2023-09-20,2027-08-30,Default
12339,10384,5965,123,Personal,696700,8.8,240,2023-09-26,2043-06-13,Active
12340,10385,3223,134,Home,2107100,7.89,180,2024-02-09,2038-11-22,Active
12341,10388,1002,109,Education,1070600,9.73,24,2024-03-08,2026-02-26,Closed
12342,10389,3509,132,Business,489700,13.9,120,2025-12-01,2035-10-10,Default
12343,10390,5494,142,Business,348900,8.25,120,2023-11-20,2033-09-28,Closed
12344,10394,4805,103,Home,1304400,9.54,120,2024-05-18,2034-03-27,Closed
12345,10395,2785,138,Auto,784600,10.82,36,2024-05-03,2027-04-18,Closed
12346,10396,4070,133,Personal,564100,12.22,24,2025-02-22,2027-02-12,Default
12347,10397,5067,113,Auto,144400,9.02,12,2023-07-30,2024-07-24,Active
12348,10399,3172,138,Personal,579500,12.22,180,2023-11-20,2038-09-02,Active
12349,10402,5669,109,Home,476600,8.56,12,2023-03-31,2024-03-25,Closed
12350,10403,5096,101,Auto,522800,12.33,24,2024-08-14,2026-08-04,Active
12351,10404,1517,113,Personal,244200,13.7,84,2025-12-21,2032-11-14,Closed
12352,10405,1314,137,Auto,1214000,7.2,120,2023-09-28,2033-08-06,Closed
12353,10406,2361,121,Home,410600,14.96,120,2025-02-19,2034-12-29,Default
12354,10407,3125,111,Auto,98300,13.06,24,2023-01-28,2025-01-17,Closed
12355,10408,1828,137,Personal,198500,15.07,180,2025-02-22,2039-12-06,Default
12356,10409,2677,113,Auto,2979800,9.25,36,2023-08-19,2026-08-03,Active
12357,10410,3148,134,Home,380700,14.98,24,2025-07-24,2027-07-14,Closed
12358,10411,5392,101,Home,76000,10.86,24,2024-12-16,2026-12-06,Closed
12359,10413,4764,105,Business,202600,8.29,12,2024-12-31,2025-12-26,Active
12360,10414,4330,140,Business,1749000,13.27,12,2024-08-07,2025-08-02,Active
12361,10415,2461,119,Auto,143600,12.9,120,2024-10-06,2034-08-15,Active
12362,10417,3571,121,Home,1393200,14.84,240,2025-06-14,2045-03-01,Active
12363,10418,1778,132,Education,207600,9.58,84,2024-01-21,2030-12-15,Active
12364,10422,2273,105,Home,741600,12.35,180,2025-12-04,2040-09-16,Active
12365,10423,1655,104,Education,1130400,15.16,36,2024-08-25,2027-08-10,Active
12366,10425,2476,134,Home,220300,14.42,24,2025-05-18,2027-05-08,Active
12367,10428,1003,102,Home,676100,13.99,24,2023-03-25,2025-03-14,Active
12368,10431,5092,104,Business,203100,14.47,12,2024-03-01,2025-02-24,Closed
12369,10432,4850,123,Auto,329100,14.18,120,2024-01-15,2033-11-23,Active
12370,10433,5541,115,Personal,565700,10.22,240,2023-11-30,2043-08-17,Active
12371,10434,2370,135,Home,853400,7.13,36,2023-07-16,2026-06-30,Active
12372,10435,4934,144,Auto,1738600,15.39,48,2024-05-16,2028-04-25,Closed
12373,10436,2754,137,Auto,868400,13.59,24,2025-05-02,2027-04-22,Closed
12374,10437,4412,102,Home,168500,8.92,180,2025-04-27,2040-02-08,Default
12375,10440,1353,129,Business,158100,13.36,240,2024-08-21,2044-05-08,Active
12376,10443,5823,114,Personal,212100,10.1,60,2023-06-22,2028-05-26,Closed
12377,10444,4940,122,Home,1180000,9.1,36,2025-11-01,2028-10-16,Active
12378,10446,3101,123,Personal,522800,11.81,12,2024-03-05,2025-02-28,Active
12379,10448,4688,124,Business,500300,7.09,12,2023-04-12,2024-04-06,Closed
12380,10451,4226,120,Education,431100,15.3,48,2025-01-17,2028-12-27,Active
12381,10455,5998,130,Personal,4194600,15.02,24,2025-05-06,2027-04-26,Active
12382,10456,4638,119,Personal,818700,13.72,48,2024-09-03,2028-08-13,Closed
12383,10457,3868,103,Personal,1311300,7.45,240,2024-03-07,2043-11-23,Active
12384,10460,2648,134,Home,931200,7.64,36,2025-03-28,2028-03-12,Default
12385,10461,2023,112,Personal,752200,12.51,12,2024-09-16,2025-09-11,Closed
12386,10462,3223,134,Business,1757300,13.8,12,2023-12-03,2024-11-27,Active
12387,10463,5418,105,Personal,321500,7.46,48,2024-01-06,2027-12-16,Closed
12388,10464,2092,147,Auto,123900,11.79,240,2026-01-06,2045-09-23,Closed
12389,10467,3380,107,Home,1466700,12.94,36,2025-09-07,2028-08-22,Active
12390,10470,1490,145,Personal,696400,8.39,48,2025-11-11,2029-10-21,Active
12391,10471,3592,115,Business,2169500,8.49,48,2023-09-14,2027-08-24,Closed
12392,10472,4841,125,Home,709200,14.92,48,2024-01-09,2027-12-19,Active
12393,10473,4981,118,Personal,6312400,10.41,48,2024-02-12,2028-01-22,Active
12394,10474,1036,124,Auto,88500,9.33,48,2023-08-25,2027-08-04,Active
12395,10476,3699,124,Home,5275300,7.39,48,2023-07-07,2027-06-16,Default
12396,10477,3841,131,Auto,114700,7.31,60,2023-02-20,2028-01-25,Active
12397,10478,1173,139,Business,1532900,9.19,120,2025-10-07,2035-08-16,Active
12398,10481,4490,110,Business,1169100,12.27,24,2025-10-08,2027-09-28,Active
12399,10485,3036,104,Personal,798700,12.14,48,2023-03-04,2027-02-11,Closed
12400,10489,5203,107,Education,567000,8.92,120,2025-08-12,2035-06-21,Active
12401,10491,2437,126,Home,1960400,13.31,240,2025-05-08,2045-01-23,Active
12402,10492,1021,105,Auto,623600,10.92,60,2024-12-22,2029-11-26,Active
12403,10493,1853,130,Home,1265000,13.79,60,2024-03-10,2029-02-12,Closed
12404,10495,3991,103,Auto,608800,14.86,180,2024-10-13,2039-07-27,Active
12405,10496,4063,108,Personal,345800,9.02,120,2023-04-18,2033-02-24,Closed
12406,10497,4642,120,Business,567800,10.81,36,2025-04-18,2028-04-02,Active
12407,10499,4824,132,Personal,779300,7.45,24,2023-10-31,2025-10-20,Active
12408,10501,5752,117,Home,4823300,13.48,84,2025-03-06,2032-01-29,Closed
12409,10502,2218,148,Personal,1585500,9.74,60,2024-05-24,2029-04-28,Active
12410,10503,2010,138,Education,403100,12.54,240,2024-08-29,2044-05-16,Active
12411,10504,3722,145,Business,252600,10.24,180,2025-06-09,2040-03-22,Active
12412,10505,3695,139,Business,223000,8.21,36,2023-05-29,2026-05-13,Closed
12413,10507,1017,124,Personal,200100,7.06,120,2024-08-04,2034-06-13,Closed
12414,10508,4843,125,Home,530200,12.44,24,2024-04-09,2026-03-30,Closed
12415,10510,5806,150,Education,264800,14.94,84,2024-04-25,2031-03-20,Active
12416,10511,4148,140,Business,1943900,14.68,12,2024-07-06,2025-07-01,Closed
12417,10512,1203,111,Personal,77800,14.99,240,2023-01-25,2042-10-12,Active
12418,10514,1787,126,Auto,378100,12.85,24,2023-09-14,2025-09-03,Active
12419,10515,5767,109,Business,635100,10.65,120,2025-03-04,2035-01-11,Active
12420,10516,5866,104,Home,781800,11.47,48,2023-06-12,2027-05-22,Active
12421,10518,1096,124,Auto,544300,13.17,60,2024-01-05,2028-12-09,Default
12422,10519,5736,112,Home,331200,9.54,36,2023-11-03,2026-10-18,Closed
12423,10520,1274,139,Auto,411800,8.63,24,2025-10-27,2027-10-17,Closed
12424,10522,2400,141,Home,102300,7.58,12,2025-05-12,2026-05-07,Active
12425,10523,3021,132,Home,424900,11.05,120,2025-09-18,2035-07-28,Closed
12426,10525,5898,141,Personal,944600,7.78,240,2025-09-04,2045-05-22,Closed
12427,10529,2885,149,Auto,177800,10.91,12,2024-05-12,2025-05-07,Active
12428,10531,1676,144,Business,54800,13.91,48,2025-08-01,2029-07-11,Closed
12429,10532,2634,107,Auto,467200,8.3,84,2023-06-18,2030-05-12,Closed
12430,10533,2331,148,Auto,529600,8.02,12,2024-07-31,2025-07-26,Active
12431,10534,3976,123,Auto,984400,9.09,60,2023-08-06,2028-07-10,Closed
12432,10535,2267,116,Home,356800,7.71,84,2024-07-02,2031-05-27,Active
12433,10536,1137,104,Personal,603600,10.1,180,2026-01-26,2040-11-08,Closed
12434,10537,1932,150,Auto,391600,12.18,36,2024-07-21,2027-07-06,Active
12435,10538,2942,102,Auto,2161000,11.01,48,2025-10-17,2029-09-26,Closed
12436,10539,1169,133,Personal,523600,13.12,84,2025-01-04,2031-11-29,Closed
12437,10543,1556,145,Home,249400,8.02,120,2025-08-19,2035-06-28,Closed
12438,10546,2266,146,Education,620200,9.89,180,2024-04-03,2039-01-15,Closed
12439,10549,1826,146,Business,1137500,10.54,180,2024-06-09,2039-03-23,Closed
12440,10550,2875,115,Education,801000,10.91,36,2024-05-01,2027-04-16,Active
12441,10552,2532,146,Home,2271500,7.58,12,2023-12-11,2024-12-05,Closed
12442,10553,4761,119,Home,2082500,7.55,48,2023-12-16,2027-11-25,Active
12443,10555,3269,128,Auto,152400,7.72,24,2025-08-14,2027-08-04,Active
12444,10556,1035,127,Home,568100,8.19,36,2025-08-14,2028-07-29,Closed
12445,10558,3780,124,Auto,176500,7.0,120,2024-01-19,2033-11-27,Default
12446,10560,3459,122,Auto,1055300,9.57,12,2025-02-18,2026-02-13,Closed
12447,10564,4254,137,Personal,2104800,10.5,60,2025-02-03,2030-01-08,Active
12448,10565,4115,129,Auto,586800,11.66,24,2023-10-25,2025-10-14,Closed
12449,10567,1113,131,Home,922800,7.23,120,2025-10-20,2035-08-29,Active
12450,10568,1942,142,Education,291200,10.78,48,2024-11-08,2028-10-18,Closed
12451,10569,2343,138,Personal,654600,14.97,60,2025-08-14,2030-07-19,Closed
12452,10570,2457,135,Personal,1200700,13.39,60,2023-02-05,2028-01-10,Active
12453,10571,1766,122,Auto,272100,9.73,180,2023-08-16,2038-05-29,Default
12454,10572,5327,139,Personal,882600,11.47,24,2025-05-05,2027-04-25,Default
12455,10573,4208,145,Personal,403500,12.94,60,2023-11-20,2028-10-24,Closed
12456,10574,5608,137,Personal,1070200,8.31,48,2024-06-24,2028-06-03,Active
12457,10575,1680,120,Personal,501200,7.61,12,2023-09-27,2024-09-21,Active
12458,10577,3095,117,Business,2905200,12.26,12,2024-05-22,2025-05-17,Active
12459,10578,2109,123,Personal,1315000,13.26,180,2024-09-25,2039-07-09,Active
12460,10580,3141,120,Home,1022500,11.37,24,2023-08-27,2025-08-16,Active
12461,10581,4502,136,Auto,182800,12.91,120,2025-06-25,2035-05-04,Closed
12462,10582,4501,119,Personal,296200,13.11,84,2024-01-18,2030-12-12,Active
12463,10583,1159,104,Auto,4001400,12.47,60,2024-11-10,2029-10-15,Active
12464,10584,1895,123,Personal,202300,14.96,120,2025-04-15,2035-02-22,Closed
12465,10586,5214,111,Personal,87500,11.56,120,2024-09-18,2034-07-28,Closed
12466,10587,5253,101,Business,392800,7.48,12,2023-07-18,2024-07-12,Closed
12467,10590,1257,103,Home,638900,11.8,60,2023-12-15,2028-11-18,Closed
12468,10592,3047,148,Auto,1261200,12.43,180,2024-09-16,2039-06-30,Active
12469,10594,3747,119,Personal,688600,9.9,240,2025-02-17,2044-11-04,Active
12470,10597,5474,107,Auto,414400,11.02,84,2025-06-06,2032-04-30,Active
12471,10598,4764,148,Home,151900,13.55,180,2025-06-06,2040-03-19,Closed
12472,10599,4918,147,Education,1609500,13.11,180,2024-02-07,2038-11-20,Active
12473,10601,3690,137,Home,568500,8.51,48,2024-08-14,2028-07-24,Closed
12474,10602,2045,117,Home,367400,9.02,240,2025-12-22,2045-09-08,Active
12475,10603,5893,144,Business,1777900,11.85,36,2023-07-29,2026-07-13,Active
12476,10605,1790,110,Home,1241300,10.32,60,2024-07-26,2029-06-30,Active
12477,10606,1484,136,Education,1348300,13.38,12,2025-07-27,2026-07-22,Closed
12478,10608,5565,138,Auto,408000,7.86,84,2023-07-17,2030-06-10,Active
12479,10610,4228,137,Personal,230100,9.77,240,2024-11-21,2044-08-08,Closed
12480,10611,2205,141,Home,84900,10.12,84,2023-05-18,2030-04-11,Active
12481,10613,5849,143,Personal,1169500,10.66,180,2024-08-25,2039-06-08,Default
12482,10615,5029,107,Personal,185900,13.51,24,2024-01-18,2026-01-07,Active
12483,10617,4060,109,Personal,731600,7.16,12,2024-09-14,2025-09-09,Active
12484,10618,4638,129,Business,276800,8.23,120,2023-01-19,2032-11-27,Closed
12485,10620,2852,122,Auto,742500,11.69,24,2024-01-26,2026-01-15,Closed
12486,10621,2580,137,Education,849300,11.14,48,2025-09-23,2029-09-02,Active
12487,10622,2357,130,Personal,162100,15.09,36,2025-04-26,2028-04-10,Active
12488,10623,3981,133,Business,1889900,7.47,84,2025-02-28,2032-01-23,Closed
12489,10624,5157,147,Home,660300,9.52,36,2024-11-15,2027-10-31,Active
12490,10626,4133,149,Business,479400,13.61,12,2024-08-01,2025-07-27,Active
12491,10629,5152,122,Personal,249400,15.17,180,2024-09-27,2039-07-11,Active
12492,10631,1911,142,Business,126400,15.45,36,2024-05-25,2027-05-10,Closed
12493,10632,1204,116,Business,3134400,9.48,60,2024-03-15,2029-02-17,Closed
12494,10633,2464,103,Business,218300,12.06,24,2024-04-10,2026-03-31,Active
12495,10636,3602,146,Home,540500,15.14,24,2025-02-10,2027-01-31,Closed
12496,10637,4518,110,Auto,787500,15.31,48,2023-10-16,2027-09-25,Active
12497,10638,3056,140,Auto,278800,8.0,120,2026-01-01,2035-11-10,Active
12498,10639,4924,117,Business,1073600,10.01,48,2024-12-19,2028-11-28,Closed
12499,10641,1794,111,Home,225700,13.24,24,2023-04-12,2025-04-01,Active
12500,10642,3150,128,Personal,154800,11.75,36,2025-09-08,2028-08-23,Active
12501,10643,5597,117,Personal,371300,11.9,60,2025-05-05,2030-04-09,Active
12502,10644,4821,133,Home,544900,10.66,12,2023-01-30,2024-01-25,Closed
12503,10645,2805,144,Personal,892300,14.18,84,2023-05-01,2030-03-25,Active
12504,10648,3018,130,Personal,512100,7.55,60,2024-07-28,2029-07-02,Closed
12505,10649,5539,123,Home,815400,8.95,84,2025-07-30,2032-06-23,Closed
12506,10651,4288,138,Personal,843600,12.98,84,2025-02-10,2032-01-05,Active
12507,10652,1760,106,Personal,333300,13.96,180,2024-01-09,2038-10-22,Active
12508,10653,4861,149,Auto,786500,15.25,240,2024-03-11,2043-11-27,Active
12509,10654,2642,117,Education,353300,9.52,84,2023-04-19,2030-03-13,Closed
12510,10655,2813,113,Business,1127200,8.87,240,2024-02-12,2043-10-30,Default
12511,10658,5772,142,Home,858200,9.2,60,2023-07-17,2028-06-20,Active
12512,10659,2826,119,Auto,487000,9.12,24,2023-06-28,2025-06-17,Closed
12513,10660,4186,118,Personal,1428900,11.05,36,2025-01-07,2027-12-23,Default
12514,10661,1562,133,Personal,129700,9.41,60,2023-02-22,2028-01-27,Active
12515,10662,1238,102,Personal,484900,8.18,84,2023-11-30,2030-10-24,Active
12516,10663,4134,144,Home,487100,7.46,240,2024-07-08,2044-03-25,Active
12517,10664,1861,125,Home,595100,9.17,84,2023-01-25,2029-12-19,Closed
12518,10665,3208,123,Education,230600,13.95,12,2025-05-07,2026-05-02,Active
12519,10666,4473,111,Home,1106800,14.18,24,2025-08-04,2027-07-25,Closed
12520,10667,3650,105,Auto,1744900,12.02,84,2024-01-25,2030-12-19,Default
12521,10668,5714,141,Auto,435200,10.36,120,2025-01-24,2034-12-03,Active
12522,10669,1071,116,Personal,320700,9.26,240,2024-11-17,2044-08-04,Closed
12523,10670,3917,111,Auto,746400,7.34,36,2024-05-05,2027-04-20,Active
12524,10671,4489,104,Auto,236600,15.42,180,2024-02-11,2038-11-24,Closed
12525,10673,5943,129,Home,330200,10.24,84,2024-08-02,2031-06-27,Closed
12526,10676,4801,109,Home,1123200,10.17,12,2024-10-21,2025-10-16,Closed
12527,10677,5225,118,Personal,407700,10.38,12,2025-08-28,2026-08-23,Closed
12528,10680,1052,118,Personal,1315800,13.6,12,2025-05-07,2026-05-02,Closed
12529,10682,2316,138,Personal,812800,12.6,48,2023-04-17,2027-03-27,Default
12530,10685,3210,127,Education,176700,15.02,36,2025-08-22,2028-08-06,Closed
12531,10686,3157,106,Personal,766000,7.63,60,2024-09-14,2029-08-19,Active
12532,10687,4966,136,Auto,455700,15.17,84,2025-07-24,2032-06-17,Default
12533,10689,4233,127,Auto,406100,12.01,48,2023-09-18,2027-08-28,Default
12534,10690,4357,111,Auto,251900,14.9,12,2024-03-19,2025-03-14,Default
12535,10691,5006,138,Personal,4754600,13.49,48,2023-07-28,2027-07-07,Active
12536,10692,1973,109,Auto,891600,15.38,120,2025-02-15,2034-12-25,Default
12537,10693,1827,113,Home,1197600,8.81,84,2024-06-19,2031-05-14,Active
12538,10694,1318,118,Auto,199100,11.43,12,2023-06-30,2024-06-24,Closed
12539,10697,4899,147,Personal,255800,14.98,36,2024-01-13,2026-12-28,Active
12540,10699,3434,118,Education,1250300,8.17,180,2024-08-22,2039-06-05,Closed
12541,10701,5149,101,Business,610000,13.63,24,2023-03-26,2025-03-15,Active
12542,10702,4028,129,Education,1418200,14.77,12,2023-11-22,2024-11-16,Active
12543,10704,3162,123,Home,1141500,10.19,12,2025-08-29,2026-08-24,Active
12544,10705,4042,137,Personal,400500,10.77,120,2023-07-13,2033-05-21,Closed
12545,10708,3551,132,Education,1280800,14.07,120,2025-06-14,2035-04-23,Active
12546,10709,4888,127,Personal,110200,11.81,12,2025-12-21,2026-12-16,Active
12547,10713,1262,118,Personal,810100,11.07,60,2023-06-18,2028-05-22,Closed
12548,10714,2160,148,Personal,705900,9.33,180,2024-01-27,2038-11-09,Closed
12549,10716,2360,147,Education,166200,11.56,240,2023-01-27,2042-10-14,Active
12550,10719,3270,116,Home,1731100,10.19,180,2023-10-05,2038-07-18,Active
12551,10722,2547,138,Home,1166200,11.0,180,2024-03-11,2038-12-23,Closed
12552,10730,1653,125,Home,448500,14.23,60,2023-04-16,2028-03-20,Active
12553,10732,1513,148,Personal,303400,14.19,36,2025-05-02,2028-04-16,Closed
12554,10735,1810,101,Personal,378600,7.18,24,2024-08-13,2026-08-03,Active
12555,10738,4900,143,Education,126500,11.64,60,2025-07-01,2030-06-05,Active
12556,10740,1503,101,Business,322400,15.08,120,2024-05-14,2034-03-23,Closed
12557,10742,4011,133,Home,383700,10.79,12,2025-12-20,2026-12-15,Closed
12558,10743,5445,110,Auto,60200,7.94,24,2024-11-30,2026-11-20,Active
12559,10744,1222,106,Home,1005500,7.1,36,2024-04-09,2027-03-25,Active
12560,10745,2466,141,Business,636200,10.47,84,2024-06-21,2031-05-16,Active
12561,10747,5160,145,Home,618300,14.45,60,2024-05-12,2029-04-16,Active
12562,10751,2907,124,Personal,279100,14.59,36,2023-06-14,2026-05-29,Active
12563,10752,3830,106,Home,307900,12.62,12,2024-06-07,2025-06-02,Closed
12564,10753,4446,109,Auto,289500,15.1,12,2025-05-01,2026-04-26,Active
12565,10755,5447,133,Home,1957400,7.61,240,2023-03-23,2042-12-08,Default
12566,10756,3147,115,Business,366500,10.15,180,2025-12-24,2040-10-06,Active
12567,10760,4910,138,Business,258200,13.74,60,2024-06-27,2029-06-01,Active
12568,10765,4955,136,Auto,1035900,14.14,240,2023-02-25,2042-11-12,Closed
12569,10767,5641,108,Personal,137800,7.78,84,2024-01-10,2030-12-04,Closed
12570,10771,2073,150,Education,771800,11.99,24,2023-12-03,2025-11-22,Closed
12571,10772,5940,126,Home,128100,12.66,48,2024-06-22,2028-06-01,Closed
12572,10776,3202,107,Home,314900,8.89,12,2025-04-13,2026-04-08,Closed
12573,10778,2633,110,Personal,591200,7.28,84,2023-04-11,2030-03-05,Closed
12574,10780,1726,118,Education,226100,7.18,12,2023-10-02,2024-09-26,Closed
12575,10782,3586,126,Home,220000,10.05,180,2024-02-15,2038-11-28,Active
12576,10784,3966,104,Auto,367200,8.08,24,2024-10-02,2026-09-22,Closed
12577,10786,2290,141,Home,183600,11.86,24,2024-09-28,2026-09-18,Closed
12578,10787,1482,143,Home,291300,9.12,12,2023-10-29,2024-10-23,Closed
12579,10788,4737,108,Business,3125300,9.87,120,2025-01-20,2034-11-29,Closed
12580,10789,1405,125,Business,1202600,9.93,240,2025-09-07,2045-05-25,Closed
12581,10790,4702,118,Personal,315100,14.92,180,2024-08-07,2039-05-21,Default
12582,10791,5007,147,Home,595000,14.32,24,2024-09-06,2026-08-27,Active
12583,10793,2858,105,Personal,123300,12.51,84,2025-11-18,2032-10-12,Active
12584,10794,3811,104,Auto,303700,8.33,48,2024-12-12,2028-11-21,Closed
12585,10795,4577,143,Personal,860700,7.65,48,2025-11-26,2029-11-05,Closed
12586,10796,1284,108,Personal,172000,10.02,48,2023-06-29,2027-06-08,Active
12587,10799,4474,102,Personal,1506100,11.85,12,2024-01-22,2025-01-16,Closed
12588,10802,4541,103,Auto,345200,13.16,240,2024-05-22,2044-02-07,Closed
12589,10803,3362,130,Home,53500,7.2,24,2024-08-24,2026-08-14,Active
12590,10805,1610,107,Home,968200,8.66,12,2025-11-29,2026-11-24,Active
12591,10808,3407,150,Business,783500,10.73,84,2024-01-05,2030-11-29,Active
12592,10809,1126,144,Personal,307100,10.06,84,2024-08-01,2031-06-26,Active
12593,10810,1732,124,Home,105600,10.9,24,2025-02-23,2027-02-13,Default
12594,10811,3331,107,Education,679200,9.78,24,2025-08-07,2027-07-28,Active
12595,10812,5126,136,Education,192900,12.0,84,2024-11-09,2031-10-04,Active
12596,10815,3816,101,Home,2316800,14.36,36,2025-04-24,2028-04-08,Closed
12597,10816,5481,130,Auto,89700,7.7,48,2025-11-10,2029-10-20,Closed
12598,10817,4312,148,Education,1277300,9.49,120,2023-06-10,2033-04-18,Active
12599,10818,3417,134,Personal,740200,9.26,60,2023-06-01,2028-05-05,Closed
12600,10819,1769,106,Home,646600,11.63,12,2025-08-13,2026-08-08,Closed
12601,10821,3330,101,Auto,144100,14.58,120,2025-06-01,2035-04-10,Active
12602,10822,2862,126,Business,382900,13.97,60,2025-04-09,2030-03-14,Closed
12603,10827,2466,139,Home,2160700,14.67,24,2023-09-17,2025-09-06,Default
12604,10828,1428,131,Personal,1485000,8.81,84,2024-05-18,2031-04-12,Default
12605,10829,1137,140,Auto,512300,9.92,48,2025-09-20,2029-08-30,Active
12606,10830,4578,140,Education,342000,9.34,48,2023-03-27,2027-03-06,Active
12607,10831,5546,102,Home,495600,11.64,60,2023-03-21,2028-02-23,Closed
12608,10834,5395,111,Personal,941000,12.7,12,2024-03-17,2025-03-12,Default
12609,10835,5193,145,Business,295000,10.53,180,2024-04-07,2039-01-19,Active
12610,10836,1812,141,Home,1026400,9.62,60,2025-06-04,2030-05-09,Active
12611,10838,4727,138,Business,1183400,12.37,84,2025-05-10,2032-04-03,Active
12612,10843,5280,130,Personal,202000,11.24,12,2023-02-11,2024-02-06,Closed
12613,10844,2225,123,Education,1198800,14.04,12,2025-09-25,2026-09-20,Default
12614,10847,5920,116,Business,346600,7.46,180,2023-02-23,2037-12-06,Closed
12615,10849,1470,127,Personal,1042900,13.26,240,2023-03-29,2042-12-14,Active
12616,10850,3969,136,Auto,398300,12.89,60,2024-05-02,2029-04-06,Active
12617,10851,2014,123,Business,56800,14.37,240,2025-03-08,2044-11-23,Active
12618,10852,4365,133,Home,259200,14.18,48,2025-04-19,2029-03-29,Default
12619,10853,5938,122,Personal,498900,8.28,48,2025-02-13,2029-01-23,Default
12620,10854,5169,139,Personal,2535400,12.45,60,2023-07-19,2028-06-22,Closed
12621,10858,3270,116,Auto,1061200,12.14,24,2025-07-22,2027-07-12,Active
12622,10860,4767,104,Auto,1942100,12.9,60,2025-08-03,2030-07-08,Active
12623,10861,1581,146,Personal,184200,15.34,12,2025-01-07,2026-01-02,Active
12624,10862,2495,146,Auto,734900,7.93,240,2024-08-10,2044-04-27,Active
12625,10864,4075,115,Education,178500,12.35,120,2025-03-05,2035-01-12,Active
12626,10865,1904,117,Education,157100,12.07,240,2024-02-28,2043-11-15,Closed
12627,10868,1695,131,Home,1243400,7.06,24,2024-07-07,2026-06-27,Active
12628,10869,2502,139,Home,378200,12.6,84,2024-04-06,2031-03-01,Active
12629,10871,4146,131,Personal,1075600,11.23,180,2023-01-13,2037-10-26,Closed
12630,10872,1571,135,Business,574200,13.57,24,2024-11-24,2026-11-14,Active
12631,10873,4614,122,Personal,258600,13.42,60,2025-07-27,2030-07-01,Closed
12632,10874,3137,122,Home,306300,7.37,24,2024-10-12,2026-10-02,Active
12633,10875,2342,103,Personal,1470600,13.63,60,2025-08-07,2030-07-12,Closed
12634,10876,5166,118,Home,1170700,14.63,120,2024-12-04,2034-10-13,Closed
12635,10877,5965,126,Business,805000,12.37,12,2025-03-12,2026-03-07,Active
12636,10881,1790,135,Auto,124900,14.39,12,2024-06-06,2025-06-01,Active
12637,10882,2399,124,Personal,554400,8.77,12,2025-05-16,2026-05-11,Active
12638,10883,5449,126,Business,301400,14.66,60,2023-03-18,2028-02-20,Closed
12639,10886,5690,136,Business,136000,14.96,60,2023-01-29,2028-01-03,Active
12640,10887,1397,121,Business,351300,9.42,12,2023-04-07,2024-04-01,Active
12641,10889,3042,148,Business,495500,9.94,240,2025-04-05,2044-12-21,Closed
12642,10891,5603,149,Auto,299500,13.04,180,2023-10-12,2038-07-25,Closed
12643,10896,5330,107,Personal,1042500,9.86,84,2023-08-17,2030-07-11,Default
12644,10897,1683,105,Home,1211400,15.41,24,2025-07-02,2027-06-22,Closed
12645,10898,1331,131,Auto,322100,9.45,84,2024-03-05,2031-01-28,Active
12646,10899,2191,115,Education,201400,7.25,180,2024-03-03,2038-12-15,Closed
12647,10902,5923,147,Home,284700,13.95,60,2023-05-14,2028-04-17,Closed
12648,10904,2263,102,Auto,844300,7.37,36,2024-02-23,2027-02-07,Default
12649,10905,1203,118,Personal,155300,15.28,240,2023-05-07,2043-01-22,Active
12650,10907,2290,110,Education,498600,12.1,240,2025-08-31,2045-05-18,Closed
12651,10909,5947,146,Auto,1000300,10.73,12,2023-12-02,2024-11-26,Closed
12652,10912,2025,102,Auto,575200,13.23,120,2025-12-20,2035-10-29,Active
12653,10913,2983,110,Home,233200,13.08,60,2024-08-21,2029-07-26,Closed
12654,10914,2269,140,Auto,833400,10.3,12,2025-04-26,2026-04-21,Active
12655,10915,2298,112,Business,340800,8.82,240,2023-01-10,2042-09-27,Default
12656,10916,1316,147,Home,169200,14.18,120,2024-10-20,2034-08-29,Active
12657,10917,5754,122,Personal,470200,14.84,60,2023-11-07,2028-10-11,Closed
12658,10918,5415,141,Personal,3536700,15.46,48,2023-06-23,2027-06-02,Active
12659,10919,1553,121,Personal,1117200,10.09,12,2025-07-29,2026-07-24,Active
12660,10920,3770,149,Auto,952100,11.9,60,2025-08-03,2030-07-08,Active
12661,10923,3784,128,Home,1891000,15.34,180,2023-02-20,2037-12-03,Active
12662,10924,4366,103,Business,2189300,10.51,240,2025-12-27,2045-09-13,Default
12663,10926,3737,137,Personal,723100,13.72,180,2026-01-14,2040-10-27,Active
12664,10927,4260,142,Home,589000,14.99,24,2025-04-26,2027-04-16,Default
12665,10933,2470,128,Home,1687400,8.58,84,2024-05-19,2031-04-13,Default
12666,10934,3677,105,Home,131200,13.16,120,2024-10-05,2034-08-14,Closed
12667,10935,3622,105,Home,966600,12.97,180,2024-12-16,2039-09-29,Closed
12668,10937,2706,109,Business,739100,10.31,120,2023-05-31,2033-04-08,Closed
12669,10942,1354,124,Personal,1338200,15.34,12,2023-12-19,2024-12-13,Closed
12670,10944,2386,137,Education,269700,14.37,60,2023-10-30,2028-10-03,Active
12671,10945,4504,131,Education,437100,15.45,60,2023-03-09,2028-02-11,Active
12672,10946,4550,114,Home,678300,11.68,36,2025-12-15,2028-11-29,Default
12673,10947,2474,141,Personal,924400,8.89,84,2023-10-29,2030-09-22,Active
12674,10948,1784,127,Personal,782900,9.37,84,2025-10-25,2032-09-18,Closed
12675,10949,2945,121,Home,103400,13.73,180,2023-08-12,2038-05-25,Closed
12676,10951,1926,123,Auto,290700,10.07,60,2024-08-04,2029-07-09,Closed
12677,10952,4081,138,Auto,272500,8.83,12,2025-03-09,2026-03-04,Active
12678,10954,2744,104,Education,500200,14.84,36,2023-01-27,2026-01-11,Active
12679,10958,1267,104,Personal,96800,9.9,240,2025-11-28,2045-08-15,Active
12680,10961,3329,147,Business,480800,7.69,120,2023-03-07,2033-01-13,Active
12681,10964,2930,105,Auto,364600,11.82,60,2024-02-14,2029-01-18,Active
12682,10965,4042,113,Auto,2085200,11.68,12,2024-10-30,2025-10-25,Closed
12683,10969,2887,145,Auto,336500,10.59,48,2024-03-08,2028-02-16,Active
12684,10971,3123,132,Education,942500,10.79,180,2025-03-14,2039-12-26,Active
12685,10974,3553,105,Business,260100,8.87,12,2024-01-31,2025-01-25,Active
12686,10975,3930,131,Auto,965300,9.51,180,2024-11-18,2039-09-01,Active
12687,10976,5669,146,Personal,466100,11.14,84,2026-01-20,2032-12-14,Active
12688,10980,3101,115,Auto,239200,15.26,24,2023-04-04,2025-03-24,Active
12689,10981,5324,118,Home,503800,15.33,120,2024-02-17,2033-12-26,Default
12690,10982,4937,140,Auto,628100,7.74,24,2024-04-17,2026-04-07,Active
12691,10983,4549,149,Home,1508500,14.7,12,2024-05-10,2025-05-05,Default
12692,10984,5925,118,Personal,341800,10.74,120,2023-05-03,2033-03-11,Active
12693,10985,4421,128,Auto,192600,10.9,180,2023-02-13,2037-11-26,Closed
12694,10989,5045,108,Auto,1538500,10.05,120,2024-01-30,2033-12-08,Closed
12695,10991,2407,128,Auto,117900,14.47,240,2024-11-13,2044-07-31,Default
12696,10992,1618,114,Personal,171400,10.89,120,2024-03-23,2034-01-30,Active
12697,10993,1911,105,Personal,685600,7.05,120,2023-10-04,2033-08-12,Closed
12698,10994,3147,118,Personal,342300,14.95,48,2023-10-10,2027-09-19,Closed
12699,10996,5870,107,Business,371900,15.28,24,2024-12-23,2026-12-13,Active
12700,10997,1021,118,Auto,197400,10.68,240,2025-12-13,2045-08-30,Active
12701,11000,1703,119,Personal,1177400,10.71,48,2025-08-10,2029-07-20,Active
12702,11002,4877,116,Home,268800,7.15,240,2023-11-18,2043-08-05,Active
12703,11003,5853,115,Home,1076900,8.72,24,2025-04-01,2027-03-22,Active
12704,11004,5617,132,Home,969400,8.02,48,2025-04-26,2029-04-05,Active
12705,11005,4184,143,Auto,332500,13.76,60,2023-06-11,2028-05-15,Active
12706,11006,1724,102,Home,439600,11.38,84,2025-02-20,2032-01-15,Closed
12707,11007,2283,129,Personal,6237000,9.46,120,2024-10-23,2034-09-01,Closed
12708,11008,5373,139,Auto,2897900,14.86,84,2023-11-18,2030-10-12,Closed
12709,11012,1864,126,Home,327400,12.49,48,2026-01-13,2029-12-23,Active
12710,11013,4729,121,Personal,1039100,14.96,84,2025-04-08,2032-03-02,Closed
12711,11014,2082,133,Personal,296900,9.16,36,2025-11-15,2028-10-30,Closed
12712,11015,4187,137,Business,846500,14.37,12,2024-04-07,2025-04-02,Active
12713,11016,2879,115,Home,1987700,14.27,180,2025-07-13,2040-04-25,Closed
12714,11018,5349,129,Business,395400,14.63,48,2023-04-29,2027-04-08,Active
12715,11019,2906,119,Education,693900,13.95,240,2023-06-08,2043-02-23,Active
12716,11020,4918,131,Home,560000,13.85,12,2023-09-24,2024-09-18,Closed
12717,11025,2294,139,Business,2644800,14.22,12,2024-12-31,2025-12-26,Closed
12718,11026,1935,149,Home,583700,14.62,120,2025-02-23,2035-01-02,Active
12719,11027,5692,139,Business,128400,10.6,36,2025-10-30,2028-10-14,Active
12720,11031,2036,124,Personal,951200,8.86,84,2024-07-28,2031-06-22,Closed
12721,11032,1470,115,Personal,702900,7.61,48,2024-01-26,2028-01-05,Active
12722,11033,5835,130,Personal,61700,9.34,36,2024-03-07,2027-02-20,Active
12723,11034,4304,125,Personal,958900,14.33,180,2024-02-15,2038-11-28,Active
12724,11035,4527,147,Business,545500,15.48,84,2025-08-28,2032-07-22,Active
12725,11038,4635,117,Personal,104500,10.6,12,2024-07-25,2025-07-20,Closed
12726,11039,4222,129,Personal,297200,10.98,84,2024-03-07,2031-01-30,Active
12727,11042,1329,125,Home,260100,10.34,24,2025-07-26,2027-07-16,Active
12728,11043,4867,146,Business,2113000,11.68,240,2025-07-25,2045-04-11,Closed
12729,11044,2140,103,Business,419500,11.06,12,2025-11-27,2026-11-22,Active
12730,11045,5911,122,Auto,232000,12.81,120,2025-05-19,2035-03-28,Active
12731,11046,2010,136,Business,899000,9.33,36,2023-07-08,2026-06-22,Active
12732,11047,1329,105,Auto,2644900,10.43,60,2024-07-17,2029-06-21,Active
12733,11049,1796,140,Education,119000,10.42,36,2024-09-05,2027-08-21,Default
12734,11051,3411,107,Personal,222900,9.71,24,2024-06-16,2026-06-06,Closed
12735,11053,4680,127,Auto,190200,13.78,48,2023-10-11,2027-09-20,Active
12736,11054,3729,115,Personal,357400,11.59,180,2026-01-08,2040-10-21,Default
12737,11058,3481,144,Personal,2121200,11.76,120,2024-09-01,2034-07-11,Active
12738,11059,4038,114,Auto,682600,9.05,180,2023-02-22,2037-12-05,Closed
12739,11061,3064,112,Business,605400,10.6,24,2023-04-09,2025-03-29,Closed
12740,11063,5933,115,Business,262100,9.93,240,2025-07-13,2045-03-30,Default
12741,11066,5408,147,Business,1973300,14.72,48,2025-05-21,2029-04-30,Closed
12742,11071,5371,140,Auto,261600,7.32,48,2024-10-02,2028-09-11,Active
12743,11072,5549,126,Home,350800,8.49,180,2023-02-20,2037-12-03,Closed
12744,11073,3040,144,Auto,216400,12.61,240,2023-07-05,2043-03-22,Default
12745,11076,2678,143,Home,836500,12.14,24,2025-04-08,2027-03-29,Default
12746,11077,2741,127,Business,678400,13.08,48,2024-10-11,2028-09-20,Active
12747,11078,2115,150,Personal,500100,7.39,12,2023-07-28,2024-07-22,Active
12748,11080,2465,105,Personal,584300,14.5,60,2025-11-05,2030-10-10,Active
12749,11082,4664,122,Personal,243900,14.91,48,2024-05-03,2028-04-12,Closed
12750,11083,2443,139,Auto,337400,13.65,12,2025-07-24,2026-07-19,Closed
12751,11084,4471,121,Education,456200,8.49,240,2023-01-29,2042-10-16,Closed
12752,11086,5979,150,Personal,1123300,13.71,180,2023-06-08,2038-03-21,Active
12753,11091,5887,140,Personal,695200,9.69,12,2024-10-21,2025-10-16,Closed
12754,11094,1631,145,Education,1846600,8.29,36,2023-07-17,2026-07-01,Closed
12755,11098,2756,147,Home,590500,7.69,60,2023-03-27,2028-02-29,Closed
12756,11099,2899,123,Education,3928000,7.4,120,2024-10-20,2034-08-29,Active
12757,11100,4107,124,Education,3805900,14.16,60,2023-03-28,2028-03-01,Active
12758,11101,3230,105,Auto,486600,14.17,180,2025-02-25,2039-12-09,Active
12759,11104,3316,115,Home,1960900,7.28,24,2025-10-06,2027-09-26,Active
12760,11106,2500,134,Personal,418200,13.08,120,2025-03-29,2035-02-05,Closed
12761,11107,1278,129,Home,180300,9.16,60,2024-08-11,2029-07-16,Default
12762,11112,5881,137,Auto,855300,8.89,240,2025-11-11,2045-07-29,Active
12763,11113,1654,135,Auto,272400,11.78,180,2026-01-07,2040-10-20,Closed
12764,11116,4233,125,Home,465400,10.89,180,2024-11-18,2039-09-01,Active
12765,11117,2600,104,Personal,723200,8.61,12,2023-07-09,2024-07-03,Active
12766,11120,2953,126,Auto,63200,7.05,12,2025-12-25,2026-12-20,Active
12767,11121,2157,138,Auto,1179200,9.74,48,2023-06-28,2027-06-07,Active
12768,11123,3760,147,Home,561600,10.45,36,2025-09-20,2028-09-04,Active
12769,11124,3066,104,Personal,518100,11.04,48,2024-02-20,2028-01-30,Active
12770,11125,3020,136,Home,1185400,10.47,84,2025-02-18,2032-01-13,Closed
12771,11128,4943,102,Home,2388600,10.23,24,2024-11-04,2026-10-25,Active
12772,11130,2876,147,Business,154400,15.19,48,2024-01-18,2027-12-28,Closed
12773,11131,5973,116,Home,1113300,14.82,48,2024-10-10,2028-09-19,Active
12774,11132,2796,114,Education,1834100,10.33,120,2025-11-15,2035-09-24,Default
12775,11133,1022,140,Auto,199500,15.0,24,2024-10-16,2026-10-06,Closed
12776,11135,4538,120,Business,211000,7.74,120,2024-04-29,2034-03-08,Closed
12777,11136,1201,119,Education,781300,7.11,180,2025-09-08,2040-06-21,Active
12778,11138,4771,120,Home,52900,9.81,24,2023-05-04,2025-04-23,Active
12779,11140,3921,128,Auto,364000,8.57,180,2025-07-05,2040-04-17,Active
12780,11141,3311,145,Home,672000,12.99,60,2024-10-04,2029-09-08,Closed
12781,11142,5513,105,Personal,476600,12.32,48,2025-01-04,2028-12-14,Default
12782,11143,3114,150,Home,598200,15.28,60,2023-02-27,2028-02-01,Active
12783,11144,2010,148,Education,192000,13.41,24,2024-07-03,2026-06-23,Active
12784,11145,4583,146,Personal,237600,10.36,84,2023-09-23,2030-08-17,Default
12785,11146,5552,137,Education,552400,9.29,60,2023-09-27,2028-08-31,Active
12786,11147,1955,115,Personal,1036900,7.46,60,2023-02-15,2028-01-20,Default
12787,11148,2827,119,Home,236900,9.25,180,2023-09-27,2038-07-10,Closed
12788,11150,5865,136,Auto,326700,8.55,60,2025-01-09,2029-12-14,Closed
12789,11151,5959,126,Auto,169200,14.13,60,2024-12-01,2029-11-05,Active
12790,11153,4367,139,Home,758600,9.77,240,2024-02-14,2043-11-01,Active
12791,11154,1532,149,Business,300100,12.81,120,2025-08-03,2035-06-12,Closed
12792,11158,2164,130,Personal,458500,12.51,240,2023-07-06,2043-03-23,Active
12793,11161,3729,112,Business,656200,7.5,180,2023-09-11,2038-06-24,Active
12794,11162,1879,119,Personal,731700,7.19,60,2023-01-26,2027-12-31,Closed
12795,11163,2658,147,Personal,780100,10.78,240,2023-07-31,2043-04-17,Closed
12796,11165,4799,109,Auto,612900,14.87,84,2025-08-10,2032-07-04,Default
12797,11166,2574,136,Personal,553900,12.43,240,2025-06-27,2045-03-14,Active
12798,11167,1197,105,Business,242400,14.28,48,2025-11-17,2029-10-27,Closed
12799,11168,5208,129,Home,843800,7.37,120,2025-12-26,2035-11-04,Default
12800,11170,2981,132,Personal,733600,10.22,240,2023-06-07,2043-02-22,Default
12801,11171,2844,103,Auto,119500,7.5,24,2025-08-25,2027-08-15,Active
12802,11172,5478,125,Home,827800,9.9,12,2025-03-26,2026-03-21,Active
12803,11173,4219,134,Business,718600,9.42,84,2025-06-27,2032-05-21,Active
12804,11174,5474,131,Auto,983800,14.83,48,2025-12-02,2029-11-11,Active
12805,11176,4287,147,Personal,748400,13.95,12,2025-04-27,2026-04-22,Active
12806,11177,3002,121,Personal,324300,13.85,120,2025-08-16,2035-06-25,Active
12807,11178,1023,144,Auto,378700,7.21,24,2025-01-05,2026-12-26,Active
12808,11180,2214,147,Personal,339000,11.32,48,2024-06-15,2028-05-25,Active
12809,11181,3329,149,Home,872500,7.83,84,2023-12-08,2030-11-01,Active
12810,11182,3139,145,Home,114400,14.36,84,2023-07-22,2030-06-15,Closed
12811,11183,1493,110,Business,815400,10.84,120,2024-08-03,2034-06-12,Closed
12812,11184,5580,134,Auto,487900,7.83,180,2025-06-17,2040-03-30,Active
12813,11186,2487,129,Personal,441900,15.36,36,2024-12-20,2027-12-05,Default
12814,11188,2621,121,Education,975600,9.45,12,2025-12-24,2026-12-19,Active
12815,11189,2637,141,Personal,732900,8.7,84,2024-03-29,2031-02-21,Active
12816,11190,1939,113,Home,295200,11.8,84,2023-07-25,2030-06-18,Default
12817,11192,4994,132,Education,659100,11.12,120,2024-10-11,2034-08-20,Closed
12818,11193,5121,126,Auto,1651000,9.33,24,2025-04-28,2027-04-18,Active
12819,11194,2492,118,Business,454900,13.27,84,2024-02-12,2031-01-06,Active
12820,11199,3459,139,Personal,1657500,9.46,36,2023-07-08,2026-06-22,Closed
12821,11200,1140,126,Home,171000,9.93,120,2024-10-27,2034-09-05,Closed
12822,11203,1838,124,Home,614100,12.95,60,2025-05-04,2030-04-08,Active
12823,11204,1940,131,Personal,715000,11.86,240,2023-08-07,2043-04-24,Closed
12824,11206,1559,147,Home,758200,9.45,180,2024-05-14,2039-02-25,Active
12825,11207,3084,116,Home,761700,14.84,60,2023-09-21,2028-08-25,Closed
12826,11209,1407,137,Business,1219300,13.11,36,2025-11-21,2028-11-05,Active
12827,11210,5183,129,Auto,218200,9.57,12,2023-09-18,2024-09-12,Active
12828,11211,4107,112,Home,183000,14.33,12,2024-08-21,2025-08-16,Closed
12829,11213,5262,105,Business,410400,9.66,48,2024-11-29,2028-11-08,Closed
12830,11214,4586,150,Education,289300,15.29,36,2024-02-17,2027-02-01,Closed
12831,11215,1879,144,Education,1749300,14.72,120,2024-03-15,2034-01-22,Active
12832,11216,3495,110,Education,3314400,10.41,240,2023-07-12,2043-03-29,Closed
12833,11217,2502,112,Home,51100,12.64,180,2025-10-02,2040-07-15,Closed
12834,11218,5631,140,Auto,68000,11.55,120,2024-04-14,2034-02-21,Active
12835,11219,4098,128,Home,797700,13.94,180,2024-11-10,2039-08-24,Closed
12836,11221,3835,101,Personal,1707400,14.33,180,2023-06-06,2038-03-19,Default
12837,11222,1679,146,Personal,1621300,12.36,24,2023-12-07,2025-11-26,Closed
12838,11223,1224,142,Personal,493300,11.72,48,2024-10-16,2028-09-25,Active
12839,11224,3154,126,Education,518300,9.88,84,2023-06-30,2030-05-24,Closed
12840,11228,4560,134,Home,967300,14.65,24,2023-10-05,2025-09-24,Active
12841,11229,5731,121,Personal,922100,12.15,240,2023-02-13,2042-10-31,Closed
12842,11230,4467,149,Business,773900,7.57,24,2025-04-30,2027-04-20,Active
12843,11232,4800,118,Business,389700,12.68,84,2025-08-17,2032-07-11,Closed
12844,11233,2448,129,Personal,845800,8.81,12,2024-06-01,2025-05-27,Closed
12845,11234,5275,110,Education,1157300,8.2,24,2024-02-26,2026-02-15,Closed
12846,11235,1582,129,Personal,223800,15.38,180,2024-06-06,2039-03-20,Closed
12847,11236,2950,135,Business,337200,14.62,84,2024-08-07,2031-07-02,Closed
12848,11238,1206,141,Personal,269300,13.19,24,2024-10-14,2026-10-04,Active
12849,11239,1950,120,Auto,510100,11.99,180,2025-10-30,2040-08-12,Active
12850,11240,1775,109,Education,410300,10.27,12,2024-03-30,2025-03-25,Closed
12851,11242,1479,111,Home,647300,9.69,60,2023-05-12,2028-04-15,Closed
12852,11243,2162,111,Home,572100,9.86,24,2025-07-07,2027-06-27,Active
12853,11244,1225,139,Business,439900,10.85,60,2023-03-24,2028-02-26,Closed
12854,11245,2085,144,Education,856200,9.91,84,2025-09-15,2032-08-09,Default
12855,11247,2317,106,Business,177100,8.91,84,2023-12-26,2030-11-19,Closed
12856,11248,1015,130,Auto,246300,14.75,84,2025-08-12,2032-07-06,Active
12857,11249,1050,122,Auto,70500,13.45,12,2023-05-18,2024-05-12,Default
12858,11252,1123,104,Home,2477000,12.45,12,2025-10-29,2026-10-24,Closed
12859,11255,1671,105,Personal,1260200,10.76,60,2024-10-29,2029-10-03,Active
12860,11256,4044,106,Education,639500,13.84,24,2024-07-16,2026-07-06,Closed
12861,11257,3301,133,Education,1632100,8.37,240,2023-11-07,2043-07-25,Active
12862,11259,2820,106,Home,1608100,8.18,240,2025-09-02,2045-05-20,Active
12863,11260,3768,116,Personal,377600,15.11,24,2025-08-17,2027-08-07,Active
12864,11261,3552,103,Personal,540300,15.01,60,2025-09-18,2030-08-23,Active
12865,11263,5096,148,Business,305200,12.68,24,2025-10-02,2027-09-22,Active
12866,11269,5443,116,Home,1892700,10.96,180,2024-09-18,2039-07-02,Active
12867,11270,2590,113,Personal,451800,14.56,12,2024-03-24,2025-03-19,Active
12868,11271,1059,131,Business,730300,13.29,48,2023-05-15,2027-04-24,Active
12869,11272,3080,112,Education,1222800,13.53,12,2025-08-18,2026-08-13,Active
12870,11276,4285,123,Personal,384100,12.53,120,2024-02-11,2033-12-20,Default
12871,11277,1310,149,Education,1264600,14.83,120,2025-10-28,2035-09-06,Active
12872,11279,3186,108,Home,401000,9.64,24,2025-06-28,2027-06-18,Active
12873,11281,2781,102,Business,133000,9.26,180,2023-11-25,2038-09-07,Active
12874,11282,5801,107,Personal,359400,12.0,120,2023-05-16,2033-03-24,Active
12875,11286,5014,122,Home,821100,9.98,180,2025-04-29,2040-02-10,Active
12876,11288,3635,104,Auto,1153300,7.48,36,2024-06-20,2027-06-05,Closed
12877,11291,4686,145,Education,488300,15.18,180,2025-12-12,2040-09-24,Active
12878,11292,5701,138,Business,625100,14.68,36,2024-09-17,2027-09-02,Active
12879,11293,4084,113,Auto,934200,7.09,12,2023-10-14,2024-10-08,Active
12880,11295,3041,131,Personal,334700,14.38,48,2023-08-23,2027-08-02,Closed
12881,11297,4306,101,Personal,919500,11.4,24,2025-08-29,2027-08-19,Closed
12882,11298,2328,110,Home,1473100,11.29,60,2024-11-09,2029-10-14,Closed
12883,11299,2530,120,Business,561400,8.42,60,2025-03-06,2030-02-08,Active
12884,11301,4460,105,Personal,2537800,8.67,240,2024-06-02,2044-02-18,Closed
12885,11302,2466,128,Auto,207800,9.39,180,2024-11-19,2039-09-02,Active
12886,11303,1894,135,Personal,1510200,11.73,36,2024-01-29,2027-01-13,Active
12887,11304,4946,148,Personal,1375700,11.1,12,2023-03-12,2024-03-06,Closed
12888,11305,1195,150,Business,849000,9.35,84,2024-08-30,2031-07-25,Closed
12889,11306,5252,140,Education,545900,13.85,12,2024-07-19,2025-07-14,Active
12890,11309,2701,108,Home,139900,9.99,180,2026-01-12,2040-10-25,Active
12891,11311,5064,142,Home,526000,8.67,60,2025-12-06,2030-11-10,Active
12892,11313,4891,129,Personal,226400,10.51,240,2023-09-30,2043-06-17,Active
12893,11316,4818,145,Personal,1039000,13.0,36,2025-03-04,2028-02-17,Default
12894,11317,2067,131,Business,586200,9.75,180,2025-03-18,2039-12-30,Default
12895,11318,1987,144,Home,3773000,9.71,180,2023-10-29,2038-08-11,Closed
12896,11322,1579,112,Home,325800,7.98,12,2025-03-31,2026-03-26,Closed
12897,11323,1719,137,Personal,499900,7.86,24,2024-10-12,2026-10-02,Closed
12898,11324,1836,108,Education,552100,9.49,24,2024-10-25,2026-10-15,Active
12899,11325,3596,144,Personal,1054600,13.12,120,2025-03-10,2035-01-17,Active
12900,11327,1791,123,Business,520200,11.57,60,2024-02-03,2029-01-07,Active
12901,11328,1447,147,Education,879800,14.01,84,2023-03-07,2030-01-29,Closed
12902,11329,2989,119,Education,222700,13.11,48,2023-08-05,2027-07-15,Default
12903,11331,4595,136,Personal,1462800,12.42,48,2024-05-29,2028-05-08,Active
12904,11333,2555,124,Home,362300,8.21,84,2025-09-03,2032-07-28,Active
12905,11334,4262,150,Business,106800,14.78,36,2023-05-02,2026-04-16,Closed
12906,11335,3120,119,Education,2967800,7.25,84,2023-08-22,2030-07-16,Default
12907,11337,4147,147,Auto,503200,15.14,120,2024-06-22,2034-05-01,Closed
12908,11338,4965,134,Home,713700,13.83,120,2025-06-08,2035-04-17,Default
12909,11339,1649,135,Business,91400,9.14,240,2024-09-17,2044-06-04,Closed
12910,11340,5377,143,Personal,936000,15.38,60,2025-07-11,2030-06-15,Closed
12911,11341,5558,113,Personal,1037100,10.81,240,2026-01-11,2045-09-28,Active
12912,11343,1653,143,Home,391800,13.84,36,2023-03-23,2026-03-07,Default
12913,11344,1833,115,Business,339400,14.92,36,2024-09-19,2027-09-04,Active
12914,11345,1201,130,Personal,260300,11.23,84,2023-02-19,2030-01-13,Default
12915,11346,2512,141,Home,620000,12.27,48,2024-09-26,2028-09-05,Closed
12916,11347,3589,103,Personal,432000,12.57,24,2024-08-21,2026-08-11,Active
12917,11348,1095,139,Auto,83700,11.96,120,2024-03-21,2034-01-28,Default
12918,11349,1131,127,Auto,524800,8.58,48,2023-05-16,2027-04-25,Active
12919,11350,4831,126,Business,1853000,9.48,240,2024-04-08,2043-12-25,Closed
12920,11351,4619,147,Personal,207100,7.91,48,2025-08-26,2029-08-05,Default
12921,11352,1114,128,Personal,426700,10.7,48,2023-10-09,2027-09-18,Active
12922,11353,4162,122,Home,572500,8.57,12,2023-10-13,2024-10-07,Closed
12923,11357,2291,150,Home,286300,8.49,60,2025-06-03,2030-05-08,Active
12924,11358,4589,134,Personal,180300,7.98,180,2025-04-29,2040-02-10,Default
12925,11360,3296,134,Business,320900,10.6,240,2023-03-03,2042-11-18,Closed
12926,11364,2210,110,Business,2789300,7.79,24,2023-08-20,2025-08-09,Active
12927,11367,5231,128,Home,438300,13.2,12,2024-10-01,2025-09-26,Active
12928,11368,2023,148,Home,1246500,14.65,240,2024-12-12,2044-08-29,Active
12929,11369,1572,102,Business,2635400,9.66,36,2023-09-16,2026-08-31,Closed
12930,11370,1801,140,Education,354000,14.14,36,2023-08-19,2026-08-03,Active
12931,11371,3739,132,Home,784700,12.01,180,2025-06-16,2040-03-29,Closed
12932,11372,1123,108,Business,1493000,10.45,180,2024-01-04,2038-10-17,Active
12933,11374,1932,126,Personal,437000,13.9,240,2024-03-26,2043-12-12,Active
12934,11377,4882,120,Auto,410400,13.7,48,2024-08-08,2028-07-18,Active
12935,11378,3479,140,Home,385800,14.99,240,2024-06-19,2044-03-06,Closed
12936,11379,4987,141,Business,577300,15.0,36,2025-07-15,2028-06-29,Closed
12937,11380,4944,119,Education,108300,12.93,36,2025-08-31,2028-08-15,Active
12938,11381,2111,116,Home,393500,14.76,240,2025-08-16,2045-05-03,Closed
12939,11382,2616,138,Home,635400,7.47,12,2025-03-07,2026-03-02,Default
12940,11383,2433,120,Personal,588400,8.61,12,2024-12-31,2025-12-26,Active
12941,11384,2498,135,Business,668200,9.6,48,2024-02-26,2028-02-05,Active
12942,11385,2917,132,Education,395900,13.74,24,2024-06-22,2026-06-12,Closed
12943,11386,1085,141,Business,591700,7.37,60,2024-12-24,2029-11-28,Active
12944,11388,2647,109,Business,845900,13.44,84,2024-08-31,2031-07-26,Closed
12945,11389,3408,114,Personal,403300,12.7,24,2024-09-17,2026-09-07,Active
12946,11390,2809,146,Auto,2009600,14.46,12,2024-03-28,2025-03-23,Closed
12947,11393,1310,131,Education,291200,7.4,36,2024-10-24,2027-10-09,Closed
12948,11395,4177,143,Home,232600,12.28,84,2023-07-16,2030-06-09,Closed
12949,11396,4071,110,Education,92900,7.85,12,2023-07-15,2024-07-09,Active
12950,11397,2448,109,Home,1074200,7.48,48,2023-02-17,2027-01-27,Closed
12951,11398,5348,127,Home,1173100,15.05,180,2025-09-17,2040-06-30,Closed
12952,11400,5314,127,Auto,2451800,8.89,240,2023-09-28,2043-06-15,Active
12953,11401,3719,145,Personal,389500,8.61,240,2023-06-08,2043-02-23,Active
12954,11402,1076,105,Home,136600,14.44,120,2023-11-18,2033-09-26,Active
12955,11404,4705,131,Auto,2156900,9.66,120,2024-01-21,2033-11-29,Active
12956,11405,1357,118,Auto,89700,14.2,48,2023-06-19,2027-05-29,Active
12957,11406,2994,134,Home,621600,12.7,120,2025-12-09,2035-10-18,Closed
12958,11408,3366,112,Auto,418400,8.61,24,2025-05-30,2027-05-20,Active
12959,11409,2122,124,Auto,591400,11.42,180,2023-04-13,2038-01-24,Closed
12960,11412,2767,140,Personal,309400,12.62,24,2024-10-11,2026-10-01,Closed
12961,11415,4042,108,Home,113900,13.14,48,2024-12-07,2028-11-16,Active
12962,11416,5700,129,Auto,981900,11.1,12,2023-10-25,2024-10-19,Closed
12963,11418,2547,149,Home,481300,10.02,12,2023-11-03,2024-10-28,Closed
12964,11419,2487,118,Personal,304600,15.07,120,2024-08-19,2034-06-28,Active
12965,11422,5400,126,Business,997100,10.55,240,2024-03-20,2043-12-06,Closed
12966,11423,4029,127,Education,1654800,12.88,12,2025-01-31,2026-01-26,Active
12967,11424,5895,113,Business,276400,14.12,60,2023-04-23,2028-03-27,Closed
12968,11425,5487,115,Home,1084500,8.44,12,2025-12-24,2026-12-19,Closed
12969,11426,3915,110,Home,1750000,11.1,120,2024-02-23,2034-01-01,Closed
12970,11427,1296,112,Home,551400,11.69,84,2024-07-10,2031-06-04,Active
12971,11431,5946,138,Personal,342900,11.85,24,2023-10-20,2025-10-09,Active
12972,11432,4889,109,Auto,347500,8.27,180,2024-01-27,2038-11-09,Active
12973,11433,1145,117,Business,119500,7.22,60,2024-08-27,2029-08-01,Active
12974,11434,4798,134,Business,909000,12.65,84,2025-11-26,2032-10-20,Closed
12975,11435,4033,111,Home,303800,12.28,48,2023-02-25,2027-02-04,Active
12976,11437,1446,122,Business,1183000,12.95,36,2025-10-19,2028-10-03,Default
12977,11438,5510,126,Home,106100,8.9,180,2025-03-31,2040-01-12,Closed
12978,11439,3871,109,Auto,991200,9.87,120,2024-05-03,2034-03-12,Closed
12979,11440,1545,106,Home,977600,11.85,120,2023-08-02,2033-06-10,Default
12980,11441,4717,130,Auto,1377000,7.49,24,2023-11-15,2025-11-04,Default
12981,11442,2155,102,Home,806400,8.76,36,2025-11-30,2028-11-14,Default
12982,11443,5799,119,Home,67300,14.49,12,2023-01-19,2024-01-14,Closed
12983,11444,5006,115,Personal,195300,8.31,60,2025-07-04,2030-06-08,Closed
12984,11445,4853,108,Personal,317800,8.4,120,2023-07-18,2033-05-26,Closed
12985,11447,3718,103,Education,244000,13.13,36,2024-06-15,2027-05-31,Closed
12986,11448,3866,129,Home,458500,14.51,240,2025-03-05,2044-11-20,Default
12987,11449,5390,146,Home,771700,15.25,180,2023-05-30,2038-03-12,Closed
12988,11450,2467,146,Auto,1903100,14.11,36,2025-07-30,2028-07-14,Default
12989,11452,5856,110,Home,1031400,13.05,180,2024-08-02,2039-05-16,Default
12990,11453,1258,123,Home,749900,14.53,12,2023-06-22,2024-06-16,Active
12991,11455,5490,139,Auto,478800,11.26,48,2025-04-18,2029-03-28,Active
12992,11456,5830,126,Education,290200,9.48,240,2025-04-15,2044-12-31,Closed
12993,11457,1980,150,Business,139300,13.12,60,2024-06-07,2029-05-12,Active
12994,11459,1456,141,Home,438200,10.46,84,2025-05-10,2032-04-03,Active
12995,11460,3018,107,Home,1228200,10.2,120,2025-10-16,2035-08-25,Active
12996,11463,3746,106,Auto,461900,10.62,60,2025-09-03,2030-08-08,Closed
12997,11464,2358,129,Business,327100,12.31,180,2025-04-07,2040-01-19,Active
12998,11465,5897,150,Personal,401100,14.67,180,2025-09-15,2040-06-28,Closed
12999,11466,5959,123,Business,47100,15.09,120,2025-09-11,2035-07-21,Active
13000,11467,5826,112,Auto,44200,12.56,240,2024-09-22,2044-06-09,Active
13001,11468,5478,120,Business,468300,7.31,36,2023-04-03,2026-03-18,Default
13002,11470,5108,141,Personal,1045200,10.46,120,2025-09-05,2035-07-15,Closed
13003,11472,1188,105,Business,1633000,8.1,84,2024-03-14,2031-02-06,Default
13004,11473,5076,117,Auto,664700,11.74,12,2023-12-20,2024-12-14,Active
13005,11474,4348,125,Personal,968500,10.36,84,2023-07-23,2030-06-16,Active
13006,11475,5338,104,Personal,851000,13.27,12,2025-10-24,2026-10-19,Closed
13007,11476,5554,118,Education,1219100,12.11,180,2025-05-18,2040-02-29,Closed
13008,11477,4447,129,Personal,282500,8.55,84,2024-02-15,2031-01-09,Closed
13009,11478,4575,136,Personal,277200,8.3,84,2023-09-03,2030-07-28,Active
13010,11481,5735,145,Auto,282600,7.85,120,2023-05-24,2033-04-01,Closed
13011,11483,2126,137,Home,3250400,13.31,60,2024-07-27,2029-07-01,Closed
13012,11486,5607,105,Education,314200,9.82,36,2023-07-17,2026-07-01,Closed
13013,11487,4478,114,Personal,475200,10.74,24,2024-12-05,2026-11-25,Active
13014,11489,2420,101,Home,366400,10.64,180,2025-10-27,2040-08-09,Default
13015,11490,5799,116,Personal,163300,12.6,84,2024-07-06,2031-05-31,Closed
13016,11491,5723,106,Home,5862800,7.39,24,2024-12-28,2026-12-18,Closed
13017,11492,4707,124,Personal,615200,10.02,60,2023-06-12,2028-05-16,Active
13018,11493,5336,116,Personal,4132100,7.82,120,2024-02-04,2033-12-13,Default
13019,11497,2650,124,Business,663100,7.41,36,2024-03-22,2027-03-07,Default
13020,11501,1324,113,Business,1121700,7.69,180,2025-03-07,2039-12-19,Active
13021,11502,2539,116,Home,409200,10.58,84,2023-11-22,2030-10-16,Active
13022,11503,1456,134,Business,370700,12.9,24,2025-01-17,2027-01-07,Closed
13023,11504,2362,129,Personal,509400,10.94,120,2023-02-14,2032-12-23,Closed
13024,11510,5611,141,Personal,1037000,9.08,60,2025-02-15,2030-01-20,Active
13025,11511,2015,113,Auto,247000,12.54,120,2025-07-14,2035-05-23,Closed
13026,11512,4336,109,Home,364700,8.72,120,2024-01-13,2033-11-21,Default
13027,11514,2076,136,Personal,1682600,10.22,36,2024-07-02,2027-06-17,Closed
13028,11515,4227,126,Personal,179400,15.09,24,2023-03-17,2025-03-06,Closed
13029,11516,3425,125,Auto,2291200,14.05,48,2025-03-26,2029-03-05,Default
13030,11517,3262,103,Personal,817400,14.77,180,2023-07-27,2038-05-09,Active
13031,11519,3616,104,Business,171800,8.34,36,2025-05-29,2028-05-13,Active
13032,11523,3844,145,Home,43900,12.28,24,2023-09-08,2025-08-28,Active
13033,11526,3739,150,Personal,460900,9.63,36,2023-05-14,2026-04-28,Default
13034,11527,5800,123,Home,274100,13.94,12,2025-08-08,2026-08-03,Active
13035,11530,1733,108,Personal,829000,10.86,84,2025-09-07,2032-08-01,Active
13036,11533,3872,138,Education,689400,13.26,60,2025-11-22,2030-10-27,Active
13037,11536,4708,148,Auto,2110700,9.65,48,2024-08-27,2028-08-06,Closed
13038,11537,3190,112,Auto,2210700,7.58,120,2025-05-10,2035-03-19,Closed
13039,11539,1744,145,Education,212800,13.39,36,2025-11-15,2028-10-30,Closed
13040,11540,2373,112,Education,1830900,12.12,84,2023-04-02,2030-02-24,Active
13041,11541,3280,121,Auto,201200,14.37,24,2024-02-09,2026-01-29,Closed
13042,11542,3491,137,Business,1137500,7.98,24,2025-12-17,2027-12-07,Active
13043,11543,1313,119,Education,236600,15.24,84,2023-10-25,2030-09-18,Active
13044,11544,1201,112,Business,625900,14.76,36,2025-01-01,2027-12-17,Active
13045,11548,1137,112,Personal,558800,12.55,36,2025-04-06,2028-03-21,Active
13046,11550,2196,133,Auto,318300,11.47,120,2023-07-05,2033-05-13,Active
13047,11552,2021,130,Business,585000,10.39,12,2023-10-19,2024-10-13,Closed
13048,11553,2965,111,Personal,542500,7.8,84,2024-11-05,2031-09-30,Active
13049,11554,2805,119,Auto,289800,14.89,24,2024-11-04,2026-10-25,Closed
13050,11556,1050,142,Personal,737100,8.66,120,2024-06-08,2034-04-17,Active
13051,11557,5871,128,Personal,1519500,10.04,24,2024-01-14,2026-01-03,Closed
13052,11558,1805,147,Personal,322800,8.58,36,2025-01-10,2027-12-26,Active
13053,11560,4499,149,Auto,507500,9.22,240,2025-10-23,2045-07-10,Closed
13054,11561,3627,126,Education,3353000,10.34,84,2023-09-17,2030-08-11,Active
13055,11562,2639,123,Personal,1676900,12.92,24,2025-12-05,2027-11-25,Active
13056,11563,1795,144,Home,303000,13.89,240,2023-11-28,2043-08-15,Active
13057,11564,3022,141,Personal,412600,7.5,60,2024-10-19,2029-09-23,Active
13058,11566,3736,138,Home,299000,13.93,84,2025-04-17,2032-03-11,Active
13059,11567,5339,137,Auto,276400,13.74,120,2023-03-31,2033-02-06,Active
13060,11568,3229,103,Education,1279300,8.15,36,2024-09-29,2027-09-14,Closed
13061,11570,1778,111,Business,508800,9.33,48,2025-05-14,2029-04-23,Active
13062,11571,5702,147,Education,1001100,7.72,180,2024-03-29,2039-01-10,Active
13063,11572,4056,140,Home,2104800,11.12,240,2024-09-30,2044-06-17,Active
13064,11573,4327,143,Personal,1311700,15.23,60,2025-06-07,2030-05-12,Default
13065,11575,5191,128,Personal,847300,14.45,84,2025-01-13,2031-12-08,Closed
13066,11577,3084,122,Personal,257800,14.43,36,2025-11-16,2028-10-31,Closed
13067,11578,1010,115,Home,282700,8.08,120,2024-07-30,2034-06-08,Closed
13068,11579,4316,134,Auto,551200,14.66,180,2025-10-26,2040-08-08,Active
13069,11580,3940,132,Home,1020300,7.17,84,2024-05-02,2031-03-27,Active
13070,11582,1591,103,Auto,526300,13.48,60,2024-10-16,2029-09-20,Active
13071,11583,4723,110,Education,1729600,9.55,180,2024-07-26,2039-05-09,Active
13072,11584,1032,102,Education,380300,11.27,24,2024-01-04,2025-12-24,Active
13073,11586,5142,122,Auto,767100,13.24,12,2024-02-10,2025-02-04,Active
13074,11587,1572,104,Education,535600,12.5,48,2025-09-21,2029-08-31,Active
13075,11592,3642,146,Home,2576700,9.85,36,2025-05-10,2028-04-24,Closed
13076,11593,5049,124,Business,833700,13.95,60,2025-08-10,2030-07-15,Closed
13077,11596,3975,130,Business,916300,12.54,180,2025-11-02,2040-08-15,Active
13078,11601,4136,143,Business,257400,14.17,12,2025-09-18,2026-09-13,Active
13079,11602,5575,101,Personal,152600,10.11,24,2023-07-25,2025-07-14,Closed
13080,11605,5568,119,Personal,202300,8.0,84,2024-03-13,2031-02-05,Active
13081,11606,1794,128,Personal,506400,10.16,12,2025-03-14,2026-03-09,Active
13082,11607,4807,116,Business,465300,11.2,120,2025-04-10,2035-02-17,Default
13083,11608,4545,121,Home,1408700,8.22,60,2024-11-03,2029-10-08,Active
13084,11610,5091,150,Personal,1121900,11.77,120,2024-07-25,2034-06-03,Default
13085,11612,3857,141,Business,918200,12.62,48,2024-05-10,2028-04-19,Active
13086,11613,1654,132,Personal,1419100,7.02,84,2024-04-23,2031-03-18,Active
13087,11615,4542,101,Business,1026100,11.72,24,2023-08-17,2025-08-06,Active
13088,11616,4975,102,Personal,133600,8.09,36,2024-04-19,2027-04-04,Active
13089,11617,4105,149,Personal,1300800,8.21,12,2024-07-17,2025-07-12,Closed
13090,11618,3411,131,Home,223200,10.2,84,2025-12-23,2032-11-16,Closed
13091,11619,4610,118,Auto,1204300,7.79,240,2023-06-24,2043-03-11,Active
13092,11620,5146,146,Business,278400,11.86,12,2023-09-18,2024-09-12,Closed
13093,11621,1682,143,Home,368700,13.27,84,2023-09-12,2030-08-06,Default
13094,11623,5315,117,Auto,941600,9.77,120,2023-02-09,2032-12-18,Closed
13095,11626,3975,148,Home,551000,14.95,48,2024-02-01,2028-01-11,Active
13096,11627,2303,108,Home,561000,13.04,60,2026-01-01,2030-12-06,Active
13097,11628,2901,110,Personal,174700,15.41,24,2024-10-24,2026-10-14,Active
13098,11629,2083,133,Personal,639500,12.16,84,2024-06-07,2031-05-02,Active
13099,11630,1442,143,Personal,756000,10.92,48,2024-09-16,2028-08-26,Closed
13100,11632,2831,116,Home,153600,13.49,12,2025-01-01,2025-12-27,Active
13101,11633,4784,147,Auto,715400,10.35,12,2025-09-22,2026-09-17,Active
13102,11636,2883,147,Home,1447900,7.01,240,2023-06-18,2043-03-05,Closed
13103,11638,4164,124,Personal,891000,8.81,24,2025-03-12,2027-03-02,Active
13104,11641,2009,148,Home,870700,8.75,36,2025-09-04,2028-08-19,Closed
13105,11642,2038,105,Personal,141700,11.16,12,2024-08-26,2025-08-21,Closed
13106,11643,5823,125,Education,2861400,13.05,36,2023-08-04,2026-07-19,Closed
13107,11646,4717,112,Home,199900,11.73,84,2024-09-16,2031-08-11,Closed
13108,11647,1477,104,Auto,1651600,7.88,240,2023-02-07,2042-10-25,Closed
13109,11648,3785,136,Personal,414100,9.21,48,2024-03-05,2028-02-13,Active
13110,11649,5336,101,Personal,137100,8.16,48,2025-10-09,2029-09-18,Active
13111,11650,4934,135,Business,948500,7.68,84,2026-01-18,2032-12-12,Default
13112,11651,4214,136,Auto,149500,8.33,12,2024-08-13,2025-08-08,Closed
13113,11653,4564,145,Auto,185800,11.42,36,2025-08-25,2028-08-09,Closed
13114,11654,5625,119,Business,370600,13.42,24,2025-04-28,2027-04-18,Default
13115,11655,4081,124,Auto,273300,10.37,120,2025-04-01,2035-02-08,Active
13116,11657,1867,106,Auto,241400,8.71,24,2025-12-23,2027-12-13,Active
13117,11661,2346,148,Education,524700,10.66,48,2025-03-29,2029-03-08,Closed
13118,11662,4490,111,Auto,500400,9.8,48,2025-10-17,2029-09-26,Closed
13119,11663,4621,102,Education,1199500,7.38,120,2025-06-22,2035-05-01,Active
13120,11665,5679,114,Personal,1146600,14.84,24,2025-01-22,2027-01-12,Active
13121,11666,5625,140,Home,563000,7.09,48,2025-12-28,2029-12-07,Active
13122,11668,4290,147,Education,943400,7.35,36,2025-10-27,2028-10-11,Active
13123,11669,2814,142,Education,97900,9.55,240,2025-03-03,2044-11-18,Active
13124,11670,4368,114,Home,202800,13.6,60,2025-12-06,2030-11-10,Default
13125,11672,1918,144,Home,694000,11.16,120,2025-03-07,2035-01-14,Active
13126,11675,5372,146,Auto,820800,11.35,84,2025-12-20,2032-11-13,Active
13127,11677,5563,134,Home,798400,12.25,180,2024-09-25,2039-07-09,Closed
13128,11679,4709,101,Education,2652800,7.34,120,2023-12-03,2033-10-11,Closed
13129,11680,4967,123,Personal,3617600,15.15,240,2023-12-02,2043-08-19,Active
13130,11681,2607,101,Education,566300,11.67,240,2024-09-26,2044-06-13,Active
13131,11682,4011,144,Personal,544200,14.0,48,2023-01-22,2027-01-01,Active
13132,11683,5270,145,Education,679400,10.65,48,2023-12-04,2027-11-13,Active
13133,11684,2887,147,Home,474500,10.7,48,2024-08-28,2028-08-07,Active
13134,11686,3880,128,Education,398200,8.43,240,2023-03-24,2042-12-09,Closed
13135,11687,1161,134,Personal,260700,10.06,84,2023-10-20,2030-09-13,Active
13136,11688,3863,132,Home,596500,8.57,36,2025-04-20,2028-04-04,Active
13137,11689,1325,123,Home,491500,14.76,60,2024-05-09,2029-04-13,Active
13138,11690,1638,135,Business,784500,9.79,48,2024-02-02,2028-01-12,Active
13139,11691,1285,128,Auto,636400,10.4,60,2023-07-20,2028-06-23,Active
13140,11692,5283,105,Home,1766700,8.14,180,2024-02-06,2038-11-19,Active
13141,11693,3043,116,Auto,298700,15.43,180,2024-01-01,2038-10-14,Active
13142,11694,4610,147,Auto,405200,11.86,84,2024-09-28,2031-08-23,Active
13143,11695,1085,120,Personal,631600,11.88,180,2023-12-04,2038-09-16,Active
13144,11696,1738,148,Auto,140600,8.24,180,2024-08-04,2039-05-18,Closed
13145,11699,4119,120,Home,390300,12.77,84,2025-08-18,2032-07-12,Closed
13146,11700,2488,117,Business,207100,12.79,36,2023-04-11,2026-03-26,Active
13147,11702,1704,105,Home,158300,14.69,240,2025-02-23,2044-11-10,Active
13148,11703,5270,120,Auto,106400,9.41,180,2024-07-20,2039-05-03,Active
13149,11704,1725,105,Education,87200,14.39,48,2024-03-15,2028-02-23,Active
13150,11705,1091,103,Personal,376500,10.77,60,2026-01-09,2030-12-14,Active
13151,11706,2770,132,Education,459500,8.91,48,2024-01-11,2027-12-21,Closed
13152,11708,2347,125,Education,577500,12.62,12,2025-09-09,2026-09-04,Active
13153,11709,3228,134,Education,930300,7.28,120,2023-07-12,2033-05-20,Active
13154,11711,5797,150,Personal,390900,14.29,60,2024-10-17,2029-09-21,Active
13155,11714,4523,101,Personal,1611300,7.56,240,2024-01-28,2043-10-15,Closed
13156,11715,5781,102,Home,476600,10.39,180,2025-05-17,2040-02-28,Active
13157,11718,5367,110,Business,2989000,8.22,24,2024-07-27,2026-07-17,Closed
13158,11719,3686,118,Personal,741400,11.0,24,2025-07-22,2027-07-12,Closed
13159,11720,2783,113,Personal,3147200,15.14,240,2024-05-15,2044-01-31,Active
13160,11721,3552,122,Auto,4384000,8.21,60,2025-07-11,2030-06-15,Active
13161,11722,3320,107,Business,285600,7.91,48,2023-05-21,2027-04-30,Active
13162,11725,5503,131,Personal,184200,8.68,120,2023-06-16,2033-04-24,Closed
13163,11727,2627,132,Auto,1006600,14.98,240,2024-08-24,2044-05-11,Active
13164,11728,2254,102,Business,1009300,9.39,36,2023-03-04,2026-02-16,Active
13165,11729,3351,143,Home,377000,12.16,24,2025-10-13,2027-10-03,Closed
13166,11735,3750,147,Personal,212200,9.45,12,2025-08-02,2026-07-28,Default
13167,11736,3836,137,Personal,870000,13.12,24,2025-12-29,2027-12-19,Active
13168,11738,1861,149,Home,330700,12.36,180,2024-01-21,2038-11-03,Active
13169,11742,2972,104,Personal,2987700,15.16,84,2024-07-21,2031-06-15,Active
13170,11743,1861,147,Personal,191700,9.8,36,2025-11-03,2028-10-18,Active
13171,11744,1108,131,Education,586600,9.66,180,2025-02-06,2039-11-20,Active
13172,11747,3077,108,Home,1242700,13.62,60,2024-12-13,2029-11-17,Active
13173,11748,3163,113,Home,351300,8.34,84,2025-10-06,2032-08-30,Active
13174,11749,1547,102,Personal,1759900,13.19,120,2024-10-17,2034-08-26,Closed
13175,11750,3863,104,Personal,144300,13.56,48,2025-08-09,2029-07-19,Active
13176,11751,2977,144,Auto,2451800,14.3,120,2025-05-30,2035-04-08,Active
13177,11752,3687,130,Business,1161600,12.86,120,2023-09-20,2033-07-29,Closed
13178,11753,4886,144,Personal,328200,8.42,240,2025-05-12,2045-01-27,Closed
13179,11754,3119,130,Auto,1016700,9.86,36,2025-05-20,2028-05-04,Active
13180,11757,3657,148,Education,150200,7.47,60,2023-07-11,2028-06-14,Active
13181,11759,1176,145,Personal,248400,13.4,60,2023-02-13,2028-01-18,Active
13182,11761,5320,117,Business,151300,12.87,240,2023-09-18,2043-06-05,Active
13183,11762,4526,116,Auto,160600,11.38,180,2023-05-23,2038-03-05,Closed
13184,11763,1484,132,Home,625200,15.32,84,2024-06-05,2031-04-30,Active
13185,11764,5221,103,Auto,222100,9.72,180,2025-07-19,2040-05-01,Active
13186,11765,5615,128,Auto,442200,14.57,12,2025-08-14,2026-08-09,Active
13187,11766,1312,101,Personal,515700,8.54,84,2024-02-20,2031-01-14,Closed
13188,11767,5826,125,Personal,249800,15.12,48,2023-05-12,2027-04-21,Active
13189,11768,2194,131,Personal,1444900,9.45,48,2025-07-14,2029-06-23,Active
13190,11769,1518,147,Education,181100,13.85,120,2023-07-03,2033-05-11,Active
13191,11771,5937,127,Business,242600,7.95,240,2023-02-05,2042-10-23,Active
13192,11772,4712,143,Home,577800,10.48,12,2024-06-24,2025-06-19,Closed
13193,11773,5683,113,Home,607800,15.21,48,2025-12-23,2029-12-02,Active
13194,11774,1216,127,Auto,307900,9.65,84,2024-10-16,2031-09-10,Closed
13195,11775,3600,123,Auto,911300,13.63,84,2026-01-11,2032-12-05,Default
13196,11779,5440,104,Personal,372300,11.12,180,2023-12-17,2038-09-29,Active
13197,11780,2128,108,Auto,737600,12.15,84,2024-10-26,2031-09-20,Active
13198,11783,2982,119,Home,721100,12.09,84,2023-01-17,2029-12-11,Default
13199,11789,4246,118,Auto,245000,11.85,48,2023-07-23,2027-07-02,Closed
13200,11791,3942,145,Home,729800,11.11,180,2024-05-29,2039-03-12,Closed
13201,11794,4200,135,Business,289700,8.62,36,2023-08-13,2026-07-28,Closed
13202,11795,3075,135,Personal,149800,7.1,48,2024-04-23,2028-04-02,Closed
13203,11796,4156,135,Home,709100,12.76,36,2023-02-28,2026-02-12,Default
13204,11799,4667,111,Auto,675100,13.0,12,2023-02-24,2024-02-19,Closed
13205,11800,4378,137,Home,260900,13.58,48,2023-07-12,2027-06-21,Closed
13206,11801,2835,112,Auto,1256800,14.91,60,2024-10-01,2029-09-05,Active
13207,11802,4113,116,Personal,267900,8.38,60,2025-06-12,2030-05-17,Active
13208,11803,2996,112,Home,271100,14.57,240,2024-09-25,2044-06-12,Active
13209,11805,3066,108,Personal,137600,9.0,48,2025-05-11,2029-04-20,Closed
13210,11806,3237,147,Home,1427400,11.61,24,2024-06-10,2026-05-31,Active
13211,11807,5176,101,Business,419300,9.2,120,2024-05-15,2034-03-24,Active
13212,11808,4381,106,Home,534900,8.18,240,2024-10-10,2044-06-27,Active
13213,11809,2293,107,Auto,4024000,7.44,48,2024-07-08,2028-06-17,Default
13214,11810,5890,143,Personal,897600,9.92,48,2025-12-07,2029-11-16,Closed
13215,11812,2626,101,Home,1517000,15.26,240,2024-11-02,2044-07-20,Closed
13216,11814,4925,139,Business,171300,11.02,48,2024-02-28,2028-02-07,Closed
13217,11815,1189,114,Business,698500,7.32,60,2025-05-01,2030-04-05,Closed
13218,11821,1840,134,Home,473100,12.73,12,2024-02-09,2025-02-03,Closed
13219,11823,3566,128,Home,339900,8.72,24,2023-04-19,2025-04-08,Active
13220,11825,5569,144,Education,821900,7.5,120,2024-10-18,2034-08-27,Active
13221,11826,5703,101,Personal,66300,13.74,180,2023-09-15,2038-06-28,Active
13222,11827,3034,126,Personal,355100,10.79,240,2024-08-28,2044-05-15,Active
13223,11831,3617,136,Personal,508200,15.31,84,2023-02-15,2030-01-09,Active
13224,11834,3201,134,Home,2890600,13.08,48,2023-08-08,2027-07-18,Active
13225,11835,1673,125,Business,2313000,9.45,48,2024-02-10,2028-01-20,Active
13226,11838,2384,124,Personal,327200,15.34,240,2025-11-13,2045-07-31,Active
13227,11839,1141,136,Personal,286500,14.4,48,2024-08-22,2028-08-01,Active
13228,11840,3288,144,Personal,327700,9.69,36,2025-03-30,2028-03-14,Active
13229,11841,5602,107,Home,248000,9.47,24,2025-03-04,2027-02-22,Active
13230,11842,1629,140,Home,1766300,11.27,120,2024-07-03,2034-05-12,Active
13231,11843,2650,125,Education,558400,11.61,48,2024-07-27,2028-07-06,Active
13232,11846,5123,131,Personal,294900,11.92,84,2025-06-23,2032-05-17,Active
13233,11850,3845,137,Home,1799500,8.85,48,2024-03-01,2028-02-09,Active
13234,11851,3141,113,Education,667300,7.46,12,2025-01-04,2025-12-30,Closed
13235,11852,4261,120,Auto,718500,11.6,240,2025-06-27,2045-03-14,Active
13236,11858,1593,129,Home,861500,12.15,12,2024-06-17,2025-06-12,Closed
13237,11860,5638,131,Business,276400,15.14,36,2023-08-01,2026-07-16,Closed
13238,11861,2999,124,Auto,616500,11.62,36,2023-02-25,2026-02-09,Closed
13239,11863,2360,103,Personal,382900,8.33,120,2024-08-17,2034-06-26,Closed
13240,11864,4057,145,Personal,718400,9.61,12,2023-12-05,2024-11-29,Active
13241,11868,2190,134,Personal,569400,7.44,84,2023-03-03,2030-01-25,Active
13242,11869,1628,106,Home,644200,7.13,12,2025-08-28,2026-08-23,Active
13243,11870,5149,135,Home,253400,11.06,120,2025-06-06,2035-04-15,Active
13244,11871,1143,113,Auto,303900,12.63,48,2025-05-21,2029-04-30,Active
13245,11872,4962,150,Education,523400,15.09,12,2023-09-04,2024-08-29,Active
13246,11873,2841,140,Education,1342000,12.39,180,2023-06-21,2038-04-03,Closed
13247,11874,3081,111,Auto,185800,8.54,84,2025-07-03,2032-05-27,Closed
13248,11875,4853,113,Auto,412900,14.71,60,2024-05-06,2029-04-10,Closed
13249,11876,4783,142,Auto,1690200,14.48,84,2024-03-10,2031-02-02,Active
13250,11878,4642,145,Personal,817300,10.46,180,2023-03-25,2038-01-05,Closed
13251,11880,5228,144,Personal,814500,11.44,84,2023-11-14,2030-10-08,Active
13252,11881,2933,128,Business,562300,11.24,24,2023-06-04,2025-05-24,Closed
13253,11882,4263,104,Business,754100,10.74,84,2025-09-25,2032-08-19,Closed
13254,11883,4133,122,Auto,1364600,9.8,240,2025-04-17,2045-01-02,Active
13255,11888,5366,149,Home,198300,15.39,12,2025-01-05,2025-12-31,Active
13256,11889,5564,137,Auto,2859900,14.72,24,2023-11-09,2025-10-29,Closed
13257,11893,5660,118,Business,2368900,9.83,36,2023-03-12,2026-02-24,Closed
13258,11894,2989,102,Personal,277000,12.22,60,2026-01-12,2030-12-17,Active
13259,11895,5789,150,Personal,713600,7.73,84,2024-07-28,2031-06-22,Active
13260,11896,4573,133,Auto,312600,13.34,36,2023-05-13,2026-04-27,Active
13261,11897,4891,143,Personal,104200,14.17,180,2025-03-14,2039-12-26,Closed
13262,11898,2154,105,Home,600900,10.97,84,2023-10-27,2030-09-20,Default
13263,11899,2584,112,Auto,2495400,7.65,240,2023-08-04,2043-04-21,Default
13264,11900,3128,116,Personal,306200,11.95,12,2024-01-21,2025-01-15,Active
13265,11901,3185,130,Auto,329600,7.47,36,2025-01-09,2027-12-25,Active
13266,11902,1002,118,Personal,1826500,13.94,48,2025-09-14,2029-08-24,Closed
13267,11904,2806,127,Personal,244000,11.97,120,2025-08-30,2035-07-09,Closed
13268,11906,5923,147,Home,406500,14.4,24,2026-01-17,2028-01-07,Active
13269,11910,1896,127,Business,558400,10.22,48,2024-05-16,2028-04-25,Active
13270,11912,2383,111,Personal,779700,9.13,36,2023-02-16,2026-01-31,Active
13271,11913,5843,113,Auto,378600,14.98,120,2025-07-13,2035-05-22,Default
13272,11916,1217,102,Business,1216300,14.66,240,2023-09-29,2043-06-16,Active
13273,11917,2381,125,Education,306900,7.56,120,2023-02-05,2032-12-14,Closed
13274,11918,2312,133,Auto,261700,14.34,48,2023-08-17,2027-07-27,Active
13275,11919,3420,135,Personal,439700,14.89,24,2024-07-14,2026-07-04,Closed
13276,11921,3980,124,Home,470400,10.85,120,2025-04-11,2035-02-18,Closed
13277,11922,4904,145,Education,1350000,14.59,180,2025-10-24,2040-08-06,Active
13278,11923,2568,101,Education,808500,10.8,120,2024-08-04,2034-06-13,Active
13279,11924,1983,125,Business,637000,7.49,48,2023-05-30,2027-05-09,Default
13280,11925,4693,150,Home,90700,11.64,120,2024-07-02,2034-05-11,Closed
13281,11926,3864,113,Auto,1211000,14.96,48,2025-10-23,2029-10-02,Closed
13282,11928,2132,134,Personal,78200,11.54,84,2023-03-16,2030-02-07,Active
13283,11929,4210,115,Personal,300800,8.18,84,2025-02-08,2032-01-03,Active
13284,11933,3827,106,Business,501700,10.74,240,2026-01-14,2045-10-01,Closed
13285,11934,4770,118,Business,1567800,7.9,48,2024-04-10,2028-03-20,Closed
13286,11937,1808,142,Education,292000,11.97,120,2023-02-24,2033-01-02,Closed
13287,11938,2674,128,Home,332000,12.31,120,2024-10-22,2034-08-31,Default
13288,11940,4817,122,Personal,195300,12.65,240,2024-07-31,2044-04-17,Closed
13289,11941,1624,143,Home,250900,7.45,120,2023-05-15,2033-03-23,Active
13290,11942,4438,108,Personal,624500,14.21,24,2024-01-19,2026-01-08,Closed
13291,11943,4517,124,Home,258100,14.79,84,2023-10-26,2030-09-19,Active
13292,11945,5909,112,Personal,892400,9.44,180,2025-07-01,2040-04-13,Active
13293,11946,4773,124,Home,331500,13.66,240,2025-12-13,2045-08-30,Closed
13294,11948,4274,101,Home,1185800,11.11,24,2025-12-29,2027-12-19,Active
13295,11949,3910,140,Auto,1269800,11.51,180,2025-05-05,2040-02-16,Closed
13296,11950,3095,149,Home,245700,9.06,60,2025-12-15,2030-11-19,Active
13297,11953,5838,128,Education,868600,14.61,84,2023-04-10,2030-03-04,Active
13298,11955,1622,108,Business,157400,15.15,12,2024-07-27,2025-07-22,Active
13299,11956,4844,103,Home,471100,12.56,180,2024-05-29,2039-03-12,Closed
13300,11959,4923,117,Home,764400,8.29,12,2025-01-23,2026-01-18,Closed
13301,11960,2382,109,Education,656200,11.54,12,2024-06-10,2025-06-05,Closed
13302,11963,4672,146,Auto,385600,9.57,180,2024-08-08,2039-05-22,Active
13303,11964,4879,111,Home,182100,10.83,120,2023-02-22,2032-12-31,Closed
13304,11965,5994,141,Auto,514600,12.73,60,2024-12-15,2029-11-19,Closed
13305,11966,2397,134,Home,186400,7.6,84,2025-09-20,2032-08-14,Default
13306,11967,2380,120,Auto,277100,8.73,12,2025-10-18,2026-10-13,Active
13307,11969,2314,119,Business,471200,13.37,48,2023-10-25,2027-10-04,Active
13308,11971,2405,148,Education,194400,7.32,48,2023-01-17,2026-12-27,Active
13309,11974,4208,134,Home,221600,12.12,36,2023-05-11,2026-04-25,Active
13310,11976,1767,109,Auto,476200,9.27,84,2025-06-16,2032-05-10,Active
13311,11977,1371,119,Auto,443400,14.67,60,2025-06-17,2030-05-22,Default
13312,11978,1862,138,Personal,258500,14.08,84,2023-08-26,2030-07-20,Active
13313,11979,4860,125,Personal,907200,14.81,180,2024-06-07,2039-03-21,Closed
13314,11981,1596,128,Personal,250200,7.8,48,2024-09-06,2028-08-16,Active
13315,11983,5484,133,Auto,1384700,15.46,120,2025-01-22,2034-12-01,Active
13316,11984,3431,143,Personal,381500,8.22,240,2025-07-01,2045-03-18,Active
13317,11985,2960,138,Education,2297800,14.4,36,2025-08-02,2028-07-17,Closed
13318,11986,3181,145,Business,938000,10.2,120,2024-08-20,2034-06-29,Closed
13319,11989,2343,114,Home,554600,15.12,240,2025-10-27,2045-07-14,Closed
13320,11991,3403,126,Personal,1566100,7.01,12,2023-02-16,2024-02-11,Active
13321,11992,4323,125,Auto,941900,12.86,48,2024-03-19,2028-02-27,Active
13322,11994,3660,131,Home,334500,15.46,180,2025-12-19,2040-10-01,Active
13323,11997,1325,131,Personal,380600,12.9,180,2024-10-07,2039-07-21,Active
13324,11998,2924,127,Home,341300,13.01,36,2025-02-03,2028-01-19,Active
13325,12002,1315,126,Personal,717000,12.67,60,2023-05-18,2028-04-21,Closed
13326,12003,2578,114,Home,93100,15.32,84,2023-04-17,2030-03-11,Active
13327,12005,1357,102,Auto,1289200,13.1,12,2023-03-22,2024-03-16,Closed
13328,12006,1297,106,Personal,863500,11.22,24,2024-04-17,2026-04-07,Closed
13329,12007,2869,126,Home,1353500,9.11,36,2023-11-01,2026-10-16,Active
13330,12008,1464,134,Personal,276100,13.6,120,2024-09-19,2034-07-29,Closed
13331,12009,5270,120,Home,464100,8.37,24,2024-07-26,2026-07-16,Active
13332,12010,4506,141,Personal,2025500,7.53,60,2025-10-25,2030-09-29,Closed
13333,12011,1214,140,Home,250200,13.49,240,2024-04-29,2044-01-15,Active
13334,12014,1707,136,Home,348200,10.14,12,2025-07-01,2026-06-26,Default
13335,12015,3203,103,Education,384600,8.8,180,2024-07-05,2039-04-18,Active
13336,12017,4053,135,Personal,561600,13.52,180,2025-09-08,2040-06-21,Active
13337,12019,2815,136,Personal,2246100,14.37,180,2025-03-08,2039-12-20,Closed
13338,12020,4522,127,Home,250500,7.9,60,2025-10-10,2030-09-14,Closed
13339,12021,4748,108,Auto,345100,10.53,240,2024-10-13,2044-06-30,Default
13340,12024,2799,129,Home,476600,7.2,60,2023-06-23,2028-05-27,Closed
13341,12025,1834,132,Auto,575700,14.04,84,2024-10-14,2031-09-08,Active
13342,12026,4023,120,Auto,757600,7.07,240,2024-01-21,2043-10-08,Active
13343,12028,1558,110,Home,756300,10.32,84,2024-08-06,2031-07-01,Closed
13344,12030,2790,118,Auto,273200,14.67,84,2023-07-19,2030-06-12,Active
13345,12032,3869,133,Home,1795900,11.96,24,2023-02-03,2025-01-23,Active
13346,12034,4140,103,Education,589700,13.82,60,2023-06-29,2028-06-02,Active
13347,12036,5901,126,Personal,1972800,8.15,24,2024-07-31,2026-07-21,Active
13348,12038,5077,119,Personal,354300,7.97,180,2024-07-19,2039-05-02,Closed
13349,12039,1188,139,Personal,1012900,10.01,48,2023-06-24,2027-06-03,Default
13350,12042,2375,142,Auto,827500,12.72,36,2025-03-17,2028-03-01,Default
13351,12044,1896,139,Education,1192600,8.39,240,2023-03-16,2042-12-01,Active
13352,12045,4983,102,Education,986500,7.56,12,2025-02-14,2026-02-09,Active
13353,12046,5237,122,Home,2149300,15.29,12,2025-01-06,2026-01-01,Active
13354,12047,3863,126,Education,618700,9.47,240,2025-09-28,2045-06-15,Active
13355,12049,4018,123,Home,771800,12.31,60,2024-10-02,2029-09-06,Active
13356,12050,5490,150,Auto,893500,12.61,24,2025-07-22,2027-07-12,Closed
13357,12052,2916,133,Home,220000,7.33,120,2024-11-13,2034-09-22,Closed
13358,12053,1988,128,Home,2378300,11.81,24,2025-08-21,2027-08-11,Closed
13359,12054,4257,131,Education,398400,8.7,180,2024-06-05,2039-03-19,Active
13360,12055,3307,103,Business,1314300,7.76,60,2025-12-31,2030-12-05,Active
13361,12057,2354,142,Personal,508600,10.37,12,2025-08-24,2026-08-19,Active
13362,12059,3496,103,Auto,1333800,13.74,240,2023-03-20,2042-12-05,Closed
13363,12060,1790,102,Home,788500,15.24,60,2024-11-27,2029-11-01,Closed
13364,12061,3709,147,Auto,286700,11.21,180,2023-07-14,2038-04-26,Closed
13365,12062,5432,129,Education,718200,14.54,12,2023-07-20,2024-07-14,Closed
13366,12063,1490,146,Auto,373300,15.03,36,2025-08-28,2028-08-12,Default
13367,12064,5515,131,Home,600400,10.76,180,2024-03-16,2038-12-28,Active
13368,12065,5708,115,Education,327100,8.24,12,2026-01-17,2027-01-12,Closed
13369,12070,3931,110,Education,1416000,9.64,12,2024-04-20,2025-04-15,Closed
13370,12072,1773,143,Personal,1643500,10.29,84,2023-08-17,2030-07-11,Active
13371,12074,1819,122,Home,109400,10.86,84,2025-08-02,2032-06-26,Active
13372,12076,3573,134,Education,863800,12.48,24,2025-07-30,2027-07-20,Active
13373,12077,1544,137,Personal,448400,12.48,12,2023-11-19,2024-11-13,Active
13374,12081,1779,142,Auto,720400,11.62,180,2025-05-03,2040-02-14,Closed
13375,12082,3116,140,Personal,344600,8.94,48,2025-05-01,2029-04-10,Active
13376,12083,1168,109,Personal,643600,10.09,48,2024-09-08,2028-08-18,Closed
13377,12084,3978,114,Home,443200,10.51,120,2024-11-14,2034-09-23,Active
13378,12086,2899,120,Auto,189100,12.64,240,2023-04-02,2042-12-18,Closed
13379,12087,3152,135,Home,1141400,8.2,60,2023-09-24,2028-08-28,Default
13380,12089,4230,101,Education,951000,9.05,36,2023-12-04,2026-11-18,Active
13381,12090,4859,126,Education,64100,9.41,48,2025-05-26,2029-05-05,Active
13382,12093,1542,116,Auto,1207500,11.41,12,2024-06-24,2025-06-19,Closed
13383,12094,2433,116,Home,153800,13.44,180,2024-12-28,2039-10-11,Closed
13384,12095,3661,142,Education,319100,14.18,120,2025-01-09,2034-11-18,Active
13385,12096,2548,114,Auto,755800,13.31,48,2023-12-02,2027-11-11,Active
13386,12097,5361,125,Personal,419400,13.36,36,2025-10-29,2028-10-13,Active
13387,12098,2405,148,Personal,516000,9.05,240,2023-06-17,2043-03-04,Active
13388,12100,1273,121,Personal,1618400,14.52,120,2023-04-11,2033-02-17,Default
13389,12101,1369,143,Home,488200,7.45,12,2025-01-12,2026-01-07,Closed
13390,12103,2084,115,Education,1765000,11.59,60,2023-12-10,2028-11-13,Closed
13391,12105,5521,102,Home,533400,7.75,24,2024-05-27,2026-05-17,Active
13392,12106,3008,105,Personal,860600,12.11,48,2023-02-11,2027-01-21,Closed
13393,12109,2279,119,Home,457600,7.4,12,2025-08-14,2026-08-09,Active
13394,12111,2373,141,Home,1004000,12.45,120,2025-01-31,2034-12-10,Closed
13395,12112,1738,111,Home,856600,7.29,24,2025-06-29,2027-06-19,Active
13396,12114,4575,128,Home,4930800,8.4,36,2023-12-07,2026-11-21,Active
13397,12115,2301,144,Auto,727300,13.4,120,2025-06-04,2035-04-13,Closed
13398,12117,3517,145,Home,315000,9.57,240,2025-08-24,2045-05-11,Closed
13399,12118,2620,102,Education,2017400,14.52,36,2024-12-21,2027-12-06,Active
13400,12119,4608,133,Auto,134200,7.83,180,2023-10-22,2038-08-04,Active
13401,12121,3473,121,Home,1756300,11.51,48,2023-10-28,2027-10-07,Default
13402,12122,5674,143,Auto,101100,14.87,120,2025-10-04,2035-08-13,Active
13403,12123,5744,128,Personal,269100,10.51,24,2025-06-30,2027-06-20,Active
13404,12127,5655,140,Home,270800,9.79,120,2024-04-09,2034-02-16,Closed
13405,12128,3127,117,Home,521000,15.21,120,2023-05-15,2033-03-23,Active
13406,12129,5636,112,Personal,4219300,10.61,36,2025-03-19,2028-03-03,Active
13407,12130,5575,141,Personal,858000,12.94,240,2024-11-28,2044-08-15,Default
13408,12131,5028,131,Auto,110800,14.82,48,2023-09-05,2027-08-15,Active
13409,12133,2768,125,Home,78800,7.09,120,2024-09-20,2034-07-30,Active
13410,12134,1113,120,Auto,644900,11.84,12,2023-08-07,2024-08-01,Default
13411,12135,3840,144,Home,259200,13.06,84,2023-09-27,2030-08-21,Closed
13412,12136,5157,123,Personal,176700,10.56,48,2023-07-22,2027-07-01,Closed
13413,12137,5610,106,Personal,163500,12.72,36,2024-08-19,2027-08-04,Closed
13414,12139,4532,116,Personal,812900,13.85,60,2025-03-13,2030-02-15,Closed
13415,12140,4076,103,Personal,177500,9.68,120,2023-03-07,2033-01-13,Active
13416,12142,1058,149,Home,774800,9.75,48,2024-04-26,2028-04-05,Active
13417,12144,2757,127,Home,727100,7.75,84,2024-05-19,2031-04-13,Default
13418,12145,1359,111,Home,523700,15.12,48,2023-07-11,2027-06-20,Active
13419,12146,1764,103,Auto,952400,7.28,240,2023-10-08,2043-06-25,Active
13420,12147,1529,123,Home,525500,11.0,240,2025-01-27,2044-10-14,Active
13421,12150,2930,146,Auto,291200,11.53,48,2023-07-05,2027-06-14,Closed
13422,12151,3277,139,Business,449300,8.2,240,2025-04-25,2045-01-10,Active
13423,12152,3972,108,Personal,529100,11.17,240,2023-12-13,2043-08-30,Active
13424,12153,2922,117,Auto,381900,9.51,48,2023-11-18,2027-10-28,Closed
13425,12154,4047,110,Education,1326800,13.82,84,2024-02-09,2031-01-03,Closed
13426,12155,5387,126,Home,1422200,14.0,24,2023-05-13,2025-05-02,Closed
13427,12159,2744,131,Personal,2608200,10.68,84,2025-02-25,2032-01-20,Closed
13428,12160,2447,140,Home,4192800,10.69,180,2025-04-24,2040-02-05,Active
13429,12161,2495,121,Business,622200,7.65,12,2025-10-10,2026-10-05,Active
13430,12164,5186,126,Business,284700,10.04,180,2024-06-19,2039-04-02,Active
13431,12166,3451,132,Business,159000,10.45,24,2025-05-13,2027-05-03,Closed
13432,12167,3246,115,Personal,1061500,10.8,240,2023-08-26,2043-05-13,Closed
13433,12168,2588,127,Business,573100,10.85,120,2024-01-28,2033-12-06,Closed
13434,12171,4735,122,Personal,312100,7.78,60,2025-04-06,2030-03-11,Closed
13435,12174,4378,138,Home,2240200,8.39,84,2024-06-13,2031-05-08,Closed
13436,12175,5160,127,Business,119200,10.69,48,2024-08-08,2028-07-18,Active
13437,12176,4483,119,Home,1798900,10.22,36,2025-07-26,2028-07-10,Active
13438,12177,2117,108,Business,408200,8.21,12,2025-11-18,2026-11-13,Default
13439,12178,1841,142,Home,418800,12.51,120,2024-01-16,2033-11-24,Active
13440,12179,2836,127,Business,1667300,8.0,36,2025-01-10,2027-12-26,Active
13441,12180,2458,137,Home,849000,7.04,12,2023-04-01,2024-03-26,Closed
13442,12181,4675,134,Home,3442800,12.21,180,2025-12-28,2040-10-10,Default
13443,12183,3507,129,Home,190500,7.7,120,2024-03-18,2034-01-25,Default
13444,12184,3102,135,Personal,827600,7.51,24,2023-04-24,2025-04-13,Active
13445,12185,5394,141,Home,509700,7.73,240,2023-03-08,2042-11-23,Closed
13446,12186,5795,124,Auto,545900,14.96,240,2023-02-04,2042-10-22,Active
13447,12188,1335,148,Home,66300,7.9,12,2024-12-26,2025-12-21,Closed
13448,12189,1358,102,Personal,495200,14.13,180,2025-04-17,2040-01-29,Active
13449,12192,4986,140,Personal,2016000,13.6,36,2024-01-17,2027-01-01,Default
13450,12194,1900,147,Personal,481200,14.15,48,2025-09-26,2029-09-05,Default
13451,12196,1807,116,Business,2477100,12.14,60,2025-12-07,2030-11-11,Closed
13452,12199,3113,149,Home,590300,8.32,36,2023-05-23,2026-05-07,Closed
13453,12200,3856,101,Business,1425400,13.55,48,2025-10-11,2029-09-20,Default
13454,12201,5448,135,Business,1389800,11.81,24,2025-04-23,2027-04-13,Active
13455,12202,2228,105,Personal,564800,11.83,12,2023-07-03,2024-06-27,Active
13456,12204,3805,111,Auto,875300,12.17,36,2025-11-29,2028-11-13,Active
13457,12205,5209,125,Personal,368500,8.26,120,2025-03-27,2035-02-03,Closed
13458,12206,5638,108,Business,3656000,9.48,180,2024-09-29,2039-07-13,Active
13459,12207,3033,115,Education,292900,15.44,12,2024-09-29,2025-09-24,Default
13460,12208,4831,139,Personal,546200,14.42,36,2025-10-07,2028-09-21,Active
13461,12210,2436,103,Education,1110600,10.05,84,2023-04-04,2030-02-26,Default
13462,12211,4308,128,Education,5870900,15.39,240,2023-12-22,2043-09-08,Closed
13463,12213,1605,128,Personal,396700,7.59,48,2024-03-10,2028-02-18,Closed
13464,12214,4241,113,Home,873400,9.97,120,2023-09-09,2033-07-18,Closed
13465,12215,3157,106,Business,914500,11.72,24,2023-02-02,2025-01-22,Default
13466,12219,3331,104,Home,1430100,12.28,24,2025-10-06,2027-09-26,Active
13467,12220,4112,137,Home,2468400,13.84,120,2025-07-19,2035-05-28,Closed
13468,12221,2736,134,Personal,2488100,13.26,120,2023-12-19,2033-10-27,Active
13469,12222,3182,105,Auto,4767700,12.85,36,2026-01-02,2028-12-17,Closed
13470,12223,5751,140,Personal,792000,15.28,12,2024-10-30,2025-10-25,Closed
13471,12225,4485,130,Business,770100,12.09,12,2025-09-23,2026-09-18,Closed
13472,12227,4302,141,Personal,2668100,7.06,36,2023-06-17,2026-06-01,Closed
13473,12228,2115,148,Auto,246600,12.24,180,2024-12-02,2039-09-15,Active
13474,12229,5183,111,Education,1196500,13.45,240,2025-05-20,2045-02-04,Closed
13475,12230,4840,131,Personal,214800,14.8,12,2025-11-02,2026-10-28,Active
13476,12232,5807,111,Auto,122300,10.33,60,2025-11-03,2030-10-08,Active
13477,12233,3445,136,Auto,1309800,7.44,120,2025-06-07,2035-04-16,Default
13478,12235,1178,112,Personal,283800,8.08,180,2024-11-27,2039-09-10,Closed
13479,12236,5479,124,Personal,305800,14.72,24,2023-01-24,2025-01-13,Closed
13480,12239,4120,119,Education,682500,15.08,60,2024-07-10,2029-06-14,Closed
13481,12240,5245,135,Home,544000,8.98,180,2024-09-08,2039-06-22,Closed
13482,12242,3529,101,Home,2254600,12.74,84,2025-08-28,2032-07-22,Closed
13483,12243,4315,106,Personal,140400,11.02,180,2023-08-12,2038-05-25,Closed
13484,12244,4690,102,Education,4666800,12.14,84,2023-08-20,2030-07-14,Active
13485,12245,1122,120,Business,259500,7.43,24,2023-06-29,2025-06-18,Closed
13486,12246,3487,142,Business,499900,15.19,120,2025-09-04,2035-07-14,Closed
13487,12248,3663,112,Personal,347100,11.01,24,2025-07-07,2027-06-27,Active
13488,12250,1735,110,Home,464400,13.57,240,2024-05-28,2044-02-13,Active
13489,12251,5446,148,Home,690600,11.39,24,2023-02-03,2025-01-23,Closed
13490,12254,3408,139,Personal,708600,14.28,36,2024-08-05,2027-07-21,Closed
13491,12255,2675,108,Personal,473100,12.38,12,2024-12-31,2025-12-26,Closed
13492,12256,5133,134,Personal,1604700,9.73,120,2024-02-26,2034-01-04,Default
13493,12257,1438,103,Business,768100,11.24,36,2025-09-18,2028-09-02,Closed
13494,12258,1175,149,Home,801600,13.72,84,2024-04-01,2031-02-24,Active
13495,12259,2507,119,Personal,2352700,9.28,12,2023-05-04,2024-04-28,Active
13496,12260,5210,120,Auto,525300,13.69,120,2023-03-08,2033-01-14,Active
13497,12261,4375,150,Home,478800,13.02,12,2025-10-31,2026-10-26,Active
13498,12263,1420,146,Auto,678900,7.07,12,2026-01-10,2027-01-05,Default
13499,12265,5026,139,Personal,480600,14.37,24,2023-07-05,2025-06-24,Active
13500,12270,2224,103,Home,62200,11.43,60,2023-07-15,2028-06-18,Closed
13501,12272,3465,106,Business,1304600,14.88,12,2024-06-18,2025-06-13,Active
13502,12274,1551,147,Personal,1362900,7.09,36,2026-01-04,2028-12-19,Closed
13503,12275,4724,134,Home,489700,14.33,120,2025-08-31,2035-07-10,Closed
13504,12276,5044,118,Auto,1779000,13.55,36,2023-10-11,2026-09-25,Closed
13505,12277,3096,122,Personal,5358300,12.62,120,2024-07-29,2034-06-07,Active
13506,12279,2843,131,Business,522500,12.08,120,2025-05-17,2035-03-26,Active
13507,12280,1484,111,Auto,538000,12.09,60,2024-04-01,2029-03-06,Active
13508,12281,3944,102,Home,233700,14.13,48,2025-08-15,2029-07-25,Closed
13509,12283,3668,124,Home,1836500,15.45,84,2023-12-21,2030-11-14,Active
13510,12284,3389,107,Business,316700,10.93,60,2023-11-13,2028-10-17,Active
13511,12285,2092,107,Personal,762600,11.81,60,2024-05-28,2029-05-02,Active
13512,12286,3418,124,Home,218000,8.54,120,2024-01-08,2033-11-16,Closed
13513,12287,2122,132,Home,100700,10.33,120,2024-07-27,2034-06-05,Closed
13514,12288,3018,147,Home,2203100,8.44,84,2023-08-22,2030-07-16,Active
13515,12289,3212,121,Home,151100,7.09,120,2024-11-25,2034-10-04,Closed
13516,12290,3917,117,Home,1512300,13.15,24,2024-12-27,2026-12-17,Active
13517,12291,1602,132,Personal,349300,9.6,48,2024-03-31,2028-03-10,Active
13518,12292,4147,144,Education,456700,14.4,48,2025-03-27,2029-03-06,Active
13519,12293,2053,125,Personal,789400,11.18,84,2025-01-16,2031-12-11,Active
13520,12294,1523,144,Personal,568300,13.84,36,2025-08-01,2028-07-16,Closed
13521,12296,5214,147,Home,174600,10.6,24,2024-06-20,2026-06-10,Default
13522,12299,1213,133,Education,445600,14.08,84,2025-03-20,2032-02-12,Active
13523,12301,2834,117,Home,1556400,14.28,120,2025-10-22,2035-08-31,Active
13524,12303,4026,133,Personal,279700,10.97,84,2023-03-28,2030-02-19,Active
13525,12306,1760,124,Business,395600,14.93,84,2024-09-15,2031-08-10,Active
13526,12308,3980,138,Home,120100,9.51,24,2024-07-03,2026-06-23,Default
13527,12309,1210,149,Personal,616800,10.18,120,2023-11-30,2033-10-08,Closed
13528,12310,1893,136,Education,282700,11.05,48,2025-04-09,2029-03-19,Default
13529,12311,2243,116,Home,245300,13.36,36,2023-09-08,2026-08-23,Active
13530,12312,5013,125,Personal,258900,10.39,60,2025-11-14,2030-10-19,Default
13531,12313,2979,106,Home,373600,7.71,12,2024-07-07,2025-07-02,Active
13532,12314,4156,127,Education,87000,7.02,48,2023-06-10,2027-05-20,Closed
13533,12316,2404,138,Auto,1040500,14.42,180,2023-03-25,2038-01-05,Closed
13534,12317,5089,111,Education,824000,12.44,84,2023-11-29,2030-10-23,Closed
13535,12318,2116,129,Business,232900,8.45,48,2023-02-10,2027-01-20,Active
13536,12319,2721,130,Home,310300,14.67,240,2023-12-09,2043-08-26,Closed
13537,12321,5176,136,Personal,3257200,13.14,24,2024-05-10,2026-04-30,Active
13538,12322,5534,127,Auto,290000,13.5,60,2024-11-17,2029-10-22,Closed
13539,12323,1234,107,Business,4420500,10.82,24,2025-09-24,2027-09-14,Closed
13540,12325,3054,102,Business,657900,13.4,180,2025-09-15,2040-06-28,Active
13541,12326,1802,109,Auto,595500,12.15,240,2025-05-03,2045-01-18,Closed
13542,12328,1525,124,Business,1353600,13.24,24,2023-03-17,2025-03-06,Active
13543,12330,3001,128,Auto,1963700,9.88,120,2024-12-25,2034-11-03,Active
13544,12331,1422,147,Home,272100,11.55,120,2025-08-20,2035-06-29,Closed
13545,12332,3766,146,Home,288300,7.3,36,2024-09-21,2027-09-06,Active
13546,12333,1229,119,Home,192600,8.38,60,2024-06-02,2029-05-07,Active
13547,12335,4438,115,Auto,1150200,14.28,240,2023-02-18,2042-11-05,Default
13548,12337,1723,102,Personal,1069200,12.58,36,2023-09-19,2026-09-03,Active
13549,12341,2119,149,Business,468600,14.04,36,2023-07-13,2026-06-27,Closed
13550,12342,5268,114,Personal,249300,11.77,24,2024-01-03,2025-12-23,Active
13551,12344,4466,118,Auto,246600,10.67,12,2023-03-01,2024-02-24,Closed
13552,12346,1959,110,Home,2042000,13.93,240,2025-11-27,2045-08-14,Active
13553,12348,5346,106,Auto,434300,7.4,84,2024-05-23,2031-04-17,Active
13554,12350,3834,131,Personal,415500,12.84,180,2023-08-30,2038-06-12,Active
13555,12351,2059,121,Personal,131400,12.18,60,2024-04-02,2029-03-07,Active
13556,12354,1639,123,Personal,62100,7.3,12,2024-01-08,2025-01-02,Closed
13557,12355,3044,117,Auto,104400,9.85,36,2023-07-30,2026-07-14,Active
13558,12356,5819,139,Auto,928200,11.41,84,2023-02-05,2029-12-30,Active
13559,12357,4627,150,Home,992800,7.28,180,2025-08-02,2040-05-15,Active
13560,12358,1240,134,Business,863300,9.62,12,2025-06-24,2026-06-19,Active
13561,12359,3872,107,Auto,357300,7.13,60,2025-01-11,2029-12-16,Default
13562,12360,3203,106,Auto,308300,9.31,120,2025-05-21,2035-03-30,Closed
13563,12361,2172,101,Home,227700,15.31,180,2025-05-23,2040-03-05,Active
13564,12362,1718,118,Home,417500,10.86,12,2025-07-15,2026-07-10,Active
13565,12365,2141,135,Home,1144400,15.07,24,2025-11-18,2027-11-08,Default
13566,12366,5204,143,Auto,1427900,13.84,240,2025-09-13,2045-05-31,Active
13567,12367,1039,147,Auto,2014900,9.23,180,2023-04-16,2038-01-27,Closed
13568,12368,2578,103,Home,42300,14.96,240,2024-06-03,2044-02-19,Closed
13569,12370,1048,101,Personal,637900,9.55,84,2025-12-25,2032-11-18,Active
13570,12371,3395,103,Personal,189700,9.93,120,2024-04-13,2034-02-20,Closed
13571,12376,1936,118,Personal,401500,9.58,240,2023-01-13,2042-09-30,Active
13572,12380,5114,115,Personal,432700,10.76,36,2025-07-28,2028-07-12,Active
13573,12381,4199,114,Home,615700,7.63,84,2023-12-20,2030-11-13,Active
13574,12383,1810,137,Personal,974200,13.94,180,2023-12-28,2038-10-10,Default
13575,12384,2754,117,Auto,1031000,7.7,240,2025-02-21,2044-11-08,Active
13576,12385,1983,128,Business,392500,11.07,24,2023-07-16,2025-07-05,Closed
13577,12386,2084,116,Home,442800,7.59,120,2025-02-16,2034-12-26,Closed
13578,12389,3820,129,Education,86100,12.57,240,2023-04-17,2043-01-02,Closed
13579,12390,4696,119,Education,426600,10.83,180,2025-04-07,2040-01-19,Active
13580,12391,1644,124,Auto,447200,7.01,120,2023-05-30,2033-04-07,Default
13581,12392,4679,120,Home,299800,10.67,60,2025-01-18,2029-12-23,Closed
13582,12396,4308,128,Business,328300,10.09,36,2025-11-23,2028-11-07,Active
13583,12397,4843,121,Auto,585000,14.77,12,2025-02-08,2026-02-03,Closed
13584,12400,2107,123,Business,239300,12.09,12,2024-11-25,2025-11-20,Closed
13585,12403,4360,106,Education,172800,14.03,84,2025-04-17,2032-03-11,Closed
13586,12404,2404,108,Home,297500,8.23,180,2024-11-15,2039-08-29,Active
13587,12405,4386,147,Business,835700,8.07,120,2024-11-20,2034-09-29,Default
13588,12406,1457,111,Personal,6201500,8.55,180,2025-06-23,2040-04-05,Closed
13589,12407,2215,137,Personal,487300,15.02,36,2023-12-11,2026-11-25,Active
13590,12409,1245,110,Personal,193300,7.85,48,2024-07-25,2028-07-04,Closed
13591,12411,4104,117,Personal,526700,11.11,24,2023-09-05,2025-08-25,Active
13592,12412,5357,112,Personal,979900,7.65,60,2024-07-26,2029-06-30,Active
13593,12413,5253,150,Personal,332500,13.45,60,2025-07-24,2030-06-28,Active
13594,12415,2794,117,Business,139900,10.27,36,2025-02-09,2028-01-25,Active
13595,12418,5408,138,Home,1371300,12.2,12,2024-06-03,2025-05-29,Closed
13596,12420,5684,143,Home,1093800,7.61,84,2023-09-05,2030-07-30,Active
13597,12421,1964,126,Education,407000,10.67,84,2024-03-27,2031-02-19,Default
13598,12422,1604,124,Business,325600,8.14,24,2025-08-05,2027-07-26,Default
13599,12425,4495,102,Personal,821200,9.76,180,2026-01-25,2040-11-07,Default
13600,12426,2558,134,Personal,129200,8.61,24,2023-02-19,2025-02-08,Closed
13601,12427,4281,132,Education,517500,11.09,84,2023-04-01,2030-02-23,Closed
13602,12428,2500,149,Business,121000,14.6,12,2023-09-15,2024-09-09,Closed
13603,12430,2916,124,Auto,832500,10.38,60,2023-03-02,2028-02-04,Active
13604,12431,4397,149,Personal,286200,14.68,180,2024-01-09,2038-10-22,Closed
13605,12435,4773,130,Personal,534000,13.59,24,2023-10-31,2025-10-20,Closed
13606,12436,3476,114,Business,878900,13.35,36,2025-03-03,2028-02-16,Default
13607,12437,1809,122,Business,627400,13.64,12,2025-03-22,2026-03-17,Active
13608,12439,5330,129,Home,250400,13.04,240,2025-05-11,2045-01-26,Closed
13609,12441,2207,150,Personal,1596400,8.73,24,2023-03-27,2025-03-16,Closed
13610,12443,2133,120,Home,392200,14.13,84,2026-01-11,2032-12-05,Closed
13611,12446,1179,116,Auto,889300,10.2,48,2024-06-22,2028-06-01,Closed
13612,12447,1808,116,Home,367800,9.29,60,2025-07-23,2030-06-27,Active
13613,12449,1209,108,Business,1191200,14.08,84,2025-08-07,2032-07-01,Active
13614,12452,5842,102,Auto,203500,12.25,48,2025-04-24,2029-04-03,Active
13615,12455,2976,124,Education,170000,9.15,180,2025-02-01,2039-11-15,Closed
13616,12456,4982,116,Education,2041500,14.55,120,2025-11-15,2035-09-24,Active
13617,12457,4975,116,Business,1205200,11.58,36,2024-02-19,2027-02-03,Default
13618,12458,1938,102,Education,345200,7.2,180,2023-08-14,2038-05-27,Active
13619,12460,5316,142,Personal,544000,11.48,36,2024-08-14,2027-07-30,Active
13620,12461,4018,148,Education,315800,15.12,84,2025-07-18,2032-06-11,Closed
13621,12462,2007,104,Personal,117300,8.38,60,2024-02-11,2029-01-15,Closed
13622,12466,3808,110,Education,1024100,9.56,180,2023-08-28,2038-06-10,Active
13623,12467,5125,123,Education,211500,8.94,180,2024-04-24,2039-02-05,Active
13624,12469,5217,114,Auto,1053500,8.87,48,2024-11-14,2028-10-24,Active
13625,12471,3268,124,Home,532100,7.66,120,2023-11-16,2033-09-24,Closed
13626,12472,5403,110,Business,304800,10.96,48,2024-02-06,2028-01-16,Closed
13627,12473,5920,131,Personal,801300,13.96,240,2024-05-05,2044-01-21,Closed
13628,12474,5568,126,Business,2100500,9.04,36,2025-02-01,2028-01-17,Closed
13629,12475,2706,115,Auto,588600,13.04,24,2023-01-24,2025-01-13,Active
13630,12476,3735,127,Education,235200,11.87,36,2025-02-24,2028-02-09,Closed
13631,12477,4904,128,Personal,427200,8.8,36,2023-03-26,2026-03-10,Active
13632,12479,3397,121,Business,162900,11.84,180,2024-05-12,2039-02-23,Active
13633,12481,2056,114,Education,563700,11.44,84,2024-12-13,2031-11-07,Active
13634,12483,2334,107,Personal,134200,8.92,36,2025-04-11,2028-03-26,Active
13635,12485,3323,139,Auto,87400,7.14,120,2025-03-29,2035-02-05,Active
13636,12488,5538,106,Auto,1528300,10.46,240,2023-09-24,2043-06-11,Active
13637,12490,4469,135,Home,1738100,9.75,120,2025-03-16,2035-01-23,Closed
13638,12492,1611,116,Auto,335600,9.4,48,2024-10-21,2028-09-30,Active
13639,12493,2181,126,Education,54200,12.94,24,2023-03-17,2025-03-06,Closed
13640,12494,5290,104,Education,809600,13.03,120,2024-06-23,2034-05-02,Active
13641,12495,4146,110,Personal,1428900,14.88,12,2023-03-07,2024-03-01,Active
13642,12496,5521,141,Personal,140400,7.23,84,2023-11-13,2030-10-07,Default
13643,12497,2831,126,Home,302500,14.74,180,2025-07-19,2040-05-01,Active
13644,12499,5733,113,Personal,285700,12.73,240,2024-10-27,2044-07-14,Closed
13645,12500,4740,143,Personal,3269200,12.61,120,2025-03-26,2035-02-02,Closed
13646,12501,3591,150,Business,482800,15.43,60,2023-10-02,2028-09-05,Closed
13647,12504,5673,108,Personal,122200,7.66,120,2023-06-21,2033-04-29,Closed
13648,12506,1625,127,Auto,321100,13.83,24,2024-03-06,2026-02-24,Active
13649,12508,5661,112,Home,298600,12.04,36,2024-05-08,2027-04-23,Active
13650,12512,3828,142,Business,198900,8.37,60,2024-12-17,2029-11-21,Closed
13651,12513,4830,132,Education,1453500,13.55,12,2024-06-23,2025-06-18,Closed
13652,12515,4124,116,Business,1033200,10.05,24,2025-08-31,2027-08-21,Closed
13653,12516,3042,150,Home,1729900,9.15,12,2023-02-25,2024-02-20,Closed
13654,12517,3643,135,Personal,2713600,11.91,180,2024-09-11,2039-06-25,Active
13655,12518,2530,122,Personal,430700,11.05,48,2023-10-09,2027-09-18,Active
13656,12519,3636,107,Home,82400,8.34,84,2024-09-09,2031-08-04,Active
13657,12520,3414,132,Auto,639500,13.21,84,2023-10-01,2030-08-25,Active
13658,12522,1453,127,Auto,473900,9.65,60,2024-04-26,2029-03-31,Closed
13659,12523,3544,118,Personal,828500,11.18,12,2025-03-10,2026-03-05,Active
13660,12525,5285,141,Personal,553200,9.45,240,2023-09-10,2043-05-28,Active
13661,12526,4632,147,Auto,378100,10.74,120,2025-11-21,2035-09-30,Active
13662,12527,4972,111,Business,1127400,9.12,60,2023-11-29,2028-11-02,Active
13663,12529,5580,139,Auto,2576000,11.09,36,2024-08-05,2027-07-21,Active
13664,12533,4507,107,Home,267400,8.37,60,2026-01-01,2030-12-06,Default
13665,12534,4617,129,Home,512200,9.4,180,2025-04-12,2040-01-24,Closed
13666,12537,2770,147,Home,6434600,8.81,240,2023-05-11,2043-01-26,Active
13667,12539,5807,104,Business,306100,10.07,180,2025-09-21,2040-07-04,Active
13668,12543,3682,146,Business,255100,14.06,36,2023-07-25,2026-07-09,Default
13669,12544,1237,117,Home,974100,11.21,48,2026-01-11,2029-12-21,Active
13670,12550,3351,150,Personal,475700,10.6,180,2024-10-11,2039-07-25,Active
13671,12552,2297,125,Education,840400,11.87,48,2023-12-24,2027-12-03,Closed
13672,12553,1435,138,Education,3131600,13.67,24,2024-12-25,2026-12-15,Active
13673,12554,4198,137,Auto,2448900,9.52,240,2025-05-06,2045-01-21,Active
13674,12555,3252,110,Business,193300,13.86,180,2024-06-21,2039-04-04,Active
13675,12556,4814,136,Auto,543000,9.12,12,2023-05-20,2024-05-14,Closed
13676,12557,3892,144,Education,585700,14.21,120,2023-09-29,2033-08-07,Active
13677,12558,3587,147,Personal,430400,14.09,240,2023-04-06,2042-12-22,Closed
13678,12559,4162,116,Auto,355900,12.02,240,2023-05-22,2043-02-06,Default
13679,12560,4631,112,Home,421200,10.03,12,2024-04-28,2025-04-23,Default
13680,12561,1627,117,Business,958100,10.52,240,2025-04-19,2045-01-04,Closed
13681,12562,3088,109,Auto,1091200,13.91,240,2023-02-27,2042-11-14,Default
13682,12563,4653,143,Business,224800,7.7,84,2025-03-27,2032-02-19,Closed
13683,12564,1160,140,Personal,139600,13.69,36,2024-08-13,2027-07-29,Active
13684,12565,2124,132,Home,202000,8.13,60,2023-09-16,2028-08-20,Closed
13685,12566,4373,147,Personal,551200,13.93,240,2024-04-15,2044-01-01,Closed
13686,12568,1336,118,Home,608800,14.66,48,2023-07-19,2027-06-28,Active
13687,12570,2404,124,Home,445100,11.36,12,2025-09-19,2026-09-14,Active
13688,12571,5645,108,Home,159000,13.4,24,2025-02-11,2027-02-01,Closed
13689,12572,1500,143,Auto,413200,8.72,36,2024-12-05,2027-11-20,Closed
13690,12575,3880,133,Education,118500,13.56,24,2023-11-12,2025-11-01,Active
13691,12579,3625,148,Auto,647900,12.97,84,2023-10-10,2030-09-03,Closed
13692,12580,1033,112,Personal,2122400,7.98,36,2026-01-10,2028-12-25,Closed
13693,12581,2147,134,Home,548300,11.28,180,2025-10-27,2040-08-09,Closed
13694,12583,4455,103,Personal,382500,13.51,84,2024-06-02,2031-04-27,Closed
13695,12585,5955,140,Business,497200,7.79,24,2023-05-23,2025-05-12,Active
13696,12586,3501,101,Education,1399700,12.6,36,2025-02-23,2028-02-08,Active
13697,12587,4600,129,Personal,1313600,13.81,120,2023-12-12,2033-10-20,Closed
13698,12588,2050,105,Home,288400,9.96,60,2023-11-01,2028-10-05,Active
13699,12589,1690,138,Personal,764700,10.25,84,2023-12-23,2030-11-16,Closed
13700,12590,4126,121,Personal,705700,9.33,84,2025-06-02,2032-04-26,Active
13701,12591,4932,134,Auto,423100,8.59,84,2023-12-02,2030-10-26,Active
13702,12592,5302,130,Personal,170200,15.14,84,2024-06-12,2031-05-07,Default
13703,12594,2827,120,Business,814000,12.98,24,2024-05-12,2026-05-02,Active
13704,12595,4791,131,Auto,474000,7.45,84,2023-10-09,2030-09-02,Active
13705,12598,3080,124,Personal,326200,14.89,84,2024-09-04,2031-07-30,Active
13706,12599,1133,143,Education,1329200,7.98,48,2024-04-23,2028-04-02,Active
13707,12602,3662,140,Business,402600,14.85,240,2025-06-27,2045-03-14,Active
13708,12603,5306,137,Home,562400,10.84,84,2025-09-03,2032-07-28,Default
13709,12604,3257,102,Home,181400,11.13,24,2023-07-05,2025-06-24,Active
13710,12606,5393,110,Personal,312800,11.59,240,2024-12-11,2044-08-28,Closed
13711,12607,4952,143,Personal,178500,7.8,48,2024-04-13,2028-03-23,Closed
13712,12610,1841,130,Personal,501700,12.65,48,2024-09-07,2028-08-17,Default
13713,12613,4771,139,Education,239900,12.56,240,2024-11-21,2044-08-08,Closed
13714,12616,4484,102,Personal,493900,11.91,84,2023-01-28,2029-12-22,Active
13715,12617,2459,137,Business,387400,14.55,180,2025-03-18,2039-12-30,Closed
13716,12618,4235,103,Education,617300,11.07,24,2025-12-28,2027-12-18,Active
13717,12619,4002,112,Home,261700,13.04,24,2026-01-08,2027-12-29,Closed
13718,12621,3366,135,Home,1138900,9.88,12,2024-12-06,2025-12-01,Active
13719,12622,4170,101,Business,965400,14.86,48,2024-11-05,2028-10-15,Active
13720,12624,2908,101,Home,435800,14.92,120,2025-11-28,2035-10-07,Closed
13721,12625,5658,129,Personal,332600,11.1,48,2023-11-03,2027-10-13,Active
13722,12630,1267,136,Education,488700,13.26,48,2025-10-13,2029-09-22,Active
13723,12632,3059,109,Business,841500,8.98,240,2025-07-13,2045-03-30,Active
13724,12633,5577,112,Business,1475600,12.47,84,2023-11-25,2030-10-19,Active
13725,12635,1343,112,Business,243300,7.72,60,2023-09-08,2028-08-12,Active
13726,12636,3809,110,Personal,327800,14.33,36,2023-12-30,2026-12-14,Closed
13727,12638,4133,122,Personal,83200,13.13,120,2024-05-22,2034-03-31,Active
13728,12639,2003,138,Education,66000,15.12,36,2023-02-14,2026-01-29,Closed
13729,12641,5387,119,Home,576000,13.61,180,2025-07-24,2040-05-06,Closed
13730,12644,3571,143,Education,101500,8.56,120,2023-03-03,2033-01-09,Default
13731,12646,5551,113,Education,512000,10.97,48,2024-11-14,2028-10-24,Closed
13732,12647,5969,139,Personal,496600,11.61,240,2025-05-25,2045-02-09,Closed
13733,12649,3124,120,Business,182400,14.04,24,2024-07-26,2026-07-16,Active
13734,12650,3242,150,Business,323400,11.68,24,2025-05-18,2027-05-08,Default
13735,12656,4368,136,Personal,301000,11.05,240,2024-05-09,2044-01-25,Closed
13736,12657,1168,146,Education,493900,13.06,60,2023-01-30,2028-01-04,Active
13737,12658,3227,147,Business,1434400,12.46,60,2024-03-26,2029-02-28,Closed
13738,12659,4305,136,Personal,1002700,13.36,60,2024-10-03,2029-09-07,Closed
13739,12660,3441,126,Auto,1667100,11.04,240,2025-10-19,2045-07-06,Active
13740,12661,4735,124,Business,382800,13.15,48,2025-10-23,2029-10-02,Closed
13741,12666,4851,115,Education,240400,15.25,84,2025-04-28,2032-03-22,Closed
13742,12667,5368,140,Auto,386600,8.54,24,2025-07-29,2027-07-19,Default
13743,12668,4968,144,Home,213700,7.44,180,2023-11-29,2038-09-11,Active
13744,12669,3717,135,Personal,3089200,11.85,180,2025-11-28,2040-09-10,Active
13745,12671,2089,120,Home,390900,8.35,84,2024-12-04,2031-10-29,Closed
13746,12673,1091,123,Personal,2068600,8.4,240,2025-01-18,2044-10-05,Closed
13747,12675,1315,121,Auto,447400,12.71,240,2023-12-17,2043-09-03,Active
13748,12676,5622,116,Home,267000,10.59,36,2025-07-31,2028-07-15,Default
13749,12678,3935,134,Business,804200,7.28,240,2023-02-22,2042-11-09,Active
13750,12680,3538,104,Personal,2191700,11.77,12,2025-06-29,2026-06-24,Active
13751,12681,3133,108,Personal,1032800,9.08,240,2024-07-03,2044-03-20,Active
13752,12688,1026,146,Auto,571700,10.69,48,2025-06-07,2029-05-17,Active
13753,12691,1275,118,Home,701900,7.33,36,2023-05-26,2026-05-10,Active
13754,12692,4621,123,Business,1580600,7.54,84,2023-08-02,2030-06-26,Active
13755,12693,1936,118,Auto,442300,8.63,60,2025-11-19,2030-10-24,Closed
13756,12694,4831,137,Personal,578800,13.11,36,2023-10-31,2026-10-15,Active
13757,12695,4200,116,Home,2200200,13.71,180,2024-10-26,2039-08-09,Active
13758,12697,1908,126,Personal,670100,9.92,180,2024-06-24,2039-04-07,Closed
13759,12698,3988,126,Business,377600,8.07,240,2026-01-08,2045-09-25,Active
13760,12700,5528,118,Home,447900,14.96,84,2024-11-04,2031-09-29,Closed
13761,12701,4807,135,Personal,425000,13.69,180,2024-01-01,2038-10-14,Closed
13762,12704,2824,120,Personal,473200,8.4,36,2024-07-29,2027-07-14,Closed
13763,12707,1657,120,Auto,309400,8.93,120,2023-04-10,2033-02-16,Active
13764,12708,3552,132,Business,1016400,7.31,240,2024-09-14,2044-06-01,Default
13765,12710,4895,111,Personal,141600,14.66,180,2023-10-13,2038-07-26,Closed
13766,12713,2292,113,Personal,88900,14.93,24,2024-08-01,2026-07-22,Active
13767,12714,3925,134,Personal,722200,7.7,60,2024-06-11,2029-05-16,Active
13768,12715,4635,113,Education,1145800,8.25,24,2025-06-06,2027-05-27,Closed
13769,12716,1048,128,Auto,1432900,8.75,240,2024-07-16,2044-04-02,Active
13770,12717,3769,107,Education,1158700,8.54,180,2024-11-08,2039-08-22,Active
13771,12718,2514,133,Personal,332400,14.99,12,2024-09-26,2025-09-21,Closed
13772,12720,4703,122,Business,599100,9.22,48,2025-10-11,2029-09-20,Active
13773,12721,5954,127,Home,714200,10.19,84,2024-07-21,2031-06-15,Closed
13774,12722,5097,131,Personal,313000,7.58,12,2024-10-18,2025-10-13,Active
13775,12723,4984,140,Home,653800,12.34,84,2023-01-18,2029-12-12,Active
13776,12725,5911,106,Business,645500,9.26,84,2023-12-06,2030-10-30,Active
13777,12730,2434,140,Home,1399800,9.08,60,2024-05-05,2029-04-09,Closed
13778,12731,3014,129,Home,359400,15.31,12,2025-07-09,2026-07-04,Active
13779,12732,2441,130,Education,695900,7.33,84,2025-12-02,2032-10-26,Active
13780,12733,1363,123,Personal,169900,8.59,48,2023-10-18,2027-09-27,Active
13781,12734,2300,135,Personal,3381100,11.36,12,2026-01-05,2026-12-31,Closed
13782,12735,2253,132,Home,125500,11.78,12,2025-06-26,2026-06-21,Active
13783,12736,1333,146,Personal,80700,13.06,24,2024-12-14,2026-12-04,Default
13784,12737,5680,105,Education,1638400,8.78,240,2024-03-22,2043-12-08,Active
13785,12738,4538,103,Personal,1459000,10.35,84,2024-08-31,2031-07-26,Active
13786,12741,3315,142,Personal,1078000,9.44,24,2024-06-15,2026-06-05,Active
13787,12742,2591,139,Personal,273400,14.09,180,2023-03-28,2038-01-08,Active
13788,12743,4302,144,Home,1041700,10.06,48,2023-05-12,2027-04-21,Closed
13789,12745,5655,115,Business,326700,9.22,12,2025-11-27,2026-11-22,Default
13790,12748,1818,102,Education,478000,12.24,48,2023-05-12,2027-04-21,Closed
13791,12751,1361,131,Personal,2720800,7.91,12,2024-08-18,2025-08-13,Closed
13792,12753,5103,133,Business,179400,14.22,180,2023-09-10,2038-06-23,Default
13793,12754,2295,133,Personal,1109000,9.37,12,2025-09-17,2026-09-12,Active
13794,12755,3895,114,Home,156700,14.0,84,2024-04-11,2031-03-06,Active
13795,12756,5617,130,Education,539400,15.43,24,2025-09-15,2027-09-05,Active
13796,12758,2189,134,Personal,663700,7.18,48,2023-07-28,2027-07-07,Closed
13797,12760,1668,147,Home,310700,8.63,84,2025-03-31,2032-02-23,Active
13798,12761,3412,149,Personal,283100,13.35,12,2025-05-17,2026-05-12,Active
13799,12762,3063,129,Personal,45800,7.7,180,2025-07-09,2040-04-21,Closed
13800,12763,4190,108,Personal,325800,10.79,36,2025-06-15,2028-05-30,Closed
13801,12764,5184,113,Home,3253800,8.28,84,2023-02-21,2030-01-15,Closed
13802,12765,1751,149,Personal,1111200,10.99,120,2023-06-24,2033-05-02,Closed
13803,12766,3275,116,Business,823000,7.11,48,2025-02-13,2029-01-23,Closed
13804,12767,4898,125,Personal,146900,8.28,48,2023-03-14,2027-02-21,Active
13805,12768,4727,143,Home,345800,9.34,24,2025-06-08,2027-05-29,Closed
13806,12769,2268,140,Education,556100,8.68,24,2024-07-05,2026-06-25,Closed
13807,12770,1421,133,Personal,2566600,10.07,12,2025-08-30,2026-08-25,Active
13808,12771,5098,139,Education,70700,8.23,120,2025-04-03,2035-02-10,Closed
13809,12774,5732,103,Personal,586100,13.98,12,2023-02-26,2024-02-21,Active
13810,12776,4655,113,Personal,490200,11.42,60,2025-11-16,2030-10-21,Closed
13811,12777,5676,138,Education,2470000,9.64,60,2025-08-16,2030-07-21,Active
13812,12779,4854,146,Home,207100,9.51,240,2024-06-04,2044-02-20,Active
13813,12781,5842,113,Personal,234800,9.07,240,2025-03-03,2044-11-18,Closed
13814,12782,4885,126,Home,138400,11.29,12,2023-12-10,2024-12-04,Closed
13815,12783,2354,134,Home,117500,11.52,84,2024-09-14,2031-08-09,Active
13816,12785,1771,111,Home,895000,15.43,36,2023-01-30,2026-01-14,Active
13817,12786,3124,133,Personal,86700,12.35,12,2024-03-15,2025-03-10,Active
13818,12788,4462,121,Home,434600,11.52,180,2023-11-30,2038-09-12,Closed
13819,12789,2774,123,Auto,247400,7.33,84,2024-12-03,2031-10-28,Active
13820,12790,3677,140,Personal,679700,11.68,60,2025-12-06,2030-11-10,Default
13821,12791,5137,121,Education,292100,11.21,84,2023-03-17,2030-02-08,Closed
13822,12793,5542,139,Personal,756100,14.62,36,2024-07-26,2027-07-11,Default
13823,12795,2674,146,Personal,207200,13.14,240,2023-01-22,2042-10-09,Active
13824,12798,3058,118,Home,283300,11.08,84,2023-03-21,2030-02-12,Active
13825,12799,1561,111,Personal,248100,8.94,240,2025-05-24,2045-02-08,Closed
13826,12800,1915,117,Education,68900,13.07,84,2024-04-17,2031-03-12,Closed
13827,12803,2175,149,Home,241000,9.44,36,2025-01-02,2027-12-18,Default
13828,12805,5546,142,Personal,1451400,10.0,24,2025-09-08,2027-08-29,Active
13829,12807,3686,101,Business,1527100,12.89,48,2024-06-05,2028-05-15,Active
13830,12812,3493,103,Home,1236400,9.66,12,2023-09-18,2024-09-12,Active
13831,12814,3633,105,Business,989900,9.52,60,2023-04-03,2028-03-07,Active
13832,12815,2616,124,Education,744100,10.76,120,2024-03-10,2034-01-17,Active
13833,12816,2032,139,Home,1442900,12.64,48,2024-07-27,2028-07-06,Closed
13834,12817,2193,132,Business,385500,15.01,48,2025-03-27,2029-03-06,Closed
13835,12818,5846,118,Business,746200,8.26,36,2024-05-23,2027-05-08,Closed
13836,12819,3200,141,Business,122900,9.15,24,2025-11-05,2027-10-26,Active
13837,12821,4033,146,Home,619600,15.38,36,2024-10-25,2027-10-10,Closed
13838,12822,4840,145,Auto,200200,12.25,240,2025-08-24,2045-05-11,Active
13839,12823,2351,140,Personal,265800,7.08,48,2023-10-22,2027-10-01,Active
13840,12825,5687,148,Personal,387400,14.6,240,2026-01-16,2045-10-03,Closed
13841,12827,2152,120,Business,339600,9.4,48,2023-06-02,2027-05-12,Active
13842,12828,2407,102,Home,814800,11.68,84,2024-12-20,2031-11-14,Closed
13843,12830,1552,108,Business,579500,10.12,12,2023-08-03,2024-07-28,Active
13844,12831,2051,102,Auto,467100,8.48,120,2024-12-03,2034-10-12,Active
13845,12833,4380,143,Personal,1827700,12.12,36,2025-08-24,2028-08-08,Closed
13846,12834,2767,118,Home,484400,8.83,84,2024-09-16,2031-08-11,Default
13847,12836,1179,110,Personal,269400,8.94,180,2023-03-10,2037-12-21,Default
13848,12837,1257,103,Business,1013600,13.82,180,2025-11-04,2040-08-17,Active
13849,12839,5853,144,Business,347500,12.47,180,2025-10-15,2040-07-28,Active
13850,12840,3737,102,Business,310400,14.81,180,2023-12-04,2038-09-16,Active
13851,12841,2480,148,Auto,579300,10.72,36,2025-01-28,2028-01-13,Closed
13852,12844,4617,134,Personal,5412300,11.29,180,2024-01-01,2038-10-14,Closed
13853,12847,4040,106,Home,123600,7.59,24,2025-10-06,2027-09-26,Default
13854,12848,4383,147,Personal,479100,10.06,84,2025-07-17,2032-06-10,Closed
13855,12849,1748,143,Home,555500,7.41,48,2025-01-21,2028-12-31,Active
13856,12850,3761,121,Home,198600,9.98,24,2024-07-11,2026-07-01,Closed
13857,12851,3711,116,Home,2578000,10.47,60,2024-02-15,2029-01-19,Closed
13858,12852,5894,146,Home,349300,8.47,36,2024-07-12,2027-06-27,Closed
13859,12854,1096,116,Business,392200,14.27,60,2023-03-17,2028-02-19,Closed
13860,12855,5440,102,Business,1083900,9.86,240,2023-12-10,2043-08-27,Active
13861,12861,5372,116,Education,2128300,7.47,36,2025-08-09,2028-07-24,Active
13862,12862,2836,132,Auto,133100,10.32,12,2023-07-23,2024-07-17,Closed
13863,12863,4858,138,Personal,2118900,11.66,36,2023-07-13,2026-06-27,Closed
13864,12866,1602,116,Home,107200,11.06,240,2025-02-03,2044-10-21,Active
13865,12867,4513,108,Home,274700,11.79,180,2025-09-24,2040-07-07,Active
13866,12872,1272,147,Personal,2008400,14.5,12,2024-04-04,2025-03-30,Closed
13867,12873,4943,127,Auto,492800,7.25,12,2023-03-02,2024-02-25,Closed
13868,12874,5065,104,Personal,328600,13.71,120,2023-12-24,2033-11-01,Active
13869,12876,5419,132,Auto,206900,10.2,84,2023-01-15,2029-12-09,Active
13870,12878,1193,121,Personal,408000,10.26,36,2025-01-24,2028-01-09,Closed
13871,12879,1508,114,Home,652600,12.02,48,2025-09-26,2029-09-05,Active
13872,12880,2162,150,Home,347300,12.05,48,2025-01-01,2028-12-11,Default
13873,12881,4523,105,Personal,202600,7.9,240,2024-05-23,2044-02-08,Closed
13874,12885,2659,124,Home,174400,12.39,84,2023-09-10,2030-08-04,Default
13875,12887,5532,130,Auto,2150600,8.49,48,2024-12-18,2028-11-27,Closed
13876,12888,5234,136,Business,188100,9.51,24,2023-12-26,2025-12-15,Active
13877,12889,4804,121,Personal,61700,11.11,60,2024-03-22,2029-02-24,Closed
13878,12890,4834,130,Business,533100,12.67,24,2023-05-03,2025-04-22,Closed
13879,12892,4945,124,Personal,218200,13.44,12,2025-03-19,2026-03-14,Closed
13880,12897,3904,123,Personal,568200,13.11,12,2024-03-25,2025-03-20,Active
13881,12898,2098,132,Education,755000,11.42,84,2025-01-15,2031-12-10,Default
13882,12900,2053,126,Auto,902300,8.45,240,2024-11-09,2044-07-27,Active
13883,12902,2730,120,Business,760600,12.75,60,2023-02-28,2028-02-02,Closed
13884,12903,2992,134,Personal,507900,15.3,240,2025-08-13,2045-04-30,Active
13885,12904,5918,102,Personal,118700,13.94,48,2024-02-18,2028-01-28,Closed
13886,12906,2298,109,Personal,1176400,10.66,84,2025-01-05,2031-11-30,Closed
13887,12908,2745,145,Personal,510900,10.9,36,2023-07-10,2026-06-24,Active
13888,12909,5382,115,Business,136500,15.11,120,2025-10-11,2035-08-20,Closed
13889,12911,4741,102,Personal,887400,7.58,48,2024-10-22,2028-10-01,Active
13890,12914,3698,101,Education,664000,12.04,84,2025-10-25,2032-09-18,Closed
13891,12915,1633,147,Education,351400,8.2,84,2023-05-22,2030-04-15,Active
13892,12916,4818,121,Business,812800,7.64,48,2024-01-01,2027-12-11,Default
13893,12917,5662,109,Business,697300,9.42,24,2024-09-29,2026-09-19,Active
13894,12918,5421,148,Education,1546100,8.95,24,2023-03-20,2025-03-09,Active
13895,12919,5119,141,Education,795400,7.39,84,2025-08-07,2032-07-01,Active
13896,12920,1223,127,Home,231200,14.25,240,2024-01-29,2043-10-16,Active
13897,12922,5884,138,Personal,412600,14.1,84,2024-06-13,2031-05-08,Closed
13898,12925,1771,148,Personal,408100,12.79,240,2025-12-01,2045-08-18,Active
13899,12927,4335,150,Education,437700,13.53,24,2025-01-06,2026-12-27,Closed
13900,12928,3433,120,Auto,222400,7.57,180,2024-03-21,2039-01-02,Active
13901,12931,4751,122,Home,408900,9.32,120,2024-08-23,2034-07-02,Default
13902,12933,5867,117,Home,55500,12.03,36,2025-06-11,2028-05-26,Closed
13903,12934,2211,150,Personal,1035500,14.58,24,2023-04-14,2025-04-03,Closed
13904,12936,1352,102,Personal,324000,13.01,180,2024-07-19,2039-05-02,Active
13905,12938,4556,115,Education,396300,7.15,12,2025-10-14,2026-10-09,Closed
13906,12941,3835,149,Auto,5999700,9.03,240,2025-04-28,2045-01-13,Closed
13907,12942,2719,109,Auto,361300,10.44,180,2023-09-08,2038-06-21,Active
13908,12943,1319,133,Personal,321400,12.29,24,2023-01-28,2025-01-17,Closed
13909,12945,5564,145,Business,149500,12.65,120,2025-07-13,2035-05-22,Closed
13910,12946,2669,133,Home,1099400,12.19,120,2024-02-22,2033-12-31,Closed
13911,12948,4988,104,Home,1206800,7.6,36,2023-11-23,2026-11-07,Closed
13912,12949,4788,101,Personal,155900,13.44,84,2023-07-19,2030-06-12,Active
13913,12950,4261,109,Home,398800,12.7,36,2023-03-15,2026-02-27,Active
13914,12954,5246,108,Home,329100,8.81,48,2025-03-01,2029-02-08,Default
13915,12955,4164,116,Personal,236300,11.22,180,2023-12-09,2038-09-21,Closed
13916,12956,5810,129,Personal,947900,9.18,48,2024-10-17,2028-09-26,Active
13917,12961,1229,144,Business,164300,12.84,180,2023-05-10,2038-02-20,Default
13918,12962,1756,140,Auto,419700,8.84,60,2025-01-09,2029-12-14,Active
13919,12965,4290,110,Auto,264400,7.17,60,2023-05-06,2028-04-09,Closed
13920,12967,4251,123,Personal,318400,10.67,84,2025-05-02,2032-03-26,Active
13921,12968,4307,110,Home,165600,7.37,24,2025-05-24,2027-05-14,Active
13922,12969,1922,143,Personal,430500,7.37,48,2023-05-04,2027-04-13,Active
13923,12970,1736,130,Personal,105600,8.62,180,2025-05-11,2040-02-22,Active
13924,12971,4403,101,Home,475000,13.13,240,2025-11-02,2045-07-20,Active
13925,12972,5125,148,Personal,590400,15.01,12,2024-03-29,2025-03-24,Closed
13926,12973,4865,116,Education,100800,11.36,240,2025-11-30,2045-08-17,Closed
13927,12974,3197,106,Personal,195300,12.76,24,2023-08-10,2025-07-30,Default
13928,12979,5179,119,Home,472800,7.42,24,2024-10-30,2026-10-20,Closed
13929,12981,2828,134,Personal,198100,13.72,12,2024-06-19,2025-06-14,Closed
13930,12983,4046,149,Auto,444900,10.81,180,2023-10-22,2038-08-04,Closed
13931,12985,4753,117,Business,260800,11.1,36,2024-01-20,2027-01-04,Active
13932,12986,1331,149,Home,5192000,13.82,240,2024-07-04,2044-03-21,Closed
13933,12987,1349,111,Home,1136200,7.99,24,2024-03-15,2026-03-05,Closed
13934,12989,2752,129,Business,836600,10.87,60,2025-07-01,2030-06-05,Closed
13935,12991,5265,135,Business,768000,11.58,120,2024-10-22,2034-08-31,Active
13936,12992,2722,128,Personal,188600,12.21,120,2025-12-30,2035-11-08,Active
13937,12994,4258,113,Home,219300,13.01,48,2025-07-20,2029-06-29,Closed
13938,12999,1027,104,Business,1232400,12.36,24,2024-11-18,2026-11-08,Default
13939,13000,3619,116,Auto,707100,14.21,84,2025-07-12,2032-06-05,Default
