application_id,customer_id,application_date,loan_type,requested_amount,approval_status,rejection_reason
5001,4517,2023-12-22,Business,245500,Approved,
5002,2907,2025-09-13,Education,715600,Rejected,Incomplete Documents
5003,2263,2024-11-29,Personal,460400,Rejected,Low Credit Score
5004,1558,2024-11-26,Personal,383400,Approved,
5005,4363,2025-10-14,Personal,1877600,Pending,
5006,5162,2023-11-24,Home,149500,Approved,
5007,1290,2024-04-13,Business,954200,Approved,
5008,3275,2024-12-28,Personal,269500,Approved,
5009,4871,2024-10-18,Home,235400,Pending,
5010,4596,2024-01-13,Auto,495800,Approved,
5011,5271,2024-01-07,Education,2585100,Approved,
5012,4293,2025-02-06,Business,633500,Approved,
5013,4713,2023-11-22,Auto,1322800,Pending,
5014,1847,2024-04-11,Home,201000,Approved,
5015,3810,2025-10-21,Personal,619200,Approved,
5016,3318,2024-11-08,Personal,587200,Pending,
5017,3954,2024-06-21,Home,83800,Approved,
5018,5931,2023-10-08,Personal,1173600,Approved,
5019,3388,2024-09-19,Education,272100,Pending,
5020,3944,2024-05-11,Personal,1636900,Approved,
5021,5983,2023-02-27,Business,247400,Approved,
5022,2920,2024-03-04,Education,1658000,Approved,
5023,1859,2023-01-22,Auto,938700,Approved,
5024,2140,2023-09-26,Personal,3839200,Approved,
5025,2035,2024-08-31,Home,1196600,Approved,
5026,3947,2023-02-24,Business,562500,Rejected,Incomplete Documents
5027,1167,2024-07-21,Auto,1980800,Approved,
5028,3010,2024-02-14,Home,472100,Approved,
5029,3611,2024-05-04,Home,157300,Approved,
5030,2824,2023-04-26,Auto,302600,Approved,
5031,2972,2023-03-25,Personal,441100,Pending,
5032,1328,2023-10-21,Home,1207000,Approved,
5033,4597,2025-08-27,Home,564200,Approved,
5034,1821,2024-04-11,Personal,866500,Approved,
5035,4893,2024-04-09,Education,687500,Rejected,Insufficient Income
5036,5495,2023-04-18,Home,881800,Rejected,Incomplete Documents
5037,5533,2024-07-18,Auto,392800,Rejected,Incomplete Documents
5038,4193,2024-01-18,Home,281900,Approved,
5039,3858,2025-03-01,Education,545100,Rejected,Low Credit Score
5040,5893,2023-06-09,Business,1090200,Approved,
5041,3779,2023-08-18,Personal,518000,Approved,
5042,3683,2024-06-15,Auto,398700,Approved,
5043,5622,2024-01-25,Personal,584100,Pending,
5044,1489,2025-10-23,Business,387500,Approved,
5045,2789,2023-11-25,Personal,1062100,Approved,
5046,5846,2023-02-02,Personal,515000,Pending,
5047,2391,2025-07-20,Personal,1315700,Approved,
5048,2339,2025-04-11,Home,748900,Rejected,Insufficient Income
5049,2134,2024-01-31,Home,334500,Approved,
5050,3922,2024-12-02,Personal,285400,Approved,
5051,5652,2023-10-09,Home,142500,Approved,
5052,3457,2025-03-15,Personal,729500,Approved,
5053,4163,2023-05-19,Personal,458000,Approved,
5054,1239,2024-03-28,Personal,464900,Approved,
5055,5413,2024-08-26,Personal,356800,Approved,
5056,1770,2023-12-16,Personal,557700,Approved,
5057,3127,2024-06-14,Personal,217500,Approved,
5058,5087,2023-04-19,Business,1241200,Rejected,Insufficient Income
5059,5426,2024-12-23,Home,513900,Approved,
5060,1777,2024-05-13,Home,307400,Rejected,High Existing Debt
5061,4779,2023-02-26,Business,978000,Approved,
5062,2734,2024-09-25,Personal,428300,Rejected,Incomplete Documents
5063,3949,2023-09-11,Personal,62600,Approved,
5064,2694,2025-04-28,Personal,4331000,Approved,
5065,3519,2023-05-25,Home,1075600,Rejected,Incomplete Documents
5066,4134,2025-02-21,Education,1738700,Approved,
5067,5231,2025-08-23,Home,281700,Rejected,Incomplete Documents
5068,1947,2023-06-17,Auto,982500,Rejected,Insufficient Income
5069,5256,2023-05-19,Home,425800,Rejected,High Existing Debt
5070,5938,2024-01-13,Auto,901600,Pending,
5071,3803,2023-09-26,Business,395800,Approved,
5072,2125,2023-12-03,Personal,2086100,Approved,
5073,2249,2025-11-17,Personal,750400,Approved,
5074,1555,2024-04-10,Personal,571700,Approved,
5075,2389,2025-08-01,Personal,634700,Approved,
5076,1415,2025-11-05,Home,408500,Approved,
5077,4648,2025-07-04,Education,388500,Approved,
5078,1840,2023-08-19,Personal,2523900,Approved,
5079,2207,2024-08-25,Auto,188500,Rejected,Incomplete Documents
5080,1656,2023-12-19,Personal,1558100,Approved,
5081,2656,2024-05-28,Personal,260400,Approved,
5082,5873,2023-07-24,Business,343200,Approved,
5083,1979,2024-01-19,Personal,958700,Approved,
5084,1551,2023-11-21,Personal,387900,Approved,
5085,1300,2023-03-11,Personal,598000,Approved,
5086,2321,2024-07-15,Business,305300,Approved,
5087,5684,2023-06-25,Personal,983900,Rejected,Insufficient Income
5088,4017,2024-05-25,Business,221600,Rejected,High Existing Debt
5089,4980,2024-12-21,Personal,774500,Approved,
5090,3096,2024-01-28,Business,2069700,Rejected,High Existing Debt
5091,1205,2023-09-02,Personal,2370300,Rejected,Incomplete Documents
5092,4872,2025-07-24,Home,2154300,Pending,
5093,1422,2023-05-10,Personal,166000,Approved,
5094,2986,2024-08-07,Auto,837800,Rejected,Insufficient Income
5095,2974,2024-08-31,Business,1749700,Approved,
5096,4861,2025-11-08,Home,1092300,Rejected,Low Credit Score
5097,4747,2024-11-03,Auto,135400,Approved,
5098,2704,2024-05-18,Personal,187300,Approved,
5099,5646,2025-01-18,Personal,733200,Approved,
5100,5025,2024-06-25,Personal,1021700,Approved,
5101,4237,2025-09-25,Personal,1004900,Rejected,Incomplete Documents
5102,4684,2025-06-16,Personal,582000,Approved,
5103,2794,2023-01-03,Personal,410600,Rejected,Low Credit Score
5104,2711,2025-06-20,Home,236900,Approved,
5105,4622,2023-06-09,Personal,706500,Rejected,High Existing Debt
5106,1684,2025-06-13,Personal,4831600,Approved,
5107,1023,2025-04-07,Personal,2218400,Pending,
5108,2433,2023-03-08,Business,943500,Pending,
5109,3489,2024-08-02,Education,1526200,Approved,
5110,4130,2023-08-29,Business,1923900,Approved,
5111,2792,2025-11-06,Personal,1387900,Approved,
5112,2818,2025-01-18,Auto,1139500,Approved,
5113,5783,2024-02-19,Personal,1089900,Rejected,Incomplete Documents
5114,4168,2023-08-09,Auto,239500,Approved,
5115,4496,2024-12-15,Personal,1849700,Rejected,Low Credit Score
5116,5558,2024-12-01,Home,1480600,Approved,
5117,5725,2025-05-13,Business,287200,Approved,
5118,1752,2025-11-29,Auto,253700,Approved,
5119,4427,2024-11-20,Auto,352000,Approved,
5120,1666,2023-07-11,Auto,1960600,Rejected,Incomplete Documents
5121,1308,2024-02-29,Auto,407600,Approved,
5122,2869,2024-03-31,Personal,401200,Approved,
5123,1303,2025-03-21,Home,979800,Approved,
5124,1712,2025-06-11,Home,461400,Approved,
5125,1526,2024-08-28,Personal,321300,Approved,
5126,5143,2024-03-09,Auto,81400,Approved,
5127,1760,2025-01-17,Personal,1954000,Approved,
5128,5702,2024-12-25,Personal,445800,Approved,
5129,3547,2024-10-30,Auto,1612000,Approved,
5130,1106,2025-07-13,Education,415400,Rejected,Insufficient Income
5131,5836,2023-03-21,Personal,138900,Rejected,Low Credit Score
5132,1907,2024-01-06,Auto,541300,Rejected,High Existing Debt
5133,3419,2025-05-14,Business,102800,Approved,
5134,5888,2023-05-02,Home,184100,Pending,
5135,4666,2025-04-13,Auto,385400,Approved,
5136,1070,2025-12-03,Business,443200,Approved,
5137,3926,2023-09-17,Auto,631200,Approved,
5138,5082,2025-03-17,Home,1819700,Approved,
5139,2099,2025-03-27,Personal,405100,Rejected,High Existing Debt
5140,1135,2023-09-18,Home,152800,Approved,
5141,1737,2024-07-10,Business,2370400,Rejected,Low Credit Score
5142,1138,2025-12-19,Business,1163100,Approved,
5143,2877,2024-07-01,Personal,180100,Pending,
5144,4959,2025-07-25,Business,1033200,Rejected,Insufficient Income
5145,2438,2025-10-30,Home,456700,Approved,
5146,3288,2025-03-14,Home,299900,Approved,
5147,1217,2023-04-13,Auto,625100,Rejected,Insufficient Income
5148,3929,2025-06-28,Business,592600,Approved,
5149,4084,2025-04-23,Auto,628400,Approved,
5150,1387,2025-02-23,Business,507700,Approved,
5151,1923,2024-06-16,Personal,208900,Rejected,Insufficient Income
5152,5691,2024-05-15,Personal,620300,Approved,
5153,3888,2023-04-07,Business,314100,Rejected,Low Credit Score
5154,1036,2025-04-01,Home,251800,Approved,
5155,1829,2024-02-01,Personal,341000,Rejected,Incomplete Documents
5156,2636,2024-07-15,Personal,247700,Pending,
5157,4538,2024-05-10,Home,305900,Approved,
5158,5807,2023-09-14,Personal,281500,Pending,
5159,4265,2023-07-24,Personal,90300,Rejected,Low Credit Score
5160,3369,2024-05-13,Personal,728100,Approved,
5161,5819,2023-07-11,Auto,381800,Approved,
5162,4458,2023-07-12,Home,594200,Rejected,Insufficient Income
5163,3830,2023-08-26,Business,735200,Rejected,Insufficient Income
5164,4395,2023-08-13,Personal,672900,Rejected,Incomplete Documents
5165,4939,2025-02-11,Education,791100,Approved,
5166,2485,2025-08-22,Personal,560700,Approved,
5167,3033,2024-09-10,Personal,718400,Pending,
5168,1323,2023-02-26,Business,161300,Approved,
5169,2161,2024-06-03,Home,560000,Approved,
5170,3952,2025-05-22,Home,548500,Approved,
5171,2693,2024-01-30,Auto,447600,Rejected,High Existing Debt
5172,2974,2025-08-15,Personal,584100,Approved,
5173,3983,2023-06-07,Auto,205200,Rejected,Incomplete Documents
5174,4070,2023-05-07,Personal,482500,Approved,
5175,2825,2025-09-10,Home,575300,Approved,
5176,3967,2023-08-25,Auto,1756500,Approved,
5177,3943,2023-11-29,Home,565000,Pending,
5178,3216,2025-11-25,Personal,299700,Rejected,Insufficient Income
5179,3406,2024-09-16,Personal,108700,Approved,
5180,4131,2025-06-28,Home,507000,Pending,
5181,3916,2023-04-28,Home,778800,Rejected,High Existing Debt
5182,2984,2024-04-29,Personal,557600,Approved,
5183,2848,2025-03-26,Business,1228500,Pending,
5184,1683,2024-02-25,Personal,215100,Approved,
5185,3296,2025-03-20,Auto,271500,Pending,
5186,5922,2024-02-15,Home,3106000,Rejected,High Existing Debt
5187,4070,2023-11-18,Home,593400,Approved,
5188,4968,2023-10-30,Auto,414000,Approved,
5189,4468,2025-04-23,Education,440700,Rejected,High Existing Debt
5190,1932,2024-06-07,Home,343200,Rejected,High Existing Debt
5191,4017,2024-03-26,Business,1213800,Approved,
5192,3529,2024-06-21,Business,291900,Approved,
5193,1646,2024-02-15,Business,483500,Approved,
5194,5289,2023-04-19,Home,241900,Approved,
5195,1500,2025-11-02,Personal,50000,Approved,
5196,5248,2025-01-27,Education,403600,Rejected,Insufficient Income
5197,1669,2025-04-03,Education,521900,Rejected,Incomplete Documents
5198,3317,2024-03-28,Personal,488000,Approved,
5199,5671,2023-06-20,Business,2160500,Approved,
5200,3039,2025-01-31,Auto,655700,Approved,
5201,1317,2023-12-05,Business,897700,Approved,
5202,3648,2023-02-28,Personal,3305800,Approved,
5203,1987,2024-05-21,Auto,1131500,Pending,
5204,5292,2024-04-24,Personal,264500,Approved,
5205,5474,2024-10-30,Auto,272900,Approved,
5206,3166,2025-08-02,Personal,181400,Approved,
5207,2938,2025-10-20,Personal,1584100,Approved,
5208,4871,2024-03-23,Business,4730300,Approved,
5209,4767,2025-06-01,Personal,857600,Approved,
5210,5335,2023-08-01,Auto,461100,Rejected,High Existing Debt
5211,1382,2023-04-09,Business,2254600,Approved,
5212,3841,2024-10-19,Personal,1494300,Approved,
5213,2656,2025-12-08,Auto,275600,Rejected,Low Credit Score
5214,1664,2023-06-24,Education,571400,Rejected,High Existing Debt
5215,1502,2025-06-19,Personal,707600,Approved,
5216,1620,2025-03-15,Personal,436600,Rejected,Low Credit Score
5217,2920,2024-05-03,Education,386000,Approved,
5218,4627,2025-10-26,Auto,1197300,Approved,
5219,1217,2024-07-07,Home,1948700,Approved,
5220,4043,2024-06-11,Business,1603300,Approved,
5221,3662,2024-12-28,Personal,1121900,Rejected,Incomplete Documents
5222,1330,2023-03-14,Personal,2815300,Approved,
5223,1936,2023-03-08,Home,386600,Approved,
5224,2465,2024-08-15,Personal,415800,Pending,
5225,1423,2023-01-27,Home,980800,Rejected,Incomplete Documents
5226,3654,2024-07-29,Auto,889600,Approved,
5227,4346,2024-03-09,Personal,338400,Approved,
5228,2182,2023-02-25,Education,476000,Approved,
5229,2691,2023-09-24,Auto,433500,Approved,
5230,5796,2025-02-07,Personal,486200,Approved,
5231,4505,2024-07-02,Personal,974100,Rejected,Incomplete Documents
5232,5209,2023-04-11,Auto,591900,Approved,
5233,5638,2024-10-06,Education,96000,Approved,
5234,1941,2024-04-12,Home,721500,Approved,
5235,2781,2023-01-23,Business,732500,Approved,
5236,4510,2024-11-27,Home,1226400,Rejected,High Existing Debt
5237,4472,2023-11-23,Personal,702100,Approved,
5238,3001,2024-07-30,Personal,857400,Approved,
5239,1018,2025-07-09,Personal,112100,Approved,
5240,1159,2024-10-20,Personal,608800,Pending,
5241,2034,2024-06-20,Home,639100,Approved,
5242,5969,2024-01-15,Home,1114600,Pending,
5243,1565,2025-04-29,Business,1381300,Approved,
5244,1699,2023-05-06,Education,458300,Approved,
5245,4127,2024-03-17,Education,2701200,Approved,
5246,2769,2025-04-08,Personal,744300,Rejected,High Existing Debt
5247,4228,2023-02-13,Business,777200,Approved,
5248,1890,2024-10-22,Home,594000,Approved,
5249,1391,2023-07-18,Home,284700,Approved,
5250,3810,2024-10-14,Home,497900,Approved,
5251,3173,2023-11-04,Auto,871300,Approved,
5252,4700,2024-04-18,Home,1011000,Approved,
5253,3267,2023-08-24,Personal,607500,Rejected,Low Credit Score
5254,5377,2023-08-13,Home,227300,Rejected,Low Credit Score
5255,3488,2023-12-26,Education,276100,Rejected,Insufficient Income
5256,4112,2024-02-28,Business,2792100,Rejected,High Existing Debt
5257,3519,2025-10-11,Business,651500,Rejected,Low Credit Score
5258,2400,2025-12-13,Home,1607100,Approved,
5259,2215,2024-10-28,Personal,4539900,Approved,
5260,3482,2023-12-01,Auto,198700,Rejected,Low Credit Score
5261,3059,2025-06-17,Home,258600,Approved,
5262,1415,2024-08-27,Education,621900,Approved,
5263,4920,2023-04-05,Business,312700,Rejected,Insufficient Income
5264,5664,2023-11-11,Home,591700,Approved,
5265,3910,2024-05-02,Personal,299600,Approved,
5266,3403,2025-06-06,Personal,433100,Rejected,Incomplete Documents
5267,2580,2025-11-07,Business,624000,Approved,
5268,2745,2024-10-25,Personal,283200,Approved,
5269,1261,2025-04-08,Auto,705800,Rejected,Insufficient Income
5270,5676,2024-09-28,Home,354100,Approved,
5271,1970,2025-06-04,Education,426000,Approved,
5272,1095,2025-08-10,Home,995500,Rejected,Insufficient Income
5273,4793,2024-11-17,Auto,722800,Rejected,Incomplete Documents
5274,5082,2023-08-09,Education,1034100,Approved,
5275,5422,2025-05-29,Personal,889400,Approved,
5276,1875,2023-02-06,Home,239100,Approved,
5277,4508,2025-08-29,Business,497200,Approved,
5278,3719,2025-10-20,Personal,351900,Approved,
5279,5190,2023-07-24,Personal,579800,Approved,
5280,1336,2023-09-28,Education,451700,Approved,
5281,2525,2023-07-01,Auto,957400,Rejected,High Existing Debt
5282,1164,2024-09-22,Personal,1317100,Approved,
5283,3942,2024-07-27,Personal,372400,Rejected,High Existing Debt
5284,5464,2023-10-08,Home,381500,Approved,
5285,1319,2025-11-01,Personal,1490600,Approved,
5286,2279,2024-09-28,Personal,1835100,Pending,
5287,2855,2025-05-07,Education,872800,Approved,
5288,2809,2023-10-20,Education,275300,Rejected,High Existing Debt
5289,3944,2023-05-17,Business,1123300,Approved,
5290,2444,2023-07-16,Business,1162200,Rejected,Low Credit Score
5291,4766,2024-03-30,Business,1837500,Approved,
5292,1187,2024-09-04,Auto,428600,Approved,
5293,1428,2023-01-07,Auto,2534000,Pending,
5294,2148,2024-01-24,Home,201900,Pending,
5295,5121,2024-11-07,Personal,1218100,Rejected,Incomplete Documents
5296,2827,2025-09-13,Personal,1234500,Approved,
5297,5573,2024-05-27,Education,1319500,Rejected,High Existing Debt
5298,4759,2024-12-18,Personal,109300,Rejected,Incomplete Documents
5299,2681,2024-05-15,Business,176100,Approved,
5300,4808,2024-03-19,Home,1016100,Approved,
5301,1122,2024-04-20,Personal,1263900,Approved,
5302,4295,2025-03-19,Business,421000,Pending,
5303,1983,2025-06-22,Personal,507900,Rejected,Low Credit Score
5304,2254,2025-10-01,Auto,492000,Approved,
5305,1017,2023-02-10,Personal,353400,Approved,
5306,5098,2024-01-14,Personal,4702900,Approved,
5307,1267,2023-04-03,Education,1386300,Approved,
5308,5019,2023-12-31,Education,251800,Approved,
5309,2873,2023-09-15,Education,1152100,Pending,
5310,1251,2025-09-16,Home,226100,Approved,
5311,5373,2025-07-04,Business,518200,Approved,
5312,4607,2023-01-30,Home,264300,Approved,
5313,2850,2023-10-13,Personal,136800,Pending,
5314,2721,2023-12-21,Business,832900,Rejected,Incomplete Documents
5315,3272,2024-06-18,Home,568400,Approved,
5316,4623,2025-10-15,Personal,801500,Approved,
5317,1941,2025-07-29,Personal,167600,Approved,
5318,4485,2023-11-01,Education,5201400,Approved,
5319,1473,2024-01-10,Personal,441000,Approved,
5320,1514,2023-09-10,Education,1424700,Approved,
5321,3213,2025-03-26,Home,573300,Rejected,Insufficient Income
5322,1300,2025-12-03,Auto,581900,Pending,
5323,3502,2025-01-21,Business,264900,Approved,
5324,3687,2025-06-11,Home,4024100,Approved,
5325,4903,2024-07-06,Business,4930900,Approved,
5326,4962,2024-10-28,Home,380800,Approved,
5327,3529,2024-04-24,Auto,758400,Approved,
5328,3123,2024-09-01,Home,599500,Approved,
5329,3357,2023-02-26,Auto,1851200,Approved,
5330,5172,2025-02-18,Auto,3022400,Rejected,High Existing Debt
5331,5056,2025-04-29,Education,179200,Approved,
5332,3435,2024-07-25,Personal,87100,Approved,
5333,4347,2024-07-29,Business,404800,Approved,
5334,4005,2025-02-10,Personal,252900,Rejected,High Existing Debt
5335,3795,2025-07-29,Home,438000,Rejected,Low Credit Score
5336,4783,2025-12-20,Personal,1017600,Approved,
5337,5556,2023-09-01,Personal,1643600,Rejected,Low Credit Score
5338,2565,2024-02-19,Personal,586000,Pending,
5339,2864,2024-11-01,Home,1311300,Rejected,Incomplete Documents
5340,2599,2024-07-07,Personal,454400,Rejected,Low Credit Score
5341,5757,2025-08-01,Business,1936300,Pending,
5342,3317,2025-11-09,Auto,193100,Approved,
5343,4569,2024-12-24,Home,676800,Rejected,Low Credit Score
5344,2220,2024-08-30,Home,111100,Approved,
5345,2880,2025-11-05,Home,788500,Approved,
5346,4177,2024-05-21,Personal,776200,Approved,
5347,2801,2025-12-16,Personal,154100,Approved,
5348,2099,2025-01-04,Education,666900,Approved,
5349,2121,2025-11-02,Auto,889200,Approved,
5350,4723,2023-12-29,Education,1573000,Approved,
5351,5124,2024-06-30,Business,2066200,Approved,
5352,4174,2023-11-28,Personal,619400,Rejected,Incomplete Documents
5353,3910,2025-10-10,Personal,836400,Approved,
5354,5215,2025-10-12,Auto,178500,Rejected,Low Credit Score
5355,2608,2025-04-16,Personal,662300,Approved,
5356,4099,2023-04-08,Personal,837000,Approved,
5357,1150,2023-01-11,Education,423400,Approved,
5358,1682,2023-08-02,Business,645600,Approved,
5359,4226,2023-02-09,Personal,875000,Rejected,Insufficient Income
5360,1762,2024-03-14,Personal,206300,Approved,
5361,1183,2024-03-06,Auto,1020000,Approved,
5362,3231,2025-09-14,Education,785200,Rejected,Insufficient Income
5363,1173,2024-03-20,Personal,442100,Approved,
5364,3590,2023-02-03,Home,1347700,Pending,
5365,2858,2023-03-03,Personal,432400,Rejected,Incomplete Documents
5366,1355,2025-09-04,Personal,3364400,Approved,
5367,3202,2024-08-29,Education,1102100,Rejected,Low Credit Score
5368,3433,2023-11-03,Education,581500,Approved,
5369,1733,2023-12-19,Education,1168600,Approved,
5370,1920,2025-12-17,Home,1351700,Approved,
5371,2335,2023-05-03,Auto,260200,Approved,
5372,5650,2023-01-03,Personal,514500,Approved,
5373,4141,2025-11-12,Personal,368600,Rejected,Low Credit Score
5374,1361,2025-03-25,Education,4461700,Rejected,Incomplete Documents
5375,1874,2025-12-07,Personal,142000,Approved,
5376,2087,2023-09-10,Home,1092800,Rejected,Incomplete Documents
5377,1718,2023-11-06,Auto,341000,Rejected,High Existing Debt
5378,3543,2024-06-15,Home,288800,Approved,
5379,5520,2023-07-16,Personal,848800,Approved,
5380,5937,2025-07-24,Personal,677000,Approved,
5381,1255,2024-04-07,Home,1215200,Approved,
5382,4835,2023-01-23,Personal,760900,Approved,
5383,5357,2024-11-30,Auto,297800,Approved,
5384,1523,2025-03-23,Auto,1534100,Rejected,Low Credit Score
5385,3628,2023-02-06,Education,629500,Approved,
5386,1416,2024-02-10,Home,273600,Rejected,Low Credit Score
5387,4077,2025-12-11,Business,284000,Rejected,Incomplete Documents
5388,1918,2025-11-03,Home,430800,Pending,
5389,1206,2024-06-13,Education,2518600,Approved,
5390,3130,2025-02-21,Home,57800,Approved,
5391,2091,2025-03-15,Business,1082100,Pending,
5392,5853,2024-01-21,Home,1014200,Rejected,Low Credit Score
5393,1267,2023-04-29,Auto,1257200,Approved,
5394,5847,2023-02-01,Home,567700,Approved,
5395,2767,2025-01-17,Education,446100,Approved,
5396,2764,2025-01-22,Home,2130500,Approved,
5397,5571,2023-09-03,Auto,179700,Pending,
5398,2510,2023-11-13,Education,222700,Rejected,Incomplete Documents
5399,1153,2025-02-11,Business,98100,Pending,
5400,1554,2025-05-02,Personal,407400,Approved,
5401,5583,2025-03-26,Personal,5605400,Rejected,Low Credit Score
5402,3619,2023-10-23,Education,243600,Rejected,High Existing Debt
5403,3677,2023-03-09,Education,894100,Approved,
5404,4797,2025-05-13,Education,383600,Approved,
5405,4843,2023-02-25,Education,488800,Approved,
5406,2399,2024-10-18,Business,261600,Rejected,High Existing Debt
5407,2772,2023-02-21,Auto,379500,Rejected,Insufficient Income
5408,4429,2024-09-28,Home,274400,Approved,
5409,2057,2025-07-26,Education,2605600,Approved,
5410,1838,2025-09-08,Personal,469000,Approved,
5411,3613,2023-05-08,Home,161400,Approved,
5412,3733,2025-09-01,Auto,1988500,Rejected,Incomplete Documents
5413,1967,2023-01-25,Auto,137000,Rejected,Incomplete Documents
5414,2522,2023-03-02,Personal,1160100,Approved,
5415,3771,2025-06-24,Personal,567500,Approved,
5416,4797,2024-01-23,Personal,1841000,Approved,
5417,2022,2024-10-01,Personal,249100,Approved,
5418,4121,2024-11-01,Personal,1652600,Approved,
5419,4086,2025-03-10,Education,956500,Approved,
5420,4790,2024-10-25,Home,728300,Approved,
5421,4266,2023-11-11,Auto,724500,Rejected,Insufficient Income
5422,3841,2023-07-19,Home,265200,Approved,
5423,2961,2024-12-05,Home,8000000,Pending,
5424,1247,2025-06-16,Personal,640000,Rejected,High Existing Debt
5425,4647,2024-09-27,Home,509500,Approved,
5426,1432,2023-04-26,Education,433500,Approved,
5427,1567,2025-09-16,Business,809200,Approved,
5428,1481,2024-02-13,Home,847600,Approved,
5429,5354,2024-07-18,Business,1076900,Rejected,Insufficient Income
5430,1535,2023-06-19,Home,487300,Rejected,Insufficient Income
5431,5272,2023-09-01,Home,1095200,Approved,
5432,1469,2025-12-20,Education,1445300,Rejected,Insufficient Income
5433,4959,2025-12-18,Personal,2997700,Approved,
5434,3575,2025-07-25,Personal,784400,Pending,
5435,5915,2023-03-16,Home,1435500,Pending,
5436,5248,2024-01-05,Business,247900,Rejected,Incomplete Documents
5437,5920,2023-05-06,Education,474600,Rejected,Insufficient Income
5438,3329,2023-04-26,Business,186200,Rejected,Incomplete Documents
5439,2622,2024-08-22,Home,205900,Rejected,High Existing Debt
5440,3996,2025-05-09,Auto,646700,Approved,
5441,2971,2024-07-15,Education,1036000,Approved,
5442,1431,2025-02-02,Education,965300,Approved,
5443,5094,2024-07-28,Education,321300,Approved,
5444,4664,2023-07-12,Auto,1228800,Approved,
5445,5416,2023-12-21,Home,220700,Approved,
5446,4243,2023-02-27,Business,343600,Rejected,Low Credit Score
5447,3119,2024-05-07,Home,560700,Approved,
5448,2112,2023-04-30,Home,287300,Approved,
5449,5066,2023-07-27,Education,312800,Pending,
5450,5153,2025-04-06,Home,793400,Rejected,High Existing Debt
5451,3215,2025-02-10,Home,416900,Approved,
5452,5727,2024-11-11,Home,531000,Approved,
5453,1797,2024-07-25,Home,2548400,Approved,
5454,4308,2024-06-15,Auto,1211700,Rejected,Incomplete Documents
5455,3970,2023-05-15,Personal,602900,Rejected,High Existing Debt
5456,2422,2023-12-17,Home,353400,Approved,
5457,5628,2024-07-27,Personal,1563500,Pending,
5458,5103,2024-10-05,Education,239100,Approved,
5459,2746,2023-07-19,Auto,430700,Approved,
5460,5075,2023-08-31,Personal,604200,Approved,
5461,3506,2025-05-03,Home,551900,Pending,
5462,1238,2025-10-09,Personal,125800,Approved,
5463,3499,2023-03-31,Personal,708900,Approved,
5464,5588,2024-08-16,Personal,1448100,Rejected,Insufficient Income
5465,1449,2025-11-10,Personal,810000,Rejected,Low Credit Score
5466,4230,2025-12-22,Home,1416000,Rejected,Incomplete Documents
5467,2005,2023-10-30,Business,558000,Approved,
5468,1639,2023-11-21,Personal,1275300,Rejected,High Existing Debt
5469,3251,2025-02-21,Auto,180200,Approved,
5470,3630,2023-09-17,Personal,2535000,Pending,
5471,3908,2025-06-13,Personal,2228600,Approved,
5472,5216,2024-09-17,Auto,1164800,Approved,
5473,5761,2024-03-20,Personal,970200,Approved,
5474,2559,2023-03-24,Auto,94700,Rejected,High Existing Debt
5475,3672,2023-06-03,Personal,234800,Pending,
5476,3961,2024-03-09,Personal,823600,Rejected,Low Credit Score
5477,3228,2024-02-21,Home,302300,Rejected,Insufficient Income
5478,5727,2023-04-12,Personal,1240000,Approved,
5479,5738,2023-06-11,Home,511600,Rejected,Incomplete Documents
5480,1953,2024-10-03,Home,350500,Approved,
5481,2536,2023-10-26,Business,663600,Rejected,Low Credit Score
5482,1493,2023-11-24,Personal,124100,Rejected,High Existing Debt
5483,2617,2024-06-16,Personal,138400,Approved,
5484,3991,2024-07-01,Personal,420400,Rejected,High Existing Debt
5485,4399,2025-06-09,Auto,422100,Approved,
5486,3445,2024-03-01,Auto,464600,Approved,
5487,4584,2023-05-04,Personal,475300,Rejected,Insufficient Income
5488,1790,2025-01-06,Home,50000,Approved,
5489,2130,2025-02-19,Home,755900,Rejected,Incomplete Documents
5490,4964,2023-06-22,Personal,1869700,Approved,
5491,3382,2024-06-04,Auto,276800,Approved,
5492,5755,2025-01-08,Auto,709600,Rejected,Incomplete Documents
5493,2398,2023-06-09,Business,1678300,Rejected,Low Credit Score
5494,4547,2025-08-18,Personal,357400,Rejected,Low Credit Score
5495,3500,2025-05-20,Home,117100,Approved,
5496,5280,2023-03-30,Personal,1810400,Rejected,Incomplete Documents
5497,4160,2024-11-22,Home,248400,Approved,
5498,5677,2024-03-25,Home,512100,Rejected,Low Credit Score
5499,5718,2023-05-12,Auto,232700,Approved,
5500,5268,2023-03-04,Business,246900,Approved,
5501,3426,2023-04-18,Home,284200,Pending,
5502,3225,2023-11-17,Personal,938200,Rejected,Incomplete Documents
5503,5707,2025-10-02,Personal,1233300,Rejected,Insufficient Income
5504,3084,2023-11-03,Business,1465700,Approved,
5505,2477,2025-01-29,Education,884000,Approved,
5506,1225,2023-10-08,Personal,258900,Approved,
5507,3041,2023-07-27,Personal,315700,Pending,
5508,3978,2025-03-19,Personal,453100,Approved,
5509,2317,2024-05-31,Personal,1834200,Rejected,Insufficient Income
5510,4545,2025-01-09,Auto,958900,Rejected,Low Credit Score
5511,4365,2025-07-07,Personal,632100,Approved,
5512,3797,2024-09-13,Home,970500,Approved,
5513,2672,2023-06-15,Home,181300,Rejected,Incomplete Documents
5514,3814,2025-06-19,Home,5211500,Rejected,Insufficient Income
5515,5463,2025-12-20,Auto,289700,Approved,
5516,2507,2024-10-03,Business,406000,Approved,
5517,1833,2023-01-03,Personal,236500,Rejected,Insufficient Income
5518,2024,2024-10-08,Home,195700,Approved,
5519,2411,2023-12-12,Auto,348800,Approved,
5520,2213,2024-03-09,Auto,847400,Rejected,Incomplete Documents
5521,5088,2025-08-13,Education,668600,Rejected,High Existing Debt
5522,5912,2025-08-18,Auto,210900,Pending,
5523,3249,2024-12-05,Auto,149100,Rejected,Low Credit Score
5524,1175,2023-12-19,Auto,141200,Pending,
5525,3190,2023-03-03,Education,1481000,Approved,
5526,4347,2025-09-25,Business,1930600,Approved,
5527,3238,2024-05-22,Home,655200,Rejected,High Existing Debt
5528,2637,2023-02-22,Auto,717300,Approved,
5529,1858,2024-02-03,Business,208700,Pending,
5530,3829,2025-03-14,Education,850400,Approved,
5531,2569,2024-01-29,Home,411000,Approved,
5532,2652,2024-05-13,Education,50000,Approved,
5533,4169,2024-12-24,Personal,177200,Approved,
5534,3377,2023-03-10,Home,2124200,Approved,
5535,4791,2024-04-20,Home,1454900,Approved,
5536,4013,2023-04-08,Business,543000,Approved,
5537,2397,2023-01-16,Auto,774900,Approved,
5538,4583,2024-02-14,Business,391200,Approved,
5539,3823,2023-07-03,Education,416200,Approved,
5540,3143,2023-07-14,Business,499100,Pending,
5541,3530,2023-02-09,Auto,214800,Rejected,Insufficient Income
5542,3059,2024-12-03,Personal,998700,Approved,
5543,2578,2024-03-28,Education,1506900,Rejected,Low Credit Score
5544,1431,2025-09-18,Home,996500,Rejected,Incomplete Documents
5545,4586,2023-03-02,Auto,1341800,Approved,
5546,5433,2024-04-23,Business,592700,Approved,
5547,5471,2023-02-05,Education,178000,Approved,
5548,2119,2024-06-26,Home,669800,Approved,
5549,5126,2023-09-20,Home,1477200,Rejected,Low Credit Score
5550,1898,2023-05-03,Education,1742400,Rejected,Low Credit Score
5551,1842,2023-08-06,Home,1302500,Pending,
5552,3268,2023-10-03,Business,799100,Pending,
5553,4243,2025-07-17,Personal,3215300,Pending,
5554,2888,2025-07-01,Business,754900,Rejected,Low Credit Score
5555,1225,2023-01-06,Education,184300,Approved,
5556,4346,2023-05-03,Auto,372600,Pending,
5557,1408,2025-07-04,Home,669900,Approved,
5558,3206,2023-12-28,Home,95900,Pending,
5559,5805,2024-12-03,Auto,449600,Approved,
5560,5126,2023-02-10,Home,1617500,Pending,
5561,2193,2023-04-24,Education,1977000,Approved,
5562,3867,2023-07-19,Home,748500,Approved,
5563,3392,2023-07-18,Personal,498300,Rejected,Insufficient Income
5564,2423,2023-06-06,Personal,1018400,Approved,
5565,5280,2025-04-29,Business,797300,Approved,
5566,4274,2023-02-13,Business,196800,Approved,
5567,5717,2023-11-19,Auto,469900,Approved,
5568,5417,2023-08-10,Education,881500,Rejected,Incomplete Documents
5569,3050,2023-09-16,Auto,50000,Approved,
5570,3043,2024-08-24,Auto,524800,Approved,
5571,4660,2024-09-06,Business,558900,Pending,
5572,4164,2025-09-20,Education,1207400,Rejected,Incomplete Documents
5573,2194,2024-12-17,Business,218300,Approved,
5574,3819,2025-04-22,Personal,664000,Approved,
5575,2329,2025-05-18,Business,95300,Rejected,Low Credit Score
5576,3643,2023-01-27,Auto,369200,Pending,
5577,5178,2025-10-27,Business,626300,Approved,
5578,2317,2023-12-22,Home,151500,Approved,
5579,5319,2024-07-07,Auto,339600,Rejected,High Existing Debt
5580,1879,2024-07-26,Business,966500,Approved,
5581,2062,2023-10-03,Home,1163200,Pending,
5582,4205,2023-08-09,Business,1098300,Rejected,Low Credit Score
5583,1595,2023-02-20,Home,153700,Approved,
5584,3076,2025-04-21,Business,210700,Approved,
5585,5281,2023-08-28,Personal,540600,Approved,
5586,1668,2023-05-08,Education,395900,Approved,
5587,5645,2025-03-08,Home,494500,Rejected,Insufficient Income
5588,1217,2023-08-17,Personal,303400,Approved,
5589,5704,2023-07-14,Auto,2973200,Approved,
5590,2273,2023-04-11,Home,216400,Pending,
5591,5791,2025-10-24,Education,1205900,Approved,
5592,3788,2025-03-07,Auto,1900700,Rejected,Low Credit Score
5593,5568,2024-12-12,Business,266300,Approved,
5594,2362,2023-06-11,Auto,2167600,Approved,
5595,5481,2024-01-28,Education,2983600,Approved,
5596,5099,2025-01-18,Home,433400,Rejected,Low Credit Score
5597,5193,2023-03-22,Home,903700,Pending,
5598,1597,2025-05-25,Auto,303600,Rejected,Low Credit Score
5599,4982,2023-07-20,Business,2122700,Approved,
5600,3799,2024-12-03,Personal,116500,Pending,
5601,5784,2024-11-12,Home,251300,Pending,
5602,5739,2025-06-01,Personal,1290200,Approved,
5603,4579,2023-08-10,Education,1108200,Rejected,High Existing Debt
5604,5785,2023-01-17,Education,676000,Pending,
5605,5709,2023-08-26,Education,1391700,Approved,
5606,2753,2025-01-18,Home,105600,Rejected,Insufficient Income
5607,1700,2023-12-12,Education,1307700,Approved,
5608,4318,2024-03-25,Home,770100,Approved,
5609,1353,2024-02-21,Business,1183000,Approved,
5610,2842,2023-09-14,Personal,425300,Approved,
5611,1477,2023-02-24,Auto,1763000,Rejected,High Existing Debt
5612,2427,2024-03-14,Personal,1420600,Rejected,High Existing Debt
5613,5091,2023-01-24,Home,506200,Rejected,Low Credit Score
5614,4129,2025-03-06,Auto,359000,Rejected,Incomplete Documents
5615,3470,2023-04-02,Home,693600,Approved,
5616,2070,2024-05-10,Personal,244000,Rejected,Incomplete Documents
5617,1862,2024-07-16,Home,454600,Approved,
5618,1086,2025-06-12,Auto,1699400,Approved,
5619,4460,2024-12-12,Personal,311300,Rejected,Insufficient Income
5620,3642,2023-04-03,Business,238800,Pending,
5621,5274,2024-01-14,Business,2275000,Approved,
5622,2862,2024-12-19,Auto,864000,Approved,
5623,4165,2024-04-23,Home,829400,Approved,
5624,4782,2025-10-25,Personal,689500,Approved,
5625,2250,2024-03-08,Home,287800,Approved,
5626,5563,2023-11-07,Education,2450100,Approved,
5627,1886,2023-02-15,Home,455500,Rejected,Insufficient Income
5628,4978,2025-01-31,Education,92300,Rejected,Insufficient Income
5629,4387,2023-08-12,Personal,398100,Pending,
5630,5985,2023-06-16,Personal,2229000,Approved,
5631,5076,2025-09-25,Home,540800,Approved,
5632,3139,2024-02-10,Auto,1968800,Approved,
5633,4468,2023-11-14,Personal,697500,Rejected,Incomplete Documents
5634,1063,2024-11-01,Home,361100,Rejected,High Existing Debt
5635,5111,2025-07-21,Personal,321900,Rejected,Insufficient Income
5636,2778,2024-10-24,Business,1551700,Pending,
5637,5031,2025-10-09,Home,1048600,Approved,
5638,4063,2025-11-27,Auto,198400,Pending,
5639,2897,2025-10-31,Personal,1147400,Approved,
5640,3781,2024-07-04,Auto,474100,Approved,
5641,4206,2023-02-25,Personal,489500,Approved,
5642,1816,2025-05-18,Personal,2432700,Approved,
5643,2551,2023-04-22,Education,3653000,Approved,
5644,4613,2023-05-28,Personal,306500,Pending,
5645,4514,2024-05-12,Personal,86500,Rejected,Low Credit Score
5646,4672,2024-06-29,Personal,696900,Approved,
5647,3210,2024-09-03,Personal,1553000,Approved,
5648,4070,2025-02-10,Auto,483900,Approved,
5649,1427,2025-02-19,Personal,346100,Rejected,Low Credit Score
5650,1024,2023-02-28,Business,241400,Approved,
5651,2305,2023-11-19,Business,631900,Pending,
5652,4497,2024-05-19,Home,167100,Approved,
5653,3677,2024-03-30,Auto,445100,Approved,
5654,4948,2024-01-13,Home,440900,Approved,
5655,5395,2024-07-10,Personal,953400,Approved,
5656,4079,2023-10-30,Personal,1286100,Approved,
5657,1548,2024-09-15,Home,404400,Rejected,High Existing Debt
5658,3319,2025-01-22,Personal,202800,Pending,
5659,3118,2025-07-15,Home,187200,Approved,
5660,3276,2025-05-29,Home,1380000,Approved,
5661,1197,2023-11-12,Personal,2273300,Approved,
5662,2538,2024-11-24,Education,199400,Approved,
5663,2131,2024-08-28,Auto,3261100,Rejected,Insufficient Income
5664,4232,2023-02-10,Auto,3247100,Rejected,High Existing Debt
5665,1369,2025-12-10,Personal,282200,Pending,
5666,4229,2023-12-10,Personal,521000,Rejected,High Existing Debt
5667,1817,2025-06-24,Home,1165100,Approved,
5668,2492,2024-11-08,Business,577200,Rejected,Insufficient Income
5669,4539,2025-07-19,Personal,427500,Approved,
5670,1720,2025-09-15,Business,1611600,Rejected,Insufficient Income
5671,3763,2024-10-20,Auto,1159800,Rejected,High Existing Debt
5672,4388,2024-11-08,Auto,269900,Approved,
5673,5735,2024-01-11,Personal,992200,Approved,
5674,1796,2023-08-22,Personal,802200,Pending,
5675,3390,2024-07-15,Auto,525800,Approved,
5676,3203,2025-05-09,Business,401300,Approved,
5677,4208,2024-11-04,Education,252200,Rejected,Low Credit Score
5678,3504,2025-06-18,Personal,476300,Rejected,Insufficient Income
5679,2883,2025-12-20,Personal,385400,Approved,
5680,3176,2023-09-04,Personal,969700,Approved,
5681,2403,2025-08-23,Personal,1945100,Approved,
5682,2988,2025-01-01,Education,424700,Approved,
5683,1096,2023-12-24,Auto,771300,Approved,
5684,1815,2024-01-28,Auto,268300,Rejected,Low Credit Score
5685,3661,2024-11-22,Personal,562400,Approved,
5686,2142,2023-12-04,Home,1119400,Approved,
5687,3570,2025-07-15,Auto,528800,Rejected,Incomplete Documents
5688,4189,2025-05-03,Home,444900,Approved,
5689,4420,2025-12-27,Home,430200,Approved,
5690,5320,2024-09-03,Home,814000,Approved,
5691,3296,2025-10-10,Auto,555800,Approved,
5692,5019,2025-04-06,Personal,281200,Approved,
5693,1975,2024-08-13,Home,1578500,Rejected,Incomplete Documents
5694,2862,2023-07-08,Home,347000,Pending,
5695,1649,2025-09-14,Personal,1853600,Rejected,High Existing Debt
5696,1742,2025-05-15,Business,203400,Approved,
5697,2577,2023-06-15,Personal,3849500,Approved,
5698,3600,2023-06-08,Auto,1901700,Rejected,Insufficient Income
5699,5880,2025-12-08,Education,218400,Rejected,High Existing Debt
5700,2788,2024-10-23,Personal,618800,Approved,
5701,4097,2023-08-12,Home,639700,Approved,
5702,1138,2023-07-12,Education,316600,Approved,
5703,3057,2025-12-07,Business,1945300,Approved,
5704,2832,2024-08-26,Home,1308900,Rejected,Low Credit Score
5705,1569,2023-04-15,Home,1418700,Rejected,Insufficient Income
5706,5727,2025-08-19,Home,1329300,Rejected,Low Credit Score
5707,5267,2023-10-08,Home,347900,Approved,
5708,1884,2023-01-21,Personal,836600,Rejected,Insufficient Income
5709,5608,2024-10-02,Home,974000,Approved,
5710,2920,2023-06-23,Home,231700,Approved,
5711,5016,2025-01-22,Personal,402800,Approved,
5712,5471,2023-09-18,Auto,863200,Approved,
5713,2896,2023-06-17,Business,185000,Approved,
5714,1204,2024-07-18,Education,723800,Approved,
5715,5153,2023-08-09,Home,553000,Rejected,High Existing Debt
5716,1657,2024-09-11,Business,160600,Approved,
5717,2049,2025-05-21,Personal,1204200,Approved,
5718,4463,2025-03-07,Personal,3070900,Approved,
5719,4127,2025-06-01,Home,471800,Approved,
5720,4025,2024-10-09,Business,380000,Approved,
5721,4616,2024-07-08,Personal,698600,Approved,
5722,4744,2023-05-23,Personal,1011400,Pending,
5723,3970,2025-09-15,Home,216300,Pending,
5724,1072,2023-12-19,Home,1048900,Approved,
5725,1750,2023-08-16,Auto,637700,Rejected,Low Credit Score
5726,1953,2024-10-20,Personal,133700,Pending,
5727,5613,2024-05-12,Personal,376000,Rejected,High Existing Debt
5728,5123,2025-10-21,Auto,597600,Approved,
5729,5180,2023-06-28,Home,413000,Approved,
5730,3596,2023-06-10,Business,751900,Approved,
5731,1074,2023-11-06,Home,605900,Approved,
5732,5586,2023-02-14,Personal,326600,Approved,
5733,4527,2025-03-29,Auto,2329900,Approved,
5734,4320,2025-11-17,Personal,142900,Approved,
5735,3060,2023-07-31,Home,317800,Rejected,High Existing Debt
5736,4639,2025-07-15,Education,1409200,Approved,
5737,2360,2025-10-25,Business,1041700,Approved,
5738,2278,2023-12-07,Personal,579400,Approved,
5739,3719,2023-07-19,Personal,2382900,Pending,
5740,5699,2024-10-27,Home,291400,Approved,
5741,2002,2023-10-29,Home,1197500,Rejected,High Existing Debt
5742,5928,2023-05-20,Personal,166400,Approved,
5743,2128,2025-01-16,Home,516900,Rejected,High Existing Debt
5744,1603,2023-01-13,Auto,834100,Approved,
5745,5889,2024-01-07,Home,981000,Approved,
5746,2896,2025-10-09,Personal,375700,Approved,
5747,5164,2023-04-12,Personal,205400,Rejected,Incomplete Documents
5748,2525,2025-05-23,Business,3045800,Rejected,Insufficient Income
5749,2707,2025-04-18,Personal,588900,Rejected,Insufficient Income
5750,2167,2025-12-14,Auto,243200,Pending,
5751,2933,2023-04-06,Home,373300,Approved,
5752,2761,2024-02-27,Business,1374800,Approved,
5753,5293,2024-10-29,Auto,1776800,Approved,
5754,1665,2024-10-27,Education,347600,Approved,
5755,4737,2024-05-19,Auto,3594200,Approved,
5756,5108,2023-12-20,Education,375900,Approved,
5757,1963,2023-01-22,Home,351400,Approved,
5758,2053,2023-06-22,Auto,307400,Pending,
5759,1989,2024-10-16,Home,282500,Pending,
5760,1088,2024-03-24,Auto,779800,Pending,
5761,5952,2025-09-21,Business,371900,Approved,
5762,1473,2024-01-23,Home,256000,Approved,
5763,5207,2023-02-03,Personal,401800,Approved,
5764,3469,2023-10-31,Home,1375700,Approved,
5765,5875,2023-03-24,Personal,99800,Approved,
5766,4496,2024-04-28,Personal,1029900,Approved,
5767,1247,2024-01-02,Home,255700,Approved,
5768,3879,2023-11-16,Home,2106300,Approved,
5769,3070,2023-02-18,Personal,2988600,Approved,
5770,5495,2024-09-21,Personal,468700,Approved,
5771,4977,2023-09-28,Personal,2817300,Pending,
5772,2522,2024-04-23,Auto,303200,Pending,
5773,1326,2023-12-12,Personal,187400,Approved,
5774,1602,2025-01-12,Home,133800,Approved,
5775,5742,2025-04-26,Business,151100,Approved,
5776,5448,2023-07-31,Auto,614800,Pending,
5777,1811,2025-07-01,Home,211500,Approved,
5778,1404,2025-06-10,Business,5747100,Approved,
5779,5690,2023-03-21,Business,377200,Approved,
5780,3275,2023-04-22,Home,302100,Approved,
5781,3228,2023-10-05,Personal,364700,Pending,
5782,4018,2024-02-03,Home,893300,Approved,
5783,2439,2024-05-26,Personal,980300,Rejected,Insufficient Income
5784,3884,2025-02-02,Education,1473400,Rejected,Low Credit Score
5785,4385,2023-11-28,Business,771700,Approved,
5786,1664,2023-06-16,Personal,2014200,Rejected,Incomplete Documents
5787,2985,2025-06-17,Personal,624700,Approved,
5788,1154,2024-03-19,Auto,740300,Approved,
5789,4889,2024-05-28,Home,870900,Rejected,High Existing Debt
5790,1733,2024-02-11,Education,552000,Approved,
5791,1806,2025-12-18,Personal,615000,Rejected,Insufficient Income
5792,4108,2024-07-22,Business,293000,Approved,
5793,5218,2025-09-09,Personal,163800,Approved,
5794,1182,2024-12-12,Auto,1819100,Rejected,Insufficient Income
5795,4680,2023-07-20,Personal,509100,Rejected,Low Credit Score
5796,5069,2023-08-25,Home,284800,Rejected,Incomplete Documents
5797,4176,2024-04-23,Education,785800,Approved,
5798,4154,2025-01-29,Auto,1948200,Approved,
5799,2704,2025-03-21,Education,1242500,Rejected,Incomplete Documents
5800,1338,2025-08-15,Business,1421400,Rejected,Low Credit Score
5801,4336,2024-06-02,Business,246500,Rejected,High Existing Debt
5802,5327,2024-02-16,Business,277700,Approved,
5803,5875,2025-01-21,Business,370100,Pending,
5804,4299,2025-02-26,Personal,919000,Approved,
5805,1728,2025-07-26,Personal,996500,Approved,
5806,4572,2024-12-02,Home,645200,Approved,
5807,4021,2025-04-23,Auto,2093400,Approved,
5808,5959,2023-01-12,Personal,665600,Approved,
5809,3938,2025-04-27,Auto,1375200,Rejected,Insufficient Income
5810,5024,2023-06-21,Auto,111800,Rejected,High Existing Debt
5811,3014,2023-11-07,Personal,991200,Approved,
5812,4997,2023-09-02,Personal,4181500,Pending,
5813,2834,2023-12-04,Home,773000,Approved,
5814,5099,2023-03-05,Home,579400,Approved,
5815,2500,2024-12-21,Personal,746800,Pending,
5816,4402,2024-12-27,Auto,657100,Rejected,Low Credit Score
5817,4938,2024-04-10,Personal,225500,Approved,
5818,1908,2023-01-11,Home,809800,Rejected,High Existing Debt
5819,3228,2025-03-01,Auto,398900,Rejected,Insufficient Income
5820,5221,2025-09-10,Auto,522300,Rejected,Insufficient Income
5821,3045,2024-01-05,Personal,324200,Pending,
5822,3694,2025-12-22,Home,1132200,Approved,
5823,3011,2023-03-21,Auto,177400,Pending,
5824,4919,2025-11-18,Home,431300,Approved,
5825,3250,2025-10-16,Home,1622200,Approved,
5826,1664,2025-09-10,Home,1534800,Rejected,Low Credit Score
5827,1328,2023-10-01,Personal,506100,Approved,
5828,1849,2025-08-01,Auto,117700,Pending,
5829,5685,2023-08-29,Home,2294800,Rejected,Low Credit Score
5830,1265,2024-10-26,Auto,475300,Approved,
5831,2467,2023-12-22,Personal,385300,Approved,
5832,1254,2023-10-31,Personal,718100,Rejected,Low Credit Score
5833,2094,2023-12-09,Auto,734700,Rejected,Low Credit Score
5834,5061,2023-06-27,Business,487400,Pending,
5835,4414,2025-11-08,Personal,655200,Approved,
5836,2237,2025-11-30,Home,810100,Pending,
5837,2809,2023-09-18,Auto,195800,Approved,
5838,1610,2024-01-22,Personal,348600,Rejected,High Existing Debt
5839,3010,2023-10-28,Business,1180600,Approved,
5840,3034,2024-08-09,Auto,1974600,Approved,
5841,4195,2023-12-29,Home,1437500,Approved,
5842,1550,2025-01-15,Home,344100,Approved,
5843,2219,2023-06-25,Personal,1243500,Pending,
5844,3318,2024-02-12,Education,317400,Rejected,Low Credit Score
5845,2514,2024-07-13,Home,393900,Approved,
5846,5874,2024-02-14,Auto,239800,Approved,
5847,5295,2023-06-26,Personal,479200,Rejected,Incomplete Documents
5848,3190,2025-01-13,Personal,380400,Pending,
5849,2265,2025-06-18,Home,1672200,Approved,
5850,4198,2023-02-18,Business,198700,Rejected,High Existing Debt
5851,2290,2025-03-22,Education,1089100,Approved,
5852,1355,2023-10-09,Business,2577400,Rejected,Insufficient Income
5853,3865,2024-04-13,Home,469100,Rejected,Incomplete Documents
5854,5030,2025-10-18,Auto,2367000,Pending,
5855,3224,2023-10-23,Home,162000,Approved,
5856,5483,2024-09-05,Home,1972800,Rejected,Low Credit Score
5857,4119,2025-11-08,Education,213800,Approved,
5858,3841,2024-12-22,Personal,637900,Approved,
5859,4719,2024-10-15,Home,191100,Approved,
5860,2869,2025-04-29,Personal,922700,Approved,
5861,5729,2025-04-26,Auto,3700500,Approved,
5862,1167,2023-08-28,Auto,390200,Approved,
5863,4627,2025-06-17,Home,163300,Approved,
5864,5893,2025-05-04,Business,427400,Rejected,Low Credit Score
5865,2127,2024-10-13,Home,1352300,Approved,
5866,1086,2025-10-07,Business,880100,Approved,
5867,4778,2023-07-01,Personal,8000000,Approved,
5868,4798,2025-05-09,Home,611100,Rejected,High Existing Debt
5869,4573,2025-01-07,Home,2075200,Pending,
5870,3715,2023-07-12,Personal,117800,Approved,
5871,3051,2024-01-05,Business,2724100,Rejected,High Existing Debt
5872,3872,2024-05-07,Business,583000,Rejected,Insufficient Income
5873,3927,2025-05-17,Business,555500,Approved,
5874,2048,2025-05-14,Personal,140300,Rejected,Insufficient Income
5875,2844,2024-01-05,Auto,343300,Approved,
5876,4014,2024-10-18,Personal,465900,Approved,
5877,2242,2023-04-26,Home,945800,Approved,
5878,5592,2025-07-18,Home,535400,Rejected,High Existing Debt
5879,3731,2025-04-25,Personal,4339200,Rejected,High Existing Debt
5880,3910,2023-05-01,Personal,108100,Approved,
5881,1590,2025-08-15,Auto,953400,Approved,
5882,5005,2024-12-31,Auto,59500,Approved,
5883,4174,2023-03-20,Personal,563600,Approved,
5884,1030,2025-09-05,Personal,906000,Approved,
5885,4855,2023-05-20,Home,468300,Approved,
5886,1724,2025-03-31,Home,2159600,Rejected,Insufficient Income
5887,5249,2025-01-09,Auto,1144000,Approved,
5888,5774,2023-10-16,Personal,874300,Approved,
5889,3091,2023-11-25,Personal,822800,Approved,
5890,2576,2025-05-21,Business,332000,Approved,
5891,3491,2023-04-10,Auto,477000,Rejected,Incomplete Documents
5892,3199,2025-10-27,Education,4479500,Approved,
5893,4562,2024-01-07,Home,476300,Approved,
5894,5046,2024-06-27,Home,227500,Rejected,Insufficient Income
5895,2127,2024-12-25,Home,2399200,Approved,
5896,4965,2024-05-11,Education,1504200,Pending,
5897,4922,2025-12-18,Personal,525700,Rejected,High Existing Debt
5898,2577,2023-12-01,Home,243700,Rejected,Incomplete Documents
5899,4280,2023-01-30,Business,2119900,Approved,
5900,2418,2023-11-12,Personal,432000,Approved,
5901,5204,2024-04-04,Personal,1121100,Rejected,Low Credit Score
5902,4406,2025-01-03,Business,1474700,Rejected,Incomplete Documents
5903,2532,2023-09-04,Home,557600,Rejected,Low Credit Score
5904,5729,2025-11-18,Auto,1391300,Rejected,Incomplete Documents
5905,2834,2023-06-28,Education,465900,Approved,
5906,5693,2023-10-05,Business,327200,Approved,
5907,5522,2023-11-03,Education,144600,Approved,
5908,4650,2024-01-08,Personal,1466700,Rejected,Incomplete Documents
5909,4654,2024-12-26,Personal,406800,Approved,
5910,1755,2024-03-09,Home,671900,Approved,
5911,4802,2025-12-21,Home,758000,Approved,
5912,4451,2025-12-03,Education,717300,Approved,
5913,3532,2025-05-10,Personal,418000,Approved,
5914,5175,2024-06-06,Personal,397700,Approved,
5915,2266,2024-11-24,Auto,646600,Rejected,Incomplete Documents
5916,1276,2024-11-25,Auto,69000,Rejected,Low Credit Score
5917,3042,2023-03-02,Education,76400,Rejected,Incomplete Documents
5918,4913,2024-04-27,Home,1122300,Approved,
5919,1178,2023-01-22,Auto,2438500,Approved,
5920,1671,2024-05-29,Business,1001300,Pending,
5921,1812,2025-01-20,Personal,2541500,Rejected,High Existing Debt
5922,4048,2024-12-16,Home,1130400,Rejected,Incomplete Documents
5923,2567,2025-10-18,Home,893200,Rejected,High Existing Debt
5924,4036,2025-04-12,Business,190100,Approved,
5925,1331,2025-01-27,Home,800200,Rejected,High Existing Debt
5926,4556,2024-11-13,Education,304200,Approved,
5927,4588,2025-05-07,Personal,176900,Rejected,Low Credit Score
5928,2906,2025-09-20,Home,1058500,Approved,
5929,1174,2024-07-26,Home,733800,Approved,
5930,2846,2024-11-03,Home,767600,Approved,
5931,1092,2023-08-12,Personal,464700,Rejected,Insufficient Income
5932,3558,2024-06-20,Business,2716400,Approved,
5933,3649,2023-11-02,Personal,1133000,Approved,
5934,1599,2023-10-30,Education,324300,Rejected,High Existing Debt
5935,5510,2024-09-25,Home,564200,Pending,
5936,3185,2024-07-31,Business,156300,Rejected,High Existing Debt
5937,3726,2023-01-15,Business,198300,Approved,
5938,5185,2024-06-01,Home,382400,Approved,
5939,2067,2023-09-10,Education,708500,Approved,
5940,1344,2024-12-30,Auto,624200,Pending,
5941,3344,2023-06-12,Personal,563900,Approved,
5942,5437,2025-02-12,Education,50000,Approved,
5943,3679,2024-08-12,Business,187200,Approved,
5944,2342,2024-02-06,Personal,347700,Approved,
5945,1035,2025-03-21,Personal,1077400,Rejected,High Existing Debt
5946,5267,2023-05-28,Auto,427600,Approved,
5947,4595,2025-09-01,Home,642300,Approved,
5948,5482,2023-05-09,Home,444800,Pending,
5949,5431,2023-04-29,Personal,2320600,Approved,
5950,5175,2024-02-20,Personal,764700,Approved,
5951,5589,2025-04-14,Home,449600,Approved,
5952,5251,2025-10-30,Home,2220100,Approved,
5953,4857,2025-04-21,Home,368600,Pending,
5954,3114,2023-06-27,Personal,464000,Pending,
5955,2768,2024-06-27,Personal,157700,Approved,
5956,2389,2024-07-30,Business,1157300,Approved,
5957,1200,2025-11-15,Personal,597300,Approved,
5958,1512,2025-01-11,Business,979200,Approved,
5959,3733,2025-12-24,Personal,2134300,Approved,
5960,3743,2024-01-31,Home,3029400,Rejected,Incomplete Documents
5961,2064,2025-07-26,Education,443300,Approved,
5962,3772,2023-07-02,Home,723300,Approved,
5963,3880,2023-09-21,Auto,724900,Rejected,High Existing Debt
5964,4471,2023-01-27,Personal,772000,Rejected,Insufficient Income
5965,3474,2024-05-22,Personal,573700,Rejected,Low Credit Score
5966,3169,2024-12-03,Education,1752800,Approved,
5967,3464,2023-05-08,Home,418000,Approved,
5968,5382,2025-04-07,Home,3197900,Approved,
5969,4010,2024-02-23,Education,420100,Approved,
5970,1405,2025-04-03,Personal,308400,Approved,
5971,5584,2025-06-11,Personal,296400,Approved,
5972,2124,2024-06-27,Personal,375700,Rejected,High Existing Debt
5973,3793,2025-02-27,Personal,595000,Approved,
5974,2026,2025-12-15,Education,139200,Rejected,Insufficient Income
5975,2533,2025-05-10,Education,118600,Pending,
5976,1528,2025-12-13,Personal,286800,Rejected,High Existing Debt
5977,3781,2023-07-21,Personal,676700,Approved,
5978,4335,2023-08-11,Home,715200,Approved,
5979,3447,2023-11-26,Personal,471100,Approved,
5980,1247,2025-05-30,Auto,668600,Approved,
5981,2989,2025-06-14,Auto,441900,Rejected,High Existing Debt
5982,1628,2023-05-08,Business,352100,Approved,
5983,3117,2024-04-14,Personal,1128300,Approved,
5984,5493,2024-08-04,Auto,711100,Approved,
5985,1608,2023-06-10,Home,842600,Approved,
5986,3194,2024-05-29,Education,594100,Approved,
5987,3434,2025-05-31,Personal,704300,Approved,
5988,1298,2024-06-07,Auto,998900,Approved,
5989,4573,2025-11-16,Education,3425500,Approved,
5990,4294,2024-01-04,Personal,400900,Approved,
5991,2545,2025-11-02,Auto,347500,Approved,
5992,2483,2023-05-03,Home,2150900,Approved,
5993,5766,2024-12-15,Home,340900,Rejected,High Existing Debt
5994,1782,2024-12-15,Personal,595000,Approved,
5995,3050,2024-11-06,Home,351600,Rejected,High Existing Debt
5996,4685,2023-11-16,Personal,1483500,Approved,
5997,4208,2024-09-25,Business,452000,Pending,
5998,4285,2024-10-05,Home,282200,Approved,
5999,4966,2024-06-13,Personal,372000,Pending,
6000,1083,2025-11-07,Home,1136400,Approved,
6001,5451,2025-10-26,Personal,614100,Approved,
6002,2810,2023-02-12,Auto,601100,Approved,
6003,1141,2025-10-04,Business,905000,Approved,
6004,4886,2025-02-15,Home,206500,Pending,
6005,3998,2023-07-08,Auto,902000,Approved,
6006,4724,2025-04-26,Auto,2060400,Pending,
6007,2832,2024-04-17,Home,1407900,Pending,
6008,2958,2023-09-30,Business,357000,Rejected,Incomplete Documents
6009,5931,2024-11-20,Home,450400,Approved,
6010,1931,2025-08-06,Personal,175900,Approved,
6011,3289,2023-09-27,Home,579900,Approved,
6012,3672,2024-07-04,Home,117700,Approved,
6013,2017,2024-07-20,Auto,209000,Approved,
6014,2176,2024-11-05,Personal,414500,Approved,
6015,2021,2025-05-08,Personal,308200,Approved,
6016,4842,2024-04-08,Home,987500,Rejected,Low Credit Score
6017,1986,2025-04-07,Personal,2071600,Pending,
6018,3954,2025-03-08,Business,722400,Approved,
6019,5883,2023-12-25,Personal,1489400,Approved,
6020,3262,2024-01-15,Personal,576900,Pending,
6021,5197,2023-06-16,Business,889900,Approved,
6022,2548,2024-11-22,Auto,565300,Approved,
6023,5731,2024-09-07,Home,1252200,Rejected,Low Credit Score
6024,4181,2024-07-23,Personal,2377400,Rejected,Incomplete Documents
6025,1187,2023-05-06,Business,1273600,Approved,
6026,4477,2023-12-11,Business,150000,Approved,
6027,4033,2024-10-30,Business,224500,Approved,
6028,3931,2025-02-05,Business,782200,Approved,
6029,1047,2024-06-23,Auto,653200,Approved,
6030,3869,2023-07-30,Education,1524800,Approved,
6031,4913,2025-09-27,Auto,498600,Approved,
6032,4038,2023-09-23,Personal,297500,Approved,
6033,4306,2025-08-27,Personal,361800,Approved,
6034,5519,2023-09-11,Home,389200,Approved,
6035,2614,2023-01-30,Home,686500,Approved,
6036,3489,2025-08-24,Home,846300,Approved,
6037,3154,2025-02-26,Personal,1557200,Approved,
6038,2701,2024-11-29,Auto,207700,Approved,
6039,2437,2023-01-30,Business,347300,Approved,
6040,1113,2023-06-10,Home,1483400,Rejected,Low Credit Score
6041,5242,2023-12-13,Personal,1079700,Approved,
6042,3692,2025-08-22,Auto,1350100,Approved,
6043,4585,2024-04-18,Auto,1127600,Approved,
6044,5077,2024-05-23,Education,247200,Pending,
6045,4837,2023-02-26,Education,2640700,Approved,
6046,3584,2025-12-26,Business,265400,Approved,
6047,3346,2023-01-28,Home,785900,Approved,
6048,3159,2024-10-15,Business,2465000,Approved,
6049,1056,2023-08-20,Education,151500,Rejected,Low Credit Score
6050,1581,2024-10-20,Business,672900,Approved,
6051,4546,2025-06-13,Personal,205500,Rejected,High Existing Debt
6052,5626,2024-11-21,Business,1496800,Approved,
6053,4812,2023-03-17,Home,223400,Approved,
6054,5545,2024-03-30,Business,267700,Rejected,Insufficient Income
6055,2937,2023-12-11,Auto,874400,Approved,
6056,2668,2024-08-12,Home,1105500,Approved,
6057,5012,2024-12-15,Education,715500,Pending,
6058,1219,2024-04-03,Education,1064600,Approved,
6059,1892,2025-06-21,Personal,1263700,Approved,
6060,5427,2024-07-27,Auto,784600,Rejected,Insufficient Income
6061,4587,2023-05-23,Home,453700,Approved,
6062,3329,2024-08-01,Personal,169800,Approved,
6063,1844,2025-03-31,Home,234900,Approved,
6064,5108,2025-07-25,Auto,1372600,Approved,
6065,2969,2024-01-04,Personal,798100,Approved,
6066,4512,2025-08-24,Home,494000,Rejected,Low Credit Score
6067,4838,2024-12-15,Personal,376100,Approved,
6068,2120,2023-09-10,Personal,165500,Rejected,Incomplete Documents
6069,5328,2025-08-17,Education,1358700,Approved,
6070,2802,2024-09-13,Home,364600,Approved,
6071,2136,2025-06-15,Auto,489600,Rejected,Low Credit Score
6072,4766,2023-12-18,Personal,1266600,Rejected,Incomplete Documents
6073,2880,2023-05-01,Personal,308500,Rejected,Insufficient Income
6074,2939,2024-01-09,Education,702200,Approved,
6075,4056,2023-12-07,Auto,497700,Rejected,Incomplete Documents
6076,1195,2023-01-31,Personal,591500,Approved,
6077,4097,2025-02-23,Business,247000,Approved,
6078,2030,2023-07-23,Education,958800,Rejected,Low Credit Score
6079,2505,2024-02-16,Home,791400,Approved,
6080,1865,2024-07-14,Personal,1342100,Approved,
6081,3191,2024-08-24,Auto,628200,Rejected,High Existing Debt
6082,2684,2025-04-02,Auto,189100,Approved,
6083,3219,2025-06-22,Personal,495900,Pending,
6084,1490,2025-11-21,Business,174000,Rejected,Insufficient Income
6085,3308,2024-11-21,Home,2701100,Approved,
6086,3043,2023-12-12,Personal,436300,Pending,
6087,2542,2025-01-16,Personal,633800,Approved,
6088,5148,2023-10-21,Home,734400,Approved,
6089,5883,2025-02-12,Personal,428000,Approved,
6090,1122,2023-05-02,Personal,1817500,Rejected,Incomplete Documents
6091,4289,2024-01-10,Personal,614900,Rejected,High Existing Debt
6092,1038,2025-08-23,Business,294300,Pending,
6093,5180,2023-01-16,Personal,493500,Rejected,Incomplete Documents
6094,2925,2024-03-13,Auto,813200,Approved,
6095,2962,2023-12-15,Business,386300,Approved,
6096,4837,2023-07-29,Personal,460700,Approved,
6097,5835,2023-06-09,Auto,888300,Rejected,High Existing Debt
6098,2027,2025-12-11,Personal,498700,Rejected,Insufficient Income
6099,1672,2025-05-29,Personal,739100,Rejected,Low Credit Score
6100,4364,2024-01-16,Personal,712700,Rejected,High Existing Debt
6101,5126,2025-05-10,Home,334000,Rejected,High Existing Debt
6102,1628,2024-01-22,Education,380300,Approved,
6103,5092,2025-12-03,Auto,134400,Rejected,Incomplete Documents
6104,5189,2025-03-03,Business,1774500,Approved,
6105,3266,2024-10-23,Education,780400,Approved,
6106,4161,2023-03-16,Business,433100,Rejected,Incomplete Documents
6107,4768,2025-10-28,Home,310400,Approved,
6108,1886,2025-10-02,Auto,98600,Pending,
6109,5794,2024-09-28,Business,162400,Approved,
6110,1975,2024-12-26,Education,2663900,Approved,
6111,1389,2025-03-05,Personal,210600,Rejected,Insufficient Income
6112,3185,2024-10-08,Home,413000,Rejected,Incomplete Documents
6113,5384,2025-06-10,Auto,1390700,Approved,
6114,5715,2025-05-08,Auto,205400,Approved,
6115,1412,2024-05-09,Personal,746700,Pending,
6116,1407,2023-07-04,Education,355600,Rejected,Insufficient Income
6117,5696,2024-12-29,Auto,346600,Approved,
6118,3025,2023-10-04,Personal,620400,Approved,
6119,2149,2024-11-21,Personal,165900,Rejected,Insufficient Income
6120,4269,2024-09-12,Home,391800,Approved,
6121,3670,2024-02-02,Personal,572000,Rejected,Insufficient Income
6122,4579,2025-07-06,Personal,111800,Rejected,High Existing Debt
6123,4120,2023-10-11,Business,2452900,Approved,
6124,2346,2023-08-19,Personal,2039200,Approved,
6125,4262,2025-04-03,Education,164000,Approved,
6126,2758,2025-11-10,Auto,307800,Approved,
6127,3744,2025-07-26,Home,2092700,Approved,
6128,5980,2023-10-03,Home,790000,Approved,
6129,2700,2024-04-23,Auto,722600,Approved,
6130,2543,2023-12-13,Education,1339100,Approved,
6131,5512,2025-09-01,Business,960900,Rejected,Insufficient Income
6132,1897,2025-06-13,Auto,617700,Rejected,Insufficient Income
6133,4348,2023-06-21,Personal,319200,Approved,
6134,1418,2024-06-26,Personal,593600,Approved,
6135,5659,2025-10-29,Education,2318800,Pending,
6136,3775,2025-03-28,Home,2139800,Approved,
6137,2185,2025-09-05,Personal,443600,Approved,
6138,3049,2024-06-27,Home,137900,Rejected,Low Credit Score
6139,4634,2023-07-21,Home,486400,Pending,
6140,1163,2024-12-17,Home,53600,Approved,
6141,1315,2024-06-22,Auto,978900,Rejected,Low Credit Score
6142,5429,2024-01-18,Business,374900,Approved,
6143,4681,2025-09-14,Personal,247700,Approved,
6144,1525,2025-05-31,Personal,203400,Approved,
6145,3437,2025-10-18,Auto,361600,Pending,
6146,1593,2023-09-03,Personal,209200,Rejected,Incomplete Documents
6147,2738,2023-04-26,Auto,963700,Rejected,Insufficient Income
6148,4323,2025-04-28,Home,78000,Approved,
6149,1731,2023-05-05,Home,954500,Rejected,Insufficient Income
6150,5623,2023-02-02,Home,1195900,Rejected,Incomplete Documents
6151,4693,2024-04-17,Personal,1088200,Approved,
6152,4465,2024-08-26,Personal,263100,Approved,
6153,5220,2025-02-01,Personal,490000,Rejected,Incomplete Documents
6154,4143,2025-04-29,Personal,469300,Rejected,Low Credit Score
6155,2721,2023-01-23,Education,138100,Approved,
6156,5800,2025-08-05,Home,219600,Approved,
6157,4497,2025-09-21,Personal,1020900,Approved,
6158,1909,2023-07-22,Business,220200,Approved,
6159,3960,2024-07-08,Home,2210200,Rejected,High Existing Debt
6160,1328,2023-07-20,Education,894400,Approved,
6161,1455,2024-01-20,Home,229800,Approved,
6162,1737,2025-06-30,Auto,1409000,Rejected,Incomplete Documents
6163,2156,2025-11-08,Home,560100,Approved,
6164,2975,2025-04-23,Personal,1819900,Approved,
6165,1102,2024-10-06,Business,657200,Rejected,Insufficient Income
6166,2882,2024-11-25,Auto,1153400,Rejected,Insufficient Income
6167,5034,2024-10-06,Home,1016700,Rejected,Insufficient Income
6168,1809,2023-05-01,Education,454200,Rejected,Incomplete Documents
6169,5034,2023-09-12,Auto,468100,Approved,
6170,2242,2024-06-28,Business,880400,Rejected,Low Credit Score
6171,4355,2023-01-06,Home,837300,Rejected,Insufficient Income
6172,4663,2023-08-10,Home,1830700,Approved,
6173,4733,2025-05-31,Auto,1232700,Approved,
6174,3416,2024-12-15,Business,897000,Approved,
6175,5187,2024-09-25,Education,141500,Approved,
6176,2762,2023-02-21,Personal,1328600,Rejected,Insufficient Income
6177,2393,2025-01-11,Personal,698000,Rejected,Insufficient Income
6178,3187,2023-12-15,Personal,393900,Approved,
6179,4415,2023-09-27,Business,556400,Pending,
6180,3162,2024-02-09,Education,59600,Rejected,Insufficient Income
6181,3070,2024-09-08,Personal,2311600,Approved,
6182,2089,2024-09-09,Personal,828600,Rejected,Low Credit Score
6183,5556,2025-04-03,Education,3007100,Approved,
6184,4673,2025-09-10,Personal,5868700,Approved,
6185,2734,2024-02-03,Auto,54300,Rejected,Incomplete Documents
6186,1114,2023-12-07,Home,322000,Approved,
6187,2905,2024-09-08,Education,476000,Approved,
6188,2521,2023-01-07,Auto,637000,Approved,
6189,2506,2023-01-24,Education,256900,Approved,
6190,3588,2024-07-22,Auto,1666800,Approved,
6191,1921,2024-12-27,Personal,2082900,Approved,
6192,4794,2023-11-16,Auto,149800,Approved,
6193,2309,2024-06-20,Home,1194100,Approved,
6194,2070,2024-04-27,Personal,200700,Approved,
6195,5748,2024-07-19,Personal,821900,Approved,
6196,5552,2024-05-17,Personal,274000,Approved,
6197,5488,2025-03-12,Home,1453100,Approved,
6198,4285,2025-02-01,Personal,1571700,Approved,
6199,5508,2025-11-26,Education,653600,Approved,
6200,2183,2023-10-13,Personal,2409900,Approved,
6201,1911,2024-05-21,Education,427800,Approved,
6202,2980,2024-09-17,Auto,953500,Approved,
6203,1551,2025-01-24,Auto,917700,Approved,
6204,4041,2023-05-10,Business,538300,Pending,
6205,4543,2023-10-31,Personal,1108900,Approved,
6206,2941,2025-07-12,Education,1246900,Approved,
6207,4182,2024-12-27,Home,346200,Approved,
6208,5872,2024-06-19,Education,808500,Rejected,Insufficient Income
6209,1443,2023-08-15,Education,561400,Approved,
6210,2359,2024-10-19,Business,693200,Approved,
6211,3894,2023-11-20,Home,2471100,Approved,
6212,1916,2023-01-08,Home,237000,Approved,
6213,4645,2025-05-07,Home,1813900,Approved,
6214,1544,2023-02-25,Personal,407200,Approved,
6215,5996,2024-07-04,Home,410300,Approved,
6216,1645,2025-09-06,Auto,415900,Rejected,Insufficient Income
6217,2771,2023-10-01,Business,554500,Approved,
6218,4879,2024-10-19,Personal,645600,Approved,
6219,4833,2025-02-05,Home,321400,Rejected,High Existing Debt
6220,1023,2024-07-18,Business,79400,Approved,
6221,1144,2025-11-22,Auto,883300,Pending,
6222,3354,2023-10-04,Home,459600,Approved,
6223,3540,2025-08-24,Auto,224000,Approved,
6224,5680,2025-03-11,Auto,507800,Approved,
6225,4297,2025-06-18,Personal,543600,Approved,
6226,2072,2024-03-02,Home,4584700,Rejected,High Existing Debt
6227,3594,2023-10-23,Business,1019700,Pending,
6228,2553,2024-07-15,Auto,1458900,Approved,
6229,5337,2024-04-23,Home,706000,Rejected,Insufficient Income
6230,4362,2024-07-28,Home,688600,Approved,
6231,2280,2023-04-20,Home,804700,Pending,
6232,2971,2025-05-11,Education,195400,Approved,
6233,3409,2024-08-19,Personal,389800,Approved,
6234,3328,2023-04-24,Home,338400,Approved,
6235,5874,2024-07-02,Personal,332200,Approved,
6236,2029,2023-05-18,Business,200300,Approved,
6237,5073,2024-06-12,Education,330400,Approved,
6238,4224,2025-06-01,Home,1536900,Approved,
6239,5078,2023-10-07,Education,136300,Approved,
6240,3611,2023-06-26,Home,1022000,Approved,
6241,3382,2025-01-15,Personal,4363000,Rejected,Low Credit Score
6242,2668,2023-08-30,Home,4199600,Approved,
6243,1136,2024-06-25,Home,569600,Approved,
6244,5615,2023-03-22,Personal,715000,Approved,
6245,4360,2023-01-13,Personal,2515800,Rejected,Insufficient Income
6246,1342,2024-03-19,Personal,281700,Approved,
6247,4350,2023-05-18,Home,2474600,Rejected,Incomplete Documents
6248,4566,2024-01-26,Education,578900,Pending,
6249,4802,2025-04-10,Home,2752300,Rejected,Incomplete Documents
6250,1285,2024-03-30,Personal,293600,Rejected,Insufficient Income
6251,1964,2024-07-03,Personal,1082900,Approved,
6252,2622,2023-11-06,Business,1832900,Approved,
6253,2725,2024-05-02,Business,643800,Approved,
6254,1377,2024-01-03,Business,164800,Approved,
6255,1053,2023-06-22,Education,1421600,Rejected,Incomplete Documents
6256,1328,2024-08-10,Personal,1109000,Approved,
6257,3389,2025-01-30,Home,309800,Rejected,Insufficient Income
6258,1639,2023-08-26,Business,808800,Rejected,Insufficient Income
6259,4254,2025-07-01,Auto,606900,Approved,
6260,5602,2024-09-23,Home,290800,Approved,
6261,5964,2023-01-11,Home,250100,Approved,
6262,5800,2024-02-05,Auto,143500,Approved,
6263,1559,2023-07-22,Business,1236500,Rejected,Low Credit Score
6264,5036,2024-06-10,Home,358900,Approved,
6265,1909,2024-05-30,Personal,992700,Approved,
6266,1009,2025-05-06,Business,1490600,Pending,
6267,3572,2023-06-30,Business,283800,Rejected,High Existing Debt
6268,4085,2024-03-06,Auto,552900,Pending,
6269,1277,2025-01-04,Personal,203800,Approved,
6270,2062,2024-02-17,Personal,1295500,Rejected,Incomplete Documents
6271,2818,2024-06-26,Personal,157400,Rejected,Low Credit Score
6272,5057,2023-11-25,Personal,762000,Approved,
6273,1435,2024-07-13,Auto,443100,Rejected,Insufficient Income
6274,2268,2025-08-18,Personal,1281700,Pending,
6275,1840,2023-05-11,Home,564000,Approved,
6276,5728,2024-10-23,Education,3575500,Rejected,Low Credit Score
6277,2366,2024-01-06,Personal,547300,Approved,
6278,5110,2024-03-31,Auto,690100,Approved,
6279,2159,2023-01-25,Education,1270900,Approved,
6280,2724,2025-10-14,Personal,934500,Approved,
6281,5062,2025-10-01,Business,295400,Approved,
6282,1567,2023-11-05,Personal,790500,Approved,
6283,5898,2023-06-28,Auto,362100,Rejected,High Existing Debt
6284,1127,2023-07-25,Education,2997200,Rejected,Insufficient Income
6285,4373,2023-01-05,Personal,86600,Approved,
6286,2795,2023-06-27,Personal,1856700,Rejected,Incomplete Documents
6287,2868,2023-11-11,Business,568600,Rejected,Incomplete Documents
6288,4684,2025-07-05,Personal,187700,Approved,
6289,4231,2025-04-26,Home,182500,Approved,
6290,2559,2023-05-11,Personal,679000,Rejected,Low Credit Score
6291,2224,2023-11-02,Education,206600,Approved,
6292,4137,2023-11-06,Personal,919100,Approved,
6293,5791,2023-09-19,Personal,420800,Pending,
6294,1739,2025-03-19,Personal,815000,Rejected,High Existing Debt
6295,3671,2024-03-13,Home,157500,Pending,
6296,1079,2024-06-05,Home,67300,Approved,
6297,2781,2023-08-18,Education,175400,Rejected,Low Credit Score
6298,4164,2023-06-06,Business,2720600,Pending,
6299,3188,2023-11-30,Home,1758800,Rejected,High Existing Debt
6300,2025,2024-12-12,Business,1129800,Rejected,Low Credit Score
6301,1267,2025-01-13,Auto,1308000,Approved,
6302,1229,2025-09-03,Auto,887400,Approved,
6303,2393,2023-10-26,Personal,4621000,Rejected,High Existing Debt
6304,3605,2024-12-20,Personal,439300,Approved,
6305,4144,2023-01-13,Personal,1134000,Approved,
6306,4871,2024-12-01,Auto,425700,Approved,
6307,1597,2024-01-18,Business,906300,Approved,
6308,3989,2023-06-24,Home,2167300,Rejected,High Existing Debt
6309,1835,2024-02-07,Business,356300,Approved,
6310,1729,2024-10-04,Home,117900,Rejected,High Existing Debt
6311,3908,2025-05-24,Education,375300,Rejected,Insufficient Income
6312,2922,2024-03-31,Auto,132400,Approved,
6313,5936,2024-11-10,Education,713600,Approved,
6314,3625,2023-09-25,Education,531400,Approved,
6315,1917,2024-11-01,Home,147500,Approved,
6316,1655,2024-11-05,Auto,50000,Rejected,Insufficient Income
6317,2975,2023-12-06,Business,612000,Approved,
6318,5488,2025-11-16,Personal,8000000,Approved,
6319,4092,2024-07-17,Personal,476900,Approved,
6320,1333,2023-05-15,Home,350300,Approved,
6321,3240,2025-03-23,Personal,164600,Approved,
6322,1295,2025-03-11,Auto,1142000,Approved,
6323,4743,2025-11-06,Home,261700,Rejected,Incomplete Documents
6324,2739,2024-09-19,Personal,194300,Approved,
6325,3136,2025-03-16,Personal,1784000,Pending,
6326,3393,2024-02-22,Education,338000,Approved,
6327,3611,2025-12-08,Personal,674400,Rejected,High Existing Debt
6328,4869,2025-12-20,Auto,1074500,Approved,
6329,1250,2025-10-04,Personal,148500,Pending,
6330,1301,2023-05-26,Personal,287800,Rejected,Incomplete Documents
6331,5645,2024-12-02,Personal,3266900,Approved,
6332,4765,2025-10-26,Education,302500,Rejected,Insufficient Income
6333,5714,2025-05-12,Personal,356800,Approved,
6334,5318,2024-03-07,Personal,420800,Pending,
6335,5444,2023-12-10,Auto,1620600,Rejected,Insufficient Income
6336,1691,2024-09-09,Education,2730100,Approved,
6337,4919,2025-02-17,Personal,739700,Approved,
6338,2195,2024-06-16,Home,632200,Rejected,High Existing Debt
6339,1294,2024-05-01,Business,411500,Approved,
6340,3240,2023-02-24,Personal,1282800,Rejected,High Existing Debt
6341,4172,2023-06-26,Education,394400,Rejected,Low Credit Score
6342,3854,2025-06-02,Home,525100,Approved,
6343,4911,2024-04-12,Education,2922900,Approved,
6344,1031,2024-05-09,Home,702600,Rejected,High Existing Debt
6345,5702,2025-09-14,Business,988500,Approved,
6346,5878,2023-07-21,Business,405600,Rejected,Incomplete Documents
6347,5148,2025-05-13,Personal,432800,Rejected,Incomplete Documents
6348,4973,2025-08-16,Home,135000,Rejected,Insufficient Income
6349,3858,2023-06-30,Education,1459400,Approved,
6350,5446,2023-02-05,Home,431400,Rejected,Insufficient Income
6351,4591,2025-11-25,Business,486300,Rejected,High Existing Debt
6352,5854,2024-06-15,Home,1908500,Approved,
6353,1714,2024-04-14,Auto,1765500,Pending,
6354,1610,2025-10-26,Personal,350000,Approved,
6355,5029,2024-04-03,Education,421400,Rejected,Low Credit Score
6356,2505,2023-06-08,Personal,103600,Approved,
6357,3623,2023-12-18,Personal,984500,Rejected,Low Credit Score
6358,4232,2025-05-23,Home,1006500,Approved,
6359,5959,2025-12-06,Auto,321300,Rejected,Incomplete Documents
6360,1655,2023-04-20,Personal,821300,Approved,
6361,3940,2025-09-02,Home,1241600,Approved,
6362,1151,2024-05-01,Education,249400,Approved,
6363,2979,2023-08-05,Home,500700,Approved,
6364,4607,2023-04-14,Personal,729900,Approved,
6365,4811,2024-11-10,Personal,955400,Pending,
6366,2818,2025-11-17,Personal,1012700,Approved,
6367,1753,2025-02-04,Home,456400,Approved,
6368,2192,2025-08-01,Personal,303200,Pending,
6369,5724,2025-03-22,Personal,133300,Rejected,High Existing Debt
6370,3995,2024-05-19,Business,462300,Rejected,Low Credit Score
6371,3727,2025-06-19,Auto,1051900,Rejected,Incomplete Documents
6372,4674,2023-08-29,Business,3176900,Approved,
6373,5996,2023-07-21,Home,1359400,Rejected,High Existing Debt
6374,4410,2024-03-01,Home,679900,Approved,
6375,2891,2023-12-20,Home,598500,Approved,
6376,1111,2024-01-02,Business,357900,Rejected,High Existing Debt
6377,1977,2023-03-26,Education,198800,Approved,
6378,4768,2023-12-03,Personal,1341600,Approved,
6379,2435,2025-07-20,Personal,1800900,Pending,
6380,5277,2025-07-24,Personal,207800,Pending,
6381,5463,2023-01-21,Business,1857500,Approved,
6382,3222,2024-10-17,Personal,759000,Approved,
6383,3134,2024-05-06,Auto,1269500,Rejected,High Existing Debt
6384,2707,2025-10-23,Home,3040700,Pending,
6385,2630,2023-01-23,Personal,194500,Approved,
6386,4725,2023-05-21,Auto,242200,Approved,
6387,5527,2025-11-27,Auto,499200,Rejected,High Existing Debt
6388,5754,2023-08-10,Auto,280000,Approved,
6389,5360,2025-01-12,Home,324400,Approved,
6390,5265,2023-01-20,Education,1369200,Approved,
6391,5413,2025-06-23,Auto,724800,Approved,
6392,3452,2025-12-16,Auto,762000,Rejected,Low Credit Score
6393,1213,2024-11-08,Home,666400,Approved,
6394,5064,2023-04-27,Home,361500,Approved,
6395,1634,2023-11-17,Business,754800,Rejected,Incomplete Documents
6396,4010,2023-09-25,Personal,542100,Approved,
6397,2385,2024-03-11,Personal,1401100,Rejected,Low Credit Score
6398,1672,2025-02-04,Business,1133400,Rejected,Incomplete Documents
6399,3171,2025-12-10,Personal,928200,Approved,
6400,2046,2025-09-08,Education,635400,Rejected,Low Credit Score
6401,4290,2023-11-16,Personal,424500,Approved,
6402,3601,2025-01-01,Auto,214400,Approved,
6403,1877,2025-01-14,Personal,8000000,Rejected,High Existing Debt
6404,1394,2023-01-24,Business,601500,Pending,
6405,3572,2025-11-25,Home,1162400,Approved,
6406,2769,2025-05-24,Home,1335000,Rejected,High Existing Debt
6407,1233,2025-04-03,Home,628900,Approved,
6408,5384,2024-12-20,Personal,546400,Approved,
6409,4570,2025-04-05,Personal,365400,Approved,
6410,3424,2024-06-27,Home,147200,Pending,
6411,5810,2023-09-15,Home,3184800,Approved,
6412,1832,2023-06-26,Auto,390500,Approved,
6413,1087,2024-08-17,Personal,240900,Pending,
6414,2909,2025-06-08,Personal,2340800,Rejected,High Existing Debt
6415,3218,2023-09-25,Home,499400,Approved,
6416,2235,2024-12-17,Home,698400,Approved,
6417,1493,2024-03-22,Business,412600,Rejected,Low Credit Score
6418,2982,2024-11-05,Personal,158900,Rejected,Low Credit Score
6419,1022,2023-08-28,Business,631100,Approved,
6420,4878,2023-04-27,Personal,594700,Approved,
6421,5128,2023-09-23,Auto,430700,Approved,
6422,4383,2024-10-17,Auto,1574800,Rejected,Low Credit Score
6423,1345,2025-03-14,Home,1166800,Approved,
6424,2161,2024-08-09,Personal,2197800,Approved,
6425,1484,2025-11-06,Personal,251500,Approved,
6426,5018,2023-01-12,Personal,1048700,Approved,
6427,2829,2024-05-29,Personal,3857800,Approved,
6428,2885,2025-06-01,Home,1092100,Approved,
6429,4500,2024-08-07,Personal,1086700,Approved,
6430,4054,2023-03-24,Business,643300,Approved,
6431,1316,2024-01-18,Auto,1203400,Pending,
6432,5863,2024-09-17,Personal,277700,Approved,
6433,2877,2023-03-25,Home,346500,Pending,
6434,3636,2025-09-10,Business,281200,Rejected,Insufficient Income
6435,3330,2024-05-27,Auto,416100,Pending,
6436,5131,2023-06-21,Business,581100,Rejected,High Existing Debt
6437,2614,2024-05-05,Home,2422300,Approved,
6438,5471,2023-09-23,Personal,1710200,Pending,
6439,3101,2025-10-28,Personal,240200,Approved,
6440,1809,2023-05-25,Personal,265900,Approved,
6441,5612,2024-09-28,Home,361600,Approved,
6442,1514,2025-04-10,Personal,346000,Pending,
6443,3339,2025-05-12,Auto,1690900,Rejected,Insufficient Income
6444,5581,2023-03-09,Home,2616500,Approved,
6445,2897,2025-02-13,Business,202800,Rejected,High Existing Debt
6446,3701,2024-02-04,Home,768700,Rejected,Low Credit Score
6447,2139,2025-02-20,Home,468900,Approved,
6448,1124,2023-09-07,Home,98000,Rejected,Incomplete Documents
6449,2903,2025-06-03,Personal,323600,Approved,
6450,2627,2024-01-19,Home,536200,Rejected,Insufficient Income
6451,2585,2024-06-20,Education,219400,Approved,
6452,4459,2025-02-21,Auto,380000,Rejected,Incomplete Documents
6453,5369,2024-07-23,Personal,1150800,Approved,
6454,5761,2023-01-24,Personal,672000,Approved,
6455,2406,2025-08-24,Personal,1322400,Approved,
6456,4294,2023-01-18,Auto,221800,Approved,
6457,3039,2025-12-22,Business,181500,Pending,
6458,2245,2024-04-18,Auto,946300,Pending,
6459,1199,2025-01-19,Auto,1192700,Rejected,Insufficient Income
6460,5083,2025-10-28,Personal,88100,Approved,
6461,3131,2023-08-12,Business,379100,Rejected,Incomplete Documents
6462,4285,2023-07-19,Auto,1891500,Approved,
6463,2331,2023-05-13,Business,601300,Pending,
6464,4797,2025-04-27,Auto,211800,Rejected,Incomplete Documents
6465,5474,2024-06-22,Auto,149100,Pending,
6466,4345,2024-01-17,Auto,972300,Approved,
6467,1983,2023-08-19,Personal,820900,Approved,
6468,4133,2024-12-05,Home,3029400,Approved,
6469,5443,2024-07-28,Personal,168400,Approved,
6470,4599,2025-06-19,Business,268700,Rejected,Low Credit Score
6471,3600,2023-02-21,Auto,1369700,Rejected,High Existing Debt
6472,2345,2023-12-03,Business,325200,Approved,
6473,5841,2025-09-19,Personal,115900,Rejected,Low Credit Score
6474,3466,2024-08-17,Personal,591800,Approved,
6475,5929,2023-11-29,Education,274100,Rejected,Insufficient Income
6476,4312,2024-11-13,Home,1355300,Approved,
6477,4134,2024-11-25,Home,379100,Rejected,Incomplete Documents
6478,5829,2024-04-18,Education,918800,Approved,
6479,1429,2025-03-19,Auto,1257600,Approved,
6480,3299,2025-03-13,Personal,742900,Rejected,Incomplete Documents
6481,3465,2024-12-20,Home,8000000,Rejected,Insufficient Income
6482,3598,2025-04-04,Auto,757800,Approved,
6483,1577,2025-03-08,Auto,2804300,Approved,
6484,4263,2024-01-14,Personal,259900,Approved,
6485,1550,2025-02-02,Home,618200,Rejected,Incomplete Documents
6486,5863,2024-12-21,Personal,1679100,Pending,
6487,5553,2023-07-24,Personal,556400,Approved,
6488,2293,2023-12-24,Personal,866100,Approved,
6489,3292,2023-09-06,Auto,1900300,Approved,
6490,5376,2025-06-21,Auto,802400,Rejected,Low Credit Score
6491,1804,2025-06-23,Business,160500,Approved,
6492,4220,2024-10-31,Education,676300,Rejected,Incomplete Documents
6493,2133,2024-09-04,Education,1125900,Approved,
6494,4513,2025-02-28,Home,798300,Approved,
6495,3497,2025-07-31,Personal,375100,Pending,
6496,4004,2024-05-25,Home,227300,Approved,
6497,5195,2023-10-14,Home,322900,Approved,
6498,2579,2024-01-23,Personal,1162300,Rejected,Insufficient Income
6499,1852,2025-02-16,Personal,677100,Pending,
6500,2128,2025-01-03,Home,600700,Approved,
6501,4265,2025-09-27,Auto,849700,Rejected,Low Credit Score
6502,5723,2025-06-21,Home,508600,Approved,
6503,5142,2023-05-23,Education,1502400,Approved,
6504,1574,2024-08-08,Business,223800,Approved,
6505,5722,2024-07-17,Auto,1162400,Approved,
6506,2222,2025-02-19,Home,1842300,Rejected,Insufficient Income
6507,4994,2025-12-03,Education,3950200,Approved,
6508,5125,2024-04-09,Personal,941300,Pending,
6509,5265,2025-01-31,Auto,169700,Rejected,Low Credit Score
6510,2551,2024-10-18,Personal,8000000,Approved,
6511,1634,2025-04-30,Home,2844100,Approved,
6512,1869,2023-03-12,Home,3104900,Rejected,Low Credit Score
6513,5984,2025-07-03,Education,410700,Approved,
6514,2361,2023-08-09,Personal,740500,Approved,
6515,5892,2024-09-09,Home,608400,Approved,
6516,4637,2024-06-24,Auto,453700,Approved,
6517,3346,2024-04-30,Education,263000,Rejected,Insufficient Income
6518,4996,2024-01-27,Personal,1434900,Approved,
6519,2479,2024-08-02,Education,2103900,Rejected,High Existing Debt
6520,4545,2023-04-02,Personal,1837100,Approved,
6521,3014,2024-08-09,Auto,331800,Approved,
6522,4149,2023-12-04,Auto,336400,Approved,
6523,1658,2023-02-27,Home,1265600,Approved,
6524,1245,2023-03-02,Education,1475400,Approved,
6525,4496,2024-02-28,Education,858300,Rejected,Insufficient Income
6526,4765,2023-09-30,Auto,400600,Rejected,Incomplete Documents
6527,1136,2023-08-14,Personal,1772700,Approved,
6528,1205,2024-12-24,Personal,2045400,Approved,
6529,1884,2025-06-25,Personal,1198700,Approved,
6530,4733,2025-05-13,Home,370100,Approved,
6531,5652,2025-04-17,Home,317500,Approved,
6532,1885,2023-12-04,Home,2136200,Approved,
6533,1983,2024-01-12,Business,448200,Approved,
6534,3445,2023-06-03,Auto,466500,Approved,
6535,2221,2025-10-28,Personal,911100,Pending,
6536,1706,2023-10-09,Auto,424500,Approved,
6537,4902,2025-11-23,Home,1429600,Rejected,Incomplete Documents
6538,3607,2024-04-19,Home,667300,Approved,
6539,3274,2024-01-20,Home,381400,Approved,
6540,2026,2024-10-10,Education,683200,Rejected,Low Credit Score
6541,4284,2025-08-12,Business,295200,Pending,
6542,2992,2023-12-30,Home,367200,Approved,
6543,2317,2025-10-26,Personal,412400,Approved,
6544,4152,2024-08-15,Home,1534400,Approved,
6545,1119,2025-05-05,Business,1082500,Rejected,High Existing Debt
6546,5694,2024-08-08,Home,198600,Pending,
6547,2855,2024-10-28,Personal,488300,Rejected,High Existing Debt
6548,5104,2024-12-06,Auto,243400,Approved,
6549,2909,2025-06-10,Personal,331000,Rejected,Low Credit Score
6550,5086,2024-03-17,Home,427100,Rejected,Insufficient Income
6551,1427,2025-01-06,Auto,861800,Pending,
6552,3650,2024-01-27,Business,849600,Approved,
6553,3327,2024-03-10,Home,188300,Approved,
6554,1640,2023-04-11,Auto,198800,Approved,
6555,2204,2025-09-16,Education,417700,Rejected,Insufficient Income
6556,5701,2023-04-15,Home,835800,Pending,
6557,4766,2023-02-28,Business,619100,Approved,
6558,3764,2023-07-29,Personal,109800,Rejected,Incomplete Documents
6559,3266,2023-04-05,Personal,1022300,Rejected,Insufficient Income
6560,1146,2024-08-24,Auto,144900,Rejected,Insufficient Income
6561,4131,2023-02-20,Education,1023700,Rejected,Incomplete Documents
6562,2057,2025-06-19,Personal,1232900,Rejected,Insufficient Income
6563,2458,2024-05-15,Personal,3641100,Approved,
6564,4789,2024-12-15,Auto,1021400,Approved,
6565,2608,2024-07-17,Education,4314200,Approved,
6566,2074,2025-07-07,Auto,3613600,Rejected,Incomplete Documents
6567,3370,2023-11-04,Home,583800,Pending,
6568,2523,2025-05-25,Auto,535500,Rejected,Low Credit Score
6569,4155,2024-04-17,Home,3906500,Approved,
6570,1536,2023-03-17,Personal,1929100,Approved,
6571,4080,2024-10-04,Business,3382900,Pending,
6572,1761,2023-06-01,Home,641900,Approved,
6573,1208,2024-08-13,Personal,248300,Approved,
6574,5911,2025-05-12,Auto,433300,Rejected,Low Credit Score
6575,5994,2024-05-05,Business,638600,Rejected,Low Credit Score
6576,4264,2024-02-09,Education,395400,Approved,
6577,2998,2023-09-09,Personal,142500,Rejected,Low Credit Score
6578,5006,2024-01-10,Personal,591000,Approved,
6579,2396,2025-10-04,Education,870800,Approved,
6580,1026,2023-06-02,Business,167700,Pending,
6581,1507,2024-12-10,Personal,930200,Approved,
6582,1861,2023-06-23,Home,450600,Approved,
6583,5474,2023-08-26,Personal,940000,Approved,
6584,4028,2025-02-02,Business,2974000,Rejected,High Existing Debt
6585,5161,2024-06-27,Auto,212200,Approved,
6586,4982,2024-05-10,Education,115200,Approved,
6587,3851,2023-06-30,Home,814700,Approved,
6588,1597,2025-04-22,Auto,446900,Approved,
6589,3020,2023-04-08,Auto,993600,Approved,
6590,4892,2023-11-06,Personal,324200,Approved,
6591,5462,2024-01-15,Auto,1216100,Rejected,Insufficient Income
6592,5595,2024-11-21,Business,292900,Approved,
6593,4867,2024-04-04,Business,563400,Pending,
6594,1169,2025-05-12,Personal,944900,Pending,
6595,2924,2025-07-25,Personal,580300,Approved,
6596,5972,2024-04-14,Personal,1567800,Pending,
6597,5136,2024-12-30,Personal,1850400,Approved,
6598,4310,2025-09-29,Personal,1158200,Approved,
6599,1509,2024-01-04,Education,1149800,Pending,
6600,5077,2024-04-30,Business,631800,Approved,
6601,1874,2024-07-10,Auto,221800,Rejected,Insufficient Income
6602,4843,2025-08-27,Business,1809300,Approved,
6603,1182,2023-05-07,Auto,85100,Approved,
6604,1007,2025-03-24,Education,75600,Rejected,Low Credit Score
6605,5761,2025-09-05,Home,625000,Approved,
6606,1408,2023-09-28,Home,353300,Approved,
6607,2423,2024-10-24,Home,615200,Approved,
6608,2615,2023-06-11,Business,305300,Approved,
6609,3523,2025-03-19,Home,984400,Approved,
6610,1826,2025-08-07,Auto,393100,Approved,
6611,1096,2024-07-09,Auto,507000,Approved,
6612,4104,2025-01-01,Education,421200,Rejected,Low Credit Score
6613,4340,2025-12-13,Personal,2758900,Approved,
6614,3796,2024-06-03,Personal,153100,Rejected,Insufficient Income
6615,3441,2024-04-28,Personal,2267800,Rejected,Low Credit Score
6616,4604,2023-06-20,Home,235700,Approved,
6617,1399,2024-01-11,Home,180500,Approved,
6618,2262,2024-12-10,Home,334400,Approved,
6619,1729,2025-05-01,Home,387200,Rejected,Low Credit Score
6620,2657,2023-01-05,Education,932800,Rejected,Low Credit Score
6621,1808,2024-07-24,Auto,206900,Approved,
6622,4846,2025-11-08,Auto,306800,Rejected,High Existing Debt
6623,1767,2023-03-06,Auto,1803500,Approved,
6624,5010,2023-08-24,Personal,528800,Pending,
6625,3235,2024-10-27,Education,226800,Rejected,Insufficient Income
6626,3248,2023-10-16,Personal,2076500,Pending,
6627,1382,2023-08-24,Education,358200,Approved,
6628,1295,2025-01-18,Auto,204700,Approved,
6629,1055,2024-02-26,Education,166500,Approved,
6630,1643,2024-01-26,Home,648500,Approved,
6631,1080,2025-01-02,Education,1293900,Rejected,Insufficient Income
6632,1640,2025-01-25,Home,183300,Approved,
6633,2513,2025-10-25,Auto,441800,Approved,
6634,4803,2025-01-19,Home,2863400,Pending,
6635,3344,2025-07-24,Home,482900,Rejected,Incomplete Documents
6636,5044,2025-12-07,Personal,891400,Approved,
6637,4907,2024-07-11,Personal,551500,Approved,
6638,5835,2025-12-23,Home,1872500,Pending,
6639,5269,2024-12-04,Home,1205000,Approved,
6640,1899,2024-06-24,Business,946000,Rejected,High Existing Debt
6641,4325,2025-11-08,Home,296500,Pending,
6642,4999,2025-01-14,Home,6406800,Approved,
6643,5632,2025-01-29,Personal,189000,Approved,
6644,2513,2023-08-06,Personal,813700,Approved,
6645,2821,2023-11-04,Home,766900,Pending,
6646,3816,2025-11-13,Education,659100,Approved,
6647,3487,2023-10-10,Business,1953600,Approved,
6648,2313,2023-09-06,Personal,292600,Approved,
6649,3022,2023-03-03,Auto,750300,Approved,
6650,4251,2025-10-17,Business,355200,Approved,
6651,5193,2024-07-05,Business,1021500,Approved,
6652,5810,2025-10-30,Personal,462300,Approved,
6653,1030,2025-08-17,Education,383200,Pending,
6654,1994,2024-07-20,Personal,352500,Approved,
6655,2287,2025-04-26,Home,92600,Pending,
6656,1864,2025-10-04,Home,548700,Approved,
6657,4804,2024-04-18,Personal,241400,Approved,
6658,5949,2025-11-12,Personal,110200,Approved,
6659,3579,2024-07-14,Home,688600,Pending,
6660,2058,2023-12-28,Business,173400,Pending,
6661,3288,2025-02-10,Auto,2719900,Rejected,Insufficient Income
6662,1596,2025-08-18,Personal,241600,Approved,
6663,2941,2024-11-09,Personal,1447000,Approved,
6664,3362,2024-09-15,Home,2208800,Rejected,Low Credit Score
6665,4221,2023-07-26,Business,1017600,Approved,
6666,2819,2025-01-28,Personal,184700,Approved,
6667,2002,2023-10-01,Home,3591700,Approved,
6668,1157,2024-07-21,Personal,1360700,Pending,
6669,3953,2024-11-22,Personal,1214200,Rejected,Low Credit Score
6670,4304,2023-06-09,Personal,289100,Approved,
6671,2231,2025-12-29,Education,451400,Approved,
6672,2190,2025-07-13,Personal,158500,Rejected,Low Credit Score
6673,2950,2024-12-09,Business,183200,Rejected,Incomplete Documents
6674,5601,2023-06-12,Business,2145200,Rejected,Insufficient Income
6675,1544,2023-08-28,Business,1161600,Approved,
6676,2576,2024-04-30,Home,332700,Approved,
6677,2100,2024-11-01,Business,548700,Approved,
6678,5744,2024-02-28,Personal,2047000,Pending,
6679,1292,2025-10-14,Auto,1562800,Approved,
6680,2434,2025-12-01,Business,239300,Rejected,Low Credit Score
6681,1613,2023-08-02,Home,325600,Approved,
6682,3641,2024-11-14,Home,653300,Approved,
6683,3695,2023-09-10,Education,1287800,Approved,
6684,1731,2023-01-17,Personal,221100,Approved,
6685,1218,2023-04-26,Auto,190900,Approved,
6686,2486,2024-11-23,Home,357900,Approved,
6687,4849,2025-03-22,Business,146300,Approved,
6688,2771,2025-03-05,Personal,690700,Approved,
6689,1246,2023-05-31,Business,140200,Approved,
6690,5990,2023-09-03,Auto,2909000,Pending,
6691,1404,2025-12-17,Business,208500,Approved,
6692,4761,2024-12-09,Auto,155200,Rejected,Incomplete Documents
6693,5599,2024-05-21,Personal,1771800,Approved,
6694,5480,2023-08-29,Auto,762400,Approved,
6695,3081,2024-01-27,Business,307900,Rejected,High Existing Debt
6696,5498,2023-02-15,Education,801900,Approved,
6697,2449,2023-06-04,Personal,2295400,Approved,
6698,3705,2025-12-29,Education,838200,Rejected,Insufficient Income
6699,4960,2024-05-25,Auto,1467300,Approved,
6700,1269,2023-10-09,Business,160400,Pending,
6701,2777,2023-01-30,Personal,898200,Rejected,High Existing Debt
6702,1113,2024-12-21,Home,476300,Approved,
6703,4913,2023-09-19,Home,760200,Approved,
6704,2345,2023-03-24,Education,506600,Rejected,Low Credit Score
6705,4112,2025-08-07,Auto,185100,Approved,
6706,5461,2023-02-04,Education,734500,Rejected,Incomplete Documents
6707,1206,2023-01-05,Auto,1392300,Approved,
6708,2910,2025-05-19,Personal,378300,Approved,
6709,1981,2025-10-26,Home,1804100,Approved,
6710,2259,2023-11-11,Education,506900,Rejected,High Existing Debt
6711,5203,2024-03-10,Home,2261600,Approved,
6712,3645,2024-06-27,Business,603000,Approved,
6713,2760,2025-02-07,Home,980000,Approved,
6714,4486,2024-03-08,Home,441300,Rejected,Insufficient Income
6715,1040,2023-04-22,Personal,708900,Approved,
6716,4677,2024-03-10,Personal,556600,Approved,
6717,4969,2024-01-08,Business,212600,Approved,
6718,4546,2023-09-28,Personal,970500,Rejected,Low Credit Score
6719,4937,2025-07-08,Home,712900,Approved,
6720,4060,2023-07-08,Business,2355800,Approved,
6721,3354,2024-12-12,Education,307200,Approved,
6722,2770,2023-01-07,Business,65700,Approved,
6723,3091,2025-05-07,Personal,2493900,Approved,
6724,2008,2024-08-02,Home,300600,Rejected,Low Credit Score
6725,5028,2025-11-23,Personal,647900,Approved,
6726,4989,2024-12-31,Home,129400,Rejected,Incomplete Documents
6727,3625,2024-03-26,Home,353100,Rejected,Insufficient Income
6728,2618,2023-05-20,Business,877300,Approved,
6729,1149,2023-11-10,Business,255100,Approved,
6730,3119,2024-04-11,Business,322400,Approved,
6731,3369,2024-09-25,Personal,110000,Rejected,Low Credit Score
6732,4863,2025-04-03,Home,2401900,Approved,
6733,3492,2023-03-23,Home,219200,Approved,
6734,2922,2025-02-09,Personal,172500,Approved,
6735,3815,2023-04-06,Auto,64600,Approved,
6736,2808,2023-11-15,Education,261000,Approved,
6737,1458,2024-01-24,Personal,1519000,Rejected,Low Credit Score
6738,2876,2024-01-06,Education,1622000,Approved,
6739,1688,2025-12-31,Business,414900,Approved,
6740,5889,2025-12-11,Business,167000,Rejected,Low Credit Score
6741,2220,2024-04-08,Personal,421500,Pending,
6742,5188,2025-04-06,Business,463900,Rejected,High Existing Debt
6743,3287,2023-12-02,Business,1010900,Approved,
6744,2095,2023-01-14,Personal,661200,Approved,
6745,4547,2024-12-17,Personal,2260900,Rejected,Low Credit Score
6746,4619,2024-07-17,Home,231400,Approved,
6747,3967,2023-10-08,Business,184200,Approved,
6748,5752,2025-12-31,Home,504200,Approved,
6749,5404,2023-02-25,Personal,550100,Approved,
6750,3715,2025-10-14,Auto,1239900,Approved,
6751,4774,2024-12-10,Business,589200,Rejected,High Existing Debt
6752,1774,2024-01-25,Auto,488700,Rejected,High Existing Debt
6753,2127,2025-03-01,Auto,2009400,Pending,
6754,5376,2025-08-12,Auto,148900,Approved,
6755,3803,2023-04-28,Home,4513400,Approved,
6756,3647,2023-12-03,Business,781500,Approved,
6757,3759,2023-08-12,Personal,107000,Rejected,Low Credit Score
6758,5701,2023-11-13,Home,464200,Approved,
6759,2205,2025-04-02,Personal,75300,Rejected,Insufficient Income
6760,3083,2023-12-02,Education,293600,Approved,
6761,2530,2024-04-29,Education,335600,Approved,
6762,1610,2023-09-16,Auto,4891300,Approved,
6763,4731,2023-10-20,Personal,518500,Rejected,Low Credit Score
6764,5574,2024-05-18,Auto,551800,Approved,
6765,2747,2025-10-17,Personal,216200,Approved,
6766,1466,2023-01-04,Business,4056200,Approved,
6767,3433,2025-02-09,Business,877700,Approved,
6768,4194,2024-09-11,Home,267700,Approved,
6769,2333,2023-07-10,Personal,294700,Approved,
6770,2150,2025-09-28,Auto,206600,Rejected,Insufficient Income
6771,4577,2024-09-01,Auto,650800,Rejected,Incomplete Documents
6772,4776,2024-06-19,Personal,293900,Pending,
6773,2960,2024-11-07,Personal,367800,Pending,
6774,4127,2025-02-20,Auto,1655800,Approved,
6775,3422,2025-02-21,Personal,270200,Approved,
6776,4595,2024-07-02,Personal,613300,Approved,
6777,1240,2023-11-10,Auto,345400,Approved,
6778,1820,2024-03-05,Personal,598100,Approved,
6779,4296,2024-08-16,Business,523600,Approved,
6780,3586,2023-09-11,Personal,429700,Approved,
6781,5951,2025-04-03,Home,1741500,Approved,
6782,1048,2025-01-18,Personal,1507200,Pending,
6783,1813,2024-06-08,Auto,127800,Approved,
6784,5583,2023-06-13,Personal,56900,Pending,
6785,4008,2024-05-19,Personal,1793000,Rejected,High Existing Debt
6786,2614,2023-12-15,Personal,529200,Rejected,Low Credit Score
6787,5984,2025-07-18,Personal,618800,Approved,
6788,2483,2024-06-19,Business,2069300,Approved,
6789,1035,2023-06-30,Home,265000,Pending,
6790,2600,2024-06-22,Personal,640200,Approved,
6791,3913,2025-10-23,Personal,605200,Rejected,High Existing Debt
6792,2545,2025-03-06,Home,1632400,Approved,
6793,4769,2023-09-22,Personal,619600,Approved,
6794,5641,2024-06-25,Auto,438900,Approved,
6795,1905,2025-03-01,Home,342800,Approved,
6796,2590,2024-02-04,Auto,863900,Approved,
6797,4341,2024-02-24,Personal,412600,Rejected,Low Credit Score
6798,1152,2023-02-15,Business,124500,Approved,
6799,1060,2025-02-06,Education,650200,Rejected,Low Credit Score
6800,3327,2025-05-09,Personal,54900,Approved,
6801,4739,2025-06-04,Business,1683000,Approved,
6802,4692,2024-02-08,Auto,233500,Pending,
6803,5413,2024-07-21,Education,888900,Approved,
6804,4372,2023-08-26,Business,1264600,Rejected,Incomplete Documents
6805,3970,2024-04-11,Business,1258900,Approved,
6806,3008,2023-07-09,Home,3008300,Rejected,Incomplete Documents
6807,2136,2025-08-18,Home,408300,Approved,
6808,5037,2024-10-30,Auto,913600,Pending,
6809,3968,2023-05-06,Home,612500,Approved,
6810,5041,2024-09-29,Personal,596900,Pending,
6811,3555,2024-10-01,Personal,682900,Rejected,High Existing Debt
6812,4069,2023-03-24,Personal,269200,Approved,
6813,4807,2023-02-12,Education,1071600,Approved,
6814,2717,2024-12-14,Personal,411500,Rejected,Incomplete Documents
6815,2488,2025-06-05,Business,1730300,Approved,
6816,1739,2023-05-25,Education,613100,Approved,
6817,5815,2023-07-01,Auto,713800,Approved,
6818,5322,2025-06-30,Auto,1048900,Approved,
6819,3441,2024-03-18,Home,413000,Rejected,Low Credit Score
6820,1829,2025-02-05,Education,124500,Rejected,High Existing Debt
6821,1088,2025-03-01,Education,2198400,Approved,
6822,3147,2024-06-27,Personal,1860600,Approved,
6823,4606,2025-05-21,Home,504200,Approved,
6824,3534,2024-12-14,Education,362500,Pending,
6825,4143,2025-09-20,Education,94300,Rejected,Low Credit Score
6826,3476,2024-02-18,Auto,865500,Approved,
6827,1316,2024-09-18,Auto,196800,Approved,
6828,1477,2024-02-24,Education,784900,Approved,
6829,1551,2023-09-19,Personal,556600,Pending,
6830,3473,2025-03-11,Personal,481400,Approved,
6831,5483,2025-10-25,Auto,491100,Approved,
6832,1965,2023-11-08,Personal,617000,Pending,
6833,3187,2024-06-23,Personal,143600,Rejected,Incomplete Documents
6834,5228,2025-06-21,Business,1798000,Approved,
6835,5513,2025-01-19,Education,361000,Rejected,Low Credit Score
6836,1557,2025-12-18,Personal,450100,Pending,
6837,4476,2025-07-03,Personal,223000,Approved,
6838,2331,2025-04-09,Education,850200,Rejected,Low Credit Score
6839,4911,2023-02-19,Home,691900,Pending,
6840,2444,2024-09-23,Personal,90400,Approved,
6841,5274,2025-05-19,Personal,1080400,Rejected,Incomplete Documents
6842,3379,2024-12-23,Personal,2498200,Approved,
6843,4576,2023-06-14,Personal,515000,Pending,
6844,3736,2023-09-20,Auto,130000,Rejected,Incomplete Documents
6845,4613,2023-10-21,Personal,342300,Approved,
6846,4370,2023-07-28,Personal,208000,Pending,
6847,4682,2025-06-07,Personal,989700,Approved,
6848,4259,2024-10-30,Business,458400,Rejected,Insufficient Income
6849,1951,2023-11-03,Home,693600,Approved,
6850,3936,2023-12-30,Business,2249200,Approved,
6851,4914,2023-04-13,Home,818000,Approved,
6852,3499,2024-02-03,Personal,204100,Rejected,Incomplete Documents
6853,2760,2024-08-31,Education,444900,Approved,
6854,5716,2025-02-17,Personal,546200,Rejected,Incomplete Documents
6855,5988,2023-12-18,Home,223500,Pending,
6856,3162,2023-04-02,Auto,1288800,Approved,
6857,3688,2025-10-05,Home,1146900,Rejected,Insufficient Income
6858,3699,2025-11-18,Home,209600,Approved,
6859,4608,2025-11-05,Personal,422000,Pending,
6860,1922,2023-07-25,Auto,1093100,Rejected,High Existing Debt
6861,5643,2025-03-15,Auto,834100,Pending,
6862,5072,2023-01-18,Personal,760500,Approved,
6863,4717,2023-06-26,Home,261100,Approved,
6864,2935,2024-03-16,Education,316500,Approved,
6865,1618,2024-12-21,Home,194800,Rejected,High Existing Debt
6866,3830,2024-06-14,Business,337100,Rejected,Low Credit Score
6867,3469,2025-12-29,Home,252900,Approved,
6868,2810,2024-09-19,Business,5991300,Rejected,Low Credit Score
6869,1972,2025-09-04,Personal,1781400,Approved,
6870,2987,2025-03-31,Auto,1367700,Approved,
6871,2640,2024-06-05,Personal,1884500,Approved,
6872,1174,2024-07-12,Auto,1823300,Rejected,High Existing Debt
6873,1580,2024-10-28,Personal,280000,Rejected,High Existing Debt
6874,4574,2024-10-26,Personal,1140600,Approved,
6875,1474,2024-09-06,Auto,515900,Approved,
6876,4902,2025-06-24,Home,209300,Rejected,Incomplete Documents
6877,3327,2024-01-27,Personal,944900,Approved,
6878,1216,2025-09-19,Education,802900,Approved,
6879,5606,2025-08-15,Education,399500,Rejected,High Existing Debt
6880,5691,2025-07-13,Business,785700,Rejected,Insufficient Income
6881,4123,2023-02-22,Home,602700,Approved,
6882,1769,2025-09-20,Home,599800,Approved,
6883,2101,2025-05-23,Personal,2164900,Approved,
6884,5525,2023-01-04,Auto,1508600,Approved,
6885,2113,2024-11-12,Personal,63700,Approved,
6886,5858,2024-09-21,Personal,191600,Rejected,Insufficient Income
6887,3078,2023-07-24,Home,485800,Approved,
6888,2760,2024-06-29,Business,2079200,Approved,
6889,1517,2024-06-09,Personal,65100,Approved,
6890,4473,2025-08-06,Home,580500,Approved,
6891,5144,2025-02-07,Auto,876200,Approved,
6892,2740,2025-02-14,Home,431500,Rejected,Incomplete Documents
6893,3329,2024-02-06,Personal,316100,Approved,
6894,1275,2024-10-01,Auto,243300,Approved,
6895,2083,2025-01-04,Education,129600,Approved,
6896,3229,2023-03-08,Personal,1359200,Approved,
6897,5567,2025-05-05,Home,585900,Approved,
6898,1679,2024-09-24,Home,2161900,Approved,
6899,1895,2023-08-14,Personal,1054800,Approved,
6900,4845,2025-03-13,Auto,267500,Rejected,High Existing Debt
6901,2448,2023-07-08,Business,205200,Approved,
6902,1100,2023-07-30,Personal,2323500,Approved,
6903,4974,2023-12-09,Auto,3059500,Pending,
6904,4908,2024-05-02,Home,1287700,Approved,
6905,5632,2025-09-20,Personal,536000,Approved,
6906,1032,2023-12-13,Personal,329400,Approved,
6907,2581,2023-11-19,Home,2972300,Approved,
6908,3467,2024-05-08,Business,716000,Approved,
6909,4510,2023-03-18,Home,218000,Approved,
6910,5840,2025-09-02,Personal,417000,Approved,
6911,2002,2023-01-03,Education,147600,Rejected,Insufficient Income
6912,4202,2024-06-21,Home,538600,Approved,
6913,5833,2025-08-08,Home,965600,Pending,
6914,4018,2023-01-03,Business,955200,Approved,
6915,2837,2025-03-06,Personal,283400,Approved,
6916,1673,2023-08-27,Home,808800,Rejected,Insufficient Income
6917,2956,2024-03-02,Home,1117200,Approved,
6918,5677,2024-06-25,Home,436000,Rejected,Incomplete Documents
6919,5304,2023-12-09,Business,835800,Approved,
6920,4316,2024-09-12,Home,321000,Approved,
6921,4961,2025-04-08,Education,221400,Pending,
6922,5075,2023-09-14,Education,1337800,Approved,
6923,2585,2023-03-05,Personal,308800,Rejected,Insufficient Income
6924,1026,2024-12-31,Business,2018800,Approved,
6925,5607,2023-05-22,Home,675600,Approved,
6926,3021,2025-02-04,Personal,553200,Approved,
6927,1211,2025-08-21,Personal,1107300,Rejected,Insufficient Income
6928,4179,2024-11-23,Education,484400,Rejected,Low Credit Score
6929,1855,2024-02-19,Home,549500,Rejected,Incomplete Documents
6930,1834,2025-01-05,Business,925800,Rejected,Insufficient Income
6931,1317,2024-03-25,Personal,310900,Approved,
6932,5418,2025-01-21,Home,2402500,Approved,
6933,5320,2025-03-15,Home,1741100,Approved,
6934,3667,2025-01-25,Auto,1107600,Approved,
6935,2086,2024-06-09,Business,172700,Approved,
6936,4864,2023-10-08,Business,1361200,Approved,
6937,4053,2024-06-03,Business,1221500,Approved,
6938,5961,2024-01-13,Personal,411500,Approved,
6939,5027,2024-05-15,Business,1346100,Pending,
6940,1589,2025-06-28,Auto,682500,Approved,
6941,1678,2023-03-25,Home,145500,Approved,
6942,2850,2025-12-01,Home,369200,Approved,
6943,5766,2023-02-03,Personal,1331800,Pending,
6944,2310,2024-04-18,Personal,748600,Rejected,Incomplete Documents
6945,2591,2025-04-02,Personal,118600,Approved,
6946,4246,2025-08-17,Education,606000,Pending,
6947,5262,2024-05-20,Home,470200,Approved,
6948,3597,2023-07-04,Auto,157800,Approved,
6949,2396,2023-07-19,Personal,400400,Approved,
6950,4974,2025-09-11,Business,1171000,Rejected,Incomplete Documents
6951,1837,2025-12-02,Home,192000,Approved,
6952,2066,2023-04-14,Business,723500,Pending,
6953,5161,2025-11-06,Home,466900,Approved,
6954,4046,2023-06-10,Personal,2670200,Approved,
6955,5432,2025-04-16,Business,1213800,Approved,
6956,5062,2025-06-29,Personal,291400,Rejected,Low Credit Score
6957,5702,2024-12-03,Business,3922800,Approved,
6958,2960,2025-12-15,Business,184900,Approved,
6959,2716,2024-11-13,Home,1116500,Approved,
6960,5888,2025-03-12,Personal,416300,Approved,
6961,1021,2023-03-10,Home,1659200,Approved,
6962,3228,2025-11-09,Education,339300,Approved,
6963,3407,2023-10-24,Home,451600,Approved,
6964,1133,2023-02-19,Education,1378700,Rejected,Incomplete Documents
6965,1676,2023-07-21,Auto,337200,Approved,
6966,1627,2024-02-27,Auto,564100,Approved,
6967,1790,2023-06-14,Personal,1159000,Approved,
6968,1991,2025-10-02,Personal,402200,Rejected,Incomplete Documents
6969,4457,2023-11-09,Home,118700,Approved,
6970,1796,2025-06-18,Personal,366800,Approved,
6971,5248,2023-09-19,Business,416300,Approved,
6972,2599,2025-06-29,Personal,308900,Rejected,Low Credit Score
6973,4923,2024-09-12,Personal,1026600,Approved,
6974,3033,2025-07-29,Home,229700,Pending,
6975,4161,2024-08-16,Business,1121800,Approved,
6976,2714,2025-04-28,Education,1038500,Approved,
6977,1330,2024-03-19,Home,566800,Pending,
6978,4543,2024-04-25,Home,2655200,Approved,
6979,2697,2024-09-03,Home,282000,Approved,
6980,3091,2025-05-06,Auto,489800,Approved,
6981,2491,2024-09-18,Home,179700,Approved,
6982,4127,2023-11-29,Business,4479300,Rejected,Insufficient Income
6983,2075,2023-10-15,Auto,1160700,Approved,
6984,4426,2023-01-31,Business,342800,Approved,
6985,1677,2025-08-13,Education,987900,Rejected,Incomplete Documents
6986,2273,2024-02-11,Home,2810700,Approved,
6987,2351,2023-01-27,Personal,798400,Rejected,Insufficient Income
6988,2131,2024-05-16,Personal,176800,Rejected,Incomplete Documents
6989,1177,2024-10-02,Business,1085500,Approved,
6990,5225,2023-10-07,Personal,281900,Pending,
6991,5004,2025-02-10,Auto,974800,Pending,
6992,4265,2024-07-29,Auto,309000,Approved,
6993,2118,2025-04-07,Education,874800,Approved,
6994,2458,2025-06-23,Home,619700,Approved,
6995,5192,2023-07-21,Business,143000,Approved,
6996,1689,2024-07-25,Business,500000,Pending,
6997,2583,2025-10-07,Auto,769300,Pending,
6998,2802,2024-01-12,Home,1714800,Pending,
6999,2324,2023-03-06,Business,253100,Approved,
7000,2776,2024-06-17,Auto,650300,Pending,
7001,5908,2023-10-05,Auto,675500,Approved,
7002,4809,2025-11-13,Business,156800,Rejected,High Existing Debt
7003,1365,2023-02-09,Education,6142000,Approved,
7004,1516,2024-10-11,Business,239000,Approved,
7005,1576,2025-02-11,Business,421400,Approved,
7006,5918,2023-08-31,Personal,1031900,Approved,
7007,4955,2024-10-28,Home,987900,Rejected,Low Credit Score
7008,5777,2023-04-29,Personal,3377100,Approved,
7009,1542,2024-09-23,Business,360200,Approved,
7010,1937,2024-05-20,Home,1212100,Approved,
7011,5050,2024-02-29,Auto,420600,Approved,
7012,2374,2023-08-20,Home,1038000,Pending,
7013,3133,2024-07-29,Education,781900,Approved,
7014,3546,2025-05-19,Auto,148200,Approved,
7015,3540,2024-03-19,Personal,372300,Approved,
7016,3757,2025-01-13,Auto,284400,Approved,
7017,2754,2025-06-29,Home,845500,Approved,
7018,2691,2023-06-01,Business,606900,Rejected,Insufficient Income
7019,3550,2024-06-03,Personal,1277500,Approved,
7020,2959,2025-10-08,Home,2320900,Rejected,Incomplete Documents
7021,1732,2024-02-17,Home,217000,Approved,
7022,1834,2025-06-23,Home,253700,Approved,
7023,3153,2024-09-15,Auto,421700,Approved,
7024,5687,2024-06-19,Auto,1240000,Approved,
7025,2236,2025-11-28,Home,155700,Approved,
7026,5960,2024-11-17,Auto,3221500,Pending,
7027,1285,2024-09-04,Personal,1474300,Approved,
7028,4539,2025-01-07,Business,639300,Approved,
7029,5234,2025-05-15,Auto,1889500,Pending,
7030,1076,2025-02-26,Personal,498900,Rejected,Low Credit Score
7031,1896,2025-02-11,Personal,134600,Approved,
7032,3459,2023-08-24,Personal,1837200,Approved,
7033,5794,2024-02-24,Home,1302700,Rejected,Low Credit Score
7034,2745,2024-04-22,Auto,1000900,Approved,
7035,5784,2024-11-20,Auto,943900,Rejected,Low Credit Score
7036,1939,2024-10-12,Personal,338200,Rejected,Low Credit Score
7037,4342,2023-05-05,Home,128000,Pending,
7038,2708,2025-02-12,Business,72000,Rejected,Insufficient Income
7039,5340,2023-10-09,Home,103300,Rejected,Incomplete Documents
7040,5252,2023-05-31,Personal,586600,Approved,
7041,4779,2025-07-09,Business,167500,Pending,
7042,3957,2023-01-04,Auto,144100,Approved,
7043,1646,2025-02-14,Auto,213000,Approved,
7044,3240,2023-05-06,Auto,622900,Approved,
7045,2130,2023-04-26,Personal,1382900,Approved,
7046,2462,2024-06-23,Personal,4838600,Approved,
7047,3279,2025-10-08,Home,3237300,Approved,
7048,3347,2024-11-04,Home,436100,Rejected,High Existing Debt
7049,2052,2023-07-06,Personal,203200,Approved,
7050,1527,2023-02-02,Education,1132600,Rejected,Insufficient Income
7051,3712,2025-04-08,Auto,511400,Approved,
7052,5459,2025-09-15,Home,566600,Rejected,High Existing Debt
7053,3418,2025-03-15,Personal,464000,Approved,
7054,3138,2023-01-13,Home,347600,Approved,
7055,2726,2023-12-25,Education,1153600,Approved,
7056,2729,2025-04-02,Personal,1393700,Rejected,Insufficient Income
7057,5541,2023-01-14,Personal,547100,Pending,
7058,5055,2023-06-09,Education,827400,Rejected,Incomplete Documents
7059,5064,2025-06-25,Business,308600,Approved,
7060,4052,2025-01-08,Personal,461200,Rejected,Insufficient Income
7061,1129,2025-12-04,Education,370300,Approved,
7062,4154,2024-03-28,Personal,908600,Approved,
7063,1209,2025-04-13,Education,543300,Rejected,High Existing Debt
7064,1046,2024-10-27,Business,766200,Rejected,Insufficient Income
7065,5060,2025-03-08,Auto,322600,Approved,
7066,1001,2023-11-29,Home,3794400,Pending,
7067,4236,2025-06-10,Auto,483300,Pending,
7068,5933,2025-10-05,Education,154600,Pending,
7069,2635,2023-04-14,Personal,1579800,Approved,
7070,1798,2023-06-04,Auto,156600,Approved,
7071,1904,2023-03-22,Personal,285200,Approved,
7072,5354,2024-02-03,Personal,657300,Approved,
7073,4172,2024-08-31,Home,364900,Approved,
7074,2895,2023-01-30,Education,471500,Pending,
7075,5851,2024-03-09,Home,430900,Rejected,Incomplete Documents
7076,4944,2025-10-27,Home,442300,Approved,
7077,3062,2025-02-22,Personal,116200,Pending,
7078,5526,2024-12-15,Auto,1180500,Pending,
7079,4365,2025-07-21,Business,734300,Approved,
7080,1875,2024-08-12,Home,695600,Approved,
7081,3846,2024-10-24,Education,498700,Rejected,Insufficient Income
7082,3004,2023-07-06,Auto,360400,Rejected,Low Credit Score
7083,2742,2025-11-17,Education,861300,Pending,
7084,1888,2024-05-04,Home,1758200,Approved,
7085,1269,2025-08-22,Personal,1037200,Rejected,High Existing Debt
7086,4410,2025-10-18,Personal,3203000,Approved,
7087,4878,2024-11-21,Auto,427800,Approved,
7088,5681,2023-09-12,Auto,480000,Rejected,Insufficient Income
7089,5183,2023-08-03,Business,1803600,Approved,
7090,5447,2023-04-25,Home,292000,Approved,
7091,4906,2024-10-12,Personal,808100,Rejected,Insufficient Income
7092,4496,2025-03-13,Auto,1272200,Approved,
7093,2833,2025-12-14,Personal,2001100,Approved,
7094,2255,2024-08-16,Business,283700,Approved,
7095,4973,2024-06-21,Business,603800,Approved,
7096,1568,2024-07-12,Business,602400,Pending,
7097,5311,2024-05-24,Auto,106500,Rejected,Low Credit Score
7098,1817,2023-11-09,Personal,301200,Approved,
7099,4771,2024-04-02,Personal,908500,Approved,
7100,4680,2024-05-17,Home,2155400,Approved,
7101,5853,2025-11-30,Business,643700,Rejected,Insufficient Income
7102,5775,2023-01-01,Personal,264000,Approved,
7103,5048,2023-02-03,Education,321800,Rejected,High Existing Debt
7104,1823,2025-05-19,Home,142000,Approved,
7105,5046,2024-02-29,Personal,1963300,Approved,
7106,3496,2025-12-24,Auto,1680400,Approved,
7107,2795,2024-05-30,Personal,182600,Approved,
7108,5085,2025-08-16,Home,2329300,Pending,
7109,3184,2025-11-10,Home,1237800,Pending,
7110,5857,2025-04-11,Business,597800,Rejected,High Existing Debt
7111,3302,2023-06-03,Business,209600,Pending,
7112,1329,2025-05-19,Personal,386400,Approved,
7113,3576,2023-09-01,Home,830100,Rejected,Insufficient Income
7114,2818,2025-12-28,Personal,271400,Approved,
7115,4573,2025-07-08,Personal,309100,Approved,
7116,3898,2023-02-01,Home,211700,Approved,
7117,4943,2024-08-07,Education,528600,Approved,
7118,2012,2024-02-19,Personal,271000,Approved,
7119,5469,2023-08-21,Business,559400,Approved,
7120,3016,2024-02-03,Auto,1011600,Approved,
7121,3506,2024-05-29,Education,886200,Rejected,Incomplete Documents
7122,1780,2023-04-14,Auto,2430600,Approved,
7123,4532,2023-02-04,Auto,856800,Approved,
7124,1699,2024-09-18,Personal,517900,Pending,
7125,1187,2023-11-06,Home,2429700,Approved,
7126,1970,2024-12-17,Education,658800,Approved,
7127,4449,2025-05-03,Personal,453600,Approved,
7128,4486,2024-12-11,Home,407700,Approved,
7129,5140,2025-01-31,Home,2378100,Approved,
7130,1166,2025-05-01,Home,472000,Pending,
7131,2176,2024-08-17,Personal,547900,Pending,
7132,1701,2024-10-29,Education,1019500,Approved,
7133,1209,2024-09-02,Home,401500,Pending,
7134,4270,2023-08-28,Personal,616400,Rejected,High Existing Debt
7135,4177,2024-01-14,Personal,364800,Rejected,Insufficient Income
7136,1916,2023-08-31,Personal,593100,Approved,
7137,5620,2024-04-24,Home,617800,Pending,
7138,5999,2023-03-10,Personal,465600,Rejected,High Existing Debt
7139,4752,2024-12-16,Personal,1349600,Approved,
7140,5310,2025-07-06,Business,1291300,Rejected,High Existing Debt
7141,2496,2025-11-01,Home,3575000,Pending,
7142,2091,2024-05-01,Education,126200,Approved,
7143,1169,2025-03-17,Education,316000,Approved,
7144,3200,2025-02-12,Business,680200,Pending,
7145,5570,2024-11-18,Business,778700,Rejected,Insufficient Income
7146,3245,2025-10-28,Education,2105300,Approved,
7147,5109,2023-03-11,Business,124500,Approved,
7148,1741,2023-03-02,Personal,1553900,Rejected,Low Credit Score
7149,3934,2023-12-05,Home,327800,Rejected,Insufficient Income
7150,5054,2025-05-11,Personal,235400,Pending,
7151,1162,2023-10-31,Education,725500,Pending,
7152,1608,2024-09-10,Personal,559100,Approved,
7153,1728,2023-10-11,Education,6895700,Rejected,Low Credit Score
7154,4785,2025-11-23,Personal,1143800,Rejected,Low Credit Score
7155,1643,2023-10-09,Education,1221500,Pending,
7156,4786,2024-12-03,Education,474500,Approved,
7157,5899,2024-10-23,Auto,506300,Rejected,Insufficient Income
7158,4945,2024-04-24,Business,176400,Approved,
7159,5012,2024-09-10,Education,892100,Approved,
7160,5044,2025-07-20,Home,166900,Rejected,Low Credit Score
7161,2092,2024-07-02,Business,227100,Approved,
7162,3289,2024-10-04,Auto,680500,Approved,
7163,4528,2025-09-14,Personal,363400,Approved,
7164,2023,2025-01-13,Personal,295800,Pending,
7165,2735,2025-12-23,Education,373200,Approved,
7166,4767,2023-12-30,Education,991300,Approved,
7167,1154,2024-02-11,Education,1065300,Approved,
7168,5278,2025-08-24,Home,207800,Rejected,Insufficient Income
7169,2208,2025-12-17,Business,965100,Approved,
7170,3616,2023-09-22,Personal,1318000,Approved,
7171,5661,2025-06-19,Personal,3978200,Rejected,High Existing Debt
7172,2981,2024-09-13,Home,961700,Pending,
7173,5642,2023-03-06,Personal,92300,Approved,
7174,3890,2024-01-03,Auto,1110700,Approved,
7175,3610,2024-08-13,Personal,1628500,Rejected,Insufficient Income
7176,1709,2025-09-30,Home,1657000,Rejected,Low Credit Score
7177,5619,2024-11-14,Personal,2129800,Approved,
7178,4158,2023-05-11,Auto,2078300,Approved,
7179,4218,2024-12-17,Business,611800,Approved,
7180,5050,2025-02-11,Personal,712800,Rejected,Insufficient Income
7181,5767,2024-10-23,Auto,317200,Rejected,Insufficient Income
7182,3366,2025-04-01,Business,228900,Approved,
7183,3583,2024-03-09,Education,270300,Rejected,Incomplete Documents
7184,2384,2023-04-17,Home,1388100,Rejected,Insufficient Income
7185,4646,2023-01-26,Personal,279200,Approved,
7186,3122,2024-08-01,Education,739700,Rejected,Incomplete Documents
7187,3942,2023-07-01,Education,965900,Approved,
7188,4881,2024-09-30,Education,1044200,Approved,
7189,1365,2024-01-13,Home,2177500,Pending,
7190,3312,2025-11-13,Personal,919700,Approved,
7191,3865,2025-09-26,Auto,709000,Approved,
7192,1185,2023-09-26,Personal,2581000,Approved,
7193,4504,2023-11-27,Auto,273400,Approved,
7194,5789,2023-04-19,Education,624400,Approved,
7195,4006,2025-01-16,Personal,498100,Approved,
7196,1730,2025-12-05,Auto,918900,Rejected,Incomplete Documents
7197,5076,2023-08-31,Personal,894300,Approved,
7198,1567,2025-02-11,Personal,181200,Approved,
7199,2312,2023-05-21,Home,168100,Approved,
7200,5439,2024-02-04,Business,260300,Approved,
7201,4424,2024-06-24,Auto,615600,Approved,
7202,1612,2023-01-19,Home,203500,Pending,
7203,5101,2024-08-15,Home,147200,Pending,
7204,1624,2023-08-09,Home,269000,Approved,
7205,1498,2023-10-15,Auto,422600,Approved,
7206,1223,2024-08-05,Personal,286900,Pending,
7207,1953,2023-11-21,Personal,945500,Pending,
7208,2907,2025-09-10,Auto,983700,Approved,
7209,2161,2025-08-09,Auto,2401300,Rejected,High Existing Debt
7210,3785,2024-09-26,Education,894500,Rejected,High Existing Debt
7211,4835,2024-05-10,Home,266100,Rejected,Low Credit Score
7212,5634,2023-01-23,Education,761100,Approved,
7213,1703,2024-04-06,Home,600300,Approved,
7214,4409,2024-01-14,Auto,1234800,Rejected,Insufficient Income
7215,1997,2023-07-08,Home,1003600,Approved,
7216,4935,2024-03-24,Education,834400,Approved,
7217,5828,2024-10-03,Education,1913400,Rejected,Incomplete Documents
7218,3261,2023-12-15,Home,2163500,Approved,
7219,1587,2024-11-28,Auto,298300,Approved,
7220,3985,2025-04-20,Auto,225400,Approved,
7221,3870,2023-01-28,Home,162600,Rejected,High Existing Debt
7222,4577,2024-11-03,Home,1031200,Rejected,Low Credit Score
7223,3724,2025-03-09,Personal,234200,Approved,
7224,2005,2025-12-07,Business,403200,Approved,
7225,2776,2025-10-15,Home,1126100,Approved,
7226,2115,2024-07-10,Personal,2000200,Approved,
7227,3900,2025-07-16,Education,410200,Rejected,High Existing Debt
7228,5721,2023-11-03,Personal,2790900,Rejected,Low Credit Score
7229,3690,2025-03-25,Home,479900,Approved,
7230,1613,2025-04-08,Auto,2780800,Approved,
7231,4611,2024-06-30,Business,228500,Pending,
7232,3578,2025-12-15,Auto,653100,Rejected,Low Credit Score
7233,2404,2024-11-18,Education,461900,Rejected,Incomplete Documents
7234,1011,2023-03-27,Home,1249200,Approved,
7235,2998,2024-10-21,Auto,391400,Approved,
7236,1555,2025-06-29,Home,1160700,Rejected,High Existing Debt
7237,1764,2024-07-27,Auto,994000,Approved,
7238,5647,2025-11-03,Auto,2506400,Approved,
7239,2871,2023-06-27,Home,199300,Approved,
7240,1755,2023-07-28,Auto,976000,Approved,
7241,4156,2025-12-28,Auto,2617600,Approved,
7242,1337,2025-06-29,Business,1138100,Rejected,Low Credit Score
7243,1055,2025-10-12,Business,1962900,Approved,
7244,4393,2025-12-22,Business,232100,Approved,
7245,2117,2025-03-05,Education,159300,Pending,
7246,5204,2024-01-17,Personal,1180700,Rejected,High Existing Debt
7247,4422,2025-04-08,Education,1195300,Approved,
7248,5645,2025-01-17,Auto,201500,Rejected,Low Credit Score
7249,3794,2023-06-16,Education,492700,Approved,
7250,5683,2025-10-20,Home,451000,Rejected,Incomplete Documents
7251,5946,2024-09-20,Home,603400,Approved,
7252,5585,2023-08-21,Home,471800,Pending,
7253,1822,2023-06-12,Home,630900,Approved,
7254,5169,2024-08-15,Personal,2303200,Rejected,High Existing Debt
7255,4163,2024-05-18,Personal,1229000,Rejected,High Existing Debt
7256,2902,2024-05-20,Home,380700,Approved,
7257,3868,2024-09-26,Auto,3498800,Rejected,Insufficient Income
7258,1448,2023-03-01,Personal,520500,Approved,
7259,5926,2025-12-21,Home,657700,Rejected,Low Credit Score
7260,5676,2024-02-04,Education,604500,Approved,
7261,4296,2025-09-15,Home,478200,Approved,
7262,4288,2024-06-27,Auto,549800,Pending,
7263,1166,2023-12-24,Education,128800,Rejected,Insufficient Income
7264,1434,2024-05-01,Personal,374900,Rejected,Low Credit Score
7265,2820,2023-09-04,Auto,5363700,Rejected,High Existing Debt
7266,5166,2023-02-07,Home,791500,Pending,
7267,1543,2024-11-09,Home,523200,Approved,
7268,3233,2024-03-21,Auto,1490100,Pending,
7269,2674,2023-01-16,Education,401300,Approved,
7270,1140,2023-02-23,Home,1085000,Rejected,High Existing Debt
7271,4335,2025-01-18,Business,2261600,Pending,
7272,5252,2023-01-18,Personal,754100,Approved,
7273,3379,2025-02-10,Business,129000,Approved,
7274,2504,2024-07-02,Personal,403800,Rejected,Low Credit Score
7275,4036,2025-12-27,Auto,960600,Approved,
7276,5417,2025-09-03,Home,963200,Approved,
7277,2947,2025-06-06,Business,1168100,Approved,
7278,5260,2024-11-18,Home,150500,Pending,
7279,1202,2023-01-19,Business,871900,Approved,
7280,5186,2024-08-20,Personal,472400,Rejected,Low Credit Score
7281,5682,2025-01-16,Home,506000,Rejected,Incomplete Documents
7282,2470,2023-11-05,Auto,324300,Rejected,Incomplete Documents
7283,5897,2023-05-26,Business,1372000,Approved,
7284,1986,2025-03-17,Personal,846900,Approved,
7285,4554,2023-11-25,Home,1064200,Approved,
7286,1677,2025-02-21,Business,1504700,Rejected,High Existing Debt
7287,2905,2024-08-07,Auto,279300,Approved,
7288,5749,2025-05-20,Home,1417700,Approved,
7289,4050,2025-09-10,Business,1468400,Rejected,High Existing Debt
7290,2890,2024-12-03,Education,489700,Approved,
7291,2829,2023-12-04,Personal,1471300,Approved,
7292,1764,2025-03-04,Personal,531700,Rejected,Incomplete Documents
7293,5751,2023-06-26,Auto,133100,Pending,
7294,3404,2025-02-10,Personal,820400,Approved,
7295,2360,2023-09-04,Auto,271200,Approved,
7296,1085,2024-08-11,Home,584400,Approved,
7297,1866,2024-12-14,Home,2270900,Rejected,Low Credit Score
7298,4176,2024-09-22,Personal,542300,Approved,
7299,2142,2024-10-10,Business,2328700,Pending,
7300,2062,2025-06-24,Business,399000,Rejected,High Existing Debt
7301,5579,2024-11-19,Personal,919700,Approved,
7302,5232,2023-02-17,Auto,791500,Approved,
7303,1076,2023-06-25,Auto,523800,Approved,
7304,1316,2024-02-03,Personal,521700,Approved,
7305,1497,2023-02-14,Auto,242600,Rejected,Low Credit Score
7306,1956,2023-11-10,Auto,967900,Approved,
7307,1621,2023-06-15,Personal,1575600,Rejected,Low Credit Score
7308,4640,2025-10-12,Personal,72700,Rejected,Incomplete Documents
7309,1018,2024-04-25,Business,1297900,Approved,
7310,5528,2025-05-30,Personal,225400,Approved,
7311,1616,2024-11-29,Home,1499000,Rejected,Low Credit Score
7312,1149,2024-08-31,Education,241700,Approved,
7313,5536,2023-07-10,Education,706500,Rejected,Incomplete Documents
7314,5315,2023-02-12,Home,121400,Approved,
7315,4980,2025-02-10,Education,307400,Approved,
7316,1671,2024-11-13,Business,1797800,Approved,
7317,4682,2023-08-25,Personal,1016900,Approved,
7318,2019,2025-03-27,Personal,969500,Rejected,Low Credit Score
7319,3943,2024-06-15,Home,586500,Approved,
7320,2275,2024-11-15,Auto,707600,Approved,
7321,4133,2024-10-18,Auto,2312500,Approved,
7322,2503,2024-07-31,Home,534600,Approved,
7323,3116,2024-03-09,Home,608600,Approved,
7324,5349,2024-03-29,Personal,1625100,Rejected,High Existing Debt
7325,5925,2024-10-03,Personal,581300,Approved,
7326,1884,2024-03-02,Education,418100,Pending,
7327,3672,2023-03-14,Home,475900,Approved,
7328,2553,2024-02-25,Education,512400,Approved,
7329,4741,2024-03-11,Business,225700,Approved,
7330,5056,2023-10-09,Home,140100,Approved,
7331,3563,2024-02-13,Business,582100,Approved,
7332,2902,2023-11-16,Personal,831300,Approved,
7333,4054,2025-07-14,Auto,1288100,Approved,
7334,3663,2024-01-04,Auto,235800,Pending,
7335,1155,2024-01-29,Education,2282800,Rejected,High Existing Debt
7336,3894,2024-09-12,Auto,116300,Rejected,Low Credit Score
7337,1388,2025-09-23,Education,1191700,Rejected,Incomplete Documents
7338,1004,2025-11-06,Personal,618700,Rejected,Incomplete Documents
7339,1985,2025-12-29,Auto,519100,Approved,
7340,3428,2024-05-26,Home,230500,Approved,
7341,2739,2025-04-11,Personal,512900,Rejected,Insufficient Income
7342,5129,2025-05-23,Auto,459000,Rejected,Insufficient Income
7343,2035,2023-08-26,Home,1544300,Approved,
7344,1716,2024-02-19,Auto,322100,Approved,
7345,2533,2023-02-26,Auto,348700,Approved,
7346,2178,2024-09-08,Home,873100,Approved,
7347,5952,2024-08-16,Business,442300,Approved,
7348,2903,2023-02-19,Home,244800,Rejected,High Existing Debt
7349,1922,2024-04-14,Home,113500,Approved,
7350,1694,2025-03-19,Business,2851600,Approved,
7351,1667,2024-04-29,Education,723800,Approved,
7352,2252,2023-11-28,Personal,2430500,Approved,
7353,1102,2025-08-23,Business,738600,Rejected,Incomplete Documents
7354,5354,2023-05-25,Business,1416600,Approved,
7355,2801,2023-07-25,Home,2843400,Rejected,Incomplete Documents
7356,1072,2025-06-24,Personal,1475800,Pending,
7357,1884,2023-03-31,Home,2546200,Approved,
7358,4050,2023-06-19,Personal,2263900,Pending,
7359,4904,2024-04-07,Home,274100,Approved,
7360,5211,2024-10-15,Home,545000,Approved,
7361,5673,2024-02-24,Business,1916100,Pending,
7362,2434,2024-02-01,Education,340200,Rejected,Insufficient Income
7363,2703,2023-11-05,Business,608400,Approved,
7364,4212,2024-12-15,Home,580200,Rejected,Low Credit Score
7365,1308,2023-05-13,Auto,575700,Approved,
7366,5883,2023-10-31,Education,818300,Rejected,Incomplete Documents
7367,2890,2023-10-07,Auto,589800,Approved,
7368,2982,2023-07-20,Personal,350000,Approved,
7369,5488,2024-05-05,Home,892100,Approved,
7370,1087,2023-10-25,Education,541800,Rejected,Low Credit Score
7371,2163,2024-03-23,Business,1841500,Approved,
7372,1866,2023-07-16,Personal,529300,Approved,
7373,4749,2025-01-01,Personal,1037200,Approved,
7374,1153,2023-03-02,Personal,491900,Rejected,High Existing Debt
7375,3712,2025-04-30,Education,108800,Rejected,Incomplete Documents
7376,1618,2023-03-13,Business,1027600,Approved,
7377,3338,2025-04-02,Personal,2886300,Pending,
7378,2519,2024-03-27,Personal,689700,Rejected,Insufficient Income
7379,4922,2023-07-18,Home,1057700,Approved,
7380,1938,2025-04-03,Home,700400,Rejected,Incomplete Documents
7381,5967,2023-10-10,Home,598400,Pending,
7382,2615,2025-11-29,Education,2326100,Rejected,Incomplete Documents
7383,3525,2024-01-06,Personal,1190200,Pending,
7384,4732,2024-04-21,Home,480900,Approved,
7385,4408,2023-02-27,Auto,281300,Approved,
7386,4901,2024-07-01,Personal,3223800,Pending,
7387,4655,2024-12-14,Business,713000,Approved,
7388,2265,2024-02-20,Personal,1368000,Approved,
7389,5324,2023-08-27,Home,222000,Approved,
7390,2686,2024-01-19,Auto,82000,Approved,
7391,1975,2024-02-11,Education,262700,Rejected,Incomplete Documents
7392,5169,2023-04-21,Auto,1060400,Rejected,High Existing Debt
7393,5092,2023-10-12,Education,354000,Rejected,Low Credit Score
7394,2553,2023-10-28,Personal,216400,Approved,
7395,4330,2024-08-25,Personal,610200,Approved,
7396,5359,2024-06-29,Education,572500,Pending,
7397,5319,2024-08-04,Home,1413200,Approved,
7398,1485,2025-04-29,Personal,536100,Approved,
7399,3239,2025-12-30,Auto,2012200,Approved,
7400,5653,2024-10-03,Personal,1430800,Approved,
7401,1982,2023-12-20,Education,280000,Approved,
7402,2719,2024-10-02,Home,2959100,Approved,
7403,3194,2024-09-24,Education,2357500,Approved,
7404,3613,2023-07-01,Auto,550700,Rejected,High Existing Debt
7405,4792,2023-04-20,Home,1599200,Approved,
7406,3439,2023-06-13,Home,3486400,Rejected,Insufficient Income
7407,1083,2023-04-13,Business,1170800,Approved,
7408,4097,2024-02-08,Personal,639000,Approved,
7409,5549,2025-12-03,Personal,626100,Approved,
7410,2688,2025-11-21,Home,227400,Rejected,Insufficient Income
7411,3478,2023-09-06,Home,1602200,Approved,
7412,4575,2025-03-16,Personal,1107800,Pending,
7413,2990,2024-06-26,Business,424800,Approved,
7414,2420,2024-06-13,Home,198600,Approved,
7415,5798,2024-02-17,Personal,170200,Approved,
7416,1852,2025-09-17,Education,326600,Approved,
7417,5314,2025-04-10,Auto,631200,Approved,
7418,1460,2025-05-29,Home,1152700,Pending,
7419,2612,2025-04-28,Personal,1815200,Approved,
7420,3570,2024-06-15,Home,1203700,Rejected,Insufficient Income
7421,3515,2025-11-20,Home,1844400,Approved,
7422,4755,2024-11-28,Business,695500,Rejected,Incomplete Documents
7423,4361,2025-09-25,Auto,581300,Rejected,Incomplete Documents
7424,4704,2024-01-26,Personal,691600,Approved,
7425,5508,2023-08-12,Business,173900,Approved,
7426,3734,2025-09-09,Auto,1586300,Pending,
7427,2901,2025-08-14,Auto,348000,Rejected,Insufficient Income
7428,1386,2024-05-23,Home,389700,Approved,
7429,4494,2023-02-18,Auto,462000,Approved,
7430,5134,2025-03-18,Auto,2930200,Approved,
7431,3967,2024-12-10,Business,284100,Pending,
7432,4316,2025-11-04,Personal,644600,Rejected,Low Credit Score
7433,4115,2023-12-12,Home,575300,Approved,
7434,3166,2025-02-18,Auto,439300,Approved,
7435,3654,2024-05-07,Business,1121300,Approved,
7436,2348,2023-08-27,Home,171500,Rejected,Low Credit Score
7437,1198,2024-10-27,Home,1924200,Approved,
7438,2506,2025-07-14,Home,625300,Rejected,Low Credit Score
7439,2017,2025-05-10,Education,677600,Approved,
7440,4776,2025-07-14,Home,1818300,Pending,
7441,3516,2023-03-18,Home,1621100,Approved,
7442,1832,2023-08-21,Business,369400,Rejected,High Existing Debt
7443,2573,2023-06-20,Education,109100,Approved,
7444,1104,2024-06-17,Home,623300,Approved,
7445,3033,2025-01-16,Home,530600,Approved,
7446,2258,2025-09-27,Personal,354800,Approved,
7447,3082,2023-09-30,Home,805300,Approved,
7448,5816,2025-11-14,Auto,918600,Approved,
7449,1337,2025-01-26,Personal,475500,Rejected,High Existing Debt
7450,5293,2025-04-17,Personal,773800,Rejected,Insufficient Income
7451,1995,2024-07-02,Personal,1669000,Pending,
7452,4302,2024-04-18,Personal,2714300,Approved,
7453,1100,2024-05-30,Home,318500,Approved,
7454,3111,2023-02-27,Home,1619400,Approved,
7455,2358,2023-06-21,Auto,451900,Rejected,Low Credit Score
7456,2021,2023-09-30,Personal,266100,Approved,
7457,3958,2023-05-26,Auto,1102100,Approved,
7458,4778,2025-05-03,Business,275400,Approved,
7459,3332,2025-04-08,Business,148900,Approved,
7460,2743,2023-10-27,Home,485500,Approved,
7461,1876,2023-05-27,Home,365900,Rejected,Low Credit Score
7462,1419,2025-07-09,Business,719300,Approved,
7463,1991,2024-07-02,Personal,685700,Approved,
7464,3475,2025-10-17,Education,1223600,Approved,
7465,1684,2025-12-17,Home,138800,Rejected,Insufficient Income
7466,5847,2023-02-01,Personal,477800,Approved,
7467,1043,2024-02-14,Home,121200,Rejected,Low Credit Score
7468,3036,2024-03-06,Business,859900,Approved,
7469,4380,2023-08-10,Home,1346800,Approved,
7470,2646,2023-02-20,Home,481800,Approved,
7471,4973,2025-03-19,Auto,365900,Approved,
7472,5243,2025-09-24,Business,221800,Approved,
7473,4998,2024-12-05,Education,1892900,Approved,
7474,5913,2024-07-26,Personal,1330800,Rejected,High Existing Debt
7475,3429,2025-06-13,Business,1192600,Approved,
7476,2775,2024-04-03,Home,1164700,Approved,
7477,2727,2025-03-13,Personal,765400,Approved,
7478,4188,2024-08-19,Personal,3879700,Rejected,Low Credit Score
7479,2489,2025-11-29,Auto,1233600,Approved,
7480,4741,2025-09-04,Home,383300,Approved,
7481,1844,2025-07-28,Business,140200,Approved,
7482,4279,2023-09-04,Business,63000,Rejected,Insufficient Income
7483,2077,2023-12-04,Home,453800,Rejected,Insufficient Income
7484,5309,2024-06-07,Business,1036200,Rejected,Low Credit Score
7485,3296,2023-02-09,Business,1414000,Approved,
7486,2514,2025-11-19,Auto,504200,Approved,
7487,3898,2025-04-11,Personal,229100,Approved,
7488,5861,2023-10-24,Education,177900,Pending,
7489,4928,2025-04-26,Personal,592100,Approved,
7490,4009,2023-10-30,Education,686500,Pending,
7491,4108,2025-01-01,Home,68700,Approved,
7492,5000,2024-08-28,Personal,609200,Approved,
7493,4482,2024-03-07,Personal,1366000,Approved,
7494,3232,2025-06-07,Home,685000,Rejected,High Existing Debt
7495,1067,2023-08-30,Home,600300,Approved,
7496,3081,2024-12-31,Education,766000,Approved,
7497,2548,2025-05-13,Home,931400,Pending,
7498,2269,2024-05-06,Home,326800,Approved,
7499,2510,2023-11-07,Personal,2284200,Approved,
7500,5692,2025-07-20,Home,996000,Approved,
7501,1849,2024-10-20,Home,621700,Approved,
7502,2875,2023-05-26,Education,648700,Approved,
7503,1602,2024-12-30,Personal,426800,Approved,
7504,5202,2025-09-16,Personal,2195800,Rejected,Incomplete Documents
7505,5781,2025-07-12,Personal,1966500,Approved,
7506,2413,2023-05-31,Home,625500,Approved,
7507,3583,2024-04-07,Business,986600,Approved,
7508,3851,2023-01-11,Education,4210700,Approved,
7509,3289,2024-03-02,Personal,940300,Approved,
7510,1096,2025-05-02,Home,177500,Approved,
7511,5221,2025-06-14,Auto,1130300,Rejected,Insufficient Income
7512,1234,2023-10-28,Auto,138500,Approved,
7513,5785,2023-02-08,Personal,257200,Rejected,High Existing Debt
7514,5678,2025-09-17,Personal,555600,Approved,
7515,5216,2024-08-13,Personal,749800,Approved,
7516,4549,2025-09-11,Business,1597200,Approved,
7517,1022,2025-10-15,Home,3688000,Approved,
7518,3809,2025-07-29,Personal,717800,Approved,
7519,2236,2025-05-25,Personal,793600,Rejected,High Existing Debt
7520,3523,2024-05-30,Personal,1108500,Approved,
7521,5935,2024-12-05,Business,288700,Approved,
7522,3236,2024-09-05,Personal,276200,Approved,
7523,1418,2024-11-26,Auto,384200,Approved,
7524,1553,2025-06-25,Business,554900,Approved,
7525,3588,2024-08-19,Personal,246200,Approved,
7526,4891,2024-07-15,Personal,434700,Approved,
7527,1036,2023-12-14,Home,940400,Approved,
7528,5066,2024-07-17,Auto,1010100,Approved,
7529,1531,2023-09-19,Personal,365300,Pending,
7530,5784,2024-12-10,Home,283800,Rejected,High Existing Debt
7531,3172,2023-10-16,Business,147800,Approved,
7532,4090,2025-04-28,Auto,887100,Rejected,High Existing Debt
7533,5801,2024-01-31,Education,765000,Approved,
7534,1918,2023-10-14,Business,343100,Approved,
7535,4260,2025-09-21,Business,127600,Approved,
7536,4236,2024-06-29,Personal,940400,Rejected,Insufficient Income
7537,3068,2023-02-01,Personal,852000,Rejected,Low Credit Score
7538,2020,2024-07-05,Business,297600,Approved,
7539,3024,2025-11-20,Home,224900,Rejected,Incomplete Documents
7540,3161,2025-10-02,Business,2960300,Approved,
7541,2341,2023-10-25,Business,562100,Approved,
7542,3405,2025-04-22,Personal,273600,Pending,
7543,5932,2024-11-30,Personal,987400,Approved,
7544,1772,2024-02-19,Home,187000,Pending,
7545,3874,2025-11-24,Auto,612600,Rejected,Low Credit Score
7546,1717,2023-01-27,Home,885300,Pending,
7547,5519,2024-10-06,Personal,713800,Rejected,Insufficient Income
7548,2081,2025-08-04,Education,588500,Approved,
7549,5160,2025-01-12,Personal,407700,Approved,
7550,3557,2024-08-26,Education,391000,Rejected,Insufficient Income
7551,2458,2025-07-24,Business,2104000,Approved,
7552,4602,2023-12-12,Home,327700,Approved,
7553,4838,2023-07-15,Personal,462800,Approved,
7554,1081,2023-07-29,Auto,109100,Rejected,High Existing Debt
7555,3429,2025-08-31,Business,3133800,Approved,
7556,4996,2024-06-11,Education,522400,Approved,
7557,3696,2024-09-20,Auto,831100,Rejected,Insufficient Income
7558,5512,2024-02-08,Auto,2730300,Approved,
7559,3667,2023-07-09,Personal,351800,Approved,
7560,3182,2023-04-17,Personal,234300,Approved,
7561,3760,2024-10-29,Business,929300,Pending,
7562,4880,2024-03-19,Business,769800,Approved,
7563,4763,2024-06-11,Education,3155300,Approved,
7564,5655,2025-11-18,Auto,755300,Approved,
7565,1223,2024-12-12,Auto,1156700,Approved,
7566,2015,2024-10-25,Personal,694300,Rejected,Incomplete Documents
7567,2019,2025-03-19,Personal,286800,Approved,
7568,4975,2023-03-04,Home,166400,Approved,
7569,3297,2024-05-08,Home,1191800,Approved,
7570,1226,2023-09-27,Personal,253100,Approved,
7571,4126,2025-06-04,Home,1007200,Approved,
7572,5061,2023-12-19,Personal,630900,Approved,
7573,5583,2024-10-01,Home,556600,Approved,
7574,4128,2024-10-12,Personal,448800,Approved,
7575,4948,2023-05-28,Personal,313200,Approved,
7576,5412,2025-01-30,Education,866800,Approved,
7577,2587,2024-02-09,Auto,434300,Rejected,Incomplete Documents
7578,5496,2025-04-20,Education,599800,Rejected,Low Credit Score
7579,2516,2024-02-08,Personal,2178200,Approved,
7580,1769,2023-04-27,Education,983400,Approved,
7581,2036,2024-05-16,Business,486000,Rejected,Incomplete Documents
7582,1024,2025-01-17,Personal,437500,Rejected,High Existing Debt
7583,3174,2023-06-23,Auto,345400,Approved,
7584,5427,2024-04-22,Home,281900,Rejected,Incomplete Documents
7585,5201,2024-07-01,Personal,878300,Rejected,Low Credit Score
7586,5002,2025-05-22,Home,140800,Rejected,Incomplete Documents
7587,4293,2024-07-14,Education,879900,Approved,
7588,3081,2025-05-30,Personal,3050100,Approved,
7589,2185,2023-11-22,Auto,1558300,Rejected,High Existing Debt
7590,3113,2023-01-09,Auto,224200,Rejected,Incomplete Documents
7591,4148,2025-10-01,Home,3855300,Pending,
7592,4118,2024-12-05,Home,1204100,Approved,
7593,4948,2023-10-13,Auto,221900,Approved,
7594,3498,2024-02-20,Personal,161100,Approved,
7595,4032,2024-12-24,Home,339700,Rejected,Insufficient Income
7596,1950,2025-08-13,Personal,631500,Approved,
7597,5530,2025-08-08,Home,950400,Approved,
7598,1626,2025-12-20,Home,380900,Approved,
7599,1405,2023-10-21,Personal,408600,Pending,
7600,4870,2023-12-06,Auto,822300,Pending,
7601,1143,2025-05-28,Home,324800,Approved,
7602,4721,2025-03-29,Auto,681200,Approved,
7603,3807,2023-07-05,Home,1220900,Rejected,Insufficient Income
7604,1288,2025-05-31,Home,571300,Approved,
7605,5168,2025-02-14,Home,2096000,Rejected,Insufficient Income
7606,5503,2025-03-12,Home,548800,Approved,
7607,2819,2024-10-23,Personal,251100,Approved,
7608,5650,2023-07-09,Personal,3423600,Approved,
7609,4293,2023-12-19,Personal,1151100,Approved,
7610,1779,2023-02-08,Personal,651500,Rejected,Insufficient Income
7611,2941,2025-06-04,Business,630900,Pending,
7612,2068,2023-01-22,Business,291200,Rejected,High Existing Debt
7613,1990,2024-12-13,Auto,643900,Rejected,Insufficient Income
7614,1289,2023-01-31,Personal,339300,Approved,
7615,4895,2025-04-15,Home,1827300,Approved,
7616,5877,2024-12-26,Auto,883800,Approved,
7617,4108,2023-02-23,Business,723000,Rejected,High Existing Debt
7618,4671,2024-01-06,Education,389100,Approved,
7619,5634,2023-04-07,Personal,667700,Approved,
7620,5554,2025-06-03,Home,179900,Approved,
7621,2175,2024-06-13,Education,1040100,Rejected,Insufficient Income
7622,2160,2025-11-25,Personal,386000,Pending,
7623,2806,2023-11-14,Auto,332300,Approved,
7624,4538,2025-12-10,Home,3151200,Rejected,Insufficient Income
7625,4566,2023-10-14,Education,1100100,Approved,
7626,2689,2024-10-11,Home,210500,Approved,
7627,4028,2023-08-31,Education,1554800,Rejected,High Existing Debt
7628,1644,2024-02-17,Auto,122500,Approved,
7629,5347,2023-08-10,Personal,276800,Approved,
7630,5975,2025-11-20,Personal,859100,Approved,
7631,5201,2025-05-21,Personal,594900,Rejected,Low Credit Score
7632,3620,2025-12-27,Home,336200,Rejected,Insufficient Income
7633,2623,2025-09-20,Home,759300,Rejected,High Existing Debt
7634,3517,2025-02-23,Education,371800,Approved,
7635,1555,2023-04-06,Auto,710000,Pending,
7636,2844,2023-08-13,Auto,921600,Rejected,Low Credit Score
7637,1533,2025-01-04,Personal,2158500,Approved,
7638,4493,2023-08-11,Personal,989100,Approved,
7639,1634,2025-09-17,Home,518100,Rejected,Low Credit Score
7640,1978,2023-04-30,Education,876500,Approved,
7641,5600,2023-05-18,Home,124000,Approved,
7642,4283,2023-11-24,Home,2398200,Pending,
7643,3181,2025-05-27,Personal,784100,Approved,
7644,1957,2025-01-09,Personal,8000000,Rejected,Incomplete Documents
7645,2324,2024-08-17,Home,783600,Pending,
7646,1219,2024-06-23,Auto,800300,Rejected,Incomplete Documents
7647,4462,2024-09-25,Business,151100,Pending,
7648,4057,2023-12-06,Personal,309600,Approved,
7649,2358,2025-04-04,Auto,600400,Approved,
7650,5483,2023-03-23,Education,422500,Rejected,Insufficient Income
7651,4649,2025-05-15,Auto,3002600,Approved,
7652,3719,2024-02-02,Personal,751000,Approved,
7653,4373,2024-12-14,Auto,511300,Rejected,Insufficient Income
7654,5210,2023-12-24,Auto,1046000,Approved,
7655,4658,2025-03-10,Business,443400,Approved,
7656,3871,2023-06-30,Education,987000,Approved,
7657,1060,2025-10-11,Personal,194800,Rejected,Incomplete Documents
7658,1927,2024-07-13,Auto,2308800,Approved,
7659,4838,2023-07-22,Business,853800,Rejected,Low Credit Score
7660,5851,2025-02-22,Personal,916100,Rejected,High Existing Debt
7661,5049,2023-10-14,Home,377800,Approved,
7662,1295,2023-05-13,Auto,1426100,Approved,
7663,2404,2023-04-04,Auto,185400,Approved,
7664,1616,2025-11-05,Home,384500,Approved,
7665,2584,2024-04-18,Home,859300,Approved,
7666,3128,2025-08-17,Auto,563200,Approved,
7667,2051,2023-07-30,Business,242100,Rejected,Insufficient Income
7668,4856,2024-07-12,Home,497600,Approved,
7669,4508,2024-03-18,Auto,384400,Approved,
7670,5350,2023-04-09,Personal,330000,Approved,
7671,1347,2023-01-20,Personal,2352000,Pending,
7672,4510,2023-01-21,Business,320700,Approved,
7673,4225,2024-11-24,Business,225200,Rejected,Low Credit Score
7674,5440,2024-07-14,Home,232100,Approved,
7675,3106,2025-11-12,Auto,393600,Approved,
7676,1220,2023-04-18,Education,674400,Approved,
7677,5938,2025-04-15,Business,860500,Approved,
7678,2201,2024-08-27,Home,2981600,Approved,
7679,5582,2023-01-24,Business,99200,Approved,
7680,1974,2025-02-14,Home,197700,Pending,
7681,1705,2024-03-28,Business,316600,Approved,
7682,5945,2023-04-25,Education,302000,Rejected,Insufficient Income
7683,5049,2024-01-29,Education,167000,Pending,
7684,5736,2025-08-09,Personal,599600,Approved,
7685,3654,2024-09-11,Education,3385300,Approved,
7686,4562,2025-02-16,Personal,1312100,Pending,
7687,5910,2024-08-18,Personal,252000,Approved,
7688,2761,2025-10-09,Education,546700,Pending,
7689,3930,2023-09-23,Auto,532200,Rejected,Incomplete Documents
7690,3452,2023-03-24,Personal,906500,Approved,
7691,2248,2025-07-25,Auto,566100,Approved,
7692,1771,2023-09-03,Business,391400,Approved,
7693,3596,2025-03-21,Auto,3141400,Approved,
7694,5357,2025-10-07,Home,453500,Rejected,High Existing Debt
7695,5867,2024-11-01,Auto,378000,Rejected,Insufficient Income
7696,4428,2024-09-19,Auto,2536600,Approved,
7697,3374,2024-12-07,Auto,716500,Rejected,Low Credit Score
7698,4047,2023-05-09,Education,781800,Approved,
7699,5324,2023-07-18,Business,2493100,Approved,
7700,3648,2025-02-05,Home,718300,Approved,
7701,4375,2025-07-17,Home,328900,Rejected,High Existing Debt
7702,4365,2024-05-22,Education,949000,Approved,
7703,1008,2025-12-11,Personal,92000,Approved,
7704,5710,2023-06-27,Education,4874300,Pending,
7705,4435,2023-10-25,Personal,189500,Approved,
7706,2069,2024-01-15,Education,587900,Approved,
7707,1522,2023-06-16,Personal,851700,Rejected,Insufficient Income
7708,3280,2023-12-28,Business,70300,Approved,
7709,2963,2025-04-20,Personal,308900,Approved,
7710,3316,2024-05-18,Personal,2947800,Approved,
7711,1749,2025-01-28,Home,1824000,Approved,
7712,1892,2024-04-01,Education,2407700,Rejected,High Existing Debt
7713,4373,2025-05-08,Business,439700,Approved,
7714,1600,2025-07-13,Business,1881100,Rejected,Incomplete Documents
7715,3714,2024-12-08,Education,1014100,Approved,
7716,3390,2023-07-04,Personal,541700,Pending,
7717,5203,2024-02-22,Personal,1073500,Approved,
7718,4801,2024-12-15,Personal,740900,Approved,
7719,5255,2025-02-15,Education,979000,Approved,
7720,4896,2025-03-05,Personal,201100,Approved,
7721,4426,2025-07-29,Education,1313300,Rejected,Incomplete Documents
7722,4621,2023-05-03,Business,85800,Approved,
7723,3507,2024-08-26,Home,327300,Approved,
7724,3681,2023-03-02,Home,143500,Rejected,Incomplete Documents
7725,5323,2025-06-30,Home,4031900,Pending,
7726,3777,2023-04-02,Home,8000000,Approved,
7727,5703,2025-06-16,Auto,3554000,Pending,
7728,4249,2023-08-22,Auto,1809900,Rejected,Incomplete Documents
7729,3647,2025-08-27,Auto,255300,Approved,
7730,1102,2024-06-14,Auto,227100,Approved,
7731,4396,2025-10-14,Home,714900,Approved,
7732,2380,2025-02-26,Personal,494900,Approved,
7733,5039,2025-04-05,Personal,260000,Approved,
7734,2151,2025-10-16,Personal,579600,Approved,
7735,2418,2025-04-06,Business,102200,Rejected,Incomplete Documents
7736,3630,2024-09-15,Business,323400,Pending,
7737,1260,2023-08-30,Auto,254500,Rejected,Incomplete Documents
7738,1277,2023-10-19,Home,1009300,Pending,
7739,1810,2024-03-12,Personal,200700,Approved,
7740,5692,2025-01-29,Personal,409900,Approved,
7741,5561,2025-12-13,Home,405500,Approved,
7742,3182,2024-06-11,Business,789700,Approved,
7743,4327,2023-02-19,Home,757500,Rejected,Incomplete Documents
7744,3935,2025-03-04,Auto,351400,Rejected,High Existing Debt
7745,3121,2025-03-09,Education,985300,Rejected,Incomplete Documents
7746,4359,2023-07-08,Business,212300,Rejected,Low Credit Score
7747,4743,2025-07-26,Home,309500,Approved,
7748,5267,2024-11-12,Home,473400,Rejected,High Existing Debt
7749,5343,2023-08-07,Personal,2293700,Approved,
7750,1354,2024-10-20,Personal,1876400,Approved,
7751,4792,2024-12-20,Home,92000,Rejected,Incomplete Documents
7752,3160,2025-04-04,Home,987500,Approved,
7753,3764,2023-12-24,Personal,755000,Rejected,Low Credit Score
7754,5557,2024-10-09,Personal,1017000,Approved,
7755,5004,2023-07-09,Home,251000,Pending,
7756,4277,2025-10-29,Personal,7299600,Approved,
7757,4855,2025-05-29,Home,345000,Approved,
7758,1461,2025-02-13,Business,643700,Approved,
7759,1546,2025-10-08,Auto,4410100,Approved,
7760,5806,2025-11-12,Personal,532100,Approved,
7761,5140,2023-10-24,Home,361500,Approved,
7762,2359,2023-11-24,Education,1402400,Rejected,Insufficient Income
7763,4427,2025-09-06,Home,456300,Approved,
7764,4462,2023-01-11,Business,667400,Rejected,Insufficient Income
7765,4557,2025-10-21,Education,179800,Approved,
7766,2286,2025-03-22,Personal,246200,Approved,
7767,5171,2024-06-02,Auto,751200,Approved,
7768,2550,2024-03-19,Home,378300,Approved,
7769,5564,2025-01-12,Personal,195200,Approved,
7770,1005,2025-06-18,Education,355400,Rejected,Insufficient Income
7771,2211,2023-06-04,Home,381500,Approved,
7772,4550,2025-08-15,Home,611500,Rejected,Insufficient Income
7773,4371,2025-10-27,Education,636300,Approved,
7774,3534,2024-03-13,Personal,996700,Pending,
7775,1949,2024-09-07,Auto,214700,Rejected,Incomplete Documents
7776,5763,2025-05-12,Education,267300,Approved,
7777,5165,2024-09-06,Home,233000,Approved,
7778,1232,2025-08-20,Personal,327200,Rejected,Insufficient Income
7779,4535,2023-04-13,Auto,334300,Rejected,Insufficient Income
7780,2647,2024-10-21,Auto,175100,Pending,
7781,3377,2024-11-18,Education,2955600,Approved,
7782,1793,2024-02-22,Personal,694200,Approved,
7783,2614,2023-10-23,Personal,302200,Pending,
7784,3791,2024-05-31,Education,414400,Pending,
7785,5863,2024-06-05,Business,576100,Approved,
7786,2696,2024-11-16,Personal,515300,Approved,
7787,1087,2024-05-19,Auto,338600,Rejected,High Existing Debt
7788,3028,2023-02-24,Home,1586800,Approved,
7789,3447,2024-10-09,Home,630800,Approved,
7790,2424,2025-09-30,Personal,579700,Approved,
7791,1081,2024-09-19,Personal,2412100,Approved,
7792,3762,2025-12-15,Home,4755200,Rejected,High Existing Debt
7793,3141,2025-08-08,Home,645000,Approved,
7794,3922,2025-01-24,Auto,816700,Approved,
7795,1072,2025-03-21,Auto,141300,Approved,
7796,2081,2023-02-25,Home,651000,Approved,
7797,3555,2023-06-13,Personal,1585600,Approved,
7798,2682,2024-05-03,Auto,96000,Rejected,High Existing Debt
7799,1720,2023-01-08,Personal,148500,Approved,
7800,2627,2024-09-03,Business,4501900,Approved,
7801,3508,2023-05-27,Personal,275700,Pending,
7802,4355,2023-03-07,Personal,921800,Rejected,Low Credit Score
7803,3253,2023-05-19,Personal,857400,Approved,
7804,4024,2023-07-14,Personal,1042600,Approved,
7805,5193,2023-10-16,Education,1136500,Rejected,Low Credit Score
7806,1265,2024-04-02,Business,1272900,Approved,
7807,1269,2025-03-31,Personal,579400,Approved,
7808,1941,2024-03-04,Education,426800,Rejected,Low Credit Score
7809,1264,2023-07-14,Personal,229000,Approved,
7810,4698,2023-10-22,Personal,277900,Approved,
7811,4064,2024-09-01,Home,389700,Approved,
7812,4803,2023-02-19,Auto,329300,Pending,
7813,4817,2025-03-30,Business,782900,Rejected,High Existing Debt
7814,2633,2024-01-13,Home,711900,Approved,
7815,5103,2023-06-07,Personal,182200,Approved,
7816,4661,2023-05-01,Auto,262500,Approved,
7817,1399,2024-10-28,Personal,789600,Approved,
7818,1184,2024-07-31,Personal,114600,Approved,
7819,3664,2023-04-11,Personal,652400,Pending,
7820,3853,2025-03-06,Business,360400,Approved,
7821,4648,2025-04-10,Personal,592000,Approved,
7822,5189,2025-05-20,Home,1270600,Approved,
7823,3409,2023-02-24,Home,391500,Approved,
7824,1111,2023-08-30,Personal,546100,Approved,
7825,5404,2023-05-26,Personal,222100,Approved,
7826,5513,2024-11-27,Personal,683600,Rejected,Insufficient Income
7827,5173,2024-01-03,Auto,108200,Approved,
7828,1607,2025-07-07,Business,425200,Rejected,Low Credit Score
7829,4340,2025-11-20,Education,439400,Approved,
7830,4424,2025-03-13,Auto,759400,Approved,
7831,2070,2024-11-09,Auto,1690000,Pending,
7832,2350,2023-09-18,Auto,235400,Rejected,Low Credit Score
7833,4454,2024-10-29,Home,660800,Approved,
7834,3887,2025-06-06,Auto,1950600,Approved,
7835,1441,2025-03-20,Business,472200,Approved,
7836,5884,2025-04-04,Education,1199800,Pending,
7837,1580,2025-04-30,Personal,438900,Rejected,High Existing Debt
7838,2324,2024-03-23,Personal,567000,Approved,
7839,2310,2023-08-05,Personal,252400,Approved,
7840,2823,2025-04-10,Auto,1289200,Approved,
7841,5735,2024-06-13,Personal,763600,Approved,
7842,4540,2023-04-27,Personal,143500,Rejected,High Existing Debt
7843,3542,2023-08-27,Home,1000000,Rejected,Insufficient Income
7844,2769,2025-07-29,Home,682500,Pending,
7845,1526,2025-10-22,Home,618700,Approved,
7846,2638,2025-03-08,Business,62700,Rejected,Incomplete Documents
7847,3199,2024-10-23,Personal,450400,Approved,
7848,2861,2025-02-02,Home,110300,Rejected,High Existing Debt
7849,5987,2024-09-09,Auto,1319300,Approved,
7850,2202,2024-01-10,Auto,2031500,Approved,
7851,3773,2023-10-17,Auto,618900,Approved,
7852,2569,2023-06-12,Business,2663500,Rejected,Incomplete Documents
7853,4028,2025-06-12,Home,298200,Rejected,Incomplete Documents
7854,1009,2023-07-16,Business,1649800,Rejected,Insufficient Income
7855,1203,2024-06-10,Business,633600,Approved,
7856,3311,2023-01-12,Personal,361500,Approved,
7857,4057,2023-07-14,Business,2961000,Approved,
7858,5661,2025-05-17,Home,1956200,Rejected,Incomplete Documents
7859,5623,2023-12-03,Personal,672800,Pending,
7860,4636,2023-10-03,Education,333900,Approved,
7861,4532,2025-03-25,Business,430600,Approved,
7862,4525,2025-01-22,Home,201500,Rejected,High Existing Debt
7863,2615,2025-11-17,Auto,218900,Rejected,Low Credit Score
7864,1662,2025-02-24,Business,292500,Approved,
7865,3026,2023-11-09,Home,2424600,Rejected,Insufficient Income
7866,5644,2023-12-31,Home,452500,Approved,
7867,1094,2025-08-04,Auto,634500,Rejected,Incomplete Documents
7868,1865,2025-11-26,Auto,144400,Pending,
7869,5262,2025-08-29,Personal,2044600,Rejected,Incomplete Documents
7870,2064,2025-05-21,Business,191900,Approved,
7871,2088,2024-09-08,Personal,3395900,Pending,
7872,4768,2025-10-16,Personal,1301800,Pending,
7873,4045,2023-04-10,Education,603000,Rejected,Low Credit Score
7874,3495,2025-08-23,Auto,844100,Rejected,Low Credit Score
7875,5371,2023-02-13,Personal,526000,Approved,
7876,3173,2023-03-06,Personal,402000,Approved,
7877,1521,2024-07-14,Auto,1183100,Rejected,Low Credit Score
7878,4901,2025-12-26,Home,939500,Approved,
7879,2130,2025-09-22,Personal,370900,Rejected,Low Credit Score
7880,3773,2023-02-15,Business,5753200,Approved,
7881,4649,2025-12-29,Education,415700,Rejected,Low Credit Score
7882,3645,2024-09-12,Home,518400,Rejected,Insufficient Income
7883,4352,2025-05-22,Personal,101000,Approved,
7884,1614,2023-07-28,Personal,569600,Pending,
7885,5268,2025-09-16,Education,4114000,Approved,
7886,1006,2024-01-16,Home,989500,Approved,
7887,5035,2023-10-13,Home,1284900,Rejected,Incomplete Documents
7888,3969,2025-05-21,Education,579900,Approved,
7889,1539,2024-02-22,Business,798300,Approved,
7890,4702,2023-12-12,Personal,2233800,Approved,
7891,3520,2024-01-01,Business,1798000,Approved,
7892,2632,2023-12-23,Personal,435000,Rejected,High Existing Debt
7893,4797,2023-03-02,Auto,622100,Approved,
7894,2279,2024-01-19,Personal,1142400,Approved,
7895,1556,2024-07-31,Education,337300,Approved,
7896,3914,2023-01-13,Home,655700,Approved,
7897,5701,2024-07-25,Personal,418200,Approved,
7898,5343,2023-12-29,Business,599300,Approved,
7899,1317,2025-04-12,Education,889100,Approved,
7900,1754,2024-04-12,Home,554200,Pending,
7901,4718,2024-11-19,Personal,1220700,Approved,
7902,4147,2025-04-16,Auto,1329400,Approved,
7903,3288,2023-09-25,Home,939200,Rejected,High Existing Debt
7904,5232,2023-08-23,Home,864300,Approved,
7905,3275,2025-07-05,Education,1143000,Approved,
7906,1459,2023-08-03,Auto,1570600,Rejected,Low Credit Score
7907,3940,2024-03-31,Auto,137700,Approved,
7908,4830,2024-08-24,Home,299200,Approved,
7909,3987,2023-12-05,Personal,364400,Approved,
7910,2110,2025-04-04,Personal,227500,Rejected,Incomplete Documents
7911,3985,2024-12-19,Auto,412000,Approved,
7912,5165,2025-11-30,Education,736500,Approved,
7913,2386,2023-04-25,Personal,500400,Approved,
7914,3018,2023-02-02,Business,475900,Approved,
7915,5382,2024-05-29,Auto,1329500,Rejected,High Existing Debt
7916,5537,2025-01-14,Personal,889400,Rejected,Incomplete Documents
7917,2734,2025-07-20,Auto,417800,Rejected,Insufficient Income
7918,2578,2025-10-09,Auto,368600,Approved,
7919,1741,2024-11-10,Home,320900,Approved,
7920,3733,2024-05-14,Home,4102500,Pending,
7921,3601,2023-10-29,Home,236000,Rejected,High Existing Debt
7922,5809,2025-04-18,Business,863900,Pending,
7923,2855,2025-04-03,Business,95300,Approved,
7924,3479,2024-08-31,Home,376600,Approved,
7925,3964,2025-03-04,Auto,122800,Approved,
7926,4292,2023-09-12,Business,366400,Approved,
7927,2171,2023-04-17,Business,870800,Approved,
7928,3625,2024-09-16,Auto,270500,Approved,
7929,3250,2024-11-23,Auto,203800,Pending,
7930,2828,2024-07-15,Personal,1301600,Rejected,Insufficient Income
7931,4794,2025-11-18,Home,946500,Approved,
7932,3461,2023-12-23,Personal,647500,Rejected,High Existing Debt
7933,5316,2024-02-07,Personal,105500,Rejected,Low Credit Score
7934,3975,2025-09-29,Personal,848800,Rejected,Low Credit Score
7935,4622,2023-05-05,Home,1343700,Approved,
7936,1617,2025-12-22,Education,376500,Rejected,Insufficient Income
7937,5347,2025-02-07,Business,126900,Approved,
7938,2986,2023-07-23,Auto,556300,Rejected,High Existing Debt
7939,4350,2023-11-16,Personal,1411200,Approved,
7940,3797,2023-05-19,Personal,815500,Rejected,Insufficient Income
7941,1715,2024-08-31,Auto,411100,Approved,
7942,4126,2024-09-21,Auto,738700,Approved,
7943,3486,2025-01-07,Home,1562500,Rejected,Low Credit Score
7944,4283,2024-05-11,Education,369600,Approved,
7945,1518,2024-10-30,Home,1110300,Approved,
7946,4273,2025-12-12,Education,472600,Rejected,Insufficient Income
7947,2982,2024-03-11,Personal,1152500,Approved,
7948,5972,2024-12-31,Personal,564700,Rejected,High Existing Debt
7949,4115,2024-09-06,Home,245900,Rejected,High Existing Debt
7950,1707,2023-10-22,Auto,64800,Approved,
7951,3296,2025-05-05,Home,362500,Rejected,Incomplete Documents
7952,1781,2025-12-01,Business,627400,Approved,
7953,5284,2024-11-18,Personal,1183200,Approved,
7954,1271,2024-08-05,Home,171400,Rejected,Low Credit Score
7955,4653,2024-04-17,Personal,293500,Rejected,Low Credit Score
7956,5722,2023-03-16,Personal,188100,Approved,
7957,5391,2025-09-05,Auto,136800,Pending,
7958,4837,2024-01-23,Personal,1560200,Approved,
7959,5858,2024-06-23,Education,674500,Rejected,Low Credit Score
7960,3467,2025-09-02,Personal,2965400,Rejected,High Existing Debt
7961,3464,2023-01-02,Personal,301900,Rejected,Insufficient Income
7962,4208,2025-04-19,Home,1111500,Approved,
7963,3709,2024-02-26,Home,175300,Approved,
7964,3711,2025-03-28,Home,1560400,Rejected,Incomplete Documents
7965,5019,2025-02-23,Home,223300,Pending,
7966,5955,2023-10-13,Business,377500,Approved,
7967,2530,2025-01-24,Auto,530800,Rejected,Low Credit Score
7968,1180,2025-03-21,Auto,1002700,Rejected,High Existing Debt
7969,3696,2025-11-27,Home,1132200,Approved,
7970,1611,2023-05-05,Personal,1041400,Pending,
7971,5421,2023-11-11,Personal,993500,Pending,
7972,4873,2023-02-13,Personal,1026200,Rejected,Low Credit Score
7973,5286,2023-11-28,Personal,494800,Rejected,Low Credit Score
7974,1961,2023-06-14,Education,1046600,Rejected,Low Credit Score
7975,3776,2025-02-01,Personal,402200,Approved,
7976,2313,2024-12-11,Auto,451700,Rejected,Insufficient Income
7977,4238,2024-10-27,Business,472100,Approved,
7978,2282,2023-07-03,Personal,279100,Approved,
7979,5332,2024-02-07,Auto,1032400,Approved,
7980,2418,2024-10-23,Business,1170200,Approved,
7981,1741,2024-03-16,Auto,693200,Approved,
7982,4557,2024-07-30,Home,170400,Pending,
7983,5556,2024-01-14,Home,1557400,Rejected,Incomplete Documents
7984,4557,2024-11-04,Personal,403000,Approved,
7985,3782,2024-07-15,Personal,971500,Approved,
7986,4087,2023-11-05,Personal,962600,Rejected,Incomplete Documents
7987,1471,2025-09-15,Personal,2087100,Approved,
7988,3002,2023-02-20,Education,664700,Pending,
7989,5925,2023-10-03,Business,707800,Approved,
7990,3719,2025-05-09,Auto,2846100,Approved,
7991,4317,2023-04-25,Business,352900,Approved,
7992,5347,2025-05-09,Personal,1943600,Approved,
7993,2190,2023-05-16,Home,998400,Pending,
7994,4576,2023-01-21,Education,1904200,Rejected,Low Credit Score
7995,2230,2024-06-13,Education,152900,Approved,
7996,2145,2023-12-28,Home,292900,Rejected,Incomplete Documents
7997,1683,2025-06-24,Personal,256700,Rejected,Low Credit Score
7998,5375,2023-08-07,Business,205000,Pending,
7999,4609,2023-11-15,Business,1400000,Rejected,Incomplete Documents
8000,2510,2024-04-10,Personal,584400,Rejected,Low Credit Score
8001,4740,2023-05-01,Personal,142000,Pending,
8002,4683,2023-03-03,Personal,129700,Pending,
8003,4934,2025-10-02,Business,562600,Rejected,Incomplete Documents
8004,1083,2025-02-01,Auto,721200,Approved,
8005,4969,2025-06-17,Auto,137800,Approved,
8006,5973,2023-01-10,Personal,321200,Approved,
8007,1876,2025-03-27,Personal,5358900,Approved,
8008,1222,2024-07-30,Auto,787600,Rejected,Low Credit Score
8009,2565,2025-10-04,Personal,254600,Approved,
8010,1648,2025-01-28,Home,903500,Rejected,Low Credit Score
8011,4134,2023-12-15,Personal,505100,Rejected,High Existing Debt
8012,2190,2024-02-23,Auto,337000,Approved,
8013,3179,2023-06-14,Education,323100,Approved,
8014,2795,2023-02-23,Home,265100,Approved,
8015,3254,2023-11-15,Education,796800,Rejected,Insufficient Income
8016,4244,2025-12-05,Home,588600,Approved,
8017,3929,2024-03-05,Personal,355000,Approved,
8018,3217,2024-01-12,Home,1129000,Approved,
8019,1155,2024-06-02,Education,784300,Rejected,High Existing Debt
8020,2116,2025-08-14,Personal,240400,Approved,
8021,2180,2024-05-05,Auto,481500,Rejected,Insufficient Income
8022,5101,2023-01-12,Personal,791000,Approved,
8023,3731,2024-07-03,Personal,1031800,Approved,
8024,5096,2025-05-12,Home,244500,Rejected,Insufficient Income
8025,3825,2024-04-23,Business,247200,Rejected,Low Credit Score
8026,4549,2025-07-28,Auto,327500,Approved,
8027,5975,2025-09-16,Auto,1490600,Approved,
8028,2053,2023-08-02,Home,364400,Rejected,Low Credit Score
8029,2419,2025-01-18,Personal,204500,Rejected,High Existing Debt
8030,4939,2025-11-10,Personal,1399400,Approved,
8031,5317,2025-05-22,Education,176400,Approved,
8032,5879,2024-04-12,Home,405900,Approved,
8033,2176,2025-01-12,Auto,155600,Rejected,High Existing Debt
8034,3083,2024-03-20,Business,781500,Approved,
8035,5922,2024-12-20,Education,517800,Approved,
8036,1959,2025-06-05,Personal,788700,Rejected,Insufficient Income
8037,3660,2023-07-30,Home,299300,Approved,
8038,2783,2024-10-25,Personal,2410700,Rejected,High Existing Debt
8039,4294,2023-04-17,Personal,450800,Approved,
8040,1700,2024-11-01,Personal,1103900,Rejected,Incomplete Documents
8041,2624,2024-05-31,Home,504300,Rejected,High Existing Debt
8042,5544,2024-12-05,Personal,404100,Rejected,High Existing Debt
8043,1654,2023-10-15,Auto,713100,Rejected,High Existing Debt
8044,5237,2025-11-18,Business,3798700,Approved,
8045,5353,2023-05-13,Auto,702000,Rejected,Insufficient Income
8046,3551,2023-06-07,Home,345000,Approved,
8047,3418,2023-11-30,Home,1377000,Approved,
8048,4675,2025-05-30,Personal,107100,Approved,
8049,2293,2025-06-17,Business,5959600,Approved,
8050,2554,2025-05-15,Auto,939200,Approved,
8051,5770,2023-05-16,Education,263000,Pending,
8052,4124,2023-08-04,Home,300200,Approved,
8053,5422,2024-04-08,Personal,718200,Rejected,Incomplete Documents
8054,2082,2025-11-07,Home,118800,Pending,
8055,1283,2023-05-14,Home,1705100,Approved,
8056,4730,2023-12-13,Education,1409700,Rejected,Low Credit Score
8057,2081,2023-04-18,Auto,1133400,Approved,
8058,5476,2024-02-27,Personal,403000,Approved,
8059,5978,2023-01-15,Education,8000000,Rejected,Low Credit Score
8060,1591,2024-05-18,Education,270100,Rejected,Insufficient Income
8061,5759,2025-05-02,Personal,358400,Approved,
8062,5923,2023-06-23,Home,181000,Approved,
8063,4779,2023-04-21,Business,659100,Rejected,Low Credit Score
8064,2529,2023-04-27,Auto,347900,Rejected,High Existing Debt
8065,5374,2025-11-30,Education,775200,Approved,
8066,3455,2025-10-26,Business,2596400,Rejected,High Existing Debt
8067,1084,2023-10-03,Home,1402600,Approved,
8068,3193,2025-12-27,Education,386400,Approved,
8069,2927,2024-09-07,Home,534200,Rejected,Low Credit Score
8070,5009,2023-05-07,Personal,368000,Approved,
8071,1745,2025-04-16,Auto,1253100,Approved,
8072,1151,2023-09-15,Personal,219200,Approved,
8073,5645,2023-12-17,Personal,2572800,Rejected,Insufficient Income
8074,3884,2025-03-22,Personal,820000,Approved,
8075,3249,2023-11-05,Education,120000,Rejected,Low Credit Score
8076,5605,2024-12-24,Home,475300,Approved,
8077,1362,2025-12-02,Home,88600,Approved,
8078,2216,2023-05-26,Home,589900,Approved,
8079,5626,2023-07-18,Home,394100,Pending,
8080,5259,2023-06-30,Personal,118700,Rejected,High Existing Debt
8081,3327,2023-07-11,Home,1909600,Rejected,Incomplete Documents
8082,5308,2023-05-11,Home,3215100,Approved,
8083,2159,2025-02-05,Home,492200,Approved,
8084,5940,2023-06-13,Business,455600,Approved,
8085,5604,2023-11-30,Business,589400,Approved,
8086,1945,2025-07-25,Auto,520200,Approved,
8087,5851,2025-01-30,Auto,398100,Rejected,High Existing Debt
8088,5804,2023-04-24,Education,2185500,Approved,
8089,4829,2025-08-29,Personal,773500,Approved,
8090,2410,2025-04-07,Education,561000,Approved,
8091,3938,2023-12-27,Personal,1090200,Approved,
8092,4759,2023-07-08,Personal,733100,Approved,
8093,5555,2023-08-18,Business,667300,Approved,
8094,5920,2025-01-19,Education,280200,Approved,
8095,2038,2025-02-12,Personal,756600,Approved,
8096,4227,2023-10-22,Business,1124400,Approved,
8097,4972,2024-05-31,Home,327300,Approved,
8098,1616,2023-03-15,Business,1335400,Approved,
8099,4796,2025-11-19,Business,899600,Approved,
8100,1004,2023-12-02,Auto,1212700,Approved,
8101,4224,2024-10-04,Personal,481100,Approved,
8102,5755,2023-01-15,Education,276700,Approved,
8103,5286,2025-11-02,Personal,846000,Approved,
8104,4753,2024-07-28,Home,1114600,Approved,
8105,4676,2025-12-26,Auto,3404300,Approved,
8106,2613,2024-02-29,Home,196600,Pending,
8107,5174,2024-01-30,Personal,683800,Approved,
8108,5530,2024-09-21,Auto,1076700,Approved,
8109,5722,2025-02-28,Home,1130500,Approved,
8110,1212,2024-11-08,Personal,216700,Approved,
8111,3241,2024-06-07,Personal,1155900,Approved,
8112,5323,2025-03-28,Home,165500,Rejected,Incomplete Documents
8113,1340,2023-06-22,Auto,182300,Pending,
8114,4212,2024-12-07,Auto,2081100,Rejected,Low Credit Score
8115,1679,2023-04-15,Auto,272000,Approved,
8116,3461,2025-03-27,Business,1504700,Rejected,High Existing Debt
8117,5282,2025-12-02,Business,736300,Approved,
8118,5419,2023-10-02,Auto,1574300,Approved,
8119,5935,2025-04-27,Education,398500,Rejected,High Existing Debt
8120,4287,2023-04-07,Education,412500,Pending,
8121,5685,2023-01-15,Home,951600,Approved,
8122,3557,2023-08-17,Education,1937300,Approved,
8123,5171,2024-06-15,Home,1665900,Rejected,Low Credit Score
8124,3388,2025-04-11,Home,330800,Approved,
8125,4633,2024-03-07,Personal,3670100,Approved,
8126,3367,2025-07-24,Education,218100,Approved,
8127,3287,2025-04-17,Business,486100,Approved,
8128,3558,2025-06-26,Personal,1629000,Approved,
8129,1795,2024-10-01,Auto,865000,Approved,
8130,3502,2024-09-15,Personal,2447400,Rejected,High Existing Debt
8131,4782,2024-11-13,Personal,550000,Rejected,Incomplete Documents
8132,2658,2025-10-03,Business,1330800,Rejected,Insufficient Income
8133,4706,2023-09-15,Auto,232100,Approved,
8134,1725,2023-12-30,Auto,261800,Approved,
8135,1978,2023-11-26,Auto,375400,Approved,
8136,1897,2023-12-11,Home,218400,Rejected,High Existing Debt
8137,5338,2024-11-06,Education,227300,Approved,
8138,1076,2024-02-15,Home,503700,Approved,
8139,5444,2024-07-15,Auto,673800,Approved,
8140,4603,2025-02-27,Home,638700,Approved,
8141,2658,2023-03-27,Personal,1163100,Approved,
8142,2872,2023-02-15,Home,523100,Approved,
8143,2532,2025-09-04,Business,167200,Rejected,Insufficient Income
8144,4744,2023-12-11,Personal,420200,Approved,
8145,5870,2024-03-14,Education,1077400,Rejected,Low Credit Score
8146,5209,2023-09-05,Education,727100,Approved,
8147,1350,2023-02-22,Home,181300,Approved,
8148,5861,2025-09-16,Auto,220900,Rejected,High Existing Debt
8149,5887,2025-09-21,Business,401100,Approved,
8150,4091,2023-08-27,Personal,1151700,Approved,
8151,3265,2023-01-14,Home,427400,Approved,
8152,2524,2025-03-03,Education,964700,Rejected,Insufficient Income
8153,1642,2025-02-03,Auto,1375700,Approved,
8154,1714,2023-01-11,Auto,997200,Pending,
8155,4497,2023-06-05,Personal,866700,Rejected,Low Credit Score
8156,5507,2024-03-28,Personal,113800,Approved,
8157,3559,2025-01-08,Personal,233700,Approved,
8158,5204,2023-02-21,Auto,818200,Rejected,High Existing Debt
8159,2928,2025-07-17,Home,285400,Approved,
8160,1289,2025-09-13,Business,539300,Approved,
8161,3771,2025-05-25,Personal,1863600,Approved,
8162,4535,2023-08-01,Auto,228000,Rejected,Low Credit Score
8163,3050,2023-02-26,Business,758100,Approved,
8164,2624,2025-09-11,Personal,1971600,Rejected,Low Credit Score
8165,1253,2025-09-08,Personal,106000,Approved,
8166,3271,2023-01-11,Home,297300,Approved,
8167,4280,2023-01-30,Personal,285900,Approved,
8168,5726,2024-12-21,Personal,877300,Rejected,High Existing Debt
8169,4663,2023-01-23,Home,460000,Approved,
8170,1368,2025-03-29,Home,984000,Approved,
8171,2571,2025-01-07,Personal,214700,Approved,
8172,3031,2023-12-07,Auto,395200,Pending,
8173,4071,2024-05-31,Business,385600,Pending,
8174,5455,2025-03-28,Home,585100,Pending,
8175,5509,2023-09-13,Auto,699000,Rejected,Low Credit Score
8176,3447,2024-06-10,Personal,328000,Rejected,Low Credit Score
8177,5640,2025-07-08,Personal,637600,Approved,
8178,3701,2023-07-31,Personal,690800,Approved,
8179,4962,2024-01-17,Business,88200,Approved,
8180,2846,2023-02-10,Auto,730400,Pending,
8181,5624,2023-10-30,Auto,643100,Approved,
8182,4338,2025-01-27,Home,4585100,Approved,
8183,3297,2023-12-07,Home,719400,Pending,
8184,3232,2024-04-21,Personal,507800,Approved,
8185,4266,2025-05-16,Auto,2005700,Approved,
8186,1053,2025-10-07,Home,356500,Rejected,Insufficient Income
8187,3130,2025-07-22,Personal,283200,Approved,
8188,2570,2023-10-19,Business,443900,Approved,
8189,4925,2025-04-11,Personal,972000,Approved,
8190,2409,2024-07-08,Personal,3562500,Rejected,Low Credit Score
8191,1719,2024-11-10,Auto,769400,Approved,
8192,1571,2024-06-13,Auto,461000,Pending,
8193,2049,2025-07-06,Personal,374400,Rejected,Low Credit Score
8194,5000,2023-07-24,Personal,117500,Approved,
8195,4965,2023-03-20,Home,136200,Approved,
8196,4075,2024-06-11,Business,588600,Approved,
8197,1854,2024-04-17,Home,301900,Approved,
8198,3662,2025-04-16,Personal,602000,Rejected,Insufficient Income
8199,5290,2025-07-11,Auto,351100,Rejected,Incomplete Documents
8200,1830,2023-04-07,Auto,284100,Approved,
8201,1693,2024-09-05,Auto,186800,Approved,
8202,4617,2025-03-30,Personal,312100,Approved,
8203,4163,2023-09-05,Home,3933100,Approved,
8204,3701,2024-09-20,Business,424700,Rejected,Low Credit Score
8205,2575,2025-12-22,Home,458700,Approved,
8206,3153,2023-06-28,Business,548500,Approved,
8207,3147,2024-12-22,Home,1322000,Approved,
8208,2552,2025-08-09,Home,792400,Pending,
8209,5680,2025-10-31,Home,509100,Approved,
8210,5295,2024-02-21,Personal,493300,Approved,
8211,2621,2025-10-12,Home,421100,Rejected,Incomplete Documents
8212,5043,2023-02-02,Personal,116000,Rejected,Incomplete Documents
8213,4802,2023-03-18,Personal,352000,Approved,
8214,4004,2025-05-23,Education,2931900,Rejected,Insufficient Income
8215,4535,2023-08-09,Auto,2168000,Rejected,Incomplete Documents
8216,5793,2023-03-27,Auto,233300,Approved,
8217,4245,2024-08-18,Auto,248000,Rejected,Incomplete Documents
8218,1436,2023-10-27,Home,3233700,Approved,
8219,2468,2024-07-10,Education,215100,Rejected,Insufficient Income
8220,4365,2024-11-11,Personal,151300,Approved,
8221,2846,2024-03-11,Education,290200,Approved,
8222,2535,2025-11-06,Home,506900,Approved,
8223,2491,2023-02-19,Auto,955700,Rejected,Insufficient Income
8224,5271,2024-05-18,Auto,232800,Approved,
8225,4749,2025-05-29,Home,1230700,Approved,
8226,2022,2025-08-05,Home,329000,Pending,
8227,4819,2024-03-07,Business,495000,Approved,
8228,1170,2025-02-19,Personal,2262700,Approved,
8229,5836,2025-04-02,Personal,3058900,Rejected,Incomplete Documents
8230,1701,2023-12-16,Business,1096200,Rejected,Incomplete Documents
8231,5542,2023-01-02,Auto,777400,Approved,
8232,1951,2024-12-16,Auto,141000,Approved,
8233,2551,2025-05-03,Auto,2489400,Approved,
8234,4046,2025-05-19,Personal,649100,Approved,
8235,4838,2025-02-19,Education,673300,Rejected,High Existing Debt
8236,3619,2024-03-07,Home,557800,Approved,
8237,4831,2024-01-07,Personal,535200,Approved,
8238,4010,2025-05-06,Business,67100,Approved,
8239,1298,2024-05-09,Personal,298400,Pending,
8240,1510,2023-02-06,Home,444600,Approved,
8241,5883,2024-06-16,Home,288000,Approved,
8242,4750,2023-10-01,Business,450400,Approved,
8243,3682,2024-08-23,Education,222900,Rejected,Insufficient Income
8244,2441,2025-01-31,Home,516700,Approved,
8245,4432,2024-07-28,Business,465300,Approved,
8246,5789,2025-01-02,Home,638000,Rejected,Insufficient Income
8247,3174,2024-11-16,Business,3142100,Approved,
8248,1449,2025-11-05,Education,1026000,Approved,
8249,1634,2023-08-02,Business,413400,Rejected,Low Credit Score
8250,3058,2024-11-14,Home,2188000,Approved,
8251,2019,2024-10-13,Personal,296200,Approved,
8252,1715,2025-01-16,Auto,1024000,Pending,
8253,4075,2024-04-18,Personal,1290200,Approved,
8254,1918,2025-03-06,Personal,107300,Approved,
8255,1824,2024-09-06,Auto,595200,Pending,
8256,5274,2025-05-17,Education,411500,Approved,
8257,3033,2025-08-08,Personal,1008700,Approved,
8258,1599,2024-02-02,Home,494000,Approved,
8259,3365,2024-11-01,Auto,379600,Pending,
8260,3301,2023-03-04,Personal,174200,Approved,
8261,1003,2023-03-17,Business,1275000,Approved,
8262,2992,2024-01-23,Home,355000,Approved,
8263,2927,2024-04-17,Auto,208900,Approved,
8264,5147,2023-12-11,Home,397500,Approved,
8265,4763,2025-11-13,Home,618700,Approved,
8266,3715,2025-04-29,Personal,441200,Approved,
8267,3828,2023-11-25,Home,158600,Approved,
8268,3473,2025-10-05,Home,586500,Approved,
8269,5216,2023-11-21,Education,171600,Approved,
8270,1618,2024-03-07,Home,267300,Pending,
8271,2394,2025-12-04,Personal,270900,Approved,
8272,3465,2025-11-23,Business,2140500,Pending,
8273,2803,2025-05-26,Education,771400,Rejected,Low Credit Score
8274,1164,2024-01-20,Personal,590700,Rejected,Insufficient Income
8275,2657,2023-06-12,Home,784400,Rejected,High Existing Debt
8276,3182,2023-12-27,Business,1172700,Approved,
8277,1635,2024-06-21,Auto,83900,Approved,
8278,1956,2024-08-21,Home,476200,Approved,
8279,3120,2023-03-20,Business,379900,Approved,
8280,3407,2024-03-26,Home,323500,Approved,
8281,5645,2025-02-25,Auto,273200,Pending,
8282,5197,2023-08-19,Personal,79800,Rejected,High Existing Debt
8283,1719,2024-02-15,Business,365700,Approved,
8284,2973,2024-02-10,Business,627800,Approved,
8285,4464,2025-03-27,Auto,571800,Approved,
8286,1995,2025-12-17,Auto,303600,Approved,
8287,5617,2023-02-25,Education,708400,Approved,
8288,1837,2025-12-11,Education,799000,Approved,
8289,4347,2025-10-09,Auto,394800,Pending,
8290,3297,2025-08-30,Personal,623400,Rejected,Incomplete Documents
8291,1512,2025-09-24,Personal,709000,Pending,
8292,3160,2024-12-20,Auto,344700,Approved,
8293,2042,2023-10-11,Auto,801800,Rejected,Insufficient Income
8294,4152,2025-09-20,Personal,184700,Approved,
8295,5803,2024-01-17,Business,181700,Approved,
8296,5295,2024-12-02,Personal,503200,Approved,
8297,1544,2025-10-25,Auto,1477900,Approved,
8298,5184,2023-11-02,Home,553700,Rejected,Insufficient Income
8299,4504,2025-09-07,Personal,481000,Approved,
8300,1965,2024-10-02,Personal,151300,Approved,
8301,3376,2023-05-23,Home,1365400,Approved,
8302,2922,2023-07-21,Home,1170100,Approved,
8303,3870,2025-10-21,Personal,157200,Approved,
8304,1998,2025-08-31,Education,1548700,Pending,
8305,5394,2025-01-15,Home,308200,Rejected,Low Credit Score
8306,1675,2024-07-06,Business,619800,Approved,
8307,1887,2025-07-30,Auto,2524100,Rejected,Low Credit Score
8308,3237,2023-10-04,Auto,182000,Approved,
8309,5924,2025-01-20,Auto,571200,Approved,
8310,3298,2023-08-07,Business,280000,Pending,
8311,3274,2024-01-06,Auto,116200,Pending,
8312,5220,2023-02-21,Auto,346100,Approved,
8313,3014,2024-04-10,Personal,174200,Approved,
8314,3353,2025-03-14,Business,575800,Rejected,Insufficient Income
8315,5887,2025-07-22,Home,1752800,Approved,
8316,2860,2024-09-02,Personal,540500,Approved,
8317,5494,2023-03-09,Personal,188100,Approved,
8318,3051,2025-05-16,Personal,193200,Rejected,Incomplete Documents
8319,3044,2023-12-04,Personal,929000,Pending,
8320,5106,2025-04-04,Business,1722300,Approved,
8321,5675,2025-04-18,Business,937400,Approved,
8322,3729,2025-02-04,Auto,62300,Approved,
8323,5293,2023-10-24,Home,214600,Pending,
8324,1442,2025-01-29,Auto,799400,Rejected,High Existing Debt
8325,3063,2024-09-08,Home,4985500,Rejected,Low Credit Score
8326,2584,2023-09-20,Personal,74100,Pending,
8327,1626,2024-07-22,Personal,1248900,Pending,
8328,3564,2024-11-15,Auto,295400,Approved,
8329,4351,2023-05-06,Home,404500,Approved,
8330,4128,2023-04-03,Education,518200,Rejected,Low Credit Score
8331,1959,2025-06-22,Education,1374200,Pending,
8332,2039,2023-04-14,Home,763200,Rejected,Incomplete Documents
8333,1091,2024-11-02,Home,372500,Approved,
8334,3765,2023-11-20,Business,377300,Approved,
8335,2518,2024-01-29,Auto,628000,Rejected,Incomplete Documents
8336,5335,2023-12-05,Business,596900,Approved,
8337,4813,2024-08-10,Personal,250800,Approved,
8338,2241,2025-06-25,Home,1322100,Rejected,Incomplete Documents
8339,1185,2024-06-01,Personal,2901900,Approved,
8340,1195,2025-03-04,Business,895500,Approved,
8341,1016,2023-07-19,Home,718400,Rejected,Low Credit Score
8342,4153,2025-10-10,Business,1767900,Approved,
8343,4675,2024-08-08,Personal,787500,Approved,
8344,4634,2023-09-13,Home,342800,Rejected,Low Credit Score
8345,5381,2024-02-10,Personal,3455800,Approved,
8346,1146,2024-04-23,Home,605800,Approved,
8347,2440,2025-02-17,Auto,683800,Approved,
8348,5069,2023-12-04,Home,1305300,Approved,
8349,2899,2024-06-29,Business,993400,Approved,
8350,4745,2023-09-16,Home,271800,Pending,
8351,2494,2025-01-22,Auto,933100,Approved,
8352,2899,2023-12-24,Education,748200,Approved,
8353,3708,2025-03-14,Auto,1033400,Approved,
8354,5832,2024-03-14,Auto,921000,Approved,
8355,5495,2024-06-25,Personal,378400,Rejected,Low Credit Score
8356,1080,2024-07-27,Home,1269300,Rejected,Insufficient Income
8357,5468,2025-01-24,Home,370100,Approved,
8358,2186,2023-08-11,Auto,613800,Approved,
8359,4060,2023-06-09,Education,638500,Approved,
8360,4277,2025-05-29,Education,338900,Rejected,Low Credit Score
8361,4021,2025-10-20,Personal,3627000,Approved,
8362,4935,2023-09-29,Business,298400,Approved,
8363,5146,2025-03-14,Auto,99200,Approved,
8364,2438,2025-02-17,Home,1357200,Approved,
8365,3169,2024-05-14,Home,408500,Approved,
8366,4737,2024-08-13,Personal,2034100,Approved,
8367,1458,2023-07-10,Education,478900,Approved,
8368,3274,2024-03-02,Home,568600,Approved,
8369,4332,2024-05-13,Home,6738500,Approved,
8370,3326,2023-08-05,Auto,525100,Approved,
8371,3052,2025-12-08,Business,635300,Approved,
8372,2791,2023-06-28,Education,1500700,Approved,
8373,4376,2024-11-20,Home,677900,Approved,
8374,1151,2024-02-14,Home,481800,Rejected,Incomplete Documents
8375,3054,2024-08-15,Education,422400,Rejected,Low Credit Score
8376,4525,2024-07-31,Education,267700,Rejected,High Existing Debt
8377,2984,2023-03-05,Personal,388400,Rejected,High Existing Debt
8378,2766,2023-12-31,Home,1176900,Pending,
8379,4717,2024-02-21,Education,1412800,Rejected,High Existing Debt
8380,5001,2024-09-09,Personal,328000,Approved,
8381,1922,2025-03-29,Education,1663400,Pending,
8382,1955,2023-01-07,Home,1172800,Approved,
8383,1085,2025-03-03,Personal,424500,Rejected,High Existing Debt
8384,1418,2023-09-11,Personal,1056400,Approved,
8385,5250,2025-01-08,Personal,1944900,Rejected,High Existing Debt
8386,3762,2025-10-18,Business,744000,Approved,
8387,1706,2025-03-03,Education,583300,Approved,
8388,4342,2023-08-10,Education,270600,Approved,
8389,1373,2024-02-20,Home,429600,Approved,
8390,2095,2023-08-16,Personal,566900,Approved,
8391,4274,2024-07-18,Home,182200,Approved,
8392,1904,2025-10-28,Business,238300,Rejected,Incomplete Documents
8393,5865,2023-07-16,Personal,1118800,Rejected,Insufficient Income
8394,5317,2025-02-14,Home,372800,Approved,
8395,2183,2023-05-13,Home,111500,Approved,
8396,3286,2025-04-24,Auto,395100,Approved,
8397,3899,2023-06-08,Personal,399700,Rejected,High Existing Debt
8398,2754,2024-01-20,Home,666600,Approved,
8399,3750,2024-01-09,Personal,807500,Approved,
8400,5490,2024-02-08,Auto,997400,Pending,
8401,2810,2025-11-21,Auto,455600,Approved,
8402,3397,2023-04-07,Home,488600,Approved,
8403,1322,2025-06-01,Education,195600,Approved,
8404,2204,2024-01-22,Home,374500,Approved,
8405,4672,2025-03-30,Business,272500,Approved,
8406,5873,2025-02-15,Home,978600,Approved,
8407,1126,2023-07-04,Personal,4459800,Pending,
8408,3422,2025-08-15,Personal,849200,Rejected,Insufficient Income
8409,3763,2023-02-20,Personal,1684800,Pending,
8410,4691,2025-01-01,Personal,1157200,Approved,
8411,4160,2023-01-02,Education,158200,Rejected,High Existing Debt
8412,4598,2025-09-21,Personal,608100,Approved,
8413,4315,2025-05-24,Personal,213800,Rejected,Incomplete Documents
8414,3578,2024-02-03,Business,151500,Approved,
8415,5173,2025-11-28,Personal,1468000,Rejected,Insufficient Income
8416,5386,2024-06-29,Home,2274600,Approved,
8417,3899,2025-01-11,Personal,50000,Approved,
8418,4625,2023-09-08,Auto,341200,Approved,
8419,3167,2023-03-07,Personal,695500,Approved,
8420,2611,2024-01-18,Auto,426000,Rejected,Incomplete Documents
8421,2919,2025-11-16,Business,706200,Pending,
8422,1218,2023-03-08,Personal,681700,Approved,
8423,5821,2024-12-02,Home,825700,Approved,
8424,3864,2024-05-14,Auto,1252800,Approved,
8425,4084,2025-01-24,Personal,994500,Approved,
8426,5033,2024-11-11,Home,451100,Approved,
8427,4854,2024-08-21,Auto,1433500,Approved,
8428,3368,2023-03-02,Auto,116500,Approved,
8429,3074,2023-02-19,Auto,1453600,Approved,
8430,1391,2023-08-04,Education,524000,Pending,
8431,5151,2024-06-08,Auto,283900,Pending,
8432,4998,2024-06-19,Personal,205400,Pending,
8433,5247,2023-06-23,Education,1584100,Approved,
8434,1463,2025-05-31,Business,466300,Approved,
8435,2352,2024-08-28,Personal,211400,Rejected,High Existing Debt
8436,1935,2024-08-30,Personal,244600,Rejected,Incomplete Documents
8437,2244,2023-02-04,Personal,389700,Rejected,High Existing Debt
8438,4376,2025-07-02,Business,1871200,Rejected,Insufficient Income
8439,1511,2025-03-03,Home,1249200,Approved,
8440,5869,2025-03-02,Personal,827900,Approved,
8441,4605,2025-06-20,Home,502000,Rejected,Low Credit Score
8442,4762,2024-02-08,Personal,152000,Approved,
8443,5500,2025-11-26,Personal,7189900,Rejected,Incomplete Documents
8444,5066,2024-06-13,Auto,373400,Approved,
8445,4143,2024-05-02,Home,352400,Rejected,High Existing Debt
8446,3910,2023-08-13,Education,622500,Pending,
8447,3767,2023-11-25,Auto,2656800,Approved,
8448,5571,2023-04-07,Business,643000,Approved,
8449,2609,2025-11-06,Personal,461400,Approved,
8450,2691,2023-12-02,Business,109500,Approved,
8451,1770,2024-02-28,Auto,459100,Approved,
8452,1228,2024-02-07,Home,611200,Rejected,Incomplete Documents
8453,3395,2024-03-06,Personal,301200,Approved,
8454,1808,2025-06-16,Home,887600,Approved,
8455,1548,2024-12-10,Personal,312000,Rejected,Insufficient Income
8456,5072,2025-07-26,Business,305500,Rejected,Incomplete Documents
8457,2893,2024-09-20,Home,583400,Pending,
8458,1724,2023-01-11,Business,325100,Rejected,High Existing Debt
8459,4062,2025-04-20,Personal,490400,Approved,
8460,3322,2024-06-22,Education,738300,Rejected,High Existing Debt
8461,1115,2023-05-06,Auto,346400,Approved,
8462,3251,2025-08-12,Auto,940600,Rejected,Low Credit Score
8463,5036,2023-05-02,Personal,229100,Approved,
8464,2149,2023-12-18,Personal,277900,Rejected,Incomplete Documents
8465,2743,2024-01-03,Business,349400,Approved,
8466,3961,2024-01-27,Auto,754400,Pending,
8467,4550,2024-03-25,Auto,468200,Approved,
8468,5991,2025-10-25,Personal,280900,Rejected,Low Credit Score
8469,5162,2025-10-17,Home,426000,Approved,
8470,5304,2023-08-24,Home,500200,Approved,
8471,1278,2023-07-22,Business,1717600,Approved,
8472,5721,2024-12-20,Education,1085800,Approved,
8473,1139,2023-12-28,Business,190400,Approved,
8474,1676,2025-03-03,Education,1497100,Approved,
8475,3380,2023-11-27,Home,201600,Approved,
8476,3595,2024-07-27,Personal,1374000,Approved,
8477,2067,2023-11-17,Home,875200,Pending,
8478,2837,2023-09-14,Education,341500,Approved,
8479,3937,2024-01-11,Home,1061500,Approved,
8480,1681,2024-09-19,Auto,587900,Rejected,High Existing Debt
8481,3880,2023-11-25,Auto,581900,Approved,
8482,5367,2023-10-21,Auto,312400,Approved,
8483,3348,2024-02-07,Business,618200,Approved,
8484,2066,2025-03-18,Auto,133600,Approved,
8485,5795,2024-12-21,Personal,88700,Rejected,Low Credit Score
8486,2621,2024-07-31,Personal,960700,Approved,
8487,5381,2025-11-22,Home,636400,Pending,
8488,2959,2023-02-12,Business,463300,Rejected,High Existing Debt
8489,4044,2024-12-23,Home,858900,Approved,
8490,4327,2024-02-22,Personal,575200,Rejected,Low Credit Score
8491,5507,2025-03-08,Personal,961900,Pending,
8492,1730,2025-07-20,Personal,1186500,Approved,
8493,5852,2025-02-13,Auto,96700,Pending,
8494,2394,2025-02-15,Auto,50000,Approved,
8495,3903,2025-10-19,Home,638300,Rejected,Incomplete Documents
8496,1051,2023-02-14,Home,674800,Pending,
8497,1040,2024-09-17,Business,532000,Approved,
8498,1769,2023-02-06,Personal,278200,Approved,
8499,3969,2025-11-09,Home,256500,Rejected,High Existing Debt
8500,1518,2023-07-05,Auto,501400,Approved,
8501,5703,2024-09-23,Home,389700,Approved,
8502,5477,2025-11-30,Home,1187400,Rejected,Low Credit Score
8503,3020,2025-07-22,Personal,700500,Rejected,High Existing Debt
8504,5936,2023-10-27,Personal,576000,Approved,
8505,2930,2024-01-12,Business,1478200,Approved,
8506,5325,2023-08-23,Personal,1026200,Approved,
8507,5839,2025-05-30,Education,654700,Approved,
8508,5550,2025-06-13,Auto,253600,Approved,
8509,5459,2023-01-27,Home,1303500,Approved,
8510,2275,2025-11-10,Home,1023300,Pending,
8511,5490,2023-10-23,Home,402300,Approved,
8512,3730,2025-01-27,Personal,761200,Rejected,Insufficient Income
8513,2325,2025-05-26,Business,202900,Rejected,Insufficient Income
8514,1601,2025-05-07,Home,86900,Approved,
8515,5700,2025-02-11,Personal,1140400,Approved,
8516,2797,2024-01-15,Education,411500,Rejected,Insufficient Income
8517,1313,2025-08-02,Business,229400,Pending,
8518,5843,2025-01-01,Education,755900,Approved,
8519,1663,2024-06-03,Personal,324000,Rejected,High Existing Debt
8520,1495,2025-06-05,Auto,498100,Approved,
8521,4976,2025-06-28,Personal,81200,Pending,
8522,4048,2024-02-22,Education,556800,Rejected,Insufficient Income
8523,3195,2024-01-08,Personal,1348600,Approved,
8524,4996,2025-10-13,Education,394100,Approved,
8525,2732,2024-04-29,Auto,897900,Approved,
8526,4634,2023-08-07,Personal,1316600,Rejected,Low Credit Score
8527,3902,2023-09-06,Auto,739300,Approved,
8528,5428,2023-10-01,Personal,1056400,Approved,
8529,1776,2024-01-03,Personal,296600,Approved,
8530,4516,2025-04-08,Education,737500,Approved,
8531,1442,2023-07-16,Personal,345700,Approved,
8532,4049,2024-09-02,Auto,382700,Pending,
8533,1411,2024-08-24,Auto,421300,Approved,
8534,3261,2024-10-30,Business,1607000,Pending,
8535,1109,2024-12-10,Personal,1120500,Approved,
8536,5641,2023-03-31,Business,106500,Approved,
8537,4174,2024-12-22,Business,1599700,Rejected,Incomplete Documents
8538,5782,2024-11-03,Home,2113400,Approved,
8539,3937,2025-08-16,Auto,572700,Rejected,High Existing Debt
8540,5830,2025-10-06,Auto,701900,Rejected,Insufficient Income
8541,3460,2023-10-17,Personal,1009700,Approved,
8542,2727,2023-02-18,Personal,2562200,Approved,
8543,4166,2024-06-07,Home,207100,Rejected,Low Credit Score
8544,1484,2023-09-11,Auto,638600,Approved,
8545,5140,2023-05-30,Personal,355400,Approved,
8546,2340,2023-11-08,Auto,2193400,Rejected,Low Credit Score
8547,1607,2024-10-26,Home,900200,Approved,
8548,3438,2023-07-21,Home,283800,Pending,
8549,2470,2025-02-23,Education,1349600,Rejected,High Existing Debt
8550,4831,2024-10-02,Home,502800,Approved,
8551,1435,2024-04-06,Home,1189700,Approved,
8552,5219,2024-02-09,Auto,66700,Approved,
8553,4062,2025-10-26,Education,714100,Pending,
8554,2818,2025-04-22,Home,341100,Approved,
8555,5722,2023-02-08,Personal,5025000,Approved,
8556,1952,2025-08-12,Auto,108500,Approved,
8557,3807,2024-10-21,Education,698200,Approved,
8558,1876,2025-05-01,Business,535000,Approved,
8559,2509,2025-11-30,Home,312700,Rejected,Incomplete Documents
8560,5781,2023-11-19,Business,408200,Approved,
8561,4295,2025-03-16,Business,505200,Pending,
8562,5105,2025-11-27,Business,142300,Pending,
8563,4418,2025-02-16,Business,505800,Rejected,Low Credit Score
8564,3946,2024-01-03,Home,384100,Approved,
8565,5218,2025-12-30,Business,740100,Approved,
8566,5576,2023-08-03,Education,709900,Pending,
8567,3888,2025-07-08,Home,769200,Rejected,High Existing Debt
8568,2133,2025-05-31,Auto,149200,Rejected,Low Credit Score
8569,3884,2023-09-09,Auto,522400,Approved,
8570,5639,2025-12-09,Auto,511100,Approved,
8571,2146,2025-04-16,Business,568500,Pending,
8572,3119,2023-12-21,Education,398900,Pending,
8573,2199,2024-11-19,Home,136700,Approved,
8574,4547,2025-11-06,Personal,322500,Rejected,Insufficient Income
8575,2745,2025-08-29,Personal,858900,Approved,
8576,2760,2025-05-11,Personal,103600,Approved,
8577,4091,2024-10-06,Auto,413000,Approved,
8578,2753,2025-06-16,Home,1756300,Approved,
8579,4165,2024-12-02,Personal,665800,Rejected,High Existing Debt
8580,4481,2023-04-09,Home,676800,Rejected,Low Credit Score
8581,2077,2025-06-19,Personal,412200,Approved,
8582,2022,2024-02-19,Auto,531500,Approved,
8583,1992,2023-08-11,Home,209200,Approved,
8584,1587,2025-01-24,Business,254500,Approved,
8585,1558,2023-04-25,Auto,224700,Approved,
8586,4487,2023-07-24,Personal,1449800,Pending,
8587,2572,2024-03-16,Personal,160700,Approved,
8588,2156,2024-12-12,Auto,598400,Rejected,Low Credit Score
8589,1642,2024-01-10,Education,740900,Approved,
8590,5775,2025-02-05,Education,191500,Pending,
8591,4884,2024-01-23,Personal,682000,Rejected,High Existing Debt
8592,5187,2025-08-15,Business,228400,Rejected,Incomplete Documents
8593,4194,2023-10-29,Education,581600,Approved,
8594,3407,2025-04-18,Business,1056800,Approved,
8595,4878,2025-07-05,Home,165600,Rejected,Low Credit Score
8596,5042,2025-04-07,Home,1357700,Approved,
8597,3753,2024-11-15,Auto,591800,Rejected,Low Credit Score
8598,4186,2023-03-20,Business,669000,Approved,
8599,1419,2024-04-26,Home,790600,Approved,
8600,5619,2024-10-23,Education,187000,Approved,
8601,3235,2023-07-12,Home,411600,Pending,
8602,1811,2023-09-19,Business,142400,Approved,
8603,2640,2024-08-17,Education,384400,Rejected,Low Credit Score
8604,3905,2025-07-11,Personal,190400,Pending,
8605,3775,2023-05-07,Home,471900,Rejected,Incomplete Documents
8606,2654,2024-11-04,Personal,380800,Rejected,Incomplete Documents
8607,5101,2024-03-26,Personal,429500,Approved,
8608,5399,2023-03-21,Personal,640500,Rejected,High Existing Debt
8609,2976,2025-04-05,Business,744300,Approved,
8610,3005,2024-02-11,Business,1112700,Approved,
8611,3610,2024-04-18,Personal,207600,Approved,
8612,5298,2024-01-26,Home,164500,Rejected,Low Credit Score
8613,2692,2023-03-03,Personal,371700,Pending,
8614,5791,2023-01-07,Auto,3324000,Rejected,Low Credit Score
8615,1826,2024-06-10,Auto,920300,Approved,
8616,4770,2023-05-05,Home,1747700,Rejected,Incomplete Documents
8617,5093,2025-05-03,Home,161400,Rejected,Incomplete Documents
8618,1430,2023-11-06,Auto,99100,Approved,
8619,4914,2024-08-29,Auto,1944900,Approved,
8620,4722,2024-03-08,Auto,1899100,Approved,
8621,2382,2025-03-28,Personal,1467400,Rejected,Low Credit Score
8622,2756,2023-09-16,Home,686200,Rejected,High Existing Debt
8623,3750,2024-03-23,Home,425400,Approved,
8624,4672,2023-09-04,Education,771900,Approved,
8625,5601,2024-07-11,Personal,469100,Approved,
8626,3912,2025-06-01,Personal,815500,Pending,
8627,2419,2025-11-26,Home,764300,Approved,
8628,5483,2025-12-19,Personal,1051400,Pending,
8629,2953,2024-03-07,Personal,194600,Pending,
8630,3102,2024-02-18,Business,1184500,Approved,
8631,3031,2025-03-21,Business,208300,Approved,
8632,3735,2023-05-18,Education,3196700,Rejected,Incomplete Documents
8633,1979,2025-09-02,Personal,417200,Approved,
8634,1762,2025-10-22,Auto,243900,Pending,
8635,1135,2025-04-14,Education,1257400,Approved,
8636,3621,2023-06-23,Home,825700,Approved,
8637,3574,2025-10-24,Personal,125000,Pending,
8638,3306,2024-08-21,Personal,377800,Approved,
8639,3349,2024-05-26,Personal,447800,Rejected,High Existing Debt
8640,4012,2024-05-31,Personal,215800,Rejected,Insufficient Income
8641,2687,2023-03-15,Auto,407800,Rejected,Insufficient Income
8642,2689,2024-08-24,Personal,124100,Approved,
8643,5724,2024-03-18,Personal,771700,Rejected,High Existing Debt
8644,4253,2024-03-17,Auto,391600,Approved,
8645,1381,2024-02-11,Personal,241600,Approved,
8646,2931,2023-11-13,Home,172000,Rejected,Insufficient Income
8647,2817,2025-07-01,Personal,563900,Rejected,Incomplete Documents
8648,5763,2023-05-26,Home,528000,Approved,
8649,4391,2025-03-30,Home,568900,Approved,
8650,2139,2024-07-23,Business,208200,Pending,
8651,1142,2024-11-11,Auto,176600,Rejected,Incomplete Documents
8652,5624,2024-05-08,Personal,764000,Approved,
8653,2525,2024-08-13,Business,1104600,Approved,
8654,2053,2025-02-07,Personal,3629300,Approved,
8655,5210,2023-12-19,Home,1435800,Rejected,Incomplete Documents
8656,3056,2024-10-18,Personal,2207700,Approved,
8657,4376,2024-04-07,Business,214600,Rejected,High Existing Debt
8658,4375,2023-10-29,Auto,830900,Approved,
8659,4871,2025-04-17,Education,454300,Approved,
8660,5218,2023-12-05,Home,1286600,Approved,
8661,5322,2024-02-11,Home,360400,Approved,
8662,5125,2023-04-30,Personal,3105400,Approved,
8663,1588,2024-12-13,Personal,503400,Approved,
8664,2348,2024-12-01,Home,1289700,Pending,
8665,1034,2025-06-09,Business,182900,Rejected,Insufficient Income
8666,2075,2024-02-24,Home,753700,Approved,
8667,2545,2025-11-14,Home,170800,Rejected,High Existing Debt
8668,3181,2025-07-10,Personal,753900,Approved,
8669,4264,2025-01-01,Personal,368100,Approved,
8670,1528,2024-05-31,Personal,1775200,Approved,
8671,4259,2025-02-20,Personal,3264400,Rejected,Low Credit Score
8672,4156,2024-04-01,Business,240700,Approved,
8673,1896,2024-08-14,Personal,477000,Approved,
8674,5003,2024-09-30,Auto,359300,Approved,
8675,4759,2025-09-16,Personal,641900,Approved,
8676,2527,2025-01-05,Personal,145700,Approved,
8677,1604,2025-04-17,Business,130700,Approved,
8678,1803,2023-05-26,Auto,1138000,Approved,
8679,2086,2025-10-31,Personal,194400,Approved,
8680,3081,2024-08-26,Home,319700,Rejected,Low Credit Score
8681,5589,2025-02-18,Home,270000,Approved,
8682,1143,2023-06-11,Home,248300,Approved,
8683,4413,2024-08-14,Auto,246000,Rejected,Incomplete Documents
8684,2386,2025-10-10,Home,277100,Pending,
8685,5219,2025-01-31,Personal,386600,Approved,
8686,2522,2025-01-26,Personal,1147200,Approved,
8687,2909,2024-09-06,Business,938300,Approved,
8688,2418,2025-06-22,Personal,131300,Pending,
8689,4576,2025-09-28,Business,1747200,Rejected,Insufficient Income
8690,1754,2025-01-15,Auto,524100,Approved,
8691,5360,2023-05-22,Personal,1552100,Approved,
8692,3042,2025-08-04,Personal,301500,Approved,
8693,5184,2024-01-28,Home,4593700,Approved,
8694,3508,2023-08-29,Business,410800,Rejected,High Existing Debt
8695,2261,2023-03-24,Auto,326200,Approved,
8696,2534,2025-05-28,Personal,667600,Pending,
8697,2595,2023-05-08,Education,1770600,Approved,
8698,4921,2025-03-07,Personal,804100,Rejected,Incomplete Documents
8699,4247,2025-11-17,Personal,311000,Pending,
8700,2596,2023-04-16,Personal,143600,Approved,
8701,4241,2023-12-05,Business,346400,Approved,
8702,4300,2023-09-19,Education,343500,Rejected,High Existing Debt
8703,3380,2025-02-08,Business,1569300,Approved,
8704,3936,2024-07-18,Personal,288800,Rejected,High Existing Debt
8705,4510,2023-09-13,Personal,3459800,Approved,
8706,1099,2025-05-31,Home,505400,Rejected,Incomplete Documents
8707,5237,2023-12-25,Home,664100,Approved,
8708,5590,2023-02-06,Home,726900,Pending,
8709,2736,2024-11-26,Business,716100,Rejected,Incomplete Documents
8710,2598,2024-11-10,Personal,73600,Pending,
8711,4979,2025-01-30,Home,464600,Approved,
8712,3893,2024-07-20,Personal,526600,Pending,
8713,5068,2024-01-02,Education,1805200,Rejected,High Existing Debt
8714,1854,2024-11-15,Personal,1857200,Approved,
8715,4182,2023-01-25,Business,515700,Approved,
8716,2594,2024-11-12,Business,703000,Pending,
8717,1856,2024-10-31,Personal,730700,Rejected,High Existing Debt
8718,3462,2025-02-24,Home,776000,Approved,
8719,4080,2023-07-16,Auto,1566000,Approved,
8720,4013,2024-02-21,Personal,497400,Approved,
8721,3411,2023-01-06,Education,512300,Rejected,High Existing Debt
8722,3424,2025-05-21,Personal,651400,Rejected,Insufficient Income
8723,4648,2024-01-23,Personal,923300,Approved,
8724,4974,2025-10-07,Personal,305000,Approved,
8725,2974,2025-03-04,Home,559600,Rejected,High Existing Debt
8726,5374,2024-11-02,Home,372000,Approved,
8727,4263,2024-09-17,Business,766400,Rejected,High Existing Debt
8728,1504,2023-09-07,Business,351600,Pending,
8729,2758,2025-09-11,Home,1269100,Rejected,Low Credit Score
8730,5175,2024-11-23,Education,220300,Approved,
8731,2976,2023-03-06,Home,427500,Approved,
8732,1700,2023-10-26,Personal,207600,Rejected,Low Credit Score
8733,1660,2025-03-03,Personal,507300,Pending,
8734,5191,2025-08-20,Auto,1110300,Approved,
8735,2651,2025-01-02,Personal,462500,Pending,
8736,1677,2024-08-20,Business,277100,Pending,
8737,1222,2023-05-31,Personal,103400,Pending,
8738,2959,2023-01-23,Personal,87800,Approved,
8739,5867,2025-12-22,Home,325400,Approved,
8740,5830,2024-09-02,Auto,844000,Approved,
8741,3653,2024-06-10,Home,135900,Approved,
8742,4306,2024-05-19,Home,475800,Approved,
8743,1121,2024-08-28,Personal,192400,Rejected,High Existing Debt
8744,5226,2023-10-17,Personal,494700,Rejected,Insufficient Income
8745,4451,2023-08-21,Home,791500,Pending,
8746,2592,2024-10-12,Education,150000,Approved,
8747,4207,2023-08-17,Education,281100,Rejected,Insufficient Income
8748,3932,2024-08-11,Business,385400,Rejected,Insufficient Income
8749,4547,2025-10-01,Business,1605000,Approved,
8750,1794,2023-10-17,Home,851300,Approved,
8751,3123,2023-11-18,Personal,857100,Pending,
8752,5729,2024-11-24,Auto,845600,Approved,
8753,4397,2025-09-18,Business,898100,Approved,
8754,3123,2024-08-10,Home,137100,Approved,
8755,5233,2025-01-11,Personal,52000,Approved,
8756,3309,2023-12-02,Business,162000,Approved,
8757,4284,2023-06-28,Personal,336200,Approved,
8758,4627,2024-03-09,Personal,847700,Pending,
8759,1798,2025-05-22,Auto,609700,Approved,
8760,3634,2024-03-13,Personal,234500,Pending,
8761,4557,2025-02-23,Auto,691900,Approved,
8762,2568,2024-04-24,Home,74500,Approved,
8763,5312,2024-04-12,Home,810100,Approved,
8764,5881,2024-02-23,Personal,339800,Approved,
8765,1364,2024-06-25,Business,3755800,Rejected,High Existing Debt
8766,5327,2023-06-24,Personal,241100,Rejected,Low Credit Score
8767,1383,2023-10-05,Business,134500,Approved,
8768,5331,2023-01-31,Business,1761300,Rejected,Low Credit Score
8769,3202,2023-02-20,Education,164700,Approved,
8770,4754,2025-09-10,Personal,552800,Approved,
8771,5108,2025-05-05,Personal,533400,Pending,
8772,3222,2024-08-23,Auto,1089200,Rejected,Low Credit Score
8773,3203,2024-09-27,Home,296000,Pending,
8774,1519,2023-06-08,Personal,459800,Approved,
8775,1236,2023-04-27,Education,1003600,Approved,
8776,5394,2023-02-08,Home,138400,Approved,
8777,2268,2023-12-14,Education,976000,Rejected,Insufficient Income
8778,3171,2025-09-11,Auto,1059600,Approved,
8779,2516,2025-04-22,Personal,902800,Rejected,High Existing Debt
8780,3346,2025-02-24,Auto,714700,Pending,
8781,2978,2025-11-12,Auto,294500,Approved,
8782,2289,2023-02-04,Auto,301100,Approved,
8783,4180,2024-05-05,Auto,635400,Approved,
8784,2198,2023-05-21,Personal,528200,Approved,
8785,4177,2023-07-25,Education,338200,Approved,
8786,4933,2023-05-14,Home,1230600,Approved,
8787,2718,2025-09-29,Auto,1101200,Approved,
8788,2629,2024-08-06,Personal,1396400,Rejected,High Existing Debt
8789,5217,2024-07-17,Auto,4534700,Rejected,Insufficient Income
8790,3902,2025-06-22,Home,2827700,Approved,
8791,2552,2023-03-21,Personal,381500,Approved,
8792,3989,2023-03-05,Business,495300,Approved,
8793,1544,2024-05-24,Auto,271900,Approved,
8794,1424,2025-03-26,Personal,1880000,Pending,
8795,4418,2024-12-14,Home,434700,Pending,
8796,4178,2023-07-12,Personal,478300,Approved,
8797,1994,2024-03-28,Education,593000,Approved,
8798,5977,2025-10-20,Personal,552300,Approved,
8799,2532,2025-10-06,Auto,193300,Approved,
8800,4004,2024-02-02,Auto,2308600,Approved,
8801,5387,2023-06-23,Personal,3141900,Approved,
8802,5427,2025-11-16,Personal,345300,Pending,
8803,4516,2024-02-17,Home,2132100,Approved,
8804,2573,2024-10-04,Home,393500,Approved,
8805,2933,2024-06-21,Home,2083700,Approved,
8806,1912,2024-02-09,Home,1687300,Approved,
8807,4802,2023-10-28,Education,264800,Rejected,Insufficient Income
8808,5412,2024-09-19,Home,775500,Approved,
8809,4725,2025-01-20,Business,1282300,Approved,
8810,5031,2024-12-24,Personal,2732000,Approved,
8811,4312,2025-11-07,Personal,3284400,Approved,
8812,1156,2025-08-04,Home,2165200,Approved,
8813,1929,2024-09-14,Home,581600,Rejected,Incomplete Documents
8814,4482,2023-05-08,Business,760500,Rejected,Low Credit Score
8815,3036,2023-04-24,Auto,617500,Approved,
8816,3730,2023-05-26,Home,249500,Approved,
8817,3333,2025-07-21,Auto,825000,Approved,
8818,2698,2025-06-06,Home,417000,Approved,
8819,3674,2025-09-07,Education,406900,Rejected,High Existing Debt
8820,1878,2024-09-11,Business,214900,Approved,
8821,3316,2025-03-02,Education,478300,Approved,
8822,3996,2024-04-11,Education,222200,Approved,
8823,2115,2023-06-03,Auto,2748500,Approved,
8824,2320,2023-08-13,Home,543100,Pending,
8825,4011,2024-05-18,Education,1091600,Approved,
8826,1357,2024-07-19,Personal,152700,Approved,
8827,3993,2024-11-03,Business,545500,Pending,
8828,2946,2025-12-16,Auto,119500,Pending,
8829,4380,2024-01-28,Home,2074800,Approved,
8830,1318,2023-04-11,Home,571400,Rejected,Insufficient Income
8831,2861,2023-07-22,Auto,1034300,Rejected,High Existing Debt
8832,2341,2023-02-28,Auto,346100,Approved,
8833,3900,2023-01-16,Business,916600,Rejected,Insufficient Income
8834,2020,2025-06-19,Home,2941200,Pending,
8835,5680,2025-02-04,Education,851700,Approved,
8836,1988,2025-06-24,Personal,461300,Pending,
8837,2437,2024-07-23,Personal,423100,Approved,
8838,2074,2024-08-04,Personal,131500,Rejected,Incomplete Documents
8839,1361,2025-01-10,Personal,601400,Approved,
8840,5610,2025-04-17,Home,678600,Approved,
8841,4008,2025-01-02,Home,1133400,Approved,
8842,4574,2023-10-08,Home,1068100,Approved,
8843,4558,2025-02-17,Auto,438100,Approved,
8844,1870,2025-05-02,Auto,1224600,Approved,
8845,1877,2023-11-15,Auto,2237900,Approved,
8846,4765,2025-06-14,Business,2702800,Approved,
8847,5956,2024-10-27,Personal,385800,Rejected,Insufficient Income
8848,4795,2025-11-30,Education,641100,Rejected,Insufficient Income
8849,2820,2023-11-05,Auto,1228700,Approved,
8850,3432,2025-09-23,Business,211200,Rejected,Insufficient Income
8851,5575,2024-12-15,Auto,651900,Approved,
8852,1002,2023-06-01,Home,417300,Approved,
8853,2693,2025-04-28,Education,1145900,Approved,
8854,5916,2024-03-31,Personal,413500,Rejected,High Existing Debt
8855,3190,2023-04-04,Personal,522800,Pending,
8856,3305,2024-10-01,Personal,309500,Approved,
8857,4003,2024-08-07,Education,63200,Rejected,Insufficient Income
8858,4058,2023-03-24,Personal,336100,Approved,
8859,4157,2023-07-11,Personal,1720200,Approved,
8860,4315,2024-03-31,Home,142900,Approved,
8861,5011,2025-05-29,Personal,750600,Rejected,High Existing Debt
8862,5881,2023-02-15,Business,654000,Approved,
8863,5534,2024-04-06,Personal,333500,Approved,
8864,2295,2025-01-01,Personal,1340200,Rejected,High Existing Debt
8865,1479,2024-09-02,Home,475500,Approved,
8866,4068,2025-08-24,Personal,500300,Approved,
8867,5516,2025-03-08,Home,2178200,Approved,
8868,5878,2023-04-11,Home,84400,Rejected,Low Credit Score
8869,4812,2024-10-17,Personal,109100,Approved,
8870,5571,2023-08-23,Home,2503800,Pending,
8871,4459,2025-08-18,Education,1676800,Approved,
8872,1868,2025-04-08,Auto,1500300,Pending,
8873,4462,2025-08-16,Education,7921200,Rejected,Low Credit Score
8874,2406,2023-09-02,Personal,1270300,Approved,
8875,2499,2023-09-05,Home,745300,Approved,
8876,1534,2025-10-11,Auto,176000,Rejected,Incomplete Documents
8877,5832,2023-09-20,Home,672600,Approved,
8878,5443,2024-11-14,Home,302000,Approved,
8879,2223,2024-09-09,Education,521000,Approved,
8880,4303,2024-04-27,Business,50600,Approved,
8881,4506,2023-07-27,Home,135100,Approved,
8882,4404,2025-09-02,Education,445800,Approved,
8883,2360,2023-05-16,Personal,755200,Approved,
8884,5805,2023-08-11,Personal,308900,Rejected,High Existing Debt
8885,2258,2025-11-09,Business,537700,Approved,
8886,4441,2023-10-13,Auto,306800,Approved,
8887,5899,2024-03-21,Education,241500,Approved,
8888,4611,2025-11-15,Education,1148100,Approved,
8889,2339,2024-07-26,Auto,259800,Approved,
8890,1170,2024-07-10,Education,209100,Approved,
8891,4509,2025-03-24,Auto,4656500,Approved,
8892,2318,2025-03-02,Personal,807200,Rejected,High Existing Debt
8893,4435,2023-11-29,Home,733500,Rejected,Incomplete Documents
8894,5396,2023-04-25,Personal,353100,Approved,
8895,4062,2025-11-05,Personal,1183100,Pending,
8896,4786,2023-05-24,Auto,597500,Rejected,Insufficient Income
8897,5173,2025-04-13,Personal,208700,Rejected,Incomplete Documents
8898,4909,2024-10-02,Home,2749400,Approved,
8899,5284,2024-08-08,Home,150900,Approved,
8900,1763,2025-11-03,Home,984900,Rejected,Insufficient Income
8901,1900,2023-07-28,Personal,148700,Rejected,High Existing Debt
8902,3691,2025-09-04,Home,987900,Approved,
8903,3526,2024-10-08,Home,2428700,Approved,
8904,1018,2025-11-10,Home,165400,Rejected,High Existing Debt
8905,4845,2025-06-18,Business,2190200,Approved,
8906,3908,2025-11-11,Home,423100,Approved,
8907,2950,2024-02-14,Personal,654500,Rejected,Insufficient Income
8908,2750,2025-07-03,Auto,74900,Approved,
8909,2542,2025-02-20,Home,1023000,Approved,
8910,2469,2023-03-28,Business,259300,Pending,
8911,3504,2024-02-11,Home,440200,Pending,
8912,5215,2024-12-21,Business,1400900,Approved,
8913,2472,2024-06-03,Personal,405000,Approved,
8914,5573,2024-11-08,Personal,170900,Rejected,Incomplete Documents
8915,5063,2023-01-10,Personal,2060500,Approved,
8916,1581,2023-01-30,Business,436700,Approved,
8917,4961,2025-02-13,Auto,441800,Approved,
8918,3961,2023-10-05,Business,1095200,Rejected,Low Credit Score
8919,3324,2024-07-21,Home,1199200,Approved,
8920,5188,2023-10-03,Business,3858600,Pending,
8921,5027,2024-04-21,Home,372600,Rejected,Low Credit Score
8922,2689,2023-07-17,Personal,248100,Approved,
8923,3416,2024-04-28,Home,786200,Approved,
8924,3578,2025-11-06,Business,1091400,Rejected,Low Credit Score
8925,3541,2023-03-20,Personal,606700,Rejected,High Existing Debt
8926,4552,2023-01-27,Home,642500,Approved,
8927,1925,2025-01-16,Personal,751900,Approved,
8928,4395,2024-04-20,Personal,503300,Approved,
8929,2571,2023-04-21,Home,326800,Approved,
8930,5198,2024-01-06,Personal,280500,Rejected,Low Credit Score
8931,5367,2024-01-04,Personal,278200,Approved,
8932,3355,2024-12-09,Business,834000,Approved,
8933,3325,2023-01-13,Education,147600,Pending,
8934,1957,2024-09-16,Home,1310300,Approved,
8935,1259,2024-09-01,Business,1790200,Approved,
8936,5021,2024-07-21,Education,952500,Approved,
8937,4619,2023-08-20,Personal,138900,Approved,
8938,5616,2023-06-21,Personal,240200,Approved,
8939,2456,2024-04-13,Business,210700,Approved,
8940,5867,2024-07-01,Personal,172900,Approved,
8941,4382,2023-05-09,Personal,438300,Approved,
8942,5555,2025-06-23,Auto,2163200,Approved,
8943,1880,2024-05-11,Education,1467500,Approved,
8944,4272,2023-12-29,Personal,1330800,Approved,
8945,5627,2025-05-23,Business,69900,Approved,
8946,4474,2025-09-03,Personal,2917500,Approved,
8947,3994,2023-07-14,Personal,2353900,Approved,
8948,4094,2024-06-27,Home,205500,Approved,
8949,1235,2024-01-15,Personal,112000,Rejected,Incomplete Documents
8950,2822,2025-09-21,Business,674200,Rejected,Low Credit Score
8951,3898,2023-07-17,Auto,3907800,Rejected,Incomplete Documents
8952,5486,2023-10-11,Personal,886300,Approved,
8953,3512,2023-08-19,Business,448600,Rejected,High Existing Debt
8954,3589,2024-11-10,Home,616200,Rejected,Insufficient Income
8955,3077,2024-04-08,Personal,1229600,Approved,
8956,3181,2025-07-04,Education,296100,Approved,
8957,2747,2025-09-01,Personal,963900,Approved,
8958,1534,2023-04-25,Home,2112400,Approved,
8959,4761,2023-03-17,Personal,228700,Rejected,Low Credit Score
8960,3696,2023-10-20,Home,855500,Approved,
8961,3924,2023-03-18,Auto,1809900,Approved,
8962,2604,2023-11-19,Auto,120800,Approved,
8963,2576,2024-01-03,Home,496600,Approved,
8964,2115,2024-01-31,Business,274800,Rejected,Incomplete Documents
8965,3712,2025-01-23,Education,253600,Rejected,Low Credit Score
8966,2677,2024-06-24,Personal,2467300,Approved,
8967,3536,2023-10-13,Personal,1397600,Approved,
8968,2924,2023-11-05,Home,1840200,Approved,
8969,2471,2023-08-07,Auto,1506000,Approved,
8970,5673,2025-02-28,Personal,766000,Approved,
8971,4799,2025-08-13,Personal,1006800,Rejected,High Existing Debt
8972,2898,2025-03-27,Personal,1801700,Pending,
8973,5235,2025-08-02,Business,543400,Approved,
8974,3090,2024-01-26,Business,1198100,Approved,
8975,3284,2023-02-15,Education,4087000,Approved,
8976,2493,2023-01-11,Education,1293000,Approved,
8977,3246,2023-01-16,Personal,463600,Approved,
8978,2412,2024-07-01,Education,474700,Approved,
8979,4106,2025-12-10,Business,332100,Approved,
8980,2306,2023-05-30,Personal,167400,Rejected,Low Credit Score
8981,5469,2024-02-25,Business,50000,Rejected,Insufficient Income
8982,1822,2024-09-16,Business,233100,Approved,
8983,2237,2024-02-29,Home,418700,Pending,
8984,4349,2023-10-21,Business,799400,Approved,
8985,4768,2025-06-04,Home,956000,Approved,
8986,5317,2023-06-11,Business,523100,Pending,
8987,2634,2024-06-06,Business,423000,Approved,
8988,3623,2023-09-27,Business,2245100,Pending,
8989,5650,2025-10-01,Personal,264100,Pending,
8990,3809,2023-12-03,Home,5626900,Approved,
8991,1110,2025-10-17,Home,249700,Approved,
8992,3245,2024-07-25,Personal,454700,Approved,
8993,3932,2024-06-29,Home,374700,Approved,
8994,1949,2025-12-24,Business,286400,Approved,
8995,1453,2023-12-27,Home,181600,Approved,
8996,4524,2025-01-16,Auto,313600,Approved,
8997,1107,2025-12-29,Personal,3170700,Approved,
8998,1005,2025-10-30,Home,2228400,Approved,
8999,1137,2023-08-04,Home,675800,Approved,
9000,1793,2025-04-23,Business,418200,Rejected,Insufficient Income
9001,4513,2023-07-10,Education,5321100,Pending,
9002,2664,2023-08-07,Auto,133200,Rejected,Low Credit Score
9003,1415,2023-04-16,Home,421000,Rejected,High Existing Debt
9004,4511,2023-02-25,Home,61400,Approved,
9005,1197,2025-12-27,Education,2787700,Approved,
9006,4666,2024-08-24,Education,1315700,Rejected,High Existing Debt
9007,2520,2025-10-31,Business,840700,Approved,
9008,1596,2024-03-12,Home,363100,Approved,
9009,2526,2025-03-10,Auto,2717500,Approved,
9010,5797,2024-11-29,Personal,953200,Approved,
9011,1723,2024-02-18,Home,579800,Approved,
9012,3076,2023-08-19,Personal,3544500,Approved,
9013,1094,2023-05-17,Personal,1663900,Approved,
9014,4047,2024-02-05,Personal,220000,Approved,
9015,3895,2025-02-17,Personal,1174200,Rejected,Low Credit Score
9016,5210,2024-07-22,Auto,189200,Approved,
9017,5937,2025-09-08,Auto,2124900,Approved,
9018,2148,2023-02-19,Personal,2845200,Approved,
9019,2575,2024-04-24,Personal,124700,Rejected,Low Credit Score
9020,3305,2024-08-07,Auto,752900,Rejected,Incomplete Documents
9021,5109,2025-04-28,Home,387900,Approved,
9022,5836,2025-12-12,Business,196500,Rejected,High Existing Debt
9023,4266,2024-08-23,Business,2412600,Rejected,Insufficient Income
9024,3602,2023-07-27,Home,249900,Approved,
9025,2209,2023-04-20,Auto,264600,Approved,
9026,3083,2025-01-06,Personal,319800,Approved,
9027,1250,2023-06-20,Personal,150000,Approved,
9028,1247,2025-03-17,Personal,964500,Approved,
9029,4506,2025-12-01,Home,287700,Approved,
9030,4238,2024-12-16,Personal,650900,Approved,
9031,4421,2025-09-29,Personal,422800,Approved,
9032,5224,2025-07-18,Personal,1619500,Approved,
9033,4742,2024-08-12,Education,1277400,Rejected,Incomplete Documents
9034,2988,2025-06-23,Business,651500,Approved,
9035,2373,2025-02-16,Home,352700,Approved,
9036,4308,2023-08-04,Education,261700,Approved,
9037,4883,2024-08-10,Personal,200100,Approved,
9038,2257,2024-06-21,Personal,393800,Approved,
9039,4041,2024-06-30,Auto,123400,Rejected,Incomplete Documents
9040,5160,2023-03-18,Business,430100,Approved,
9041,3847,2024-12-23,Auto,1063200,Approved,
9042,2228,2025-09-08,Auto,405300,Approved,
9043,2532,2025-12-07,Home,137400,Rejected,High Existing Debt
9044,5253,2025-11-12,Auto,470300,Approved,
9045,1387,2023-03-06,Business,982100,Approved,
9046,4681,2024-06-03,Business,1120000,Approved,
9047,5967,2024-05-07,Personal,157600,Rejected,Insufficient Income
9048,4798,2025-01-12,Business,1251900,Pending,
9049,3768,2023-05-21,Auto,1122700,Approved,
9050,3105,2024-06-23,Home,409800,Approved,
9051,1071,2025-11-16,Business,1062100,Approved,
9052,1497,2025-11-01,Auto,185900,Rejected,Incomplete Documents
9053,5356,2025-10-27,Home,55000,Approved,
9054,2508,2025-05-13,Auto,298700,Approved,
9055,3753,2025-04-08,Auto,539500,Rejected,High Existing Debt
9056,2904,2023-10-11,Home,626300,Rejected,High Existing Debt
9057,4993,2024-02-14,Auto,50000,Approved,
9058,1429,2025-05-10,Business,546900,Approved,
9059,5238,2025-05-08,Home,398900,Rejected,Low Credit Score
9060,2657,2024-11-22,Personal,2411300,Approved,
9061,3302,2024-04-02,Personal,758000,Approved,
9062,2789,2025-06-18,Personal,807200,Approved,
9063,5872,2023-04-16,Education,925700,Approved,
9064,5412,2023-09-23,Education,2819000,Approved,
9065,2322,2025-06-18,Home,920100,Approved,
9066,4835,2024-10-08,Home,1976600,Approved,
9067,2191,2023-07-10,Personal,125400,Rejected,Insufficient Income
9068,4685,2023-03-29,Personal,2954300,Approved,
9069,5447,2023-12-27,Home,343000,Pending,
9070,3090,2023-04-26,Auto,308900,Pending,
9071,5498,2025-04-23,Auto,793100,Approved,
9072,5487,2025-02-27,Home,491100,Approved,
9073,3436,2024-05-05,Personal,480700,Rejected,High Existing Debt
9074,4039,2025-02-23,Personal,1002800,Approved,
9075,2482,2025-08-20,Home,318400,Approved,
9076,3802,2024-04-24,Home,843600,Approved,
9077,3861,2025-09-22,Auto,120700,Rejected,High Existing Debt
9078,3527,2024-12-08,Personal,980500,Approved,
9079,5654,2025-08-01,Auto,835400,Rejected,High Existing Debt
9080,3486,2024-12-01,Business,384400,Approved,
9081,2249,2023-09-18,Education,222600,Approved,
9082,2267,2023-01-07,Business,280100,Pending,
9083,4223,2024-04-03,Auto,327000,Approved,
9084,3567,2025-05-20,Home,293900,Rejected,Low Credit Score
9085,5410,2024-10-30,Home,586700,Approved,
9086,3863,2023-01-28,Auto,760800,Approved,
9087,1860,2025-04-04,Personal,815300,Approved,
9088,4349,2024-02-26,Personal,286000,Approved,
9089,5255,2024-12-23,Auto,846700,Rejected,High Existing Debt
9090,2001,2024-07-14,Personal,137100,Rejected,High Existing Debt
9091,3203,2024-05-06,Business,93700,Approved,
9092,1394,2024-12-23,Personal,1219100,Approved,
9093,4144,2023-10-28,Home,148800,Rejected,Insufficient Income
9094,1649,2023-03-06,Business,103600,Approved,
9095,3920,2025-07-19,Personal,113800,Approved,
9096,1858,2023-06-12,Personal,791200,Rejected,High Existing Debt
9097,2586,2024-11-01,Business,705300,Rejected,Incomplete Documents
9098,1959,2024-02-28,Business,842700,Rejected,High Existing Debt
9099,2683,2024-09-02,Home,752700,Rejected,High Existing Debt
9100,2266,2024-02-28,Education,329000,Approved,
9101,5368,2024-12-01,Personal,347700,Approved,
9102,4110,2024-12-22,Auto,115500,Approved,
9103,3028,2025-01-01,Home,1133000,Rejected,Incomplete Documents
9104,2740,2024-02-18,Auto,751800,Approved,
9105,4157,2024-07-05,Home,239300,Approved,
9106,4874,2025-07-01,Home,2428500,Approved,
9107,1149,2023-03-14,Home,147000,Approved,
9108,3687,2024-02-10,Personal,775900,Approved,
9109,1932,2025-04-09,Business,83500,Approved,
9110,3024,2024-07-22,Home,205100,Approved,
9111,2343,2024-10-16,Personal,112800,Rejected,Low Credit Score
9112,1298,2024-10-17,Personal,1217600,Approved,
9113,5693,2024-02-12,Home,4989400,Approved,
9114,1277,2024-08-14,Business,216900,Approved,
9115,3623,2025-06-01,Personal,286500,Approved,
9116,5185,2024-12-20,Auto,5228600,Approved,
9117,4967,2025-07-30,Personal,297300,Approved,
9118,3167,2024-11-25,Home,2360900,Pending,
9119,5379,2024-03-09,Personal,1192300,Rejected,Incomplete Documents
9120,1229,2025-04-18,Personal,1133400,Approved,
9121,3462,2024-05-07,Education,3293900,Approved,
9122,5219,2025-05-09,Home,1099600,Rejected,Incomplete Documents
9123,2735,2024-08-22,Business,146200,Approved,
9124,3078,2025-03-22,Personal,261000,Rejected,Incomplete Documents
9125,5114,2023-04-06,Auto,238200,Approved,
9126,3071,2025-11-17,Education,282300,Rejected,Low Credit Score
9127,2062,2025-05-29,Personal,1616000,Approved,
9128,4821,2025-10-20,Home,267600,Rejected,Insufficient Income
9129,2385,2024-04-21,Personal,812300,Approved,
9130,3122,2024-07-10,Home,365200,Approved,
9131,1583,2023-01-14,Education,928500,Pending,
9132,5007,2023-06-22,Auto,204600,Approved,
9133,5369,2025-07-24,Auto,2523800,Rejected,High Existing Debt
9134,2504,2024-11-16,Home,2659700,Rejected,Insufficient Income
9135,4397,2023-11-11,Business,281600,Pending,
9136,3015,2025-11-30,Home,398600,Approved,
9137,1948,2025-02-21,Home,330900,Rejected,Low Credit Score
9138,2871,2023-12-09,Business,1176000,Pending,
9139,3776,2025-09-15,Home,816800,Approved,
9140,5597,2024-04-06,Education,344800,Pending,
9141,3478,2025-09-16,Home,291100,Approved,
9142,2380,2023-07-13,Education,1792600,Pending,
9143,4106,2023-11-29,Business,1041900,Approved,
9144,5034,2025-09-26,Personal,924000,Pending,
9145,4332,2024-10-13,Personal,1927200,Approved,
9146,5958,2023-09-26,Business,553000,Approved,
9147,2885,2024-05-29,Home,2088600,Rejected,Low Credit Score
9148,1450,2024-07-28,Personal,609700,Approved,
9149,4062,2025-12-23,Auto,326300,Approved,
9150,1625,2025-06-02,Auto,553100,Pending,
9151,5432,2025-01-01,Personal,317000,Approved,
9152,2892,2024-05-16,Business,241800,Approved,
9153,1901,2023-02-25,Education,217700,Approved,
9154,1393,2023-04-24,Education,56300,Rejected,Low Credit Score
9155,3016,2024-12-23,Home,587800,Rejected,High Existing Debt
9156,3597,2024-06-02,Auto,892000,Approved,
9157,5519,2025-07-20,Business,163000,Approved,
9158,4322,2023-06-13,Home,180300,Approved,
9159,1247,2025-05-30,Home,472300,Approved,
9160,3600,2023-05-09,Business,1338700,Approved,
9161,5061,2025-01-21,Personal,321600,Approved,
9162,3783,2023-07-10,Personal,1219100,Approved,
9163,2146,2025-04-22,Personal,3071100,Rejected,Incomplete Documents
9164,5739,2025-04-03,Personal,124700,Pending,
9165,2835,2024-02-19,Business,3492300,Pending,
9166,4108,2024-07-06,Home,2499300,Rejected,Low Credit Score
9167,5204,2024-10-12,Personal,639800,Rejected,High Existing Debt
9168,3234,2023-09-19,Personal,2782200,Approved,
9169,1019,2025-08-04,Personal,802600,Approved,
9170,3960,2023-07-11,Business,192600,Approved,
9171,4818,2023-03-19,Auto,231700,Approved,
9172,3142,2023-12-18,Personal,228900,Rejected,Incomplete Documents
9173,4815,2024-02-08,Auto,1410000,Approved,
9174,1128,2025-02-01,Home,1533000,Rejected,Low Credit Score
9175,3363,2025-12-06,Education,1899900,Approved,
9176,3029,2025-07-06,Personal,293200,Approved,
9177,2946,2023-12-15,Auto,2942800,Approved,
9178,2884,2025-03-20,Education,550900,Approved,
9179,4547,2025-09-01,Personal,2760800,Rejected,Low Credit Score
9180,4699,2025-03-13,Home,810300,Pending,
9181,4224,2023-06-02,Home,306000,Approved,
9182,2652,2023-09-25,Business,1401400,Pending,
9183,5066,2025-07-24,Personal,652900,Approved,
9184,3559,2023-11-02,Auto,67700,Approved,
9185,1761,2025-12-27,Auto,494100,Approved,
9186,1702,2023-10-12,Home,172100,Rejected,Incomplete Documents
9187,5829,2024-06-26,Home,704700,Approved,
9188,3304,2023-01-24,Home,1107100,Rejected,Low Credit Score
9189,4357,2025-10-31,Business,297100,Approved,
9190,4727,2024-09-30,Personal,492600,Approved,
9191,2313,2025-10-05,Business,783800,Approved,
9192,5953,2025-02-25,Personal,329600,Approved,
9193,1144,2025-02-12,Auto,581800,Approved,
9194,5181,2023-05-10,Home,101400,Rejected,Low Credit Score
9195,3740,2025-01-12,Home,313800,Approved,
9196,5197,2024-01-15,Personal,1003100,Approved,
9197,4309,2023-08-28,Auto,501000,Approved,
9198,4490,2023-05-26,Business,323500,Approved,
9199,1205,2023-11-04,Home,621100,Approved,
9200,3175,2025-04-03,Business,194400,Approved,
9201,4023,2025-06-03,Personal,250000,Approved,
9202,5403,2024-09-17,Education,675600,Approved,
9203,4837,2024-06-15,Auto,422700,Approved,
9204,3225,2023-08-17,Home,531900,Rejected,Low Credit Score
9205,1727,2024-05-27,Personal,1100200,Rejected,Insufficient Income
9206,4277,2025-03-16,Auto,836000,Approved,
9207,1200,2025-11-09,Home,182400,Approved,
9208,5609,2023-09-17,Education,209400,Rejected,Incomplete Documents
9209,1434,2025-06-10,Education,1171700,Approved,
9210,4857,2025-10-05,Education,851500,Rejected,Incomplete Documents
9211,2288,2024-09-05,Education,721700,Pending,
9212,5675,2023-07-16,Auto,1401500,Rejected,Insufficient Income
9213,2885,2024-01-25,Education,2807800,Approved,
9214,5214,2024-12-03,Auto,2023300,Approved,
9215,5182,2023-12-12,Home,8000000,Pending,
9216,5331,2024-10-02,Home,1279600,Rejected,Insufficient Income
9217,5418,2023-04-24,Home,582700,Rejected,Incomplete Documents
9218,3721,2025-08-16,Home,312900,Approved,
9219,3525,2025-04-27,Education,862400,Approved,
9220,2757,2024-12-26,Business,2086500,Approved,
9221,5790,2024-12-09,Education,670200,Rejected,High Existing Debt
9222,3950,2023-09-18,Business,268100,Approved,
9223,1948,2024-11-05,Home,741400,Approved,
9224,3861,2025-07-29,Home,1212300,Approved,
9225,1769,2025-06-30,Auto,500500,Approved,
9226,3896,2023-06-14,Home,2316300,Approved,
9227,1395,2024-02-23,Business,244800,Approved,
9228,1790,2024-07-05,Personal,342100,Rejected,Incomplete Documents
9229,1897,2023-07-16,Business,912100,Approved,
9230,1366,2025-12-10,Home,1218300,Approved,
9231,5913,2023-08-26,Auto,723000,Approved,
9232,1604,2025-08-03,Auto,187800,Approved,
9233,5326,2023-11-19,Personal,991900,Approved,
9234,2786,2024-12-07,Personal,2825100,Rejected,Low Credit Score
9235,2732,2025-12-24,Auto,1242900,Approved,
9236,4214,2023-01-12,Personal,2290600,Approved,
9237,1932,2025-06-21,Personal,281300,Approved,
9238,5792,2025-07-27,Personal,3474000,Rejected,Low Credit Score
9239,4287,2025-10-01,Auto,878900,Pending,
9240,5111,2025-06-20,Home,392900,Approved,
9241,2367,2023-06-16,Business,395700,Rejected,Incomplete Documents
9242,1136,2024-09-08,Home,1597500,Approved,
9243,2658,2024-10-28,Personal,2789000,Approved,
9244,3744,2025-05-30,Home,490100,Approved,
9245,4991,2023-04-06,Education,2291600,Approved,
9246,5781,2025-03-24,Home,1358000,Approved,
9247,5718,2023-08-14,Personal,618800,Approved,
9248,4483,2024-10-14,Personal,533500,Approved,
9249,2823,2024-11-23,Education,2521100,Approved,
9250,3223,2023-06-16,Education,794800,Rejected,Incomplete Documents
9251,5597,2025-04-07,Home,3953500,Approved,
9252,4944,2025-06-23,Personal,191800,Approved,
9253,2346,2025-06-08,Personal,308900,Rejected,Insufficient Income
9254,1876,2023-01-04,Business,1020500,Approved,
9255,3416,2023-09-02,Business,444500,Approved,
9256,1776,2025-06-12,Home,348900,Approved,
9257,4905,2023-02-19,Personal,529100,Approved,
9258,5505,2024-10-14,Personal,764400,Approved,
9259,3833,2024-11-22,Business,1474700,Pending,
9260,1408,2025-10-11,Education,915800,Approved,
9261,4807,2023-12-14,Education,502300,Rejected,Low Credit Score
9262,1308,2025-09-04,Personal,78500,Rejected,Insufficient Income
9263,5159,2024-04-29,Auto,1518200,Approved,
9264,3109,2023-07-27,Personal,331800,Rejected,Insufficient Income
9265,5603,2024-10-22,Education,375100,Approved,
9266,5352,2025-08-31,Business,1101800,Approved,
9267,1077,2024-09-22,Auto,504800,Approved,
9268,5026,2023-04-02,Personal,911000,Approved,
9269,5047,2024-10-30,Business,2058000,Rejected,Insufficient Income
9270,5186,2024-01-30,Business,795100,Approved,
9271,1365,2025-11-19,Home,151600,Approved,
9272,2827,2023-06-26,Auto,1004500,Approved,
9273,5745,2024-05-27,Auto,347600,Rejected,High Existing Debt
9274,2299,2023-05-10,Home,618200,Approved,
9275,2960,2024-10-19,Home,437200,Pending,
9276,5136,2023-05-15,Personal,667800,Approved,
9277,4693,2025-02-11,Home,594200,Rejected,Incomplete Documents
9278,1666,2024-02-17,Home,321500,Approved,
9279,5422,2023-01-03,Business,309700,Approved,
9280,4589,2023-05-21,Business,2889300,Rejected,High Existing Debt
9281,1725,2025-12-26,Personal,4234100,Rejected,High Existing Debt
9282,5379,2025-12-31,Home,225000,Approved,
9283,4244,2025-06-18,Personal,1723900,Approved,
9284,4528,2024-03-01,Auto,742900,Approved,
9285,1214,2024-08-10,Home,1085400,Approved,
9286,3007,2023-10-02,Education,2001400,Approved,
9287,1089,2025-09-21,Home,564000,Pending,
9288,2607,2023-03-23,Home,634600,Approved,
9289,5480,2025-03-18,Auto,2242600,Approved,
9290,2193,2025-01-29,Home,525300,Approved,
9291,5922,2025-03-12,Home,420500,Rejected,Low Credit Score
9292,5531,2024-09-27,Business,230900,Rejected,Insufficient Income
9293,3656,2025-10-27,Personal,294400,Approved,
9294,1319,2023-03-16,Business,560400,Pending,
9295,4166,2025-07-03,Home,603700,Approved,
9296,5961,2024-04-19,Business,407900,Rejected,Insufficient Income
9297,4045,2023-08-11,Business,194300,Approved,
9298,3477,2024-07-02,Personal,138500,Approved,
9299,2547,2023-01-31,Education,179300,Approved,
9300,3936,2023-08-27,Personal,153700,Approved,
9301,5201,2025-09-07,Education,2861900,Approved,
9302,5829,2024-12-14,Home,141000,Rejected,Incomplete Documents
9303,5438,2024-08-20,Business,449500,Pending,
9304,5952,2024-04-23,Education,897000,Rejected,Insufficient Income
9305,1988,2025-06-25,Education,3603600,Approved,
9306,5351,2024-01-09,Education,540000,Approved,
9307,5738,2025-08-29,Personal,574500,Rejected,High Existing Debt
9308,1424,2024-05-14,Home,2094200,Approved,
9309,3562,2023-08-18,Personal,1462300,Rejected,Insufficient Income
9310,1375,2025-11-02,Home,729900,Approved,
9311,5856,2024-02-03,Personal,402700,Approved,
9312,1047,2025-11-07,Auto,1878400,Approved,
9313,1500,2023-06-18,Education,634700,Pending,
9314,3393,2025-12-09,Business,358100,Approved,
9315,5525,2023-04-16,Auto,234000,Rejected,High Existing Debt
9316,5885,2023-07-16,Business,610800,Approved,
9317,3034,2023-02-10,Personal,4182600,Rejected,High Existing Debt
9318,5883,2024-06-22,Auto,1009900,Rejected,Incomplete Documents
9319,2170,2024-11-29,Business,872300,Approved,
9320,4864,2024-01-18,Auto,676700,Rejected,Low Credit Score
9321,3991,2023-05-22,Personal,615800,Approved,
9322,3666,2025-07-19,Personal,646200,Approved,
9323,2117,2023-10-06,Personal,1394300,Approved,
9324,1246,2023-01-22,Home,172700,Pending,
9325,4413,2024-03-09,Auto,2171300,Approved,
9326,2685,2023-01-25,Auto,769700,Rejected,High Existing Debt
9327,1304,2023-07-01,Education,826800,Rejected,Low Credit Score
9328,3025,2024-11-19,Personal,1398200,Approved,
9329,1450,2023-04-13,Home,1701100,Pending,
9330,1941,2025-06-17,Personal,630300,Rejected,High Existing Debt
9331,4201,2024-10-26,Education,213600,Approved,
9332,1534,2024-05-09,Business,52900,Pending,
9333,3616,2023-11-20,Home,527500,Approved,
9334,3472,2025-02-21,Home,589100,Rejected,High Existing Debt
9335,3579,2024-10-12,Business,1054900,Approved,
9336,4778,2023-04-02,Personal,236300,Pending,
9337,3653,2024-05-29,Home,1508200,Approved,
9338,2906,2023-05-05,Home,3547100,Approved,
9339,5978,2025-10-08,Education,395900,Rejected,Low Credit Score
9340,3263,2025-05-27,Education,1591000,Approved,
9341,4759,2024-11-23,Home,1815800,Rejected,Insufficient Income
9342,4898,2023-09-22,Home,2042100,Rejected,Insufficient Income
9343,1953,2023-12-01,Home,1897000,Rejected,Low Credit Score
9344,4838,2023-04-14,Personal,1721100,Approved,
9345,2499,2024-03-15,Auto,898500,Approved,
9346,5653,2023-12-24,Personal,1852700,Rejected,Incomplete Documents
9347,4292,2024-09-11,Home,503400,Approved,
9348,4576,2025-05-16,Personal,1494100,Rejected,Incomplete Documents
9349,4100,2023-09-18,Home,3728500,Approved,
9350,5869,2024-01-31,Home,166300,Approved,
9351,1914,2024-08-19,Education,166700,Approved,
9352,4038,2024-02-14,Auto,465500,Approved,
9353,5056,2023-05-18,Personal,1107600,Rejected,High Existing Debt
9354,5005,2024-02-26,Personal,351500,Rejected,Incomplete Documents
9355,4280,2023-06-01,Home,857600,Rejected,Insufficient Income
9356,4494,2025-01-04,Auto,723500,Approved,
9357,3023,2023-02-16,Education,746600,Pending,
9358,1951,2024-01-04,Personal,186000,Approved,
9359,1863,2023-07-09,Personal,4733600,Rejected,High Existing Debt
9360,2631,2025-02-04,Personal,984400,Approved,
9361,3043,2025-05-18,Personal,1154600,Rejected,Incomplete Documents
9362,5065,2025-08-22,Personal,1404400,Approved,
9363,1588,2024-03-14,Personal,1455300,Approved,
9364,2271,2025-09-13,Home,464100,Approved,
9365,4479,2025-03-31,Home,1683300,Approved,
9366,1683,2023-08-22,Business,634500,Rejected,Low Credit Score
9367,4453,2025-12-24,Personal,2056500,Approved,
9368,2328,2023-04-24,Education,382100,Approved,
9369,4292,2023-02-20,Auto,472200,Rejected,Incomplete Documents
9370,1294,2024-01-09,Auto,925900,Pending,
9371,1858,2025-11-05,Personal,298200,Rejected,Insufficient Income
9372,3840,2023-07-09,Auto,270200,Approved,
9373,5350,2023-02-06,Auto,345300,Approved,
9374,3796,2024-03-20,Education,1459600,Approved,
9375,3492,2024-11-27,Business,1559000,Approved,
9376,1913,2023-06-22,Personal,768900,Pending,
9377,2189,2024-09-29,Personal,278900,Rejected,Incomplete Documents
9378,3319,2024-01-21,Auto,405500,Approved,
9379,4042,2024-04-23,Education,660200,Approved,
9380,2812,2025-03-15,Home,312300,Rejected,Low Credit Score
9381,1670,2025-08-07,Business,1448300,Approved,
9382,1912,2023-10-12,Business,771400,Approved,
9383,2580,2025-01-17,Personal,1619900,Approved,
9384,2723,2023-07-25,Personal,558600,Rejected,Insufficient Income
9385,5255,2024-01-10,Personal,6087100,Approved,
9386,3555,2025-07-24,Home,870400,Rejected,High Existing Debt
9387,2612,2023-04-23,Home,111900,Approved,
9388,1386,2025-02-17,Education,823200,Rejected,High Existing Debt
9389,2594,2025-08-11,Auto,333900,Approved,
9390,2351,2023-10-03,Personal,3436700,Approved,
9391,4488,2024-02-19,Home,285200,Approved,
9392,4957,2023-12-18,Auto,2526100,Rejected,Insufficient Income
9393,1174,2025-12-09,Personal,189900,Rejected,High Existing Debt
9394,1359,2025-06-23,Personal,374000,Rejected,Low Credit Score
9395,2690,2025-11-30,Home,228600,Rejected,Incomplete Documents
9396,1810,2024-11-23,Business,794100,Rejected,Insufficient Income
9397,1943,2025-05-17,Education,2119700,Approved,
9398,5530,2023-06-26,Education,280000,Pending,
9399,1429,2024-02-14,Auto,162200,Pending,
9400,4652,2023-02-05,Home,1027800,Rejected,Incomplete Documents
9401,2945,2024-02-11,Home,470000,Approved,
9402,3356,2023-12-16,Personal,296900,Pending,
9403,2415,2023-11-11,Personal,461900,Approved,
9404,5374,2023-10-06,Education,1180900,Approved,
9405,4229,2025-07-27,Home,1623600,Approved,
9406,3422,2024-09-03,Education,315000,Rejected,Incomplete Documents
9407,5264,2025-03-03,Personal,1072000,Approved,
9408,3876,2023-12-06,Education,420000,Approved,
9409,4241,2025-12-19,Personal,513000,Approved,
9410,5044,2023-04-12,Home,460100,Rejected,Low Credit Score
9411,3125,2023-06-10,Auto,319800,Approved,
9412,1569,2025-09-24,Personal,2329800,Rejected,Insufficient Income
9413,3211,2025-03-25,Personal,127000,Pending,
9414,3965,2024-06-28,Education,853500,Approved,
9415,3837,2025-05-19,Home,1844600,Approved,
9416,1344,2025-03-27,Home,138800,Approved,
9417,4052,2024-04-10,Personal,743800,Pending,
9418,4128,2025-12-17,Home,704300,Approved,
9419,5639,2025-06-02,Personal,1980800,Pending,
9420,3584,2023-12-19,Home,164700,Approved,
9421,4230,2025-08-12,Home,4178000,Approved,
9422,4193,2025-09-15,Education,585000,Approved,
9423,1154,2024-10-17,Home,2220900,Pending,
9424,3918,2024-07-11,Personal,2260800,Approved,
9425,4433,2024-02-26,Home,124200,Pending,
9426,3929,2023-01-26,Education,369000,Approved,
9427,2916,2024-08-15,Personal,1736800,Approved,
9428,5428,2024-09-12,Business,468100,Rejected,Low Credit Score
9429,3455,2023-10-07,Home,1342300,Rejected,Low Credit Score
9430,5222,2024-09-30,Home,422800,Approved,
9431,3641,2024-09-10,Personal,717600,Rejected,Insufficient Income
9432,2871,2024-06-22,Business,197400,Approved,
9433,3491,2023-05-10,Personal,528300,Approved,
9434,4253,2025-04-26,Home,252800,Rejected,High Existing Debt
9435,5258,2024-01-16,Education,646800,Approved,
9436,4548,2024-11-11,Personal,793900,Approved,
9437,4908,2023-05-21,Personal,3860800,Approved,
9438,2385,2023-04-01,Auto,603600,Pending,
9439,4596,2024-10-23,Personal,219000,Approved,
9440,5226,2023-02-16,Home,950200,Approved,
9441,3329,2023-10-30,Business,177200,Approved,
9442,2880,2024-07-30,Home,400600,Approved,
9443,2476,2023-07-16,Home,736800,Approved,
9444,5002,2024-02-17,Home,188600,Rejected,Insufficient Income
9445,2158,2023-12-01,Home,352800,Pending,
9446,4935,2025-03-08,Personal,354200,Approved,
9447,5991,2025-01-31,Business,185200,Approved,
9448,5786,2023-10-29,Auto,2743800,Rejected,Incomplete Documents
9449,4864,2024-07-17,Auto,386700,Approved,
9450,3521,2025-10-25,Personal,195300,Approved,
9451,5101,2024-12-26,Education,3103400,Rejected,High Existing Debt
9452,2846,2024-11-09,Personal,2249600,Approved,
9453,1778,2023-01-30,Personal,575200,Approved,
9454,1221,2024-12-21,Business,163900,Approved,
9455,3891,2024-09-26,Auto,2368600,Rejected,High Existing Debt
9456,3801,2023-05-31,Business,453700,Rejected,Incomplete Documents
9457,2630,2025-08-13,Personal,353900,Approved,
9458,5971,2025-06-02,Home,331800,Approved,
9459,2542,2025-11-02,Business,933200,Approved,
9460,5238,2023-04-20,Auto,313300,Approved,
9461,5897,2025-11-27,Home,409200,Approved,
9462,3552,2025-03-17,Education,163800,Approved,
9463,1965,2024-02-07,Personal,181400,Pending,
9464,4278,2024-11-22,Education,1370200,Approved,
9465,4675,2024-02-29,Personal,520400,Approved,
9466,4120,2023-05-02,Business,246100,Approved,
9467,1994,2023-04-02,Personal,414000,Approved,
9468,4521,2023-01-27,Business,420500,Approved,
9469,3558,2025-07-07,Auto,182500,Rejected,Incomplete Documents
9470,1262,2023-01-19,Business,397600,Rejected,Low Credit Score
9471,2992,2023-12-02,Auto,472700,Approved,
9472,4390,2024-01-24,Education,95400,Pending,
9473,5639,2023-04-03,Home,499100,Approved,
9474,4846,2023-09-19,Home,400500,Approved,
9475,4423,2023-02-10,Home,474500,Pending,
9476,3082,2025-01-21,Personal,936000,Pending,
9477,1488,2023-02-17,Personal,1095500,Approved,
9478,2781,2024-08-27,Home,250400,Approved,
9479,4421,2023-09-13,Home,1010300,Approved,
9480,3259,2024-06-28,Auto,424300,Rejected,Incomplete Documents
9481,4207,2023-08-07,Home,2335900,Approved,
9482,4648,2023-04-12,Business,1155100,Rejected,Insufficient Income
9483,5983,2025-06-20,Home,587400,Approved,
9484,5984,2023-10-29,Personal,451100,Approved,
9485,5475,2025-10-10,Personal,306600,Rejected,High Existing Debt
9486,2783,2025-11-25,Home,390300,Rejected,Low Credit Score
9487,3381,2024-03-03,Personal,120200,Approved,
9488,1277,2023-05-15,Home,687000,Approved,
9489,2700,2024-07-30,Home,290000,Pending,
9490,1498,2023-11-12,Auto,646600,Approved,
9491,3467,2024-01-03,Education,247200,Approved,
9492,3737,2023-08-27,Auto,827300,Approved,
9493,5705,2024-11-27,Home,962300,Approved,
9494,4449,2023-01-29,Personal,818900,Approved,
9495,4211,2023-07-24,Auto,741500,Approved,
9496,4929,2023-08-20,Home,77000,Rejected,High Existing Debt
9497,3542,2025-06-26,Home,643900,Rejected,Low Credit Score
9498,5455,2025-05-04,Business,314500,Pending,
9499,5347,2024-09-13,Auto,530100,Approved,
9500,3840,2024-08-14,Auto,410800,Pending,
9501,1278,2023-12-02,Home,284300,Approved,
9502,5267,2024-01-25,Home,355900,Approved,
9503,2520,2023-02-21,Personal,794200,Approved,
9504,4450,2024-06-20,Home,1562200,Rejected,Incomplete Documents
9505,3542,2023-06-17,Education,554600,Approved,
9506,5472,2025-07-20,Auto,3727100,Approved,
9507,5374,2025-08-13,Home,317000,Approved,
9508,3383,2023-12-17,Education,2023200,Approved,
9509,5205,2024-05-29,Personal,286300,Approved,
9510,2056,2024-10-14,Home,540700,Approved,
9511,2466,2024-03-07,Education,323600,Approved,
9512,2080,2025-09-01,Home,452500,Rejected,Incomplete Documents
9513,2764,2025-04-07,Auto,1147000,Approved,
9514,4593,2023-01-02,Personal,583900,Rejected,Incomplete Documents
9515,3495,2025-08-23,Education,471900,Rejected,Incomplete Documents
9516,5697,2024-06-30,Personal,1972000,Approved,
9517,1889,2025-03-29,Personal,234400,Approved,
9518,1132,2023-04-18,Business,200100,Approved,
9519,2262,2024-09-16,Education,140300,Approved,
9520,1250,2023-02-25,Education,514100,Approved,
9521,2066,2023-02-09,Personal,547800,Approved,
9522,1997,2024-05-19,Personal,89000,Approved,
9523,1231,2025-08-30,Home,193100,Approved,
9524,4975,2024-11-29,Personal,423400,Approved,
9525,2910,2023-01-12,Business,1468700,Approved,
9526,1828,2023-08-23,Auto,3401100,Rejected,Low Credit Score
9527,4162,2025-07-04,Auto,1533900,Approved,
9528,1404,2024-02-28,Education,5491000,Approved,
9529,3239,2023-10-02,Home,318300,Approved,
9530,5077,2024-08-25,Home,920500,Pending,
9531,4964,2025-11-18,Home,1018100,Approved,
9532,4453,2024-06-14,Auto,270900,Approved,
9533,5223,2024-10-03,Personal,859600,Approved,
9534,3846,2024-02-28,Business,334800,Pending,
9535,5671,2024-03-24,Personal,310400,Approved,
9536,1240,2024-06-03,Home,220400,Approved,
9537,4110,2025-11-16,Business,474300,Approved,
9538,5375,2025-07-14,Personal,989800,Pending,
9539,4223,2024-10-26,Education,212200,Rejected,High Existing Debt
9540,1688,2024-07-14,Home,401300,Rejected,Low Credit Score
9541,1363,2025-05-17,Personal,367400,Rejected,High Existing Debt
9542,5270,2024-09-05,Auto,664000,Pending,
9543,5951,2023-11-12,Personal,373400,Approved,
9544,4215,2023-03-14,Auto,176800,Approved,
9545,3305,2025-11-18,Business,782100,Rejected,Insufficient Income
9546,3148,2024-10-04,Education,395100,Rejected,Insufficient Income
9547,3535,2023-06-08,Personal,633200,Approved,
9548,2372,2024-11-22,Business,1034300,Rejected,High Existing Debt
9549,3593,2023-05-16,Business,882100,Approved,
9550,4438,2023-08-23,Auto,266100,Rejected,Incomplete Documents
9551,3630,2025-02-01,Personal,579600,Approved,
9552,1096,2023-10-09,Personal,317300,Approved,
9553,1339,2024-02-03,Education,907500,Rejected,Insufficient Income
9554,2478,2024-04-05,Personal,840700,Approved,
9555,2108,2023-07-03,Business,248300,Approved,
9556,5221,2024-08-20,Auto,313500,Approved,
9557,3388,2023-05-02,Home,292300,Pending,
9558,1651,2023-11-14,Auto,874900,Approved,
9559,4519,2023-05-21,Personal,1283700,Rejected,Incomplete Documents
9560,2437,2024-07-11,Home,1390900,Rejected,Low Credit Score
9561,4358,2025-02-15,Personal,260200,Approved,
9562,4158,2023-12-10,Business,148900,Approved,
9563,5235,2025-07-07,Home,397300,Rejected,High Existing Debt
9564,5529,2023-01-12,Business,1007000,Approved,
9565,1980,2024-07-06,Auto,224700,Rejected,Low Credit Score
9566,4177,2024-03-03,Auto,1194700,Approved,
9567,3779,2024-06-06,Business,100300,Approved,
9568,1704,2024-10-20,Business,1852900,Approved,
9569,3426,2024-03-18,Personal,580000,Approved,
9570,2212,2023-03-14,Business,1621400,Approved,
9571,3756,2025-11-22,Home,710100,Rejected,Incomplete Documents
9572,2415,2023-05-28,Home,499900,Rejected,Low Credit Score
9573,2886,2023-11-27,Auto,835200,Approved,
9574,5999,2023-12-15,Business,2449000,Approved,
9575,3191,2024-09-28,Home,188600,Approved,
9576,2062,2024-09-27,Personal,1100500,Pending,
9577,2060,2025-01-17,Auto,1242900,Approved,
9578,1115,2025-04-10,Education,517400,Rejected,Incomplete Documents
9579,1514,2024-10-15,Personal,299500,Approved,
9580,4087,2023-02-23,Auto,265900,Rejected,High Existing Debt
9581,4668,2024-03-01,Personal,138000,Rejected,Low Credit Score
9582,1311,2025-07-22,Auto,341500,Approved,
9583,2790,2023-03-24,Personal,609900,Approved,
9584,1845,2024-09-09,Personal,340200,Approved,
9585,4260,2024-01-08,Personal,473200,Approved,
9586,5121,2025-04-19,Auto,131400,Approved,
9587,1782,2025-04-29,Business,1115500,Approved,
9588,3537,2023-10-19,Personal,840200,Approved,
9589,5470,2025-10-29,Home,128500,Approved,
9590,1675,2024-12-20,Auto,936000,Approved,
9591,2285,2025-02-11,Home,1272200,Rejected,Low Credit Score
9592,5332,2024-10-16,Education,597700,Approved,
9593,2486,2025-07-08,Personal,678800,Pending,
9594,5753,2024-05-25,Business,337500,Approved,
9595,2534,2025-12-23,Auto,1364100,Pending,
9596,3117,2024-05-09,Education,438800,Approved,
9597,4021,2025-09-30,Home,330200,Rejected,High Existing Debt
9598,1735,2025-12-07,Personal,219100,Rejected,Insufficient Income
9599,4568,2025-07-27,Personal,573200,Approved,
9600,2021,2023-12-08,Auto,438700,Approved,
9601,5670,2024-12-20,Home,208800,Rejected,Insufficient Income
9602,2943,2024-03-19,Auto,953200,Approved,
9603,1209,2023-09-20,Business,1990900,Approved,
9604,1974,2023-05-26,Home,1166700,Approved,
9605,2929,2023-05-08,Personal,1033600,Rejected,High Existing Debt
9606,5935,2025-02-12,Home,311600,Rejected,Low Credit Score
9607,5046,2024-09-16,Business,422500,Pending,
9608,2616,2023-09-25,Business,278300,Approved,
9609,2724,2025-08-31,Home,1009000,Approved,
9610,3442,2023-10-29,Home,334600,Approved,
9611,3687,2025-12-12,Home,1737000,Approved,
9612,5997,2025-12-21,Auto,345000,Approved,
9613,3070,2025-06-27,Auto,882700,Rejected,Incomplete Documents
9614,1536,2024-04-29,Auto,4063700,Rejected,Incomplete Documents
9615,1382,2024-02-25,Personal,3907700,Approved,
9616,3408,2024-12-17,Home,354200,Rejected,Low Credit Score
9617,4063,2024-08-04,Home,2412100,Approved,
9618,3211,2025-02-18,Auto,576700,Approved,
9619,4188,2023-12-11,Home,509300,Pending,
9620,2207,2024-03-09,Home,721200,Approved,
9621,5039,2024-07-12,Personal,645000,Rejected,Insufficient Income
9622,1275,2024-06-11,Home,145300,Pending,
9623,5522,2024-01-01,Personal,425700,Approved,
9624,5014,2023-07-14,Home,312500,Approved,
9625,4400,2025-10-10,Business,568100,Approved,
9626,4873,2025-09-10,Personal,283400,Pending,
9627,1390,2023-08-22,Personal,473600,Approved,
9628,1271,2024-08-21,Auto,598800,Approved,
9629,5165,2023-03-05,Business,610200,Approved,
9630,4022,2024-04-22,Business,832500,Approved,
9631,1457,2025-08-02,Personal,1265200,Rejected,Incomplete Documents
9632,1346,2025-08-06,Personal,146200,Rejected,Low Credit Score
9633,4552,2024-11-24,Home,355700,Approved,
9634,4328,2023-08-27,Home,449800,Approved,
9635,5870,2023-05-20,Auto,1095400,Approved,
9636,4457,2024-07-03,Personal,387300,Rejected,High Existing Debt
9637,2551,2023-04-01,Education,374200,Approved,
9638,4874,2024-11-05,Personal,157100,Approved,
9639,3008,2023-12-06,Personal,1574100,Approved,
9640,4758,2024-03-30,Auto,682600,Rejected,High Existing Debt
9641,2075,2025-04-23,Personal,327000,Rejected,Insufficient Income
9642,5041,2023-03-11,Business,2185900,Pending,
9643,3315,2025-07-21,Personal,1342600,Rejected,High Existing Debt
9644,4563,2025-09-11,Personal,1433600,Rejected,Incomplete Documents
9645,5946,2025-10-29,Personal,159200,Rejected,Insufficient Income
9646,5588,2024-12-08,Education,872900,Approved,
9647,4031,2025-10-23,Education,253300,Approved,
9648,2833,2023-09-26,Business,612900,Approved,
9649,3057,2025-10-26,Education,170300,Rejected,Low Credit Score
9650,5007,2024-01-20,Personal,572400,Approved,
9651,5417,2025-06-19,Auto,527000,Approved,
9652,5468,2025-09-08,Education,1097200,Approved,
9653,3371,2023-04-06,Education,405600,Approved,
9654,2367,2024-09-15,Personal,516300,Approved,
9655,4962,2023-05-05,Personal,345500,Pending,
9656,2172,2024-07-06,Personal,571000,Approved,
9657,3240,2025-08-03,Auto,533900,Approved,
9658,1916,2024-01-04,Auto,1862800,Approved,
9659,2361,2023-01-07,Auto,363500,Rejected,Low Credit Score
9660,1085,2023-10-04,Auto,1766500,Pending,
9661,2496,2023-07-12,Business,382200,Approved,
9662,2559,2023-06-09,Education,2149100,Approved,
9663,4887,2024-05-02,Home,1783700,Approved,
9664,5610,2025-09-06,Auto,1440200,Approved,
9665,5458,2023-09-04,Home,353400,Approved,
9666,4800,2023-01-06,Home,677800,Approved,
9667,1033,2024-07-06,Personal,1863200,Rejected,High Existing Debt
9668,2785,2023-02-02,Personal,348100,Approved,
9669,3797,2025-08-27,Home,731100,Approved,
9670,5716,2025-09-29,Personal,1012400,Approved,
9671,1271,2025-01-24,Home,419000,Rejected,Incomplete Documents
9672,4872,2023-04-16,Auto,281000,Rejected,Insufficient Income
9673,2386,2025-08-03,Education,248800,Rejected,Insufficient Income
9674,1444,2024-09-29,Home,2511700,Approved,
9675,4542,2025-12-26,Personal,1900700,Approved,
9676,4871,2023-01-04,Home,1488400,Approved,
9677,1148,2023-02-23,Auto,1964500,Rejected,High Existing Debt
9678,4690,2025-09-06,Business,974200,Approved,
9679,3519,2023-02-14,Home,422200,Rejected,Insufficient Income
9680,1543,2025-05-01,Auto,471900,Pending,
9681,3306,2023-06-20,Home,254500,Rejected,Low Credit Score
9682,5365,2024-03-25,Personal,1225600,Pending,
9683,3026,2024-01-02,Auto,312600,Rejected,High Existing Debt
9684,1352,2025-06-21,Auto,579700,Approved,
9685,1369,2023-11-07,Education,707600,Approved,
9686,5879,2024-11-07,Personal,635900,Approved,
9687,5428,2023-07-23,Education,1322100,Rejected,High Existing Debt
9688,3588,2023-09-08,Personal,2260900,Pending,
9689,3153,2025-12-30,Personal,613200,Rejected,Insufficient Income
9690,1780,2023-09-12,Personal,1256300,Rejected,Low Credit Score
9691,2484,2023-05-09,Home,672000,Pending,
9692,3486,2024-05-28,Auto,639800,Rejected,Low Credit Score
9693,4258,2023-12-17,Home,847600,Approved,
9694,4441,2023-03-25,Auto,4213900,Approved,
9695,3750,2025-04-12,Auto,2220300,Approved,
9696,5170,2024-05-29,Personal,886800,Rejected,Low Credit Score
9697,2016,2024-04-11,Personal,526600,Approved,
9698,4572,2024-01-13,Auto,427100,Pending,
9699,2076,2023-04-14,Home,506900,Pending,
9700,5894,2025-07-31,Personal,1203100,Rejected,Incomplete Documents
9701,4681,2024-07-08,Personal,609700,Approved,
9702,2040,2025-03-25,Business,503500,Approved,
9703,3186,2024-06-01,Personal,732700,Approved,
9704,3703,2024-06-01,Personal,558500,Approved,
9705,5890,2023-04-11,Auto,499700,Approved,
9706,5285,2023-08-08,Personal,1959000,Rejected,Low Credit Score
9707,2016,2023-05-18,Personal,390000,Pending,
9708,5623,2024-10-29,Business,198200,Rejected,Incomplete Documents
9709,2670,2023-09-19,Education,709900,Approved,
9710,3274,2024-08-07,Auto,333500,Approved,
9711,2643,2023-10-07,Personal,505500,Approved,
9712,4929,2023-11-20,Personal,1581500,Rejected,Low Credit Score
9713,3393,2024-03-04,Auto,1152400,Approved,
9714,5390,2024-05-20,Personal,582700,Approved,
9715,3512,2024-04-15,Personal,338300,Rejected,Incomplete Documents
9716,2577,2025-02-19,Home,456300,Rejected,High Existing Debt
9717,4739,2025-08-28,Education,8000000,Approved,
9718,1504,2024-08-09,Education,3045300,Rejected,Incomplete Documents
9719,5007,2023-05-27,Personal,508900,Approved,
9720,3503,2023-06-10,Personal,852400,Approved,
9721,1326,2024-12-18,Personal,61700,Approved,
9722,2581,2024-07-10,Home,439800,Rejected,Incomplete Documents
9723,4851,2023-11-08,Business,1236800,Rejected,Incomplete Documents
9724,4838,2023-08-17,Personal,462100,Approved,
9725,5888,2024-02-22,Auto,665900,Approved,
9726,3361,2023-03-11,Home,632400,Approved,
9727,1552,2025-02-01,Education,1359200,Approved,
9728,4929,2025-01-28,Home,127900,Approved,
9729,1293,2023-11-06,Home,301700,Rejected,Insufficient Income
9730,2795,2025-04-12,Education,886700,Approved,
9731,1964,2023-10-28,Personal,296400,Approved,
9732,2604,2025-11-19,Home,1802800,Approved,
9733,5473,2025-04-20,Personal,488300,Approved,
9734,3793,2023-11-13,Home,120800,Approved,
9735,5993,2023-08-09,Auto,403200,Pending,
9736,2630,2023-05-10,Education,2064900,Rejected,Low Credit Score
9737,5815,2025-01-28,Home,146300,Approved,
9738,5397,2023-03-09,Auto,765900,Approved,
9739,4359,2023-05-27,Home,857200,Rejected,Insufficient Income
9740,1293,2024-04-12,Personal,517900,Rejected,High Existing Debt
9741,1114,2023-01-05,Business,436100,Rejected,Incomplete Documents
9742,5037,2024-08-07,Personal,556300,Rejected,Insufficient Income
9743,4157,2023-07-31,Personal,511100,Approved,
9744,3820,2024-03-22,Home,1180600,Approved,
9745,1634,2024-01-04,Personal,640600,Pending,
9746,5637,2023-02-28,Personal,2132500,Approved,
9747,2892,2023-11-12,Personal,697700,Pending,
9748,1874,2023-05-03,Personal,687000,Approved,
9749,3560,2024-08-14,Home,1309100,Rejected,Low Credit Score
9750,3804,2024-01-14,Personal,162300,Approved,
9751,2522,2024-11-03,Personal,526200,Rejected,Insufficient Income
9752,3337,2025-07-05,Personal,438700,Rejected,Incomplete Documents
9753,4705,2024-05-20,Business,299800,Approved,
9754,5609,2024-10-24,Education,482400,Approved,
9755,5119,2024-02-08,Personal,3421500,Approved,
9756,2543,2025-09-09,Home,273800,Rejected,Incomplete Documents
9757,3985,2024-07-14,Business,407200,Approved,
9758,4564,2024-11-17,Personal,4110700,Rejected,Low Credit Score
9759,2589,2025-12-29,Personal,742000,Approved,
9760,4266,2023-09-12,Home,1894300,Approved,
9761,2277,2023-10-28,Auto,1339700,Rejected,Incomplete Documents
9762,4924,2025-06-06,Auto,534100,Pending,
9763,3257,2023-06-04,Personal,1457600,Rejected,Insufficient Income
9764,1074,2023-10-30,Business,1200400,Approved,
9765,3485,2023-09-02,Home,2695400,Approved,
9766,2889,2023-10-15,Personal,502500,Pending,
9767,5453,2025-11-18,Home,283700,Rejected,Low Credit Score
9768,5772,2023-07-18,Auto,853200,Approved,
9769,3860,2023-02-22,Home,683100,Approved,
9770,2390,2024-03-15,Auto,298000,Approved,
9771,5218,2023-10-26,Education,1136500,Approved,
9772,5747,2025-09-09,Education,964500,Pending,
9773,1448,2023-02-12,Home,460000,Rejected,Incomplete Documents
9774,5484,2025-03-26,Business,1033800,Pending,
9775,3537,2025-09-02,Auto,723000,Approved,
9776,5899,2023-01-19,Education,442700,Approved,
9777,2101,2023-02-21,Auto,1059200,Approved,
9778,2401,2025-01-20,Personal,546500,Rejected,Low Credit Score
9779,3355,2024-05-19,Auto,982600,Rejected,Incomplete Documents
9780,1294,2025-06-08,Personal,1994600,Approved,
9781,2578,2024-04-19,Personal,299400,Approved,
9782,5269,2023-12-15,Auto,1370100,Approved,
9783,5059,2023-04-28,Auto,596900,Approved,
9784,4434,2024-10-13,Auto,561700,Approved,
9785,4245,2023-06-15,Home,1516400,Approved,
9786,1304,2023-05-21,Personal,879300,Approved,
9787,2847,2024-05-22,Auto,283500,Rejected,Insufficient Income
9788,3952,2023-01-28,Personal,894900,Approved,
9789,5762,2025-10-25,Personal,754200,Pending,
9790,2762,2025-03-24,Auto,868600,Approved,
9791,3931,2023-06-04,Personal,547600,Pending,
9792,3717,2024-02-14,Business,484100,Approved,
9793,2350,2025-01-27,Personal,482100,Rejected,Insufficient Income
9794,4376,2025-12-21,Personal,94800,Rejected,High Existing Debt
9795,2611,2023-07-15,Personal,1219600,Rejected,High Existing Debt
9796,1123,2024-08-06,Home,370300,Approved,
9797,4718,2023-03-31,Home,455200,Approved,
9798,4465,2024-10-01,Auto,590200,Approved,
9799,3952,2024-01-31,Home,2183300,Approved,
9800,1168,2023-06-29,Personal,129300,Approved,
9801,1529,2024-10-26,Business,319500,Rejected,Low Credit Score
9802,1382,2025-11-28,Personal,769400,Approved,
9803,3790,2024-08-05,Business,50000,Rejected,Incomplete Documents
9804,4978,2023-03-18,Home,544100,Approved,
9805,4458,2025-03-02,Education,407400,Approved,
9806,1245,2025-03-23,Business,405300,Approved,
9807,2949,2025-02-14,Business,562900,Pending,
9808,5166,2023-11-19,Personal,851100,Pending,
9809,2353,2024-10-27,Home,207100,Approved,
9810,2730,2024-07-03,Business,997200,Approved,
9811,5921,2025-12-16,Home,456600,Pending,
9812,5265,2025-12-31,Personal,2106000,Rejected,Insufficient Income
9813,2118,2023-11-16,Personal,1384100,Approved,
9814,2984,2025-11-01,Business,500200,Approved,
9815,3692,2023-12-25,Personal,1335400,Approved,
9816,1459,2025-02-01,Personal,196000,Approved,
9817,1519,2025-11-22,Auto,215100,Approved,
9818,2618,2024-03-07,Personal,2112400,Approved,
9819,5232,2023-10-28,Personal,402400,Rejected,Incomplete Documents
9820,2886,2023-03-16,Personal,1426100,Approved,
9821,3639,2025-05-24,Home,446800,Approved,
9822,2466,2023-08-31,Business,1028200,Approved,
9823,3570,2023-10-08,Personal,396900,Approved,
9824,2134,2024-06-10,Auto,190600,Approved,
9825,1763,2024-06-05,Home,1208300,Approved,
9826,1194,2023-09-29,Personal,2211700,Pending,
9827,4690,2024-01-16,Auto,149800,Approved,
9828,3931,2023-08-01,Personal,699400,Approved,
9829,1948,2025-12-05,Education,521100,Approved,
9830,2250,2024-09-27,Home,1333300,Rejected,High Existing Debt
9831,5017,2024-05-18,Business,952200,Pending,
9832,3371,2023-05-09,Personal,767600,Approved,
9833,3649,2023-02-15,Personal,182200,Approved,
9834,3117,2025-08-12,Personal,1026200,Approved,
9835,4381,2024-04-06,Personal,488300,Pending,
9836,4992,2024-03-20,Auto,307600,Approved,
9837,2875,2025-09-05,Personal,815300,Pending,
9838,4040,2025-02-14,Auto,448400,Approved,
9839,3533,2024-07-06,Personal,1656200,Rejected,High Existing Debt
9840,2819,2024-07-09,Education,553300,Pending,
9841,4891,2024-10-02,Auto,1217600,Approved,
9842,3492,2023-04-21,Home,1389300,Approved,
9843,4001,2025-10-19,Home,880300,Approved,
9844,4705,2023-08-13,Business,133000,Approved,
9845,1579,2024-02-22,Home,437200,Approved,
9846,5491,2024-01-23,Auto,209000,Approved,
9847,3030,2025-04-28,Personal,180000,Rejected,Incomplete Documents
9848,3805,2024-02-27,Auto,50000,Rejected,Low Credit Score
9849,1141,2025-08-07,Auto,265400,Rejected,Low Credit Score
9850,2192,2024-02-14,Home,551100,Pending,
9851,5620,2025-03-05,Home,683900,Approved,
9852,4627,2025-07-09,Business,723900,Approved,
9853,5168,2025-03-07,Education,1026400,Rejected,Incomplete Documents
9854,4401,2024-01-01,Personal,552900,Pending,
9855,4588,2024-04-10,Personal,323500,Approved,
9856,1676,2024-03-19,Business,635700,Approved,
9857,3080,2023-12-12,Personal,169000,Approved,
9858,2164,2024-08-19,Personal,469500,Approved,
9859,5776,2024-01-08,Home,1592100,Approved,
9860,1942,2023-11-18,Auto,207700,Pending,
9861,1423,2023-08-14,Business,434500,Approved,
9862,5671,2023-01-18,Personal,476600,Rejected,Insufficient Income
9863,5336,2025-04-28,Education,1286700,Pending,
9864,2335,2025-02-09,Business,481500,Rejected,Incomplete Documents
9865,5904,2025-05-02,Personal,2430000,Approved,
9866,2949,2024-08-17,Personal,931000,Approved,
9867,4291,2023-05-02,Business,1013100,Rejected,Low Credit Score
9868,4467,2023-01-11,Personal,450500,Approved,
9869,1241,2023-06-30,Auto,100900,Approved,
9870,4879,2024-02-17,Auto,1259300,Approved,
9871,4282,2024-01-23,Personal,235800,Approved,
9872,1684,2023-08-08,Auto,2845200,Rejected,High Existing Debt
9873,5060,2023-11-09,Auto,1380500,Approved,
9874,4168,2025-08-18,Business,299200,Approved,
9875,1357,2024-02-23,Education,793500,Rejected,High Existing Debt
9876,3075,2024-03-06,Personal,307400,Rejected,High Existing Debt
9877,1294,2023-02-03,Personal,2514500,Approved,
9878,1986,2023-11-15,Business,8000000,Rejected,High Existing Debt
9879,3402,2023-10-02,Personal,191600,Pending,
9880,5172,2023-09-23,Personal,269900,Approved,
9881,4748,2024-09-23,Auto,1422400,Approved,
9882,2255,2024-11-13,Home,1017700,Approved,
9883,5069,2024-07-05,Education,237700,Approved,
9884,3090,2023-07-02,Business,446300,Approved,
9885,1415,2024-03-17,Auto,631700,Rejected,Insufficient Income
9886,3281,2024-05-04,Home,440600,Rejected,Low Credit Score
9887,4620,2025-12-06,Home,374100,Approved,
9888,5171,2025-08-30,Home,154700,Rejected,High Existing Debt
9889,1636,2023-10-20,Personal,2779600,Approved,
9890,1894,2023-03-20,Business,888600,Approved,
9891,4376,2024-09-02,Personal,2800800,Pending,
9892,2274,2025-06-17,Home,335400,Rejected,High Existing Debt
9893,3452,2024-07-10,Auto,484700,Approved,
9894,2555,2024-08-21,Business,891900,Approved,
9895,1637,2023-11-25,Home,226700,Approved,
9896,3526,2024-02-03,Auto,1595200,Approved,
9897,5920,2024-10-19,Personal,293200,Rejected,Low Credit Score
9898,5735,2023-01-03,Personal,907000,Pending,
9899,2490,2023-08-07,Home,605300,Rejected,Low Credit Score
9900,5708,2024-11-01,Business,663300,Approved,
9901,4959,2023-10-26,Business,1347900,Rejected,Low Credit Score
9902,3812,2024-10-28,Auto,141900,Approved,
9903,4474,2023-06-04,Home,183900,Approved,
9904,3346,2025-09-15,Business,687900,Approved,
9905,3620,2025-10-23,Personal,714200,Approved,
9906,5152,2025-05-20,Personal,335300,Rejected,Low Credit Score
9907,1259,2024-10-14,Education,513800,Approved,
9908,5591,2025-05-14,Auto,50000,Approved,
9909,1412,2025-12-19,Home,1191800,Approved,
9910,2161,2024-08-18,Home,1574300,Rejected,Insufficient Income
9911,1340,2023-12-29,Personal,684600,Approved,
9912,3322,2025-04-28,Home,293600,Approved,
9913,4417,2025-06-09,Education,685400,Rejected,Insufficient Income
9914,4053,2024-06-01,Home,754000,Rejected,Insufficient Income
9915,3583,2025-06-04,Business,248100,Rejected,Incomplete Documents
9916,1940,2024-03-23,Home,2027800,Approved,
9917,5277,2024-05-03,Business,2942100,Approved,
9918,3700,2025-10-02,Home,1050800,Approved,
9919,5580,2025-10-15,Auto,145700,Rejected,Low Credit Score
9920,5099,2024-03-30,Personal,617200,Rejected,High Existing Debt
9921,4726,2025-08-04,Home,700200,Approved,
9922,1675,2023-11-19,Education,3684700,Approved,
9923,4426,2025-05-18,Education,707400,Rejected,High Existing Debt
9924,3792,2025-09-24,Personal,136200,Approved,
9925,5957,2025-03-02,Education,370100,Rejected,Low Credit Score
9926,1158,2023-11-17,Personal,503600,Approved,
9927,5982,2025-07-25,Auto,940800,Approved,
9928,1465,2023-04-10,Auto,584300,Rejected,Incomplete Documents
9929,3222,2025-03-10,Business,429000,Approved,
9930,2722,2023-11-23,Personal,144100,Approved,
9931,5594,2023-08-30,Home,319300,Approved,
9932,2440,2023-02-14,Education,450700,Approved,
9933,4037,2025-11-21,Education,508500,Approved,
9934,2856,2024-06-23,Home,2577100,Approved,
9935,1740,2025-01-19,Home,1095900,Rejected,High Existing Debt
9936,1322,2025-02-20,Education,266500,Approved,
9937,3981,2024-10-14,Auto,1017200,Rejected,Incomplete Documents
9938,3368,2023-04-23,Personal,192100,Approved,
9939,3985,2024-09-16,Education,214200,Rejected,Incomplete Documents
9940,4703,2024-04-19,Home,321100,Rejected,Insufficient Income
9941,5885,2025-10-21,Personal,557000,Approved,
9942,4781,2024-02-22,Education,1154000,Approved,
9943,3825,2023-07-06,Auto,907400,Rejected,Insufficient Income
9944,5745,2024-03-24,Home,1037600,Approved,
9945,5498,2024-11-12,Business,1603300,Pending,
9946,2144,2025-09-04,Business,1331500,Rejected,Incomplete Documents
9947,2680,2025-01-23,Home,378000,Approved,
9948,3169,2025-06-27,Personal,327300,Approved,
9949,3679,2023-01-23,Education,1103800,Approved,
9950,4442,2025-12-25,Home,1649100,Approved,
9951,2125,2025-07-20,Personal,1011200,Approved,
9952,4244,2024-12-12,Home,1440200,Approved,
9953,4291,2023-11-24,Auto,861100,Rejected,Insufficient Income
9954,3673,2025-05-06,Personal,2087100,Approved,
9955,3380,2025-08-17,Education,365400,Approved,
9956,2186,2023-08-23,Personal,1462600,Rejected,High Existing Debt
9957,4379,2025-02-12,Personal,550900,Approved,
9958,4970,2025-05-23,Business,204900,Approved,
9959,1746,2025-09-28,Education,464300,Pending,
9960,1416,2025-10-06,Education,1038500,Pending,
9961,3946,2023-08-16,Home,2031300,Approved,
9962,1570,2023-03-23,Auto,640900,Approved,
9963,5246,2024-11-03,Personal,421900,Rejected,Low Credit Score
9964,3067,2023-07-08,Business,1081600,Approved,
9965,5116,2023-01-18,Home,132000,Approved,
9966,2970,2025-10-27,Education,693500,Rejected,Insufficient Income
9967,4086,2024-02-04,Home,115000,Approved,
9968,1788,2025-01-04,Auto,174400,Rejected,Low Credit Score
9969,3349,2025-08-22,Auto,217100,Approved,
9970,3873,2023-03-15,Home,864600,Rejected,High Existing Debt
9971,5127,2024-02-17,Home,421100,Approved,
9972,4172,2024-02-17,Auto,249400,Rejected,High Existing Debt
9973,3511,2025-11-05,Home,1189900,Approved,
9974,2582,2023-09-17,Personal,283700,Approved,
9975,1903,2025-12-24,Personal,801800,Rejected,Incomplete Documents
9976,5913,2025-12-31,Home,658900,Rejected,Insufficient Income
9977,1407,2025-09-14,Home,434400,Approved,
9978,1989,2024-10-02,Home,561200,Approved,
9979,3601,2024-05-20,Personal,1212700,Approved,
9980,3948,2025-01-23,Home,172300,Approved,
9981,3143,2023-03-07,Education,3315700,Approved,
9982,1159,2025-04-04,Home,426100,Rejected,Incomplete Documents
9983,3095,2025-05-27,Auto,831000,Approved,
9984,5298,2025-11-28,Home,186900,Rejected,Incomplete Documents
9985,3598,2024-05-02,Business,4564400,Approved,
9986,4757,2024-09-27,Home,206100,Rejected,Insufficient Income
9987,4100,2024-08-18,Home,650600,Approved,
9988,2042,2023-07-28,Personal,1511200,Approved,
9989,4039,2025-02-13,Home,1317500,Approved,
9990,4062,2025-08-08,Business,1304200,Rejected,Incomplete Documents
9991,2033,2023-04-22,Home,494100,Rejected,High Existing Debt
9992,1875,2024-08-02,Home,3996300,Rejected,Incomplete Documents
9993,2342,2025-06-10,Home,353300,Rejected,Insufficient Income
9994,2920,2025-01-03,Education,630800,Approved,
9995,5136,2023-01-01,Auto,434700,Approved,
9996,5709,2025-01-28,Education,351400,Approved,
9997,1058,2024-02-05,Auto,1678100,Rejected,Incomplete Documents
9998,4010,2024-10-29,Business,1739700,Pending,
9999,2299,2025-01-19,Education,772800,Approved,
10000,4611,2025-08-08,Personal,1413700,Approved,
10001,3334,2025-03-13,Personal,270100,Rejected,Low Credit Score
10002,3093,2025-06-14,Personal,293000,Rejected,Low Credit Score
10003,1974,2024-06-14,Personal,75600,Approved,
10004,3463,2024-05-13,Home,59700,Approved,
10005,3084,2024-08-14,Personal,2408400,Approved,
10006,3287,2025-02-10,Home,588900,Approved,
10007,3955,2024-09-16,Personal,1292000,Approved,
10008,2873,2023-04-25,Home,786700,Approved,
10009,5880,2024-07-27,Business,1379700,Approved,
10010,2483,2025-04-30,Personal,1174000,Approved,
10011,3215,2024-12-16,Education,133400,Rejected,Insufficient Income
10012,4835,2023-02-06,Auto,1643000,Approved,
10013,4932,2023-02-05,Auto,1023700,Rejected,Incomplete Documents
10014,2237,2023-11-21,Home,82400,Approved,
10015,5828,2024-10-04,Home,984200,Approved,
10016,2016,2024-02-03,Personal,126000,Rejected,Insufficient Income
10017,3807,2025-08-20,Home,2211500,Approved,
10018,2687,2023-11-29,Personal,1176300,Rejected,Insufficient Income
10019,1957,2024-12-09,Auto,689900,Approved,
10020,2206,2023-10-06,Auto,763700,Approved,
10021,2677,2023-02-16,Auto,166700,Pending,
10022,1968,2024-12-30,Auto,1048400,Approved,
10023,5760,2023-06-08,Home,463100,Approved,
10024,3152,2023-02-04,Home,280700,Approved,
10025,2659,2024-05-02,Home,325900,Approved,
10026,4749,2025-04-04,Education,177100,Pending,
10027,2753,2024-05-24,Personal,3753800,Approved,
10028,5971,2024-09-20,Personal,1312400,Pending,
10029,5378,2025-07-06,Auto,1600700,Approved,
10030,4438,2024-10-22,Business,203700,Approved,
10031,2962,2025-12-06,Auto,94700,Approved,
10032,4308,2025-02-16,Home,489300,Approved,
10033,3493,2024-08-20,Business,495900,Approved,
10034,3962,2025-08-04,Home,736900,Approved,
10035,1067,2024-02-06,Education,3959600,Approved,
10036,2678,2025-05-16,Education,271600,Approved,
10037,1448,2025-09-24,Personal,134800,Rejected,Low Credit Score
10038,4780,2023-10-21,Personal,215700,Pending,
10039,1613,2024-07-01,Home,734700,Approved,
10040,4227,2024-12-08,Auto,2681000,Pending,
10041,3693,2023-08-25,Business,1124700,Rejected,Low Credit Score
10042,5675,2025-05-13,Personal,173000,Rejected,High Existing Debt
10043,1724,2025-04-21,Business,2752300,Approved,
10044,4180,2025-01-16,Personal,332400,Approved,
10045,2943,2023-11-26,Home,103400,Approved,
10046,5031,2024-04-03,Business,665000,Approved,
10047,3224,2025-11-02,Personal,484100,Approved,
10048,2817,2023-07-04,Business,3340300,Rejected,Low Credit Score
10049,5186,2025-09-28,Home,190400,Rejected,High Existing Debt
10050,2913,2023-03-23,Auto,2577400,Approved,
10051,2859,2023-11-09,Home,301900,Approved,
10052,4324,2025-07-31,Personal,331700,Approved,
10053,2627,2024-06-06,Education,338100,Approved,
10054,3765,2025-06-28,Auto,2151500,Pending,
10055,4553,2024-11-17,Auto,161600,Approved,
10056,4417,2023-04-13,Personal,295100,Approved,
10057,4472,2025-02-25,Auto,632500,Approved,
10058,5838,2024-12-10,Business,803100,Rejected,Incomplete Documents
10059,3102,2023-01-30,Personal,1166300,Approved,
10060,3996,2024-06-12,Personal,418000,Approved,
10061,3706,2025-01-15,Education,1424700,Approved,
10062,3257,2025-06-30,Home,66500,Approved,
10063,3166,2023-11-20,Auto,816800,Approved,
10064,5313,2025-03-11,Personal,954000,Approved,
10065,2178,2024-05-20,Personal,278000,Rejected,Insufficient Income
10066,4602,2025-01-23,Personal,1071700,Approved,
10067,2329,2025-02-17,Auto,274000,Approved,
10068,4265,2025-02-10,Business,537400,Approved,
10069,1878,2024-05-31,Auto,178100,Approved,
10070,2182,2025-05-02,Personal,881500,Approved,
10071,5889,2024-12-17,Home,1356700,Rejected,Insufficient Income
10072,1035,2024-09-17,Business,356400,Approved,
10073,4486,2023-10-18,Personal,594700,Approved,
10074,2699,2025-11-15,Personal,621700,Approved,
10075,4591,2024-10-27,Home,426100,Rejected,Incomplete Documents
10076,3788,2023-02-06,Education,788900,Pending,
10077,3472,2024-10-12,Education,5948100,Approved,
10078,3549,2023-03-07,Auto,2187200,Rejected,Incomplete Documents
10079,5365,2025-11-20,Personal,461300,Approved,
10080,5090,2024-02-06,Personal,890400,Approved,
10081,3308,2023-07-22,Personal,507600,Approved,
10082,1108,2025-10-20,Personal,369200,Approved,
10083,2373,2025-08-11,Home,1955200,Approved,
10084,4617,2024-01-11,Home,592300,Approved,
10085,3583,2024-05-20,Personal,604100,Approved,
10086,5675,2025-09-08,Home,8000000,Approved,
10087,3720,2024-11-06,Personal,1065700,Rejected,Incomplete Documents
10088,4511,2025-11-25,Education,391100,Approved,
10089,1515,2023-01-25,Personal,877100,Pending,
10090,2220,2024-02-28,Home,558200,Approved,
10091,3593,2025-09-25,Auto,1037900,Approved,
10092,3705,2024-11-13,Home,181900,Approved,
10093,5020,2024-05-03,Home,360000,Approved,
10094,2609,2024-02-26,Auto,975000,Rejected,Low Credit Score
10095,4845,2023-04-19,Auto,780400,Rejected,High Existing Debt
10096,3557,2024-09-23,Personal,733300,Rejected,Incomplete Documents
10097,3325,2024-12-29,Personal,1142100,Approved,
10098,2283,2025-05-02,Home,788100,Approved,
10099,5389,2023-12-01,Personal,155800,Approved,
10100,1545,2024-09-20,Business,137100,Approved,
10101,4843,2024-06-19,Personal,2151300,Rejected,Insufficient Income
10102,2712,2024-03-23,Personal,2496600,Approved,
10103,3706,2023-04-27,Auto,5028000,Pending,
10104,3691,2025-10-01,Business,421600,Approved,
10105,1645,2025-12-22,Personal,234800,Pending,
10106,1859,2025-01-11,Home,341700,Approved,
10107,5681,2024-05-02,Auto,241800,Approved,
10108,3043,2024-09-09,Business,284800,Approved,
10109,4318,2023-06-30,Auto,2364800,Approved,
10110,3233,2023-11-26,Personal,411800,Pending,
10111,2593,2025-02-28,Home,216600,Approved,
10112,5929,2024-07-12,Personal,174500,Approved,
10113,3751,2025-11-05,Personal,970600,Rejected,Insufficient Income
10114,5291,2024-05-10,Business,755000,Approved,
10115,3053,2023-02-03,Home,1328900,Approved,
10116,1406,2024-12-20,Personal,267200,Approved,
10117,3945,2025-08-31,Personal,858100,Rejected,High Existing Debt
10118,1175,2025-08-23,Business,4826700,Approved,
10119,5696,2024-07-20,Home,575700,Approved,
10120,3743,2025-06-06,Personal,507900,Approved,
10121,1110,2023-03-15,Business,412400,Rejected,High Existing Debt
10122,5324,2024-09-14,Home,441400,Approved,
10123,5840,2024-04-01,Education,1324500,Approved,
10124,1747,2023-08-28,Auto,187800,Approved,
10125,4620,2024-11-01,Business,71600,Rejected,Low Credit Score
10126,2292,2025-12-22,Business,2193100,Rejected,Incomplete Documents
10127,3562,2025-12-06,Auto,857100,Rejected,Incomplete Documents
10128,4662,2024-06-14,Auto,380700,Approved,
10129,1659,2025-10-31,Home,4337400,Approved,
10130,2365,2024-01-12,Home,463900,Approved,
10131,5062,2023-08-11,Education,85200,Approved,
10132,3353,2023-03-15,Auto,757800,Rejected,Insufficient Income
10133,1368,2023-05-14,Education,891300,Approved,
10134,4541,2023-11-02,Home,908700,Rejected,Incomplete Documents
10135,1572,2024-06-24,Business,355400,Rejected,Low Credit Score
10136,1775,2023-10-04,Home,192400,Approved,
10137,5906,2025-04-16,Business,564200,Approved,
10138,5880,2024-08-22,Home,2845600,Approved,
10139,2651,2024-03-15,Personal,581300,Pending,
10140,4481,2025-03-06,Business,434300,Approved,
10141,1300,2023-02-25,Personal,318700,Approved,
10142,4622,2023-07-02,Auto,455300,Rejected,Low Credit Score
10143,5766,2025-07-28,Business,1120800,Approved,
10144,4537,2025-11-18,Personal,628900,Rejected,Incomplete Documents
10145,4984,2025-10-23,Home,697500,Approved,
10146,5446,2023-11-21,Personal,1525300,Pending,
10147,4284,2025-10-06,Personal,464600,Approved,
10148,2669,2025-02-17,Education,493900,Approved,
10149,4693,2023-06-25,Home,258500,Rejected,Low Credit Score
10150,2358,2024-09-08,Auto,2513700,Rejected,Low Credit Score
10151,3944,2025-08-06,Personal,2369100,Approved,
10152,3857,2024-01-28,Education,668700,Approved,
10153,2896,2023-12-24,Auto,313200,Rejected,Incomplete Documents
10154,2820,2025-12-15,Business,702400,Approved,
10155,5234,2025-11-05,Home,603500,Approved,
10156,3166,2023-07-06,Personal,861900,Approved,
10157,1637,2025-01-15,Business,528100,Rejected,Insufficient Income
10158,2204,2023-09-30,Business,1429300,Approved,
10159,5318,2024-05-09,Home,409600,Approved,
10160,2394,2024-08-29,Education,1109800,Rejected,Insufficient Income
10161,5256,2023-08-04,Education,1440600,Rejected,Insufficient Income
10162,2228,2023-04-23,Business,1167300,Approved,
10163,3605,2023-01-30,Personal,1647800,Approved,
10164,1528,2023-12-04,Personal,599800,Approved,
10165,5713,2025-09-06,Education,213200,Approved,
10166,2681,2025-12-06,Business,1665100,Rejected,Low Credit Score
10167,1215,2025-07-05,Personal,498500,Rejected,Incomplete Documents
10168,2942,2023-02-10,Auto,986400,Approved,
10169,5786,2023-12-19,Auto,1364900,Approved,
10170,5834,2024-09-15,Business,1607500,Approved,
10171,4129,2023-07-20,Auto,498500,Approved,
10172,5869,2023-08-04,Personal,232600,Approved,
10173,2510,2024-10-14,Personal,188000,Pending,
10174,2439,2023-08-10,Business,789700,Approved,
10175,2455,2023-08-13,Personal,660200,Rejected,Incomplete Documents
10176,4203,2023-04-29,Personal,261800,Approved,
10177,2976,2024-07-23,Education,868800,Approved,
10178,4090,2024-04-16,Personal,384300,Pending,
10179,5239,2025-11-12,Home,1538600,Rejected,High Existing Debt
10180,2330,2024-11-27,Personal,1366900,Approved,
10181,5513,2023-07-28,Home,686100,Approved,
10182,2564,2024-11-24,Home,328100,Approved,
10183,5910,2024-08-29,Home,739900,Approved,
10184,4185,2024-03-13,Auto,5025800,Approved,
10185,3676,2023-09-03,Personal,226500,Approved,
10186,3888,2025-06-30,Home,1246200,Approved,
10187,4448,2025-05-18,Auto,778300,Rejected,Insufficient Income
10188,2787,2023-09-05,Personal,518200,Approved,
10189,2649,2024-01-26,Home,258100,Approved,
10190,2118,2023-09-02,Business,2601200,Approved,
10191,1455,2025-02-07,Home,1717900,Approved,
10192,4767,2025-03-17,Personal,1241800,Approved,
10193,4221,2024-09-28,Auto,712000,Rejected,Low Credit Score
10194,4640,2023-05-05,Business,107400,Approved,
10195,1078,2023-07-16,Home,746200,Rejected,Insufficient Income
10196,1647,2023-08-02,Business,261700,Approved,
10197,2103,2024-04-05,Business,1620500,Rejected,Insufficient Income
10198,5936,2024-06-12,Education,1293100,Rejected,Low Credit Score
10199,1248,2024-05-12,Home,1267900,Rejected,Insufficient Income
10200,4760,2024-01-26,Personal,3492400,Rejected,High Existing Debt
10201,4293,2025-05-19,Personal,146700,Approved,
10202,2151,2023-09-25,Personal,96700,Pending,
10203,2939,2024-03-14,Home,1350000,Rejected,Insufficient Income
10204,6000,2025-04-01,Education,160200,Approved,
10205,1414,2025-11-04,Auto,616400,Rejected,Incomplete Documents
10206,4691,2025-11-19,Business,446500,Approved,
10207,1676,2024-07-20,Home,648700,Rejected,Low Credit Score
10208,4250,2024-09-12,Auto,514400,Rejected,Low Credit Score
10209,3130,2023-11-12,Business,785100,Rejected,Insufficient Income
10210,2410,2024-10-09,Home,125000,Rejected,Insufficient Income
10211,2710,2025-07-20,Auto,2026000,Approved,
10212,1333,2025-04-20,Auto,577100,Approved,
10213,3344,2025-01-11,Personal,685900,Approved,
10214,1441,2025-04-17,Personal,233900,Approved,
10215,5808,2023-03-01,Home,737000,Approved,
10216,5591,2024-05-01,Personal,1008900,Approved,
10217,1529,2025-01-06,Auto,509100,Rejected,Incomplete Documents
10218,2818,2024-09-28,Education,550100,Approved,
10219,4623,2025-12-28,Home,244500,Pending,
10220,3243,2024-08-07,Personal,66400,Approved,
10221,3546,2024-01-15,Personal,568600,Approved,
10222,5249,2023-03-02,Home,221300,Approved,
10223,5440,2024-02-21,Home,467000,Rejected,Insufficient Income
10224,5212,2024-04-17,Personal,3666200,Approved,
10225,4031,2024-01-02,Education,755400,Approved,
10226,4998,2023-12-03,Personal,264700,Rejected,Low Credit Score
10227,1104,2023-09-13,Home,259700,Pending,
10228,3296,2023-12-26,Personal,1382000,Rejected,High Existing Debt
10229,1987,2024-09-14,Home,229800,Rejected,Insufficient Income
10230,1364,2023-01-19,Home,97800,Approved,
10231,3732,2024-10-07,Home,708300,Approved,
10232,2865,2024-12-12,Business,4353700,Pending,
10233,2410,2024-03-16,Business,629600,Approved,
10234,5984,2024-02-07,Auto,577700,Approved,
10235,2173,2023-05-05,Personal,182000,Rejected,Incomplete Documents
10236,2227,2025-07-25,Home,151300,Approved,
10237,4446,2023-12-13,Education,697200,Approved,
10238,4097,2024-04-12,Home,2135400,Approved,
10239,1965,2024-11-08,Auto,708700,Approved,
10240,2814,2024-01-18,Personal,538600,Approved,
10241,4525,2023-11-21,Personal,871000,Approved,
10242,3059,2024-10-17,Auto,1872800,Approved,
10243,5012,2024-07-04,Home,3762800,Rejected,Incomplete Documents
10244,2285,2025-05-14,Home,681000,Rejected,High Existing Debt
10245,3273,2024-07-16,Auto,2110000,Approved,
10246,3808,2025-06-19,Business,243600,Rejected,Low Credit Score
10247,1408,2023-04-26,Personal,547900,Pending,
10248,1014,2023-03-24,Home,394700,Approved,
10249,1536,2024-03-21,Business,2309300,Approved,
10250,5461,2025-03-19,Business,2210000,Rejected,Incomplete Documents
10251,1254,2023-03-26,Business,703300,Rejected,Incomplete Documents
10252,3892,2023-07-14,Home,440000,Approved,
10253,2798,2023-02-28,Business,720000,Approved,
10254,5585,2025-05-09,Auto,438200,Rejected,Low Credit Score
10255,4861,2024-11-23,Auto,2425800,Rejected,High Existing Debt
10256,4184,2025-03-24,Personal,1179200,Rejected,Insufficient Income
10257,5297,2023-12-24,Personal,343100,Approved,
10258,1105,2024-10-13,Home,183400,Rejected,Incomplete Documents
10259,1228,2023-03-29,Home,223300,Approved,
10260,3030,2025-12-24,Auto,1301100,Approved,
10261,1453,2025-09-04,Personal,2944700,Pending,
10262,3928,2024-06-18,Home,560000,Rejected,High Existing Debt
10263,2706,2023-10-22,Auto,196800,Approved,
10264,2211,2025-12-19,Personal,1689200,Approved,
10265,2955,2024-07-09,Home,237600,Approved,
10266,5649,2025-01-17,Auto,423200,Approved,
10267,4411,2025-12-29,Business,469400,Approved,
10268,1083,2025-07-12,Education,235500,Approved,
10269,1833,2024-06-29,Business,1067900,Approved,
10270,3390,2025-06-25,Personal,584600,Approved,
10271,1147,2025-04-12,Home,173100,Rejected,Low Credit Score
10272,1986,2023-05-18,Auto,613200,Rejected,Incomplete Documents
10273,3383,2024-02-14,Business,391300,Approved,
10274,4731,2025-06-24,Personal,240600,Approved,
10275,3727,2023-11-25,Personal,1037200,Rejected,Low Credit Score
10276,3271,2023-02-14,Auto,595600,Approved,
10277,5702,2024-10-27,Auto,446300,Approved,
10278,4448,2025-05-23,Education,165700,Approved,
10279,4745,2023-02-05,Education,731200,Rejected,Insufficient Income
10280,5344,2024-02-12,Personal,601700,Rejected,Incomplete Documents
10281,5560,2025-02-01,Personal,88300,Rejected,Low Credit Score
10282,5956,2024-10-03,Education,3546300,Approved,
10283,5088,2025-01-11,Personal,1851900,Approved,
10284,2606,2023-12-17,Home,546500,Approved,
10285,1682,2024-11-09,Home,1449500,Rejected,Insufficient Income
10286,1398,2023-06-03,Personal,425500,Rejected,Low Credit Score
10287,3309,2023-07-16,Auto,441000,Pending,
10288,2467,2023-03-09,Home,1053800,Rejected,Insufficient Income
10289,1441,2025-05-03,Personal,425200,Approved,
10290,2852,2025-12-29,Education,842600,Approved,
10291,4552,2025-03-09,Business,184600,Approved,
10292,5686,2024-01-18,Home,173900,Approved,
10293,1992,2025-10-18,Personal,592900,Rejected,Insufficient Income
10294,3993,2023-11-21,Home,178700,Approved,
10295,3011,2024-07-02,Auto,1033000,Approved,
10296,2729,2023-04-28,Home,1011100,Approved,
10297,1308,2024-05-28,Home,104800,Approved,
10298,3697,2024-11-19,Personal,437400,Rejected,High Existing Debt
10299,1144,2025-09-05,Home,1239900,Approved,
10300,4619,2025-11-06,Education,251400,Approved,
10301,1330,2023-11-03,Education,652000,Approved,
10302,2905,2024-01-05,Personal,280300,Rejected,High Existing Debt
10303,1784,2023-01-28,Auto,245200,Approved,
10304,1990,2025-06-08,Home,660300,Rejected,Incomplete Documents
10305,4233,2025-05-31,Personal,136500,Approved,
10306,3875,2024-09-30,Home,506100,Rejected,High Existing Debt
10307,4199,2024-09-09,Home,968700,Approved,
10308,3052,2023-08-03,Personal,217700,Approved,
10309,4564,2025-05-19,Auto,268700,Rejected,Insufficient Income
10310,2410,2024-06-22,Auto,1182900,Rejected,High Existing Debt
10311,4911,2023-06-21,Personal,107300,Approved,
10312,5601,2025-03-14,Personal,1613200,Approved,
10313,1186,2024-10-17,Education,141000,Approved,
10314,4353,2023-11-12,Personal,760700,Approved,
10315,4911,2024-04-15,Auto,538400,Rejected,Incomplete Documents
10316,2305,2025-11-11,Personal,451700,Approved,
10317,2659,2023-07-25,Home,940100,Approved,
10318,4866,2024-01-12,Home,313100,Approved,
10319,3788,2024-11-21,Auto,456900,Approved,
10320,4056,2025-05-03,Personal,694900,Rejected,Insufficient Income
10321,5966,2024-01-18,Home,289600,Rejected,Insufficient Income
10322,3410,2023-05-31,Auto,498800,Approved,
10323,3231,2023-12-30,Personal,210900,Approved,
10324,2006,2023-12-01,Home,498000,Rejected,High Existing Debt
10325,3179,2023-10-14,Business,219700,Rejected,Low Credit Score
10326,2966,2025-07-12,Personal,1070600,Rejected,Insufficient Income
10327,4467,2023-11-19,Auto,498900,Rejected,High Existing Debt
10328,4733,2024-03-01,Business,199500,Approved,
10329,4115,2024-10-26,Auto,148600,Approved,
10330,4076,2025-03-11,Personal,594700,Rejected,Incomplete Documents
10331,4397,2024-02-11,Personal,678800,Approved,
10332,1790,2023-12-14,Home,287100,Approved,
10333,3926,2025-03-31,Home,756500,Approved,
10334,4431,2023-05-24,Personal,1769700,Approved,
10335,2998,2024-02-25,Home,1798900,Rejected,Insufficient Income
10336,3016,2023-08-23,Home,2918900,Rejected,High Existing Debt
10337,3738,2024-10-12,Education,211300,Rejected,High Existing Debt
10338,1711,2025-02-18,Home,527400,Approved,
10339,5695,2023-10-04,Personal,345600,Rejected,Low Credit Score
10340,4451,2024-02-06,Home,231300,Approved,
10341,2203,2024-10-15,Personal,715700,Approved,
10342,4119,2024-10-22,Auto,111700,Rejected,Incomplete Documents
10343,4050,2024-05-02,Business,3192600,Rejected,High Existing Debt
10344,5761,2025-11-24,Personal,228100,Approved,
10345,4853,2025-12-22,Personal,158600,Approved,
10346,4699,2024-01-08,Personal,503200,Approved,
10347,1053,2025-06-05,Home,653200,Approved,
10348,2778,2023-11-15,Auto,1314500,Approved,
10349,2311,2024-09-08,Personal,813200,Rejected,Low Credit Score
10350,2407,2023-04-28,Business,1191400,Rejected,Low Credit Score
10351,5086,2025-02-05,Auto,1655200,Rejected,Low Credit Score
10352,5675,2023-08-31,Personal,280400,Rejected,Insufficient Income
10353,3279,2025-06-26,Home,2923300,Pending,
10354,4522,2024-06-27,Home,636000,Approved,
10355,3437,2024-09-10,Home,1212900,Approved,
10356,2309,2023-04-07,Auto,627800,Approved,
10357,3354,2023-10-31,Personal,314200,Approved,
10358,4870,2025-09-17,Home,609000,Approved,
10359,2295,2024-09-08,Education,937400,Approved,
10360,2565,2025-05-18,Home,573300,Approved,
10361,1409,2025-03-15,Home,989900,Pending,
10362,2099,2023-04-29,Auto,1806500,Approved,
10363,2509,2025-08-14,Auto,446700,Approved,
10364,1112,2023-07-23,Home,433600,Approved,
10365,2272,2023-02-03,Auto,1424400,Rejected,High Existing Debt
10366,3884,2024-06-01,Home,1380700,Rejected,Low Credit Score
10367,5587,2024-07-11,Personal,1078800,Approved,
10368,2676,2024-02-10,Education,797600,Rejected,High Existing Debt
10369,1325,2023-12-21,Personal,674600,Rejected,Low Credit Score
10370,4434,2023-04-24,Business,390100,Approved,
10371,5074,2024-08-30,Home,1200700,Approved,
10372,4827,2023-01-11,Business,1074000,Approved,
10373,2433,2023-11-13,Personal,1470200,Rejected,High Existing Debt
10374,5900,2024-08-10,Home,2580200,Pending,
10375,3810,2024-11-21,Home,294000,Approved,
10376,2827,2023-03-04,Home,1718300,Approved,
10377,2149,2023-01-10,Auto,1189200,Approved,
10378,4940,2024-05-13,Home,1143000,Approved,
10379,4785,2025-09-10,Home,1421900,Approved,
10380,5380,2025-07-07,Auto,245000,Approved,
10381,1872,2023-06-05,Personal,1771100,Approved,
10382,1044,2023-06-21,Personal,263200,Rejected,Insufficient Income
10383,4594,2023-08-25,Home,188400,Approved,
10384,5965,2023-08-28,Personal,837100,Approved,
10385,3223,2024-01-21,Home,2472400,Approved,
10386,3435,2024-07-23,Personal,1294200,Rejected,High Existing Debt
10387,5703,2023-06-19,Personal,1356100,Rejected,Low Credit Score
10388,1002,2024-02-25,Education,1191400,Approved,
10389,3509,2025-11-12,Business,517900,Approved,
10390,5494,2023-10-23,Business,385900,Approved,
10391,4404,2023-08-09,Personal,196500,Rejected,Incomplete Documents
10392,1597,2023-08-22,Education,1078000,Rejected,Insufficient Income
10393,2790,2025-06-27,Personal,447800,Rejected,Incomplete Documents
10394,4805,2024-04-18,Home,1730700,Approved,
10395,2785,2024-04-25,Auto,786400,Approved,
10396,4070,2025-02-16,Personal,745100,Approved,
10397,5067,2023-07-12,Auto,149300,Approved,
10398,5911,2025-03-30,Personal,529500,Rejected,Low Credit Score
10399,3172,2023-11-15,Personal,593500,Approved,
10400,5754,2024-03-13,Business,69400,Rejected,Low Credit Score
10401,5326,2024-09-29,Business,526400,Rejected,Low Credit Score
10402,5669,2023-03-27,Home,593000,Approved,
10403,5096,2024-07-15,Auto,553900,Approved,
10404,1517,2025-12-03,Personal,281000,Approved,
10405,1314,2023-09-06,Auto,1420900,Approved,
10406,2361,2025-02-15,Home,521900,Approved,
10407,3125,2023-01-23,Auto,113600,Approved,
10408,1828,2025-02-02,Personal,218300,Approved,
10409,2677,2023-07-31,Auto,3407300,Approved,
10410,3148,2025-07-18,Home,472400,Approved,
10411,5392,2024-12-02,Home,87200,Approved,
10412,4779,2025-10-20,Personal,751000,Rejected,Incomplete Documents
10413,4764,2024-12-27,Business,209200,Approved,
10414,4330,2024-07-30,Business,1832500,Approved,
10415,2461,2024-09-16,Auto,179900,Approved,
10416,3755,2025-11-27,Personal,193400,Pending,
10417,3571,2025-06-08,Home,1597100,Approved,
10418,1778,2024-01-05,Education,230400,Approved,
10419,2564,2025-02-14,Home,957100,Rejected,High Existing Debt
10420,1395,2024-03-07,Personal,345100,Rejected,Incomplete Documents
10421,2521,2023-05-03,Personal,502100,Rejected,High Existing Debt
10422,2273,2025-11-16,Home,839900,Approved,
10423,1655,2024-08-05,Education,1235200,Approved,
10424,4591,2023-01-03,Business,2475100,Pending,
10425,2476,2025-05-02,Home,239200,Approved,
10426,3615,2025-12-31,Business,298200,Rejected,Incomplete Documents
10427,2916,2023-05-25,Personal,679600,Rejected,Insufficient Income
10428,1003,2023-03-13,Home,794400,Approved,
10429,1413,2025-12-02,Auto,199500,Rejected,Low Credit Score
10430,5116,2025-02-14,Business,330900,Pending,
10431,5092,2024-02-13,Business,250600,Approved,
10432,4850,2023-12-28,Auto,382400,Approved,
10433,5541,2023-11-07,Personal,728000,Approved,
10434,2370,2023-06-22,Home,910900,Approved,
10435,4934,2024-04-19,Auto,1841900,Approved,
10436,2754,2025-04-14,Auto,880900,Approved,
10437,4412,2025-04-04,Home,172900,Approved,
10438,3421,2025-12-13,Personal,639500,Rejected,Incomplete Documents
10439,3730,2024-06-19,Personal,644300,Rejected,Insufficient Income
10440,1353,2024-07-27,Business,202200,Approved,
10441,1478,2024-09-02,Auto,353400,Pending,
10442,3292,2025-03-18,Home,1072400,Rejected,Incomplete Documents
10443,5823,2023-06-06,Personal,239300,Approved,
10444,4940,2025-10-28,Home,1273800,Approved,
10445,5504,2024-04-03,Home,324900,Pending,
10446,3101,2024-02-21,Personal,546200,Approved,
10447,4748,2023-11-16,Home,188600,Rejected,Incomplete Documents
10448,4688,2023-03-29,Business,606800,Approved,
10449,3929,2024-12-06,Education,638300,Rejected,High Existing Debt
10450,5949,2023-01-05,Education,280100,Pending,
10451,4226,2024-12-28,Education,432500,Approved,
10452,2351,2025-09-17,Auto,699700,Rejected,Insufficient Income
10453,1373,2024-05-26,Home,1136600,Rejected,High Existing Debt
10454,2490,2024-08-04,Personal,649000,Rejected,Low Credit Score
10455,5998,2025-04-16,Personal,4787900,Approved,
10456,4638,2024-08-13,Personal,945900,Approved,
10457,3868,2024-02-15,Personal,1532800,Approved,
10458,4566,2024-07-19,Personal,147300,Rejected,High Existing Debt
10459,2474,2024-01-17,Auto,446900,Rejected,Incomplete Documents
10460,2648,2025-03-01,Home,1172100,Approved,
10461,2023,2024-09-06,Personal,845600,Approved,
10462,3223,2023-11-11,Business,2249600,Approved,
10463,5418,2024-01-01,Personal,334600,Approved,
10464,2092,2025-12-21,Auto,162600,Approved,
10465,3846,2025-04-01,Auto,388800,Rejected,Low Credit Score
10466,3540,2023-05-05,Personal,85200,Pending,
10467,3380,2025-08-28,Home,1522800,Approved,
10468,5867,2024-10-14,Education,96500,Rejected,Insufficient Income
10469,4115,2023-02-11,Auto,1193000,Rejected,High Existing Debt
10470,1490,2025-10-31,Personal,731000,Approved,
10471,3592,2023-08-28,Business,2629200,Approved,
10472,4841,2024-01-04,Home,934500,Approved,
10473,4981,2024-02-10,Personal,6500200,Approved,
10474,1036,2023-08-01,Auto,93000,Approved,
10475,2306,2023-04-19,Education,1049000,Rejected,Incomplete Documents
10476,3699,2023-06-26,Home,5805500,Approved,
10477,3841,2023-02-06,Auto,150200,Approved,
10478,1173,2025-09-11,Business,1747500,Approved,
10479,2700,2024-07-23,Education,387100,Pending,
10480,5386,2025-08-19,Personal,885500,Rejected,High Existing Debt
10481,4490,2025-09-13,Business,1188700,Approved,
10482,4174,2023-06-10,Business,181100,Rejected,Insufficient Income
10483,1665,2025-07-02,Auto,954100,Rejected,Incomplete Documents
10484,3499,2023-03-16,Auto,287100,Rejected,High Existing Debt
10485,3036,2023-02-06,Personal,1028300,Approved,
10486,5027,2024-07-01,Home,890100,Rejected,Insufficient Income
10487,1121,2024-03-13,Auto,8000000,Rejected,High Existing Debt
10488,2081,2024-12-10,Home,330800,Rejected,Low Credit Score
10489,5203,2025-08-07,Education,646200,Approved,
10490,3287,2023-08-13,Business,156200,Pending,
10491,2437,2025-04-11,Home,2061700,Approved,
10492,1021,2024-11-24,Auto,681300,Approved,
10493,1853,2024-03-05,Home,1490700,Approved,
10494,4605,2023-06-19,Personal,1581900,Rejected,Insufficient Income
10495,3991,2024-09-15,Auto,625700,Approved,
10496,4063,2023-04-03,Personal,392200,Approved,
10497,4642,2025-04-03,Business,587000,Approved,
10498,2998,2023-01-15,Business,1874900,Rejected,Low Credit Score
10499,4824,2023-10-13,Personal,863100,Approved,
10500,2945,2025-11-12,Auto,878100,Rejected,High Existing Debt
10501,5752,2025-02-18,Home,5823600,Approved,
10502,2218,2024-05-17,Personal,1626700,Approved,
10503,2010,2024-08-26,Education,415600,Approved,
10504,3722,2025-05-12,Business,305600,Approved,
10505,3695,2023-05-03,Business,277300,Approved,
10506,4826,2024-09-06,Home,1548500,Pending,
10507,1017,2024-08-02,Personal,201200,Approved,
10508,4843,2024-03-16,Home,610600,Approved,
10509,3444,2025-05-14,Education,1503200,Rejected,Incomplete Documents
10510,5806,2024-04-13,Education,265000,Approved,
10511,4148,2024-06-09,Business,2389800,Approved,
10512,1203,2023-01-16,Personal,100300,Approved,
10513,1233,2023-10-20,Home,1021700,Rejected,Insufficient Income
10514,1787,2023-09-08,Auto,502800,Approved,
10515,5767,2025-02-17,Business,767000,Approved,
10516,5866,2023-06-10,Home,872400,Approved,
10517,2773,2025-12-22,Education,555000,Pending,
10518,1096,2023-12-06,Auto,670100,Approved,
10519,5736,2023-10-16,Home,370500,Approved,
10520,1274,2025-10-05,Auto,538900,Approved,
10521,4990,2025-03-12,Home,578200,Pending,
10522,2400,2025-05-10,Home,103100,Approved,
10523,3021,2025-08-19,Home,507700,Approved,
10524,4571,2023-08-30,Auto,383800,Pending,
10525,5898,2025-08-25,Personal,950900,Approved,
10526,3224,2025-04-18,Personal,1060600,Rejected,High Existing Debt
10527,2944,2024-01-07,Auto,2336600,Rejected,High Existing Debt
10528,3093,2024-08-28,Home,2777700,Pending,
10529,2885,2024-05-01,Auto,201200,Approved,
10530,5526,2024-10-22,Auto,2386300,Rejected,Low Credit Score
10531,1676,2025-07-04,Business,63200,Approved,
10532,2634,2023-06-08,Auto,604900,Approved,
10533,2331,2024-07-21,Auto,686700,Approved,
10534,3976,2023-07-13,Auto,1120700,Approved,
10535,2267,2024-06-21,Home,430100,Approved,
10536,1137,2025-12-27,Personal,757800,Approved,
10537,1932,2024-06-25,Auto,499600,Approved,
10538,2942,2025-09-23,Auto,2429000,Approved,
10539,1169,2024-12-06,Personal,634400,Approved,
10540,1462,2025-03-29,Auto,1933200,Rejected,Insufficient Income
10541,5506,2025-01-21,Personal,270300,Pending,
10542,4517,2023-09-27,Auto,1849700,Rejected,Insufficient Income
10543,1556,2025-07-20,Home,262100,Approved,
10544,1598,2025-03-31,Personal,1391800,Rejected,Incomplete Documents
10545,3846,2025-10-10,Business,669300,Rejected,Insufficient Income
10546,2266,2024-03-22,Education,802900,Approved,
10547,5320,2025-01-03,Business,5321800,Pending,
10548,5005,2024-03-17,Home,385100,Rejected,Low Credit Score
10549,1826,2024-05-28,Business,1512600,Approved,
10550,2875,2024-04-13,Education,812800,Approved,
10551,2699,2024-11-05,Auto,3483200,Rejected,Low Credit Score
10552,2532,2023-11-14,Home,3011400,Approved,
10553,4761,2023-11-24,Home,2158100,Approved,
10554,1244,2023-02-28,Education,901000,Pending,
10555,3269,2025-07-25,Auto,157100,Approved,
10556,1035,2025-07-17,Home,575800,Approved,
10557,2191,2023-08-13,Personal,114800,Rejected,High Existing Debt
10558,3780,2024-01-17,Auto,202000,Approved,
10559,5949,2023-12-01,Home,379100,Rejected,Insufficient Income
10560,3459,2025-02-08,Auto,1164900,Approved,
10561,1982,2023-05-11,Personal,206700,Pending,
10562,2419,2023-07-21,Home,210500,Rejected,Low Credit Score
10563,1009,2025-02-25,Home,50000,Rejected,Insufficient Income
10564,4254,2025-01-14,Personal,2501100,Approved,
10565,4115,2023-10-01,Auto,591000,Approved,
10566,4704,2024-11-05,Personal,1493000,Rejected,Incomplete Documents
10567,1113,2025-10-15,Home,989100,Approved,
10568,1942,2024-10-10,Education,313100,Approved,
10569,2343,2025-08-03,Personal,780800,Approved,
10570,2457,2023-01-12,Personal,1454900,Approved,
10571,1766,2023-08-07,Auto,305900,Approved,
10572,5327,2025-05-02,Personal,1145800,Approved,
10573,4208,2023-11-01,Personal,472100,Approved,
10574,5608,2024-06-22,Personal,1212000,Approved,
10575,1680,2023-09-03,Personal,534600,Approved,
10576,3463,2023-07-02,Personal,2401100,Rejected,Low Credit Score
10577,3095,2024-05-03,Business,3253600,Approved,
10578,2109,2024-09-21,Personal,1551600,Approved,
10579,3479,2024-05-29,Auto,4067400,Pending,
10580,3141,2023-08-04,Home,1350800,Approved,
10581,4502,2025-06-06,Auto,197200,Approved,
10582,4501,2023-12-21,Personal,314500,Approved,
10583,1159,2024-10-24,Auto,4152700,Approved,
10584,1895,2025-04-05,Personal,253000,Approved,
10585,2796,2024-06-13,Business,598100,Rejected,Insufficient Income
10586,5214,2024-09-16,Personal,99900,Approved,
10587,5253,2023-07-01,Business,454100,Approved,
10588,4505,2025-03-09,Personal,1899800,Rejected,Incomplete Documents
10589,4680,2024-04-30,Auto,1179800,Rejected,Low Credit Score
10590,1257,2023-11-16,Home,679500,Approved,
10591,2860,2025-11-26,Personal,156300,Pending,
10592,3047,2024-09-08,Auto,1440200,Approved,
10593,3516,2025-05-17,Personal,1599500,Pending,
10594,3747,2025-01-28,Personal,725300,Approved,
10595,3814,2023-07-25,Personal,794200,Rejected,High Existing Debt
10596,1421,2023-12-19,Personal,444100,Rejected,Insufficient Income
10597,5474,2025-06-01,Auto,537700,Approved,
10598,4764,2025-05-31,Home,199000,Approved,
10599,4918,2024-01-08,Education,1970800,Approved,
10600,5608,2023-05-26,Business,1221400,Rejected,Insufficient Income
10601,3690,2024-07-17,Home,654500,Approved,
10602,2045,2025-12-01,Home,391800,Approved,
10603,5893,2023-07-27,Business,2113100,Approved,
10604,2100,2023-01-02,Home,1228000,Rejected,High Existing Debt
10605,1790,2024-07-16,Home,1327200,Approved,
10606,1484,2025-06-29,Education,1407600,Approved,
10607,4385,2025-11-06,Auto,960800,Pending,
10608,5565,2023-07-01,Auto,465900,Approved,
10609,3568,2024-01-19,Home,77300,Rejected,Incomplete Documents
10610,4228,2024-10-26,Personal,232500,Approved,
10611,2205,2023-04-19,Home,107700,Approved,
10612,5300,2024-08-09,Home,855900,Rejected,High Existing Debt
10613,5849,2024-08-12,Personal,1419400,Approved,
10614,1563,2024-10-05,Auto,749000,Pending,
10615,5029,2023-12-30,Personal,186000,Approved,
10616,4044,2025-10-30,Personal,395100,Rejected,Low Credit Score
10617,4060,2024-09-03,Personal,924100,Approved,
10618,4638,2023-01-02,Business,283100,Approved,
10619,5521,2025-07-09,Auto,652900,Rejected,Incomplete Documents
10620,2852,2024-01-16,Auto,757600,Approved,
10621,2580,2025-09-16,Education,933400,Approved,
10622,2357,2025-04-07,Personal,212700,Approved,
10623,3981,2025-02-19,Business,2154100,Approved,
10624,5157,2024-11-04,Home,860600,Approved,
10625,5027,2024-05-24,Home,461200,Rejected,Low Credit Score
10626,4133,2024-07-04,Business,575600,Approved,
10627,1840,2024-07-07,Personal,3101200,Rejected,High Existing Debt
10628,2044,2025-09-06,Education,358900,Rejected,Insufficient Income
10629,5152,2024-09-13,Personal,330600,Approved,
10630,1688,2024-08-20,Personal,641500,Pending,
10631,1911,2024-05-23,Business,166000,Approved,
10632,1204,2024-02-27,Business,3391100,Approved,
10633,2464,2024-03-30,Business,219300,Approved,
10634,4118,2023-09-10,Home,1101300,Pending,
10635,5537,2023-06-08,Auto,694400,Pending,
10636,3602,2025-01-27,Home,571600,Approved,
10637,4518,2023-10-12,Auto,927500,Approved,
10638,3056,2025-12-10,Auto,334200,Approved,
10639,4924,2024-12-17,Business,1075200,Approved,
10640,1014,2025-10-13,Business,267800,Pending,
10641,1794,2023-03-20,Home,279300,Approved,
10642,3150,2025-08-24,Personal,203800,Approved,
10643,5597,2025-04-16,Personal,455400,Approved,
10644,4821,2023-01-14,Home,652200,Approved,
10645,2805,2023-04-04,Personal,1023300,Approved,
10646,5450,2025-11-12,Home,410900,Rejected,Incomplete Documents
10647,3029,2023-12-10,Education,727900,Rejected,Insufficient Income
10648,3018,2024-07-21,Personal,553900,Approved,
10649,5539,2025-07-14,Home,892100,Approved,
10650,5399,2024-04-04,Personal,316700,Rejected,Incomplete Documents
10651,4288,2025-01-26,Personal,930000,Approved,
10652,1760,2023-12-31,Personal,342900,Approved,
10653,4861,2024-02-28,Auto,878600,Approved,
10654,2642,2023-04-04,Education,445000,Approved,
10655,2813,2024-01-21,Business,1341500,Approved,
10656,5612,2025-07-07,Business,779900,Rejected,High Existing Debt
10657,2817,2024-04-14,Personal,1735000,Pending,
10658,5772,2023-07-09,Home,934800,Approved,
10659,2826,2023-06-04,Auto,552600,Approved,
10660,4186,2025-01-02,Personal,1597000,Approved,
10661,1562,2023-02-06,Personal,157300,Approved,
10662,1238,2023-11-22,Personal,589900,Approved,
10663,4134,2024-06-11,Home,564700,Approved,
10664,1861,2023-01-20,Home,784600,Approved,
10665,3208,2025-04-21,Education,268700,Approved,
10666,4473,2025-07-30,Home,1268200,Approved,
10667,3650,2024-01-14,Auto,2280800,Approved,
10668,5714,2024-12-26,Auto,574000,Approved,
10669,1071,2024-10-18,Personal,426300,Approved,
10670,3917,2024-04-08,Auto,888100,Approved,
10671,4489,2024-01-29,Auto,270500,Approved,
10672,2236,2025-06-16,Home,384300,Rejected,Insufficient Income
10673,5943,2024-07-31,Home,416300,Approved,
10674,1463,2025-11-18,Auto,384600,Pending,
10675,5806,2023-08-26,Personal,481800,Rejected,Low Credit Score
10676,4801,2024-10-05,Home,1153300,Approved,
10677,5225,2025-08-11,Personal,455100,Approved,
10678,2114,2023-07-23,Education,599200,Rejected,Insufficient Income
10679,3841,2023-06-11,Personal,284900,Pending,
10680,1052,2025-05-05,Personal,1463000,Approved,
10681,5916,2023-12-11,Home,259100,Pending,
10682,2316,2023-04-15,Personal,1060500,Approved,
10683,3185,2023-10-08,Auto,811000,Rejected,Low Credit Score
10684,4169,2023-06-07,Home,73300,Pending,
10685,3210,2025-08-08,Education,229500,Approved,
10686,3157,2024-08-23,Personal,874200,Approved,
10687,4966,2025-07-08,Auto,484500,Approved,
10688,5961,2025-10-14,Home,582500,Rejected,High Existing Debt
10689,4233,2023-08-20,Auto,423200,Approved,
10690,4357,2024-02-27,Auto,284500,Approved,
10691,5006,2023-07-24,Personal,5298800,Approved,
10692,1973,2025-02-08,Auto,986700,Approved,
10693,1827,2024-06-11,Home,1447100,Approved,
10694,1318,2023-06-01,Auto,200300,Approved,
10695,1767,2024-04-21,Personal,546000,Rejected,Insufficient Income
10696,3479,2025-11-28,Auto,867700,Rejected,Low Credit Score
10697,4899,2023-12-25,Personal,257400,Approved,
10698,5795,2024-06-07,Education,629600,Pending,
10699,3434,2024-08-03,Education,1379700,Approved,
10700,2018,2023-05-23,Home,634900,Rejected,Low Credit Score
10701,5149,2023-03-01,Business,722200,Approved,
10702,4028,2023-11-16,Education,1473600,Approved,
10703,3428,2025-06-16,Auto,430200,Rejected,Incomplete Documents
10704,3162,2025-08-23,Home,1438000,Approved,
10705,4042,2023-06-13,Personal,444600,Approved,
10706,5956,2023-09-26,Personal,185100,Rejected,Insufficient Income
10707,5354,2025-02-08,Home,1032500,Pending,
10708,3551,2025-06-06,Education,1352100,Approved,
10709,4888,2025-11-29,Personal,146700,Approved,
10710,5956,2025-11-28,Auto,215300,Rejected,Incomplete Documents
10711,2314,2024-11-05,Personal,232900,Rejected,Low Credit Score
10712,2705,2023-06-22,Business,182800,Pending,
10713,1262,2023-06-11,Personal,944200,Approved,
10714,2160,2024-01-17,Personal,865600,Approved,
10715,2665,2025-03-20,Auto,400900,Pending,
10716,2360,2023-01-17,Education,175000,Approved,
10717,5586,2023-02-04,Business,417000,Pending,
10718,3003,2023-12-23,Education,1224500,Pending,
10719,3270,2023-09-19,Home,1764800,Approved,
10720,4041,2023-03-15,Education,86800,Rejected,High Existing Debt
10721,1976,2025-03-21,Personal,172900,Rejected,High Existing Debt
10722,2547,2024-02-11,Home,1470000,Approved,
10723,2934,2023-04-26,Business,2619400,Pending,
10724,2764,2025-05-14,Auto,987500,Rejected,Incomplete Documents
10725,4606,2024-02-22,Business,199500,Rejected,High Existing Debt
10726,3263,2025-01-17,Home,257300,Pending,
10727,1415,2024-03-23,Education,600900,Rejected,Low Credit Score
10728,1627,2025-03-17,Auto,409300,Rejected,Incomplete Documents
10729,5035,2023-07-28,Personal,562000,Rejected,High Existing Debt
10730,1653,2023-04-06,Home,564200,Approved,
10731,5787,2025-09-30,Personal,1096900,Pending,
10732,1513,2025-04-25,Personal,306300,Approved,
10733,4613,2025-10-24,Education,801900,Rejected,High Existing Debt
10734,3445,2023-02-20,Personal,259800,Rejected,High Existing Debt
10735,1810,2024-07-16,Personal,431200,Approved,
10736,3910,2023-05-13,Home,511200,Pending,
10737,5496,2025-04-21,Business,616500,Pending,
10738,4900,2025-06-05,Education,163300,Approved,
10739,3722,2025-11-12,Business,211200,Pending,
10740,1503,2024-04-30,Business,419200,Approved,
10741,1040,2023-03-28,Business,1699800,Rejected,Low Credit Score
10742,4011,2025-12-07,Home,387200,Approved,
10743,5445,2024-11-03,Auto,70200,Approved,
10744,1222,2024-03-24,Home,1020300,Approved,
10745,2466,2024-06-01,Business,711500,Approved,
10746,4636,2025-11-16,Education,342100,Rejected,Low Credit Score
10747,5160,2024-04-19,Home,664500,Approved,
10748,2028,2024-05-06,Education,1981800,Rejected,High Existing Debt
10749,2480,2024-10-07,Business,525300,Rejected,Low Credit Score
10750,2042,2025-03-18,Personal,369900,Rejected,Low Credit Score
10751,2907,2023-06-02,Personal,340500,Approved,
10752,3830,2024-05-13,Home,401500,Approved,
10753,4446,2025-04-16,Auto,305900,Approved,
10754,4438,2024-12-02,Education,599300,Rejected,High Existing Debt
10755,5447,2023-03-20,Home,2471200,Approved,
10756,3147,2025-12-05,Business,394500,Approved,
10757,1898,2024-02-26,Home,212200,Rejected,Low Credit Score
10758,4491,2024-07-13,Auto,180200,Pending,
10759,5445,2025-11-22,Business,123400,Rejected,Insufficient Income
10760,4910,2024-06-13,Business,335800,Approved,
10761,1577,2025-11-25,Home,302100,Rejected,Insufficient Income
10762,2245,2025-05-26,Business,659700,Pending,
10763,4083,2024-09-03,Personal,2882700,Rejected,Incomplete Documents
10764,1190,2025-05-24,Personal,914300,Rejected,Low Credit Score
10765,4955,2023-01-31,Auto,1158900,Approved,
10766,5182,2025-11-10,Home,2545000,Rejected,High Existing Debt
10767,5641,2023-12-23,Personal,146900,Approved,
10768,4067,2025-01-11,Education,1580400,Rejected,High Existing Debt
10769,4356,2024-11-07,Personal,1679200,Pending,
10770,5631,2025-02-07,Home,294000,Pending,
10771,2073,2023-11-07,Education,1022600,Approved,
10772,5940,2024-06-18,Home,151200,Approved,
10773,1733,2024-01-04,Education,314800,Rejected,Low Credit Score
10774,4661,2023-11-27,Business,2684600,Rejected,Insufficient Income
10775,4695,2025-09-25,Education,447300,Pending,
10776,3202,2025-03-26,Home,351000,Approved,
10777,5241,2023-12-23,Auto,239600,Rejected,Low Credit Score
10778,2633,2023-04-09,Personal,622600,Approved,
10779,2339,2024-10-03,Home,221100,Pending,
10780,1726,2023-09-08,Education,277600,Approved,
10781,5903,2023-10-23,Personal,2047100,Rejected,Incomplete Documents
10782,3586,2024-02-12,Home,230600,Approved,
10783,2758,2023-12-25,Home,75400,Pending,
10784,3966,2024-09-13,Auto,402600,Approved,
10785,5440,2025-10-29,Personal,1393800,Rejected,Low Credit Score
10786,2290,2024-09-25,Home,219400,Approved,
10787,1482,2023-10-26,Home,353100,Approved,
10788,4737,2024-12-25,Business,3376900,Approved,
10789,1405,2025-08-31,Business,1291700,Approved,
10790,4702,2024-07-15,Personal,346500,Approved,
10791,5007,2024-08-26,Home,691000,Approved,
10792,1717,2024-08-25,Home,692600,Rejected,Insufficient Income
10793,2858,2025-10-30,Personal,163200,Approved,
10794,3811,2024-12-07,Auto,339900,Approved,
10795,4577,2025-11-19,Personal,953100,Approved,
10796,1284,2023-05-30,Personal,212300,Approved,
10797,3774,2023-04-02,Personal,514100,Rejected,Low Credit Score
10798,1124,2024-12-13,Business,93600,Rejected,High Existing Debt
10799,4474,2023-12-30,Personal,1880700,Approved,
10800,2556,2023-10-24,Home,5069900,Rejected,High Existing Debt
10801,2356,2025-08-09,Auto,754900,Rejected,Incomplete Documents
10802,4541,2024-04-29,Auto,357300,Approved,
10803,3362,2024-08-03,Home,67300,Approved,
10804,2970,2024-10-15,Auto,982600,Rejected,Low Credit Score
10805,1610,2025-11-03,Home,1206600,Approved,
10806,3114,2024-11-17,Auto,804600,Rejected,Incomplete Documents
10807,5341,2025-02-22,Home,1732600,Rejected,Incomplete Documents
10808,3407,2023-12-25,Business,865100,Approved,
10809,1126,2024-07-08,Personal,370100,Approved,
10810,1732,2025-02-05,Home,122800,Approved,
10811,3331,2025-07-21,Education,769600,Approved,
10812,5126,2024-10-15,Education,196300,Approved,
10813,2622,2025-11-30,Education,958200,Rejected,Low Credit Score
10814,1332,2023-03-28,Personal,2465800,Pending,
10815,3816,2025-04-20,Home,2842200,Approved,
10816,5481,2025-11-08,Auto,117800,Approved,
10817,4312,2023-05-20,Education,1639700,Approved,
10818,3417,2023-05-11,Personal,970300,Approved,
10819,1769,2025-07-14,Home,688900,Approved,
10820,2669,2023-06-28,Business,456800,Pending,
10821,3330,2025-05-16,Auto,144800,Approved,
10822,2862,2025-03-21,Business,497300,Approved,
10823,2853,2024-02-10,Home,1134100,Pending,
10824,1259,2023-12-14,Home,856400,Rejected,Insufficient Income
10825,4662,2025-05-10,Home,401300,Pending,
10826,1532,2025-11-28,Home,924400,Rejected,Insufficient Income
10827,2466,2023-08-19,Home,2631400,Approved,
10828,1428,2024-05-01,Personal,1541300,Approved,
10829,1137,2025-09-03,Auto,525800,Approved,
10830,4578,2023-02-26,Education,425300,Approved,
10831,5546,2023-02-23,Home,505900,Approved,
10832,4686,2024-02-25,Home,266500,Pending,
10833,5201,2023-02-28,Personal,1275600,Rejected,Low Credit Score
10834,5395,2024-03-05,Personal,1052000,Approved,
10835,5193,2024-03-22,Business,295400,Approved,
10836,1812,2025-05-16,Home,1358300,Approved,
10837,2400,2024-10-14,Home,1299500,Pending,
10838,4727,2025-04-18,Business,1250300,Approved,
10839,4821,2023-07-31,Business,953100,Rejected,Low Credit Score
10840,3560,2025-03-23,Education,138000,Rejected,High Existing Debt
10841,3935,2023-05-13,Personal,1697200,Pending,
10842,5090,2025-07-28,Business,105800,Pending,
10843,5280,2023-01-25,Personal,264400,Approved,
10844,2225,2025-09-10,Education,1284000,Approved,
10845,1346,2024-12-12,Personal,1106200,Rejected,Incomplete Documents
10846,2054,2025-07-23,Personal,515500,Pending,
10847,5920,2023-02-17,Business,351500,Approved,
10848,5220,2023-02-21,Home,1574500,Rejected,Low Credit Score
10849,1470,2023-03-01,Personal,1254000,Approved,
10850,3969,2024-04-17,Auto,477200,Approved,
10851,2014,2025-03-01,Business,70100,Approved,
10852,4365,2025-03-30,Home,302200,Approved,
10853,5938,2025-01-20,Personal,574600,Approved,
10854,5169,2023-07-02,Personal,2839300,Approved,
10855,4323,2023-03-05,Business,1487300,Pending,
10856,5096,2023-11-17,Auto,326500,Pending,
10857,1897,2024-09-20,Home,1145100,Rejected,Incomplete Documents
10858,3270,2025-07-16,Auto,1150800,Approved,
10859,1331,2024-09-03,Home,408400,Rejected,Incomplete Documents
10860,4767,2025-07-19,Auto,2147300,Approved,
10861,1581,2024-12-31,Personal,237700,Approved,
10862,2495,2024-07-25,Auto,809300,Approved,
10863,4573,2024-07-19,Business,319000,Pending,
10864,4075,2025-02-05,Education,223600,Approved,
10865,1904,2024-02-15,Education,177800,Approved,
10866,2905,2023-01-21,Personal,631600,Rejected,Incomplete Documents
10867,3852,2025-08-01,Auto,787000,Pending,
10868,1695,2024-06-30,Home,1386400,Approved,
10869,2502,2024-03-29,Home,440300,Approved,
10870,1169,2025-10-11,Auto,614400,Rejected,Incomplete Documents
10871,4146,2023-01-05,Personal,1258900,Approved,
10872,1571,2024-11-03,Business,670500,Approved,
10873,4614,2025-07-09,Personal,319800,Approved,
10874,3137,2024-09-24,Home,322200,Approved,
10875,2342,2025-08-05,Personal,1687600,Approved,
10876,5166,2024-11-14,Home,1336000,Approved,
10877,5965,2025-02-26,Business,1011100,Approved,
10878,3660,2025-01-15,Home,1754800,Pending,
10879,2000,2023-11-08,Auto,986000,Rejected,Low Credit Score
10880,5192,2024-09-22,Personal,6944000,Rejected,Insufficient Income
10881,1790,2024-06-03,Auto,143800,Approved,
10882,2399,2025-04-30,Personal,645200,Approved,
10883,5449,2023-03-05,Business,353100,Approved,
10884,4606,2024-10-10,Home,573700,Pending,
10885,3916,2024-08-06,Home,219900,Pending,
10886,5690,2023-01-15,Business,157800,Approved,
10887,1397,2023-04-01,Business,432900,Approved,
10888,2490,2025-07-22,Personal,1293600,Rejected,Insufficient Income
10889,3042,2025-03-14,Business,522300,Approved,
10890,4138,2023-01-10,Personal,1499800,Pending,
10891,5603,2023-10-06,Auto,374900,Approved,
10892,1147,2025-12-27,Auto,288800,Rejected,Low Credit Score
10893,1688,2023-05-13,Business,486100,Rejected,Incomplete Documents
10894,5986,2024-05-30,Home,744300,Pending,
10895,5741,2024-02-18,Personal,2252200,Rejected,Incomplete Documents
10896,5330,2023-08-13,Personal,1178200,Approved,
10897,1683,2025-06-27,Home,1458500,Approved,
10898,1331,2024-02-20,Auto,346400,Approved,
10899,2191,2024-02-21,Education,218300,Approved,
10900,4054,2025-04-05,Business,261700,Rejected,Incomplete Documents
10901,4942,2024-09-29,Personal,686200,Pending,
10902,5923,2023-04-22,Home,307900,Approved,
10903,5845,2025-11-03,Auto,3835200,Rejected,Incomplete Documents
10904,2263,2024-02-07,Auto,869200,Approved,
10905,1203,2023-04-17,Personal,164300,Approved,
10906,5310,2025-10-23,Auto,521200,Pending,
10907,2290,2025-08-08,Education,599000,Approved,
10908,1107,2024-10-08,Education,252100,Rejected,Incomplete Documents
10909,5947,2023-11-23,Auto,1179000,Approved,
10910,2295,2025-01-26,Auto,636000,Rejected,Incomplete Documents
10911,3595,2024-03-13,Auto,1189100,Pending,
10912,2025,2025-11-27,Auto,594900,Approved,
10913,2983,2024-07-28,Home,243900,Approved,
10914,2269,2025-04-11,Auto,850100,Approved,
10915,2298,2023-01-06,Business,355100,Approved,
10916,1316,2024-10-01,Home,216300,Approved,
10917,5754,2023-11-04,Personal,564800,Approved,
10918,5415,2023-06-21,Personal,4296600,Approved,
10919,1553,2025-07-21,Personal,1322500,Approved,
10920,3770,2025-08-01,Auto,1156700,Approved,
10921,2067,2024-03-07,Home,238900,Pending,
10922,3002,2023-06-14,Business,1028800,Pending,
10923,3784,2023-02-18,Home,1998500,Approved,
10924,4366,2025-11-28,Business,2366300,Approved,
10925,2274,2023-06-13,Home,186700,Pending,
10926,3737,2025-12-27,Personal,904200,Approved,
10927,4260,2025-04-12,Home,740900,Approved,
10928,4967,2025-10-05,Business,3954500,Pending,
10929,5451,2023-10-01,Education,483000,Rejected,Low Credit Score
10930,1599,2024-11-11,Home,502000,Rejected,High Existing Debt
10931,1312,2025-05-15,Home,1361600,Rejected,Incomplete Documents
10932,4788,2025-01-09,Home,1000900,Rejected,Insufficient Income
10933,2470,2024-05-17,Home,2097400,Approved,
10934,3677,2024-09-07,Home,158400,Approved,
10935,3622,2024-11-19,Home,1049900,Approved,
10936,5708,2025-11-17,Business,1289900,Rejected,Low Credit Score
10937,2706,2023-05-24,Business,877500,Approved,
10938,4958,2024-04-27,Personal,2715900,Rejected,Insufficient Income
10939,2180,2023-04-26,Business,323000,Rejected,High Existing Debt
10940,1788,2023-01-22,Personal,440100,Rejected,High Existing Debt
10941,5643,2023-12-02,Home,625700,Rejected,Insufficient Income
10942,1354,2023-11-29,Personal,1563200,Approved,
10943,5115,2025-12-08,Home,1416800,Rejected,Low Credit Score
10944,2386,2023-10-11,Education,354600,Approved,
10945,4504,2023-03-05,Education,502400,Approved,
10946,4550,2025-11-15,Home,788400,Approved,
10947,2474,2023-10-04,Personal,1003800,Approved,
10948,1784,2025-10-13,Personal,978100,Approved,
10949,2945,2023-07-16,Home,111100,Approved,
10950,3505,2023-01-24,Home,3188400,Rejected,Low Credit Score
10951,1926,2024-07-30,Auto,312800,Approved,
10952,4081,2025-03-01,Auto,300900,Approved,
10953,2799,2024-08-14,Home,211500,Rejected,High Existing Debt
10954,2744,2023-01-08,Education,595800,Approved,
10955,1957,2024-07-10,Auto,605500,Rejected,Incomplete Documents
10956,4635,2024-04-17,Personal,393600,Pending,
10957,3600,2024-01-01,Auto,516500,Rejected,High Existing Debt
10958,1267,2025-11-01,Personal,126600,Approved,
10959,5425,2025-12-31,Personal,114100,Pending,
10960,4088,2025-06-24,Business,996800,Pending,
10961,3329,2023-03-04,Business,594200,Approved,
10962,2440,2024-07-03,Personal,1546700,Rejected,Incomplete Documents
10963,2005,2025-07-02,Auto,661200,Pending,
10964,2930,2024-02-06,Auto,371100,Approved,
10965,4042,2024-10-27,Auto,2150100,Approved,
10966,5161,2025-03-03,Personal,393300,Rejected,Low Credit Score
10967,5256,2024-04-08,Personal,1948700,Rejected,Low Credit Score
10968,2640,2023-09-02,Business,2609600,Rejected,High Existing Debt
10969,2887,2024-03-04,Auto,421000,Approved,
10970,2590,2025-08-11,Business,1210200,Rejected,High Existing Debt
10971,3123,2025-02-24,Education,1135100,Approved,
10972,2658,2023-02-17,Auto,613800,Rejected,Incomplete Documents
10973,1553,2023-01-14,Auto,1044100,Pending,
10974,3553,2024-01-26,Business,345700,Approved,
10975,3930,2024-11-08,Auto,1166400,Approved,
10976,5669,2025-12-23,Personal,490600,Approved,
10977,2159,2024-05-09,Personal,415000,Rejected,Low Credit Score
10978,1949,2025-01-15,Business,173000,Rejected,High Existing Debt
10979,4050,2023-09-06,Education,1429700,Rejected,Incomplete Documents
10980,3101,2023-03-22,Auto,267900,Approved,
10981,5324,2024-01-21,Home,520900,Approved,
10982,4937,2024-04-10,Auto,634200,Approved,
10983,4549,2024-05-01,Home,1873200,Approved,
10984,5925,2023-04-16,Personal,384600,Approved,
10985,4421,2023-02-05,Auto,205200,Approved,
10986,5355,2024-11-26,Home,308600,Pending,
10987,2390,2023-05-29,Business,1413100,Rejected,Low Credit Score
10988,4553,2024-07-28,Personal,1945900,Rejected,Incomplete Documents
10989,5045,2024-01-21,Auto,1699200,Approved,
10990,1808,2023-07-21,Home,576800,Rejected,Incomplete Documents
10991,2407,2024-10-16,Auto,144700,Approved,
10992,1618,2024-03-21,Personal,172400,Approved,
10993,1911,2023-09-16,Personal,746400,Approved,
10994,3147,2023-09-11,Personal,454900,Approved,
10995,4486,2024-03-05,Auto,713500,Pending,
10996,5870,2024-12-14,Business,423100,Approved,
10997,1021,2025-11-20,Auto,249400,Approved,
10998,2760,2025-02-17,Home,1664200,Pending,
10999,1852,2023-10-10,Home,237200,Rejected,Low Credit Score
11000,1703,2025-07-30,Personal,1265000,Approved,
11001,3356,2023-03-11,Personal,1455100,Pending,
11002,4877,2023-10-26,Home,350800,Approved,
11003,5853,2025-03-23,Home,1289400,Approved,
11004,5617,2025-03-28,Home,1170300,Approved,
11005,4184,2023-05-21,Auto,341800,Approved,
11006,1724,2025-02-18,Home,453900,Approved,
11007,2283,2024-10-15,Personal,6525200,Approved,
11008,5373,2023-10-30,Auto,3094200,Approved,
11009,5056,2024-07-04,Personal,243500,Rejected,Incomplete Documents
11010,2711,2023-08-01,Business,119900,Rejected,Low Credit Score
11011,4605,2024-02-07,Personal,782300,Rejected,Incomplete Documents
11012,1864,2025-12-20,Home,331200,Approved,
11013,4729,2025-03-30,Personal,1302500,Approved,
11014,2082,2025-10-16,Personal,310900,Approved,
11015,4187,2024-03-15,Business,921700,Approved,
11016,2879,2025-06-28,Home,2148000,Approved,
11017,1313,2023-12-23,Personal,169900,Rejected,Incomplete Documents
11018,5349,2023-04-18,Business,461500,Approved,
11019,2906,2023-05-20,Education,760000,Approved,
11020,4918,2023-08-31,Home,691900,Approved,
11021,4732,2024-08-28,Personal,629000,Rejected,High Existing Debt
11022,4438,2023-12-08,Home,1403300,Rejected,Low Credit Score
11023,1052,2025-09-15,Business,344000,Rejected,Low Credit Score
11024,2783,2023-08-12,Business,347900,Rejected,High Existing Debt
11025,2294,2024-12-16,Business,2996800,Approved,
11026,1935,2025-01-28,Home,588000,Approved,
11027,5692,2025-10-19,Business,139400,Approved,
11028,4532,2025-08-19,Personal,140900,Rejected,Low Credit Score
11029,1499,2025-05-21,Auto,979700,Rejected,Insufficient Income
11030,3160,2024-11-21,Personal,310300,Rejected,High Existing Debt
11031,2036,2024-07-10,Personal,1035200,Approved,
11032,1470,2024-01-19,Personal,869000,Approved,
11033,5835,2024-02-28,Personal,64300,Approved,
11034,4304,2024-01-25,Personal,977600,Approved,
11035,4527,2025-08-04,Business,702000,Approved,
11036,2673,2025-07-31,Personal,584200,Rejected,Insufficient Income
11037,1894,2025-07-07,Business,366600,Rejected,Incomplete Documents
11038,4635,2024-07-05,Personal,121100,Approved,
11039,4222,2024-02-25,Personal,324300,Approved,
11040,1464,2024-11-28,Education,59900,Rejected,Incomplete Documents
11041,2140,2025-07-05,Personal,310800,Rejected,Insufficient Income
11042,1329,2025-07-11,Home,267900,Approved,
11043,4867,2025-06-25,Business,2389700,Approved,
11044,2140,2025-11-17,Business,490600,Approved,
11045,5911,2025-05-01,Auto,305400,Approved,
11046,2010,2023-06-24,Business,1012500,Approved,
11047,1329,2024-07-12,Auto,3177700,Approved,
11048,1475,2024-04-30,Auto,6293500,Rejected,Incomplete Documents
11049,1796,2024-08-27,Education,119200,Approved,
11050,1035,2023-09-02,Home,1112600,Rejected,Incomplete Documents
11051,3411,2024-05-27,Personal,247800,Approved,
11052,1166,2023-02-04,Personal,1444200,Pending,
11053,4680,2023-09-18,Auto,236700,Approved,
11054,3729,2025-12-19,Personal,358100,Approved,
11055,5931,2023-04-10,Personal,2156100,Pending,
11056,1387,2024-11-02,Education,352900,Rejected,High Existing Debt
11057,3637,2025-01-18,Business,873500,Rejected,High Existing Debt
11058,3481,2024-08-29,Personal,2362800,Approved,
11059,4038,2023-02-09,Auto,724400,Approved,
11060,2699,2025-03-20,Personal,501200,Rejected,Low Credit Score
11061,3064,2023-03-15,Business,610100,Approved,
11062,2192,2025-01-04,Personal,1161700,Rejected,Incomplete Documents
11063,5933,2025-06-22,Business,279500,Approved,
11064,4458,2025-05-08,Personal,921900,Rejected,Incomplete Documents
11065,5262,2023-01-29,Personal,1714000,Pending,
11066,5408,2025-04-25,Business,2001600,Approved,
11067,4124,2025-11-12,Personal,733600,Rejected,High Existing Debt
11068,1321,2024-05-30,Home,454700,Rejected,Low Credit Score
11069,5674,2023-09-01,Auto,108700,Rejected,Low Credit Score
11070,4060,2024-06-29,Personal,537300,Rejected,Insufficient Income
11071,5371,2024-09-08,Auto,311200,Approved,
11072,5549,2023-01-27,Home,459800,Approved,
11073,3040,2023-06-08,Auto,218400,Approved,
11074,2300,2024-10-28,Home,525800,Rejected,Insufficient Income
11075,5971,2025-08-13,Home,1038500,Rejected,Insufficient Income
11076,2678,2025-03-15,Home,943100,Approved,
11077,2741,2024-09-24,Business,719500,Approved,
11078,2115,2023-07-14,Personal,563300,Approved,
11079,3979,2024-10-07,Auto,381900,Rejected,High Existing Debt
11080,2465,2025-10-15,Personal,621400,Approved,
11081,5795,2024-05-14,Personal,1770300,Rejected,Incomplete Documents
11082,4664,2024-04-05,Personal,318900,Approved,
11083,2443,2025-06-25,Auto,440000,Approved,
11084,4471,2023-01-27,Education,465500,Approved,
11085,4711,2023-09-02,Personal,151500,Rejected,Incomplete Documents
11086,5979,2023-05-10,Personal,1307800,Approved,
11087,4285,2024-07-20,Auto,147700,Rejected,Low Credit Score
11088,2430,2024-06-05,Personal,1421700,Rejected,Low Credit Score
11089,5969,2025-10-09,Personal,411200,Rejected,Low Credit Score
11090,2255,2023-10-18,Home,2217400,Rejected,Insufficient Income
11091,5887,2024-10-07,Personal,842400,Approved,
11092,1983,2025-09-17,Home,247000,Pending,
11093,1909,2025-02-05,Education,275300,Pending,
11094,1631,2023-07-01,Education,1886800,Approved,
11095,2292,2025-01-03,Personal,293800,Rejected,Low Credit Score
11096,4210,2025-10-02,Personal,1816200,Pending,
11097,1049,2025-04-14,Personal,828300,Pending,
11098,2756,2023-03-23,Home,590700,Approved,
11099,2899,2024-09-23,Education,4347300,Approved,
11100,4107,2023-03-01,Education,4276400,Approved,
11101,3230,2025-02-20,Auto,496800,Approved,
11102,3168,2025-02-22,Education,508200,Rejected,Incomplete Documents
11103,2812,2024-02-25,Auto,1426500,Pending,
11104,3316,2025-09-19,Home,2467800,Approved,
11105,1770,2025-12-20,Auto,1182200,Rejected,Low Credit Score
11106,2500,2025-03-03,Personal,460500,Approved,
11107,1278,2024-07-23,Home,189500,Approved,
11108,1803,2024-08-12,Auto,697300,Rejected,Insufficient Income
11109,4309,2024-02-25,Business,1396400,Rejected,High Existing Debt
11110,2268,2023-05-13,Business,468600,Rejected,Insufficient Income
11111,3903,2025-04-01,Auto,529600,Rejected,Insufficient Income
11112,5881,2025-10-30,Auto,914900,Approved,
11113,1654,2025-12-29,Auto,290700,Approved,
11114,1244,2025-12-16,Auto,376200,Pending,
11115,1928,2024-06-21,Home,648800,Pending,
11116,4233,2024-11-09,Home,489300,Approved,
11117,2600,2023-06-21,Personal,900500,Approved,
11118,2165,2023-11-16,Personal,577600,Pending,
11119,4526,2024-03-07,Education,158300,Rejected,Low Credit Score
11120,2953,2025-12-07,Auto,71100,Approved,
11121,2157,2023-06-23,Auto,1516700,Approved,
11122,5056,2023-12-18,Personal,465400,Rejected,High Existing Debt
11123,3760,2025-09-12,Home,726800,Approved,
11124,3066,2024-02-02,Personal,542800,Approved,
11125,3020,2025-02-03,Home,1243900,Approved,
11126,3970,2024-12-23,Home,268100,Pending,
11127,4924,2023-09-17,Home,1540400,Rejected,Insufficient Income
11128,4943,2024-10-13,Home,3002300,Approved,
11129,2384,2025-09-21,Auto,5649300,Pending,
11130,2876,2024-01-09,Business,173200,Approved,
11131,5973,2024-10-04,Home,1465400,Approved,
11132,2796,2025-10-23,Education,2176500,Approved,
11133,1022,2024-09-28,Auto,253600,Approved,
11134,4967,2023-10-25,Business,258300,Rejected,Incomplete Documents
11135,4538,2024-04-08,Business,250300,Approved,
11136,1201,2025-08-30,Education,873000,Approved,
11137,2289,2023-06-05,Education,2126800,Pending,
11138,4771,2023-04-27,Home,55600,Approved,
11139,4361,2023-04-20,Personal,248200,Pending,
11140,3921,2025-07-01,Auto,414400,Approved,
11141,3311,2024-09-04,Home,683700,Approved,
11142,5513,2024-12-16,Personal,614800,Approved,
11143,3114,2023-02-23,Home,676200,Approved,
11144,2010,2024-06-23,Education,196600,Approved,
11145,4583,2023-08-28,Personal,293800,Approved,
11146,5552,2023-09-13,Education,586000,Approved,
11147,1955,2023-01-25,Personal,1274100,Approved,
11148,2827,2023-09-11,Home,238200,Approved,
11149,3141,2023-04-09,Business,714500,Rejected,Incomplete Documents
11150,5865,2024-12-19,Auto,347800,Approved,
11151,5959,2024-11-19,Auto,185300,Approved,
11152,4368,2025-08-01,Home,499900,Rejected,Incomplete Documents
11153,4367,2024-01-15,Home,783500,Approved,
11154,1532,2025-07-31,Business,334600,Approved,
11155,2377,2024-07-27,Personal,651800,Rejected,Low Credit Score
11156,5311,2024-02-21,Home,184400,Pending,
11157,4125,2024-05-06,Business,3811900,Rejected,High Existing Debt
11158,2164,2023-06-19,Personal,557100,Approved,
11159,2672,2024-08-21,Auto,1252800,Rejected,Low Credit Score
11160,1448,2024-06-22,Personal,531200,Pending,
11161,3729,2023-08-18,Business,791100,Approved,
11162,1879,2023-01-08,Personal,815500,Approved,
11163,2658,2023-07-09,Personal,884400,Approved,
11164,1026,2024-01-07,Home,611900,Rejected,Insufficient Income
11165,4799,2025-07-22,Auto,627300,Approved,
11166,2574,2025-06-01,Personal,625500,Approved,
11167,1197,2025-10-24,Business,276200,Approved,
11168,5208,2025-12-13,Home,978800,Approved,
11169,2679,2024-03-28,Personal,544400,Rejected,Incomplete Documents
11170,2981,2023-05-26,Personal,937900,Approved,
11171,2844,2025-07-29,Auto,153200,Approved,
11172,5478,2025-02-24,Home,902800,Approved,
11173,4219,2025-06-22,Business,831000,Approved,
11174,5474,2025-11-18,Auto,1109700,Approved,
11175,3829,2025-04-01,Personal,1150700,Rejected,Incomplete Documents
11176,4287,2025-04-15,Personal,762300,Approved,
11177,3002,2025-08-01,Personal,342900,Approved,
11178,1023,2024-12-16,Auto,448200,Approved,
11179,5432,2025-02-23,Auto,260200,Rejected,High Existing Debt
11180,2214,2024-05-23,Personal,358900,Approved,
11181,3329,2023-11-13,Home,878300,Approved,
11182,3139,2023-06-29,Home,144700,Approved,
11183,1493,2024-07-07,Business,837000,Approved,
11184,5580,2025-05-28,Auto,581800,Approved,
11185,5236,2025-03-01,Auto,217500,Rejected,High Existing Debt
11186,2487,2024-11-30,Personal,473100,Approved,
11187,4092,2024-05-02,Auto,427100,Rejected,High Existing Debt
11188,2621,2025-12-02,Education,1060600,Approved,
11189,2637,2024-03-18,Personal,790800,Approved,
11190,1939,2023-07-21,Home,303400,Approved,
11191,1924,2023-08-09,Personal,364300,Rejected,Low Credit Score
11192,4994,2024-09-23,Education,726200,Approved,
11193,5121,2025-04-07,Auto,2069800,Approved,
11194,2492,2024-01-23,Business,495900,Approved,
11195,2426,2025-09-17,Personal,622100,Pending,
11196,1168,2025-09-14,Personal,192900,Rejected,High Existing Debt
11197,2367,2025-10-24,Home,490900,Rejected,Insufficient Income
11198,4775,2024-01-23,Home,255600,Rejected,Incomplete Documents
11199,3459,2023-06-10,Personal,1985900,Approved,
11200,1140,2024-10-15,Home,173000,Approved,
11201,2286,2024-05-10,Auto,171400,Rejected,Low Credit Score
11202,1506,2025-06-23,Business,1137400,Rejected,Low Credit Score
11203,1838,2025-04-11,Home,741400,Approved,
11204,1940,2023-07-09,Personal,882400,Approved,
11205,5309,2023-03-30,Personal,688400,Rejected,Incomplete Documents
11206,1559,2024-05-08,Home,1005700,Approved,
11207,3084,2023-09-18,Home,788900,Approved,
11208,2068,2025-05-27,Personal,877800,Rejected,Low Credit Score
11209,1407,2025-11-02,Business,1245400,Approved,
11210,5183,2023-09-07,Auto,284500,Approved,
11211,4107,2024-08-18,Home,214400,Approved,
11212,1721,2023-04-01,Education,843800,Rejected,High Existing Debt
11213,5262,2024-11-04,Business,480200,Approved,
11214,4586,2024-01-29,Education,304500,Approved,
11215,1879,2024-02-26,Education,2092600,Approved,
11216,3495,2023-07-05,Education,3965300,Approved,
11217,2502,2025-09-02,Home,61300,Approved,
11218,5631,2024-03-23,Auto,79300,Approved,
11219,4098,2024-10-21,Home,876000,Approved,
11220,1030,2023-02-09,Personal,60200,Rejected,Low Credit Score
11221,3835,2023-06-01,Personal,1720900,Approved,
11222,1679,2023-11-10,Personal,1838100,Approved,
11223,1224,2024-09-21,Personal,582200,Approved,
11224,3154,2023-06-27,Education,687000,Approved,
11225,5157,2025-02-20,Auto,424400,Rejected,Insufficient Income
11226,2487,2023-01-19,Auto,313400,Rejected,Incomplete Documents
11227,5182,2025-11-19,Education,302300,Rejected,Low Credit Score
11228,4560,2023-09-29,Home,1224300,Approved,
11229,5731,2023-01-22,Personal,934200,Approved,
11230,4467,2025-04-17,Business,949700,Approved,
11231,5449,2024-09-12,Auto,2863400,Pending,
11232,4800,2025-07-27,Business,486800,Approved,
11233,2448,2024-05-03,Personal,1066500,Approved,
11234,5275,2024-02-07,Education,1290100,Approved,
11235,1582,2024-05-31,Personal,263700,Approved,
11236,2950,2024-08-05,Business,376400,Approved,
11237,5510,2024-02-03,Personal,534400,Rejected,High Existing Debt
11238,1206,2024-09-21,Personal,271100,Approved,
11239,1950,2025-10-25,Auto,663600,Approved,
11240,1775,2024-03-13,Education,523600,Approved,
11241,2091,2023-11-13,Home,189800,Rejected,Low Credit Score
11242,1479,2023-05-05,Home,724500,Approved,
11243,2162,2025-06-12,Home,723300,Approved,
11244,1225,2023-03-17,Business,480300,Approved,
11245,2085,2025-08-23,Education,897900,Approved,
11246,4961,2025-03-03,Auto,1000000,Pending,
11247,2317,2023-12-13,Business,190000,Approved,
11248,1015,2025-07-29,Auto,297000,Approved,
11249,1050,2023-05-10,Auto,73500,Approved,
11250,4498,2024-10-23,Business,4578000,Pending,
11251,1964,2024-12-01,Personal,131500,Rejected,Low Credit Score
11252,1123,2025-10-12,Home,2822500,Approved,
11253,5758,2024-04-29,Auto,814600,Rejected,Incomplete Documents
11254,2919,2024-07-31,Home,170200,Rejected,Incomplete Documents
11255,1671,2024-10-27,Personal,1332500,Approved,
11256,4044,2024-07-05,Education,645700,Approved,
11257,3301,2023-10-27,Education,1884000,Approved,
11258,4273,2023-10-19,Personal,1065400,Pending,
11259,2820,2025-08-09,Home,1856400,Approved,
11260,3768,2025-07-23,Personal,464900,Approved,
11261,3552,2025-09-11,Personal,692100,Approved,
11262,1846,2025-06-27,Education,1978400,Rejected,Low Credit Score
11263,5096,2025-09-22,Business,326900,Approved,
11264,1559,2025-02-18,Auto,857700,Rejected,Low Credit Score
11265,3675,2024-06-16,Home,306200,Rejected,Incomplete Documents
11266,2944,2023-03-28,Home,1059700,Rejected,High Existing Debt
11267,1589,2025-02-19,Personal,550300,Rejected,Insufficient Income
11268,2354,2024-07-11,Auto,703500,Rejected,Insufficient Income
11269,5443,2024-09-15,Home,2019800,Approved,
11270,2590,2024-03-16,Personal,517200,Approved,
11271,1059,2023-05-12,Business,777600,Approved,
11272,3080,2025-07-24,Education,1507900,Approved,
11273,4716,2023-02-22,Education,447800,Rejected,Insufficient Income
11274,1208,2023-02-08,Education,453100,Rejected,Insufficient Income
11275,3386,2023-12-04,Auto,173600,Rejected,Low Credit Score
11276,4285,2024-01-29,Personal,511500,Approved,
11277,1310,2025-10-16,Education,1668000,Approved,
11278,2662,2023-02-20,Auto,352400,Rejected,Low Credit Score
11279,3186,2025-06-04,Home,450800,Approved,
11280,3439,2024-12-19,Business,338000,Pending,
11281,2781,2023-11-11,Business,174300,Approved,
11282,5801,2023-04-25,Personal,375400,Approved,
11283,2889,2025-04-24,Education,468300,Rejected,Incomplete Documents
11284,5558,2025-11-06,Auto,3139000,Pending,
11285,2671,2025-10-17,Auto,522100,Rejected,High Existing Debt
11286,5014,2025-04-12,Home,884400,Approved,
11287,4139,2023-09-14,Personal,669700,Pending,
11288,3635,2024-06-06,Auto,1190300,Approved,
11289,3312,2024-08-01,Business,147000,Rejected,Insufficient Income
11290,2626,2025-04-02,Auto,736900,Pending,
11291,4686,2025-11-30,Education,529500,Approved,
11292,5701,2024-09-08,Business,816600,Approved,
11293,4084,2023-10-08,Auto,1125600,Approved,
11294,5690,2023-09-13,Education,641400,Rejected,High Existing Debt
11295,3041,2023-08-05,Personal,398800,Approved,
11296,3219,2024-03-25,Personal,1269000,Rejected,Insufficient Income
11297,4306,2025-08-08,Personal,1027200,Approved,
11298,2328,2024-10-19,Home,1486900,Approved,
11299,2530,2025-02-22,Business,595700,Approved,
11300,1557,2024-12-14,Personal,374000,Rejected,Low Credit Score
11301,4460,2024-05-17,Personal,3121400,Approved,
11302,2466,2024-11-04,Auto,268300,Approved,
11303,1894,2024-01-11,Personal,1550100,Approved,
11304,4946,2023-03-01,Personal,1537600,Approved,
11305,1195,2024-08-10,Business,1079700,Approved,
11306,5252,2024-07-05,Education,569200,Approved,
11307,5206,2024-10-18,Home,720700,Rejected,Low Credit Score
11308,4531,2025-04-03,Personal,353800,Pending,
11309,2701,2025-12-31,Home,154000,Approved,
11310,3109,2025-12-24,Personal,440300,Rejected,High Existing Debt
11311,5064,2025-11-21,Home,540900,Approved,
11312,5733,2025-06-29,Personal,220000,Pending,
11313,4891,2023-09-07,Personal,240800,Approved,
11314,5693,2023-03-15,Home,318600,Rejected,High Existing Debt
11315,5084,2024-06-03,Business,637200,Rejected,Insufficient Income
11316,4818,2025-02-22,Personal,1180300,Approved,
11317,2067,2025-02-17,Business,657900,Approved,
11318,1987,2023-10-06,Home,4283500,Approved,
11319,1284,2025-08-09,Education,492700,Rejected,High Existing Debt
11320,1763,2025-04-03,Business,607800,Pending,
11321,4239,2025-10-14,Business,1970700,Rejected,High Existing Debt
11322,1579,2025-03-17,Home,426600,Approved,
11323,1719,2024-10-09,Personal,508200,Approved,
11324,1836,2024-10-06,Education,553800,Approved,
11325,3596,2025-02-11,Personal,1276600,Approved,
11326,1383,2024-06-14,Education,736100,Rejected,High Existing Debt
11327,1791,2024-01-16,Business,544800,Approved,
11328,1447,2023-03-02,Education,880300,Approved,
11329,2989,2023-07-07,Education,295000,Approved,
11330,4759,2024-01-21,Auto,1081600,Rejected,High Existing Debt
11331,4595,2024-05-17,Personal,1761200,Approved,
11332,3936,2023-06-27,Education,1773400,Pending,
11333,2555,2025-08-16,Home,405900,Approved,
11334,4262,2023-04-24,Business,125800,Approved,
11335,3120,2023-07-27,Education,2991900,Approved,
11336,5395,2024-03-30,Education,247600,Rejected,Low Credit Score
11337,4147,2024-06-13,Auto,630600,Approved,
11338,4965,2025-05-25,Home,841400,Approved,
11339,1649,2024-08-24,Business,97900,Approved,
11340,5377,2025-06-22,Personal,986000,Approved,
11341,5558,2025-12-23,Personal,1337700,Approved,
11342,5383,2024-10-15,Business,905800,Pending,
11343,1653,2023-03-19,Home,486600,Approved,
11344,1833,2024-08-25,Business,433500,Approved,
11345,1201,2023-02-04,Personal,297500,Approved,
11346,2512,2024-09-07,Home,702000,Approved,
11347,3589,2024-08-10,Personal,462400,Approved,
11348,1095,2024-03-02,Auto,86400,Approved,
11349,1131,2023-05-11,Auto,669100,Approved,
11350,4831,2024-04-01,Business,2099600,Approved,
11351,4619,2025-08-14,Personal,238000,Approved,
11352,1114,2023-10-06,Personal,438100,Approved,
11353,4162,2023-09-17,Home,649100,Approved,
11354,3846,2024-08-30,Auto,164800,Rejected,Low Credit Score
11355,3647,2025-10-24,Business,411600,Rejected,Incomplete Documents
11356,2246,2023-08-06,Personal,1871800,Rejected,Incomplete Documents
11357,2291,2025-05-08,Home,354500,Approved,
11358,4589,2025-04-27,Personal,183700,Approved,
11359,1699,2023-10-13,Business,625800,Rejected,Insufficient Income
11360,3296,2023-02-17,Business,326500,Approved,
11361,5659,2024-04-14,Home,1211200,Rejected,High Existing Debt
11362,2601,2025-09-22,Education,1489800,Pending,
11363,4268,2023-03-07,Home,155800,Pending,
11364,2210,2023-08-18,Business,3569500,Approved,
11365,1486,2025-01-25,Personal,268100,Rejected,Low Credit Score
11366,1677,2023-01-12,Business,341300,Pending,
11367,5231,2024-09-04,Home,455000,Approved,
11368,2023,2024-11-16,Home,1299400,Approved,
11369,1572,2023-08-30,Business,2936800,Approved,
11370,1801,2023-08-01,Education,407700,Approved,
11371,3739,2025-05-23,Home,985600,Approved,
11372,1123,2023-12-07,Business,1860300,Approved,
11373,2870,2025-11-26,Business,324600,Rejected,Low Credit Score
11374,1932,2024-03-20,Personal,535700,Approved,
11375,1806,2023-11-23,Home,1576200,Rejected,Incomplete Documents
11376,2847,2024-04-19,Personal,819300,Rejected,Insufficient Income
11377,4882,2024-07-12,Auto,532900,Approved,
11378,3479,2024-06-12,Home,415700,Approved,
11379,4987,2025-06-24,Business,757200,Approved,
11380,4944,2025-08-28,Education,139900,Approved,
11381,2111,2025-08-12,Home,497300,Approved,
11382,2616,2025-02-24,Home,689000,Approved,
11383,2433,2024-12-06,Personal,755300,Approved,
11384,2498,2024-02-23,Business,841100,Approved,
11385,2917,2024-05-29,Education,402300,Approved,
11386,1085,2024-12-11,Business,720700,Approved,
11387,3834,2025-11-24,Personal,301600,Rejected,High Existing Debt
11388,2647,2024-08-11,Business,916000,Approved,
11389,3408,2024-09-05,Personal,410200,Approved,
11390,2809,2024-03-25,Auto,2642900,Approved,
11391,4072,2024-07-31,Home,723600,Rejected,Insufficient Income
11392,5407,2023-02-20,Personal,229900,Pending,
11393,1310,2024-09-27,Education,336000,Approved,
11394,4996,2024-12-12,Personal,1488400,Pending,
11395,4177,2023-06-16,Home,263200,Approved,
11396,4071,2023-06-24,Education,98800,Approved,
11397,2448,2023-01-22,Home,1083900,Approved,
11398,5348,2025-09-09,Home,1543100,Approved,
11399,5913,2025-04-24,Auto,81000,Rejected,High Existing Debt
11400,5314,2023-09-02,Auto,2901200,Approved,
11401,3719,2023-05-17,Personal,454100,Approved,
11402,1076,2023-10-31,Home,137700,Approved,
11403,4859,2023-03-31,Education,465500,Rejected,Low Credit Score
11404,4705,2024-01-17,Auto,2294500,Approved,
11405,1357,2023-06-16,Auto,91200,Approved,
11406,2994,2025-11-13,Home,793000,Approved,
11407,4004,2025-09-30,Home,2562800,Rejected,High Existing Debt
11408,3366,2025-05-11,Auto,553300,Approved,
11409,2122,2023-04-05,Auto,595700,Approved,
11410,3832,2024-04-02,Home,1258400,Rejected,Low Credit Score
11411,1105,2024-06-13,Personal,871600,Rejected,Low Credit Score
11412,2767,2024-09-12,Personal,371600,Approved,
11413,4039,2025-06-14,Auto,1199300,Pending,
11414,3762,2023-11-16,Education,1662900,Rejected,Insufficient Income
11415,4042,2024-11-22,Home,124600,Approved,
11416,5700,2023-10-19,Auto,1244100,Approved,
11417,5089,2024-12-02,Personal,195900,Pending,
11418,2547,2023-10-31,Home,541800,Approved,
11419,2487,2024-07-22,Personal,309200,Approved,
11420,5659,2023-09-01,Home,283200,Rejected,Incomplete Documents
11421,1517,2025-05-08,Auto,1890400,Pending,
11422,5400,2024-02-29,Business,1077100,Approved,
11423,4029,2025-01-02,Education,1917700,Approved,
11424,5895,2023-03-29,Business,281900,Approved,
11425,5487,2025-12-21,Home,1387700,Approved,
11426,3915,2024-02-17,Home,2017700,Approved,
11427,1296,2024-07-04,Home,617300,Approved,
11428,2989,2024-08-16,Auto,314800,Rejected,Low Credit Score
11429,4470,2023-01-10,Education,517500,Rejected,High Existing Debt
11430,5578,2025-12-15,Home,238800,Rejected,Incomplete Documents
11431,5946,2023-09-25,Personal,455100,Approved,
11432,4889,2024-01-21,Auto,460600,Approved,
11433,1145,2024-08-07,Business,132100,Approved,
11434,4798,2025-11-06,Business,994900,Approved,
11435,4033,2023-02-04,Home,305200,Approved,
11436,3256,2024-12-10,Home,1257900,Rejected,High Existing Debt
11437,1446,2025-09-29,Business,1429400,Approved,
11438,5510,2025-03-13,Home,126900,Approved,
11439,3871,2024-04-07,Auto,1103000,Approved,
11440,1545,2023-07-19,Home,1045000,Approved,
11441,4717,2023-10-17,Auto,1564700,Approved,
11442,2155,2025-10-31,Home,891600,Approved,
11443,5799,2023-01-10,Home,83900,Approved,
11444,5006,2025-06-04,Personal,210200,Approved,
11445,4853,2023-06-28,Personal,373600,Approved,
11446,5852,2024-09-11,Personal,307200,Pending,
11447,3718,2024-05-28,Education,272800,Approved,
11448,3866,2025-02-08,Home,501200,Approved,
11449,5390,2023-05-13,Home,1026400,Approved,
11450,2467,2025-07-17,Auto,2128600,Approved,
11451,1095,2023-11-21,Business,1722000,Rejected,Low Credit Score
11452,5856,2024-07-15,Home,1046400,Approved,
11453,1258,2023-06-18,Home,967800,Approved,
11454,3256,2025-08-27,Personal,606500,Rejected,Incomplete Documents
11455,5490,2025-03-21,Auto,616100,Approved,
11456,5830,2025-03-27,Education,362800,Approved,
11457,1980,2024-05-23,Business,179800,Approved,
11458,5586,2023-05-26,Education,378400,Pending,
11459,1456,2025-04-28,Home,454800,Approved,
11460,3018,2025-10-12,Home,1265800,Approved,
11461,1173,2025-09-19,Personal,1558100,Rejected,High Existing Debt
11462,1583,2024-02-13,Business,205600,Pending,
11463,3746,2025-08-08,Auto,531900,Approved,
11464,2358,2025-03-25,Business,345100,Approved,
11465,5897,2025-09-07,Personal,485700,Approved,
11466,5959,2025-09-03,Business,53800,Approved,
11467,5826,2024-08-27,Auto,50000,Approved,
11468,5478,2023-03-08,Business,566500,Approved,
11469,3995,2024-12-11,Business,1117500,Pending,
11470,5108,2025-08-17,Personal,1165400,Approved,
11471,1449,2025-07-27,Business,291900,Rejected,Incomplete Documents
11472,1188,2024-02-25,Business,1699700,Approved,
11473,5076,2023-12-07,Auto,673900,Approved,
11474,4348,2023-06-29,Personal,1172300,Approved,
11475,5338,2025-10-16,Personal,867300,Approved,
11476,5554,2025-04-19,Education,1344400,Approved,
11477,4447,2024-01-21,Personal,313900,Approved,
11478,4575,2023-08-31,Personal,355000,Approved,
11479,3822,2023-05-18,Personal,238800,Rejected,High Existing Debt
11480,2093,2024-08-15,Business,221300,Pending,
11481,5735,2023-05-06,Auto,304600,Approved,
11482,4197,2023-09-15,Personal,347400,Rejected,Low Credit Score
11483,2126,2024-07-07,Home,3931500,Approved,
11484,4798,2024-08-29,Personal,2623500,Rejected,High Existing Debt
11485,4222,2024-10-26,Personal,1064300,Pending,
11486,5607,2023-06-19,Education,366800,Approved,
11487,4478,2024-11-07,Personal,605100,Approved,
11488,4068,2023-12-27,Business,2578400,Pending,
11489,2420,2025-09-28,Home,453700,Approved,
11490,5799,2024-07-02,Personal,180400,Approved,
11491,5723,2024-12-11,Home,6488700,Approved,
11492,4707,2023-05-14,Personal,711600,Approved,
11493,5336,2024-01-05,Personal,4552500,Approved,
11494,5542,2025-05-12,Business,680100,Rejected,Low Credit Score
11495,3107,2023-06-23,Personal,727900,Pending,
11496,4979,2025-12-05,Home,1682800,Pending,
11497,2650,2024-02-24,Business,685900,Approved,
11498,3642,2023-10-24,Home,718700,Rejected,Insufficient Income
11499,3774,2025-05-15,Education,1699900,Rejected,Incomplete Documents
11500,4841,2025-04-14,Home,3149600,Rejected,Incomplete Documents
11501,1324,2025-03-01,Business,1479800,Approved,
11502,2539,2023-11-13,Home,510600,Approved,
11503,1456,2025-01-02,Business,449900,Approved,
11504,2362,2023-01-30,Personal,569600,Approved,
11505,2814,2025-11-10,Personal,758400,Rejected,Insufficient Income
11506,1613,2023-05-24,Auto,439500,Pending,
11507,5688,2025-04-09,Personal,699600,Pending,
11508,4205,2024-07-25,Personal,1711000,Rejected,Incomplete Documents
11509,3540,2024-09-18,Home,399200,Rejected,High Existing Debt
11510,5611,2025-01-28,Personal,1131500,Approved,
11511,2015,2025-07-10,Auto,278000,Approved,
11512,4336,2023-12-28,Home,394500,Approved,
11513,2493,2024-06-14,Auto,1557700,Rejected,Insufficient Income
11514,2076,2024-06-09,Personal,1952900,Approved,
11515,4227,2023-03-04,Personal,189000,Approved,
11516,3425,2025-03-21,Auto,2983000,Approved,
11517,3262,2023-07-14,Personal,903200,Approved,
11518,4558,2024-11-13,Home,78700,Rejected,Insufficient Income
11519,3616,2025-05-02,Business,225800,Approved,
11520,2326,2025-11-14,Business,1360600,Rejected,Incomplete Documents
11521,1033,2023-03-15,Personal,1191700,Rejected,Insufficient Income
11522,2631,2023-07-29,Home,1171900,Rejected,Incomplete Documents
11523,3844,2023-08-13,Home,54400,Approved,
11524,3398,2024-02-23,Personal,615200,Pending,
11525,4693,2024-02-13,Home,430900,Rejected,Low Credit Score
11526,3739,2023-05-11,Personal,602100,Approved,
11527,5800,2025-08-04,Home,305100,Approved,
11528,3468,2023-06-27,Education,86400,Rejected,Insufficient Income
11529,1493,2023-10-18,Personal,50000,Pending,
11530,1733,2025-08-08,Personal,1032900,Approved,
11531,1270,2023-05-26,Home,315200,Rejected,Low Credit Score
11532,5297,2025-08-04,Auto,298500,Rejected,Low Credit Score
11533,3872,2025-11-19,Education,891900,Approved,
11534,4563,2023-02-09,Personal,642500,Rejected,Incomplete Documents
11535,5310,2025-11-19,Auto,600400,Rejected,Incomplete Documents
11536,4708,2024-08-24,Auto,2237500,Approved,
11537,3190,2025-04-12,Auto,2947000,Approved,
11538,2562,2025-12-31,Auto,2943000,Rejected,Insufficient Income
11539,1744,2025-11-01,Education,239800,Approved,
11540,2373,2023-03-19,Education,1868500,Approved,
11541,3280,2024-01-29,Auto,212500,Approved,
11542,3491,2025-11-26,Business,1262600,Approved,
11543,1313,2023-10-12,Education,305000,Approved,
11544,1201,2024-12-28,Business,660600,Approved,
11545,4340,2025-07-20,Personal,851000,Rejected,High Existing Debt
11546,1003,2024-08-13,Auto,713500,Rejected,Incomplete Documents
11547,5449,2023-12-31,Business,1243100,Rejected,High Existing Debt
11548,1137,2025-03-12,Personal,670100,Approved,
11549,3097,2024-08-07,Business,326700,Rejected,Low Credit Score
11550,2196,2023-06-12,Auto,403800,Approved,
11551,2180,2025-03-05,Education,382800,Rejected,Insufficient Income
11552,2021,2023-10-01,Business,586700,Approved,
11553,2965,2024-10-19,Personal,702000,Approved,
11554,2805,2024-10-28,Auto,311800,Approved,
11555,3863,2025-01-04,Personal,304900,Rejected,Insufficient Income
11556,1050,2024-05-19,Personal,879300,Approved,
11557,5871,2024-01-10,Personal,1582300,Approved,
11558,1805,2025-01-05,Personal,364000,Approved,
11559,1416,2025-12-04,Home,720000,Rejected,High Existing Debt
11560,4499,2025-10-14,Auto,521800,Approved,
11561,3627,2023-09-09,Education,3773400,Approved,
11562,2639,2025-11-05,Personal,2018200,Approved,
11563,1795,2023-11-24,Home,306000,Approved,
11564,3022,2024-10-17,Personal,477600,Approved,
11565,1563,2025-04-02,Education,547100,Rejected,High Existing Debt
11566,3736,2025-03-25,Home,310600,Approved,
11567,5339,2023-03-14,Auto,287900,Approved,
11568,3229,2024-09-14,Education,1436400,Approved,
11569,4304,2024-01-30,Education,78700,Rejected,Low Credit Score
11570,1778,2025-05-12,Business,581300,Approved,
11571,5702,2024-03-12,Education,1215200,Approved,
11572,4056,2024-09-24,Home,2364400,Approved,
11573,4327,2025-05-08,Personal,1467800,Approved,
11574,1086,2023-07-18,Home,163700,Rejected,High Existing Debt
11575,5191,2024-12-27,Personal,1046000,Approved,
11576,1046,2023-12-22,Auto,3610700,Rejected,Incomplete Documents
11577,3084,2025-11-11,Personal,271000,Approved,
11578,1010,2024-07-23,Home,338800,Approved,
11579,4316,2025-10-07,Auto,587300,Approved,
11580,3940,2024-04-13,Home,1023400,Approved,
11581,2051,2023-11-24,Business,1750700,Rejected,Low Credit Score
11582,1591,2024-09-17,Auto,526900,Approved,
11583,4723,2024-07-20,Education,1790800,Approved,
11584,1032,2024-01-02,Education,394400,Approved,
11585,4732,2023-06-29,Auto,169300,Rejected,High Existing Debt
11586,5142,2024-01-28,Auto,806200,Approved,
11587,1572,2025-09-01,Education,579500,Approved,
11588,1017,2025-09-29,Personal,593500,Pending,
11589,5281,2023-07-04,Home,1130300,Rejected,Incomplete Documents
11590,3835,2023-04-29,Business,549900,Rejected,Low Credit Score
11591,2541,2023-11-25,Home,1623300,Rejected,High Existing Debt
11592,3642,2025-04-25,Home,3237100,Approved,
11593,5049,2025-07-14,Business,1073000,Approved,
11594,2079,2025-05-29,Personal,1435200,Pending,
11595,2386,2023-03-25,Personal,74100,Rejected,High Existing Debt
11596,3975,2025-10-03,Business,1026100,Approved,
11597,1131,2024-03-13,Business,657300,Pending,
11598,3546,2024-10-24,Personal,419100,Rejected,Low Credit Score
11599,3424,2024-11-28,Business,130400,Rejected,Low Credit Score
11600,5741,2023-11-20,Home,980700,Rejected,Incomplete Documents
11601,4136,2025-09-11,Business,280000,Approved,
11602,5575,2023-07-09,Personal,179500,Approved,
11603,2342,2025-09-05,Personal,2569900,Rejected,Insufficient Income
11604,5946,2024-07-25,Personal,399400,Pending,
11605,5568,2024-02-25,Personal,204900,Approved,
11606,1794,2025-03-12,Personal,623100,Approved,
11607,4807,2025-03-13,Business,572400,Approved,
11608,4545,2024-10-22,Home,1456500,Approved,
11609,4616,2023-10-06,Personal,744100,Pending,
11610,5091,2024-07-06,Personal,1278900,Approved,
11611,3535,2023-09-12,Home,111700,Rejected,Insufficient Income
11612,3857,2024-04-21,Business,1209700,Approved,
11613,1654,2024-04-08,Personal,1776100,Approved,
11614,5443,2024-05-19,Personal,358800,Rejected,Insufficient Income
11615,4542,2023-07-21,Business,1151300,Approved,
11616,4975,2024-04-09,Personal,160700,Approved,
11617,4105,2024-06-17,Personal,1491200,Approved,
11618,3411,2025-11-29,Home,235300,Approved,
11619,4610,2023-06-21,Auto,1378300,Approved,
11620,5146,2023-08-19,Business,321400,Approved,
11621,1682,2023-08-25,Home,464300,Approved,
11622,2119,2024-08-17,Personal,279500,Pending,
11623,5315,2023-01-10,Auto,1197100,Approved,
11624,5477,2023-03-25,Home,555800,Rejected,Incomplete Documents
11625,5749,2025-07-08,Home,156300,Rejected,Incomplete Documents
11626,3975,2024-01-14,Home,642300,Approved,
11627,2303,2025-12-04,Home,699100,Approved,
11628,2901,2024-09-28,Personal,205500,Approved,
11629,2083,2024-05-16,Personal,717400,Approved,
11630,1442,2024-09-07,Personal,971600,Approved,
11631,4856,2023-02-09,Personal,111300,Rejected,Incomplete Documents
11632,2831,2024-12-10,Home,192200,Approved,
11633,4784,2025-09-19,Auto,741900,Approved,
11634,3642,2023-08-28,Education,806000,Rejected,High Existing Debt
11635,3298,2024-07-15,Home,524900,Rejected,Low Credit Score
11636,2883,2023-06-06,Home,1594000,Approved,
11637,2801,2025-08-11,Personal,296900,Rejected,High Existing Debt
11638,4164,2025-02-11,Personal,951700,Approved,
11639,4350,2024-05-30,Personal,324800,Rejected,Incomplete Documents
11640,5683,2024-06-02,Home,5017800,Pending,
11641,2009,2025-09-02,Home,998300,Approved,
11642,2038,2024-08-09,Personal,153600,Approved,
11643,5823,2023-07-06,Education,3333700,Approved,
11644,2103,2025-04-16,Home,113700,Rejected,Insufficient Income
11645,1434,2025-06-05,Personal,1519400,Rejected,Insufficient Income
11646,4717,2024-08-23,Home,255500,Approved,
11647,1477,2023-01-30,Auto,1922000,Approved,
11648,3785,2024-02-08,Personal,456800,Approved,
11649,5336,2025-09-16,Personal,168600,Approved,
11650,4934,2025-12-26,Business,1024300,Approved,
11651,4214,2024-07-26,Auto,190900,Approved,
11652,4311,2023-03-20,Education,255300,Pending,
11653,4564,2025-08-13,Auto,230000,Approved,
11654,5625,2025-04-25,Business,397900,Approved,
11655,4081,2025-03-28,Auto,338000,Approved,
11656,1384,2023-01-15,Home,581700,Rejected,Incomplete Documents
11657,1867,2025-12-10,Auto,266100,Approved,
11658,1863,2024-12-21,Education,110600,Rejected,Low Credit Score
11659,1268,2025-12-25,Business,969800,Rejected,High Existing Debt
11660,4949,2025-11-15,Auto,851300,Pending,
11661,2346,2025-03-16,Education,566300,Approved,
11662,4490,2025-09-29,Auto,623100,Approved,
11663,4621,2025-06-11,Education,1368800,Approved,
11664,1990,2025-05-09,Auto,876400,Rejected,Insufficient Income
11665,5679,2025-01-16,Personal,1163400,Approved,
11666,5625,2025-12-14,Home,627000,Approved,
11667,4990,2024-10-10,Auto,1614400,Pending,
11668,4290,2025-10-16,Education,1242500,Approved,
11669,2814,2025-02-22,Education,122500,Approved,
11670,4368,2025-11-13,Home,212300,Approved,
11671,4821,2023-08-02,Home,241100,Rejected,Low Credit Score
11672,1918,2025-02-26,Home,798200,Approved,
11673,4176,2023-03-03,Education,1828900,Rejected,High Existing Debt
11674,3569,2023-02-21,Auto,694300,Pending,
11675,5372,2025-12-11,Auto,1069500,Approved,
11676,5219,2023-10-26,Home,54700,Rejected,Insufficient Income
11677,5563,2024-08-30,Home,950800,Approved,
11678,2372,2024-10-11,Education,312600,Rejected,High Existing Debt
11679,4709,2023-11-18,Education,2856900,Approved,
11680,4967,2023-11-23,Personal,3864900,Approved,
11681,2607,2024-09-04,Education,631400,Approved,
11682,4011,2023-01-15,Personal,580200,Approved,
11683,5270,2023-11-27,Education,793600,Approved,
11684,2887,2024-08-18,Home,546000,Approved,
11685,2517,2025-11-30,Personal,1146700,Pending,
11686,3880,2023-03-01,Education,464400,Approved,
11687,1161,2023-10-16,Personal,316700,Approved,
11688,3863,2025-03-30,Home,653700,Approved,
11689,1325,2024-04-12,Home,536700,Approved,
11690,1638,2024-01-13,Business,812100,Approved,
11691,1285,2023-07-11,Auto,767000,Approved,
11692,5283,2024-01-29,Home,1940400,Approved,
11693,3043,2023-12-18,Auto,357400,Approved,
11694,4610,2024-09-03,Auto,415100,Approved,
11695,1085,2023-11-11,Personal,760000,Approved,
11696,1738,2024-07-23,Auto,148500,Approved,
11697,5069,2023-08-05,Home,123100,Pending,
11698,5785,2023-01-09,Personal,634400,Rejected,High Existing Debt
11699,4119,2025-08-02,Home,407300,Approved,
11700,2488,2023-03-22,Business,246600,Approved,
11701,4437,2024-04-16,Business,612200,Rejected,Low Credit Score
11702,1704,2025-02-01,Home,197100,Approved,
11703,5270,2024-07-16,Auto,138400,Approved,
11704,1725,2024-03-04,Education,89200,Approved,
11705,1091,2025-12-26,Personal,412100,Approved,
11706,2770,2024-01-05,Education,481200,Approved,
11707,1677,2023-12-27,Personal,844000,Rejected,High Existing Debt
11708,2347,2025-08-14,Education,638400,Approved,
11709,3228,2023-06-27,Education,1177700,Approved,
11710,5205,2024-10-15,Auto,804600,Rejected,Insufficient Income
11711,5797,2024-10-11,Personal,473300,Approved,
11712,3375,2024-01-25,Personal,2416800,Rejected,Low Credit Score
11713,2757,2025-02-09,Personal,560200,Pending,
11714,4523,2024-01-21,Personal,1931200,Approved,
11715,5781,2025-04-23,Home,555700,Approved,
11716,1681,2025-08-05,Personal,296100,Rejected,Incomplete Documents
11717,2292,2023-05-21,Auto,723300,Rejected,Low Credit Score
11718,5367,2024-06-27,Business,3917100,Approved,
11719,3686,2025-07-09,Personal,808000,Approved,
11720,2783,2024-05-13,Personal,3849100,Approved,
11721,3552,2025-07-02,Auto,5038900,Approved,
11722,3320,2023-05-18,Business,373400,Approved,
11723,5355,2024-10-12,Personal,107600,Rejected,Low Credit Score
11724,1238,2024-08-20,Home,436700,Rejected,Insufficient Income
11725,5503,2023-06-07,Personal,199300,Approved,
11726,1304,2023-01-06,Home,402500,Rejected,Insufficient Income
11727,2627,2024-08-12,Auto,1134900,Approved,
11728,2254,2023-02-27,Business,1033800,Approved,
11729,3351,2025-09-25,Home,471600,Approved,
11730,1927,2025-06-10,Home,2784800,Rejected,Low Credit Score
11731,2999,2023-05-27,Auto,1151200,Rejected,Incomplete Documents
11732,2443,2025-08-14,Education,1137300,Pending,
11733,5260,2025-04-09,Personal,163900,Rejected,Insufficient Income
11734,3402,2025-09-08,Education,1259500,Rejected,Incomplete Documents
11735,3750,2025-07-19,Personal,214500,Approved,
11736,3836,2025-12-05,Personal,891000,Approved,
11737,4776,2025-03-13,Home,1677800,Rejected,High Existing Debt
11738,1861,2023-12-22,Home,401400,Approved,
11739,5934,2024-12-27,Education,241100,Rejected,Insufficient Income
11740,2279,2023-04-11,Home,264900,Pending,
11741,1481,2023-06-12,Personal,700900,Pending,
11742,2972,2024-07-11,Personal,3065900,Approved,
11743,1861,2025-10-24,Personal,232900,Approved,
11744,1108,2025-02-01,Education,703400,Approved,
11745,4914,2025-11-06,Personal,275600,Rejected,Insufficient Income
11746,3012,2023-12-08,Personal,167400,Rejected,Low Credit Score
11747,3077,2024-11-27,Home,1271600,Approved,
11748,3163,2025-09-07,Home,371000,Approved,
11749,1547,2024-10-08,Personal,2045700,Approved,
11750,3863,2025-08-01,Personal,185400,Approved,
11751,2977,2025-05-09,Auto,2831800,Approved,
11752,3687,2023-08-26,Business,1208700,Approved,
11753,4886,2025-04-24,Personal,365500,Approved,
11754,3119,2025-04-24,Auto,1334100,Approved,
11755,1394,2024-03-15,Home,1139800,Rejected,High Existing Debt
11756,2838,2025-10-07,Business,3208200,Pending,
11757,3657,2023-06-12,Education,176300,Approved,
11758,5634,2024-02-27,Auto,351300,Rejected,Insufficient Income
11759,1176,2023-01-23,Personal,268600,Approved,
11760,5766,2024-01-30,Home,423400,Rejected,High Existing Debt
11761,5320,2023-08-31,Business,155900,Approved,
11762,4526,2023-05-09,Auto,161500,Approved,
11763,1484,2024-05-23,Home,651800,Approved,
11764,5221,2025-07-06,Auto,229500,Approved,
11765,5615,2025-07-19,Auto,550200,Approved,
11766,1312,2024-02-17,Personal,534400,Approved,
11767,5826,2023-04-23,Personal,254500,Approved,
11768,2194,2025-07-01,Personal,1590300,Approved,
11769,1518,2023-06-05,Education,207700,Approved,
11770,1264,2024-02-29,Education,1021600,Rejected,Insufficient Income
11771,5937,2023-01-17,Business,254600,Approved,
11772,4712,2024-05-30,Home,639000,Approved,
11773,5683,2025-11-30,Home,635200,Approved,
11774,1216,2024-10-07,Auto,356800,Approved,
11775,3600,2025-12-13,Auto,1146900,Approved,
11776,3744,2024-12-12,Personal,1454400,Rejected,Insufficient Income
11777,5688,2025-10-11,Business,554800,Rejected,Insufficient Income
11778,2809,2025-05-22,Education,2424500,Pending,
11779,5440,2023-12-13,Personal,380100,Approved,
11780,2128,2024-09-30,Auto,743500,Approved,
11781,3556,2025-03-31,Personal,392500,Rejected,Low Credit Score
11782,3362,2024-09-27,Home,1450900,Pending,
11783,2982,2023-01-02,Home,726000,Approved,
11784,1347,2024-02-08,Personal,1497400,Rejected,Insufficient Income
11785,1650,2025-06-06,Business,510600,Rejected,High Existing Debt
11786,5657,2025-05-23,Personal,271000,Pending,
11787,3718,2025-04-09,Business,345300,Pending,
11788,1265,2024-10-16,Education,1153700,Rejected,Low Credit Score
11789,4246,2023-07-19,Auto,247700,Approved,
11790,1378,2024-07-29,Business,2288100,Pending,
11791,3942,2024-05-24,Home,835600,Approved,
11792,4776,2023-05-11,Home,206500,Pending,
11793,4811,2023-12-13,Education,893100,Pending,
11794,4200,2023-08-10,Business,319300,Approved,
11795,3075,2024-04-08,Personal,154400,Approved,
11796,4156,2023-02-09,Home,938200,Approved,
11797,2240,2024-02-26,Education,695400,Rejected,High Existing Debt
11798,2947,2025-09-06,Personal,1529600,Rejected,Low Credit Score
11799,4667,2023-02-14,Auto,853900,Approved,
11800,4378,2023-07-09,Home,329700,Approved,
11801,2835,2024-09-08,Auto,1561000,Approved,
11802,4113,2025-06-06,Personal,314700,Approved,
11803,2996,2024-08-29,Home,313100,Approved,
11804,1872,2023-01-24,Home,515900,Pending,
11805,3066,2025-05-07,Personal,162300,Approved,
11806,3237,2024-05-14,Home,1472000,Approved,
11807,5176,2024-04-29,Business,514800,Approved,
11808,4381,2024-10-03,Home,572300,Approved,
11809,2293,2024-06-21,Auto,4049300,Approved,
11810,5890,2025-12-03,Personal,982100,Approved,
11811,2648,2025-09-23,Business,223000,Rejected,High Existing Debt
11812,2626,2024-10-03,Home,1992900,Approved,
11813,5343,2025-02-17,Education,708600,Pending,
11814,4925,2024-02-18,Business,220000,Approved,
11815,1189,2025-04-08,Business,727800,Approved,
11816,4506,2023-12-13,Personal,597100,Rejected,High Existing Debt
11817,4221,2023-04-17,Personal,191500,Rejected,Incomplete Documents
11818,5833,2025-12-23,Home,784300,Rejected,Insufficient Income
11819,1704,2024-08-28,Personal,936000,Rejected,Insufficient Income
11820,2410,2024-01-22,Auto,83700,Rejected,Insufficient Income
11821,1840,2024-01-18,Home,563100,Approved,
11822,3630,2023-06-07,Auto,1846200,Rejected,Insufficient Income
11823,3566,2023-04-11,Home,399400,Approved,
11824,1534,2024-04-21,Auto,855800,Rejected,High Existing Debt
11825,5569,2024-09-25,Education,846300,Approved,
11826,5703,2023-08-17,Personal,71600,Approved,
11827,3034,2024-08-16,Personal,382700,Approved,
11828,2342,2024-07-19,Auto,1403300,Pending,
11829,3629,2024-07-03,Education,923500,Rejected,Insufficient Income
11830,2622,2024-01-21,Business,1502000,Rejected,Low Credit Score
11831,3617,2023-01-20,Personal,553500,Approved,
11832,4696,2024-04-08,Business,1748700,Pending,
11833,4538,2024-12-17,Home,1592200,Rejected,Incomplete Documents
11834,3201,2023-07-25,Home,3182600,Approved,
11835,1673,2024-02-02,Business,2463800,Approved,
11836,1363,2024-05-20,Personal,627000,Rejected,Insufficient Income
11837,4080,2023-09-23,Home,116300,Pending,
11838,2384,2025-10-26,Personal,353700,Approved,
11839,1141,2024-07-24,Personal,370300,Approved,
11840,3288,2025-03-25,Personal,407000,Approved,
11841,5602,2025-02-10,Home,319100,Approved,
11842,1629,2024-06-21,Home,1855400,Approved,
11843,2650,2024-06-27,Education,621200,Approved,
11844,3921,2025-08-09,Business,727100,Rejected,Low Credit Score
11845,3028,2024-03-26,Home,473400,Rejected,Low Credit Score
11846,5123,2025-06-04,Personal,297500,Approved,
11847,1156,2024-03-17,Business,980500,Rejected,High Existing Debt
11848,5309,2025-12-08,Home,655800,Rejected,Insufficient Income
11849,3228,2024-01-04,Education,1752000,Rejected,High Existing Debt
11850,3845,2024-02-09,Home,1935900,Approved,
11851,3141,2024-12-17,Education,763700,Approved,
11852,4261,2025-06-17,Auto,730800,Approved,
11853,4316,2023-12-17,Business,423700,Rejected,High Existing Debt
11854,5758,2024-11-01,Personal,1938800,Rejected,High Existing Debt
11855,4784,2024-01-20,Home,1395800,Rejected,Insufficient Income
11856,4897,2023-12-14,Personal,997300,Rejected,Incomplete Documents
11857,1045,2024-05-17,Business,522900,Rejected,Low Credit Score
11858,1593,2024-05-27,Home,868900,Approved,
11859,2767,2025-04-27,Home,1086500,Pending,
11860,5638,2023-07-22,Business,304800,Approved,
11861,2999,2023-02-05,Auto,680100,Approved,
11862,5238,2024-11-29,Personal,268400,Rejected,Low Credit Score
11863,2360,2024-07-26,Personal,427800,Approved,
11864,4057,2023-11-28,Personal,931600,Approved,
11865,2968,2025-01-17,Business,1705200,Rejected,High Existing Debt
11866,4744,2023-04-29,Personal,418300,Rejected,High Existing Debt
11867,5974,2025-02-27,Personal,181900,Rejected,Low Credit Score
11868,2190,2023-02-09,Personal,604900,Approved,
11869,1628,2025-08-25,Home,664700,Approved,
11870,5149,2025-05-10,Home,284900,Approved,
11871,1143,2025-04-26,Auto,380700,Approved,
11872,4962,2023-09-02,Education,549200,Approved,
11873,2841,2023-06-19,Education,1378100,Approved,
11874,3081,2025-06-12,Auto,195300,Approved,
11875,4853,2024-04-27,Auto,514300,Approved,
11876,4783,2024-02-24,Auto,2101700,Approved,
11877,2621,2024-10-12,Business,344600,Rejected,Insufficient Income
11878,4642,2023-03-18,Personal,945300,Approved,
11879,3057,2023-02-04,Home,598400,Pending,
11880,5228,2023-10-20,Personal,1031900,Approved,
11881,2933,2023-05-20,Business,610000,Approved,
11882,4263,2025-09-14,Business,813500,Approved,
11883,4133,2025-04-10,Auto,1369200,Approved,
11884,5360,2024-01-10,Home,1068300,Rejected,Low Credit Score
11885,1602,2024-05-18,Auto,1102600,Rejected,Insufficient Income
11886,4867,2024-04-10,Auto,1268000,Rejected,Insufficient Income
11887,2069,2023-04-13,Personal,474100,Rejected,High Existing Debt
11888,5366,2024-12-09,Home,234800,Approved,
11889,5564,2023-10-28,Auto,3070500,Approved,
11890,2898,2025-04-17,Personal,832400,Rejected,Insufficient Income
11891,2517,2024-04-22,Home,1694700,Rejected,Low Credit Score
11892,3424,2024-04-23,Personal,90500,Rejected,Incomplete Documents
11893,5660,2023-02-17,Business,2709900,Approved,
11894,2989,2025-12-28,Personal,350400,Approved,
11895,5789,2024-07-06,Personal,729600,Approved,
11896,4573,2023-04-17,Auto,408700,Approved,
11897,4891,2025-02-18,Personal,137000,Approved,
11898,2154,2023-09-28,Home,736200,Approved,
11899,2584,2023-08-01,Auto,2495700,Approved,
11900,3128,2023-12-23,Personal,405400,Approved,
11901,3185,2024-12-21,Auto,385100,Approved,
11902,1002,2025-08-25,Personal,2076400,Approved,
11903,5171,2025-07-14,Home,726100,Rejected,Incomplete Documents
11904,2806,2025-08-19,Personal,294500,Approved,
11905,4056,2025-03-19,Home,348400,Rejected,Low Credit Score
11906,5923,2025-12-22,Home,438800,Approved,
11907,4440,2024-05-05,Education,1187300,Rejected,Insufficient Income
11908,1930,2025-11-28,Business,124500,Rejected,High Existing Debt
11909,3431,2023-05-28,Personal,560200,Rejected,Insufficient Income
11910,1896,2024-04-23,Business,662100,Approved,
11911,4105,2023-06-15,Auto,970600,Pending,
11912,2383,2023-01-23,Personal,851800,Approved,
11913,5843,2025-06-26,Auto,452900,Approved,
11914,5114,2024-12-28,Education,213500,Pending,
11915,4478,2024-06-02,Education,924800,Rejected,Incomplete Documents
11916,1217,2023-09-27,Business,1544600,Approved,
11917,2381,2023-01-16,Education,344600,Approved,
11918,2312,2023-08-09,Auto,294600,Approved,
11919,3420,2024-06-28,Personal,539000,Approved,
11920,2713,2024-07-16,Home,1005100,Pending,
11921,3980,2025-03-28,Home,559800,Approved,
11922,4904,2025-09-25,Education,1572000,Approved,
11923,2568,2024-07-28,Education,907800,Approved,
11924,1983,2023-05-02,Business,699500,Approved,
11925,4693,2024-06-22,Home,116100,Approved,
11926,3864,2025-10-09,Auto,1540100,Approved,
11927,1649,2023-06-03,Auto,70400,Rejected,Low Credit Score
11928,2132,2023-02-27,Personal,92900,Approved,
11929,4210,2025-02-01,Personal,352200,Approved,
11930,2506,2023-08-28,Personal,1587200,Rejected,High Existing Debt
11931,1726,2025-09-17,Personal,660600,Rejected,High Existing Debt
11932,1069,2024-02-03,Personal,465400,Rejected,Low Credit Score
11933,3827,2025-12-25,Business,602300,Approved,
11934,4770,2024-03-25,Business,1719800,Approved,
11935,1437,2024-04-26,Education,92200,Rejected,Low Credit Score
11936,3666,2024-03-06,Education,619500,Rejected,High Existing Debt
11937,1808,2023-02-15,Education,294700,Approved,
11938,2674,2024-10-10,Home,368400,Approved,
11939,1555,2025-12-30,Auto,1567300,Pending,
11940,4817,2024-07-21,Personal,246100,Approved,
11941,1624,2023-05-12,Home,301600,Approved,
11942,4438,2024-01-16,Personal,704700,Approved,
11943,4517,2023-10-20,Home,311600,Approved,
11944,5803,2025-05-07,Personal,1882000,Rejected,High Existing Debt
11945,5909,2025-06-03,Personal,1031000,Approved,
11946,4773,2025-12-06,Home,370500,Approved,
11947,4458,2023-01-30,Personal,2072700,Rejected,High Existing Debt
11948,4274,2025-12-05,Home,1279900,Approved,
11949,3910,2025-04-27,Auto,1570100,Approved,
11950,3095,2025-12-09,Home,283200,Approved,
11951,4327,2025-02-26,Auto,1385100,Rejected,High Existing Debt
11952,4907,2025-06-13,Personal,211300,Rejected,Low Credit Score
11953,5838,2023-03-29,Education,1019500,Approved,
11954,1285,2025-11-29,Education,196500,Rejected,Insufficient Income
11955,1622,2024-06-27,Business,203300,Approved,
11956,4844,2024-05-03,Home,523200,Approved,
11957,1431,2023-04-07,Education,528800,Rejected,Low Credit Score
11958,4653,2024-09-15,Personal,614700,Rejected,Incomplete Documents
11959,4923,2025-01-19,Home,809000,Approved,
11960,2382,2024-06-07,Education,681700,Approved,
11961,2572,2023-09-28,Home,1836300,Rejected,High Existing Debt
11962,1332,2024-11-30,Business,486500,Pending,
11963,4672,2024-08-06,Auto,501900,Approved,
11964,4879,2023-01-27,Home,204300,Approved,
11965,5994,2024-11-23,Auto,516300,Approved,
11966,2397,2025-08-31,Home,198500,Approved,
11967,2380,2025-10-15,Auto,308800,Approved,
11968,1727,2024-07-04,Home,323300,Rejected,High Existing Debt
11969,2314,2023-10-02,Business,622100,Approved,
11970,3517,2024-09-20,Home,1271300,Rejected,Insufficient Income
11971,2405,2023-01-14,Education,253900,Approved,
11972,4942,2024-12-28,Auto,2644400,Rejected,Low Credit Score
11973,4566,2025-03-03,Auto,954700,Rejected,High Existing Debt
11974,4208,2023-04-21,Home,290300,Approved,
11975,4883,2023-11-19,Auto,1762200,Rejected,High Existing Debt
11976,1767,2025-05-17,Auto,502100,Approved,
11977,1371,2025-05-20,Auto,500500,Approved,
11978,1862,2023-08-05,Personal,312800,Approved,
11979,4860,2024-05-27,Personal,936400,Approved,
11980,2204,2024-02-11,Home,275900,Rejected,Insufficient Income
11981,1596,2024-09-02,Personal,262600,Approved,
11982,1814,2024-03-28,Personal,120500,Rejected,Insufficient Income
11983,5484,2025-01-11,Auto,1466000,Approved,
11984,3431,2025-06-18,Personal,404400,Approved,
11985,2960,2025-07-28,Education,2880000,Approved,
11986,3181,2024-08-08,Business,968100,Approved,
11987,5754,2025-08-26,Auto,1322100,Rejected,Insufficient Income
11988,2465,2025-11-22,Personal,1503400,Rejected,Low Credit Score
11989,2343,2025-10-14,Home,693900,Approved,
11990,4333,2025-03-05,Business,917000,Rejected,Low Credit Score
11991,3403,2023-01-28,Personal,1621600,Approved,
11992,4323,2024-03-05,Auto,968100,Approved,
11993,4605,2023-04-17,Personal,314800,Rejected,Low Credit Score
11994,3660,2025-11-23,Home,360400,Approved,
11995,4347,2024-08-30,Education,704600,Rejected,Incomplete Documents
11996,3711,2023-05-07,Home,207900,Rejected,High Existing Debt
11997,1325,2024-09-27,Personal,410500,Approved,
11998,2924,2025-02-01,Home,418700,Approved,
11999,4041,2025-06-29,Personal,191300,Rejected,Incomplete Documents
12000,3287,2024-06-22,Business,779700,Pending,
12001,2059,2024-12-14,Business,1328500,Rejected,High Existing Debt
12002,1315,2023-05-03,Personal,865600,Approved,
12003,2578,2023-03-30,Home,104200,Approved,
12004,1639,2024-07-25,Personal,283700,Pending,
12005,1357,2023-03-13,Auto,1443500,Approved,
12006,1297,2024-03-31,Personal,1034300,Approved,
12007,2869,2023-10-20,Home,1389400,Approved,
12008,1464,2024-09-13,Personal,352700,Approved,
12009,5270,2024-07-13,Home,547700,Approved,
12010,4506,2025-10-09,Personal,2486400,Approved,
12011,1214,2024-04-16,Home,254700,Approved,
12012,3751,2023-09-26,Home,547800,Rejected,Insufficient Income
12013,2637,2023-11-11,Business,719800,Rejected,High Existing Debt
12014,1707,2025-06-19,Home,443200,Approved,
12015,3203,2024-06-10,Education,443300,Approved,
12016,1007,2025-04-22,Business,6425400,Rejected,Low Credit Score
12017,4053,2025-08-09,Personal,738400,Approved,
12018,4195,2025-09-03,Personal,1032500,Rejected,Incomplete Documents
12019,2815,2025-02-14,Personal,2377800,Approved,
12020,4522,2025-09-13,Home,273700,Approved,
12021,4748,2024-10-08,Auto,359200,Approved,
12022,4898,2025-10-15,Education,152600,Pending,
12023,5619,2024-01-07,Auto,386300,Rejected,Low Credit Score
12024,2799,2023-06-01,Home,578900,Approved,
12025,1834,2024-09-30,Auto,648100,Approved,
12026,4023,2023-12-31,Auto,765600,Approved,
12027,5974,2024-05-29,Auto,549200,Rejected,Incomplete Documents
12028,1558,2024-07-13,Home,930100,Approved,
12029,5422,2025-07-24,Auto,859300,Rejected,Incomplete Documents
12030,2790,2023-06-26,Auto,279900,Approved,
12031,4054,2024-12-14,Business,1129100,Pending,
12032,3869,2023-01-17,Home,1819800,Approved,
12033,5957,2024-06-02,Home,1987000,Rejected,High Existing Debt
12034,4140,2023-06-20,Education,698300,Approved,
12035,3606,2023-05-14,Home,1438800,Pending,
12036,5901,2024-07-04,Personal,2368600,Approved,
12037,1155,2025-06-10,Business,1182600,Rejected,Insufficient Income
12038,5077,2024-06-28,Personal,431700,Approved,
12039,1188,2023-05-31,Personal,1054300,Approved,
12040,3065,2023-02-02,Auto,786500,Pending,
12041,3688,2024-06-25,Auto,1878300,Rejected,Low Credit Score
12042,2375,2025-02-15,Auto,898600,Approved,
12043,4701,2025-12-30,Home,661900,Rejected,High Existing Debt
12044,1896,2023-03-03,Education,1486400,Approved,
12045,4983,2025-01-15,Education,1023600,Approved,
12046,5237,2024-12-31,Home,2693800,Approved,
12047,3863,2025-09-10,Education,709200,Approved,
12048,2770,2023-12-20,Personal,3014300,Rejected,Insufficient Income
12049,4018,2024-09-28,Home,991300,Approved,
12050,5490,2025-07-20,Auto,979600,Approved,
12051,2188,2025-09-01,Personal,353200,Pending,
12052,2916,2024-10-27,Home,240500,Approved,
12053,1988,2025-08-17,Home,2829400,Approved,
12054,4257,2024-05-18,Education,513400,Approved,
12055,3307,2025-12-26,Business,1482600,Approved,
12056,4604,2025-09-27,Home,182000,Rejected,Low Credit Score
12057,2354,2025-08-02,Personal,518900,Approved,
12058,1994,2025-03-28,Personal,1629800,Pending,
12059,3496,2023-03-16,Auto,1407300,Approved,
12060,1790,2024-11-25,Home,882400,Approved,
12061,3709,2023-07-07,Auto,372900,Approved,
12062,5432,2023-06-23,Education,785800,Approved,
12063,1490,2025-08-16,Auto,446500,Approved,
12064,5515,2024-03-07,Home,642500,Approved,
12065,5708,2025-12-21,Education,430300,Approved,
12066,4969,2024-01-15,Personal,50000,Pending,
12067,2420,2023-08-23,Home,194000,Rejected,Incomplete Documents
12068,4835,2025-03-26,Personal,1126600,Rejected,Low Credit Score
12069,1008,2024-07-19,Home,606900,Pending,
12070,3931,2024-03-21,Education,1626600,Approved,
12071,3207,2023-06-10,Home,230300,Pending,
12072,1773,2023-07-18,Personal,1958700,Approved,
12073,5780,2024-09-20,Auto,1000900,Pending,
12074,1819,2025-07-26,Home,145200,Approved,
12075,2007,2024-06-02,Home,792600,Rejected,High Existing Debt
12076,3573,2025-07-24,Education,995700,Approved,
12077,1544,2023-11-13,Personal,569100,Approved,
12078,2992,2023-05-22,Auto,3375600,Rejected,Insufficient Income
12079,3097,2023-11-16,Education,519100,Rejected,High Existing Debt
12080,5092,2024-07-20,Auto,141100,Rejected,Incomplete Documents
12081,1779,2025-04-14,Auto,953600,Approved,
12082,3116,2025-04-05,Personal,381300,Approved,
12083,1168,2024-08-28,Personal,645700,Approved,
12084,3978,2024-10-30,Home,482100,Approved,
12085,4832,2023-12-11,Business,1202400,Rejected,Insufficient Income
12086,2899,2023-03-09,Auto,194800,Approved,
12087,3152,2023-09-08,Home,1460400,Approved,
12088,1726,2025-10-21,Education,848300,Rejected,Low Credit Score
12089,4230,2023-11-18,Education,1154100,Approved,
12090,4859,2025-04-28,Education,68000,Approved,
12091,3149,2025-09-27,Home,2464200,Rejected,High Existing Debt
12092,3726,2025-10-15,Home,211700,Rejected,High Existing Debt
12093,1542,2024-06-18,Auto,1519400,Approved,
12094,2433,2024-12-25,Home,171100,Approved,
12095,3661,2025-01-02,Education,367600,Approved,
12096,2548,2023-11-21,Auto,839100,Approved,
12097,5361,2025-10-20,Personal,423000,Approved,
12098,2405,2023-05-29,Personal,548100,Approved,
12099,3981,2023-07-18,Personal,143200,Rejected,Insufficient Income
12100,1273,2023-03-20,Personal,1622800,Approved,
12101,1369,2024-12-29,Home,625500,Approved,
12102,1377,2023-06-25,Business,2437500,Rejected,Insufficient Income
12103,2084,2023-12-02,Education,2038400,Approved,
12104,1772,2024-12-24,Home,285200,Rejected,Incomplete Documents
12105,5521,2024-05-07,Home,657200,Approved,
12106,3008,2023-02-06,Personal,939000,Approved,
12107,4971,2023-04-25,Auto,695900,Rejected,Low Credit Score
12108,2524,2025-10-25,Business,380900,Rejected,Low Credit Score
12109,2279,2025-07-17,Home,607300,Approved,
12110,2853,2024-03-24,Personal,251300,Pending,
12111,2373,2025-01-21,Home,1031500,Approved,
12112,1738,2025-05-30,Home,951500,Approved,
12113,4440,2023-01-07,Auto,179300,Rejected,High Existing Debt
12114,4575,2023-11-29,Home,5373000,Approved,
12115,2301,2025-05-24,Auto,766700,Approved,
12116,5121,2024-09-28,Auto,344100,Pending,
12117,3517,2025-08-03,Home,336400,Approved,
12118,2620,2024-12-15,Education,2188500,Approved,
12119,4608,2023-10-14,Auto,136000,Approved,
12120,4781,2024-05-01,Auto,754900,Pending,
12121,3473,2023-10-25,Home,2170000,Approved,
12122,5674,2025-09-24,Auto,130600,Approved,
12123,5744,2025-05-31,Personal,296400,Approved,
12124,1550,2023-05-19,Personal,593900,Rejected,Low Credit Score
12125,4220,2024-10-27,Home,763100,Rejected,Insufficient Income
12126,2531,2023-01-15,Home,1189600,Rejected,Low Credit Score
12127,5655,2024-03-19,Home,353500,Approved,
12128,3127,2023-04-15,Home,586300,Approved,
12129,5636,2025-03-06,Personal,4562200,Approved,
12130,5575,2024-10-30,Personal,934100,Approved,
12131,5028,2023-08-27,Auto,132800,Approved,
12132,3326,2025-03-30,Personal,340200,Rejected,Low Credit Score
12133,2768,2024-09-13,Home,85700,Approved,
12134,1113,2023-07-09,Auto,773500,Approved,
12135,3840,2023-09-15,Home,272400,Approved,
12136,5157,2023-07-12,Personal,182500,Approved,
12137,5610,2024-07-25,Personal,178400,Approved,
12138,4437,2024-02-02,Auto,2939400,Rejected,Incomplete Documents
12139,4532,2025-03-06,Personal,896400,Approved,
12140,4076,2023-02-13,Personal,216000,Approved,
12141,3792,2025-06-07,Home,403400,Rejected,Low Credit Score
12142,1058,2024-04-12,Home,894400,Approved,
12143,5735,2023-10-17,Auto,384400,Rejected,Low Credit Score
12144,2757,2024-04-26,Home,900400,Approved,
12145,1359,2023-06-16,Home,565500,Approved,
12146,1764,2023-09-17,Auto,1043600,Approved,
12147,1529,2025-01-16,Home,676100,Approved,
12148,3447,2023-06-05,Education,410900,Rejected,Low Credit Score
12149,5763,2024-12-05,Personal,794500,Rejected,High Existing Debt
12150,2930,2023-06-22,Auto,298800,Approved,
12151,3277,2025-04-19,Business,450700,Approved,
12152,3972,2023-11-13,Personal,673700,Approved,
12153,2922,2023-11-12,Auto,466400,Approved,
12154,4047,2024-02-04,Education,1388800,Approved,
12155,5387,2023-04-22,Home,1675700,Approved,
12156,4471,2024-07-10,Business,186200,Rejected,Incomplete Documents
12157,4259,2024-10-08,Business,941100,Rejected,High Existing Debt
12158,3103,2025-03-19,Home,1044500,Rejected,Low Credit Score
12159,2744,2025-02-16,Personal,3412000,Approved,
12160,2447,2025-04-12,Home,4287400,Approved,
12161,2495,2025-09-25,Business,706000,Approved,
12162,2480,2025-07-29,Home,622800,Rejected,Incomplete Documents
12163,1440,2024-02-14,Personal,583000,Rejected,High Existing Debt
12164,5186,2024-05-20,Business,375700,Approved,
12165,1168,2023-01-30,Auto,927100,Pending,
12166,3451,2025-04-19,Business,185200,Approved,
12167,3246,2023-08-09,Personal,1107300,Approved,
12168,2588,2024-01-06,Business,675300,Approved,
12169,5828,2023-01-24,Business,1743000,Pending,
12170,3377,2023-11-25,Home,334000,Rejected,Low Credit Score
12171,4735,2025-03-15,Personal,398800,Approved,
12172,2320,2023-09-18,Business,2742000,Pending,
12173,2734,2024-12-28,Education,62300,Pending,
12174,4378,2024-05-15,Home,2946500,Approved,
12175,5160,2024-07-17,Business,126200,Approved,
12176,4483,2025-07-18,Home,2049800,Approved,
12177,2117,2025-10-24,Business,491700,Approved,
12178,1841,2023-12-24,Home,437800,Approved,
12179,2836,2024-12-12,Business,2142200,Approved,
12180,2458,2023-03-14,Home,1073400,Approved,
12181,4675,2025-11-30,Home,4063500,Approved,
12182,2383,2024-05-10,Auto,8000000,Pending,
12183,3507,2024-02-29,Home,250700,Approved,
12184,3102,2023-04-05,Personal,859000,Approved,
12185,5394,2023-03-01,Home,589600,Approved,
12186,5795,2023-01-25,Auto,607600,Approved,
12187,3759,2025-08-30,Auto,303600,Rejected,Low Credit Score
12188,1335,2024-12-09,Home,87000,Approved,
12189,1358,2025-04-08,Personal,512300,Approved,
12190,5344,2025-07-02,Education,927300,Rejected,Incomplete Documents
12191,4840,2025-04-18,Home,335700,Rejected,Low Credit Score
12192,4986,2023-12-28,Personal,2031500,Approved,
12193,5004,2025-03-23,Personal,1890600,Pending,
12194,1900,2025-09-19,Personal,495100,Approved,
12195,1333,2025-12-11,Education,365000,Rejected,Incomplete Documents
12196,1807,2025-11-20,Business,2689400,Approved,
12197,3142,2023-07-03,Home,878900,Rejected,Incomplete Documents
12198,1019,2023-04-27,Home,263200,Rejected,High Existing Debt
12199,3113,2023-05-04,Home,622700,Approved,
12200,3856,2025-09-18,Business,1481500,Approved,
12201,5448,2025-04-09,Business,1728200,Approved,
12202,2228,2023-06-27,Personal,718800,Approved,
12203,5820,2024-11-08,Personal,635100,Pending,
12204,3805,2025-10-30,Auto,1092700,Approved,
12205,5209,2025-03-02,Personal,379100,Approved,
12206,5638,2024-09-01,Business,4383000,Approved,
12207,3033,2024-09-18,Education,371500,Approved,
12208,4831,2025-09-13,Personal,546300,Approved,
12209,4564,2024-12-19,Business,448700,Pending,
12210,2436,2023-04-01,Education,1402200,Approved,
12211,4308,2023-12-13,Education,7535700,Approved,
12212,2713,2024-09-30,Business,2111600,Pending,
12213,1605,2024-02-20,Personal,413900,Approved,
12214,4241,2023-08-25,Home,908600,Approved,
12215,3157,2023-01-26,Business,1030500,Approved,
12216,5401,2024-04-27,Business,582500,Rejected,Incomplete Documents
12217,1157,2023-08-10,Business,303100,Rejected,Incomplete Documents
12218,2665,2024-10-17,Personal,2474600,Rejected,High Existing Debt
12219,3331,2025-09-06,Home,1746600,Approved,
12220,4112,2025-07-14,Home,2985000,Approved,
12221,2736,2023-11-25,Personal,3012600,Approved,
12222,3182,2025-12-24,Auto,4933500,Approved,
12223,5751,2024-10-28,Personal,1050000,Approved,
12224,3358,2023-09-03,Personal,826000,Rejected,High Existing Debt
12225,4485,2025-09-06,Business,830200,Approved,
12226,4929,2023-06-16,Auto,564600,Rejected,Low Credit Score
12227,4302,2023-06-12,Personal,2698300,Approved,
12228,2115,2024-11-03,Auto,262900,Approved,
12229,5183,2025-04-25,Education,1371000,Approved,
12230,4840,2025-10-21,Personal,278700,Approved,
12231,5666,2023-06-27,Personal,150100,Rejected,Incomplete Documents
12232,5807,2025-10-10,Auto,161400,Approved,
12233,3445,2025-05-20,Auto,1633100,Approved,
12234,4332,2023-09-01,Home,132100,Rejected,High Existing Debt
12235,1178,2024-11-22,Personal,314300,Approved,
12236,5479,2023-01-07,Personal,354100,Approved,
12237,1708,2023-09-12,Business,132600,Rejected,High Existing Debt
12238,4587,2024-04-16,Personal,189800,Pending,
12239,4120,2024-06-19,Education,757900,Approved,
12240,5245,2024-08-25,Home,705200,Approved,
12241,1018,2024-07-04,Personal,934700,Pending,
12242,3529,2025-08-15,Home,2356000,Approved,
12243,4315,2023-07-14,Personal,152700,Approved,
12244,4690,2023-07-23,Education,5131500,Approved,
12245,1122,2023-06-06,Business,327200,Approved,
12246,3487,2025-08-27,Business,563900,Approved,
12247,2419,2025-02-23,Home,391400,Rejected,Low Credit Score
12248,3663,2025-06-23,Personal,426500,Approved,
12249,3746,2024-05-04,Auto,115900,Rejected,Low Credit Score
12250,1735,2024-05-20,Home,472400,Approved,
12251,5446,2023-01-04,Home,796800,Approved,
12252,2446,2024-10-22,Business,557600,Rejected,High Existing Debt
12253,4453,2025-06-22,Personal,369100,Pending,
12254,3408,2024-07-11,Personal,857000,Approved,
12255,2675,2024-12-24,Personal,479000,Approved,
12256,5133,2024-01-28,Personal,2002300,Approved,
12257,1438,2025-08-31,Business,879600,Approved,
12258,1175,2024-03-07,Home,1011200,Approved,
12259,2507,2023-04-10,Personal,3041300,Approved,
12260,5210,2023-02-21,Auto,688500,Approved,
12261,4375,2025-10-23,Home,635100,Approved,
12262,5250,2024-09-12,Auto,1146600,Rejected,Low Credit Score
12263,1420,2025-12-22,Auto,732100,Approved,
12264,4050,2023-04-10,Business,215700,Pending,
12265,5026,2023-07-03,Personal,567400,Approved,
12266,4883,2023-12-25,Personal,347100,Rejected,High Existing Debt
12267,3365,2024-06-16,Personal,1064500,Rejected,Insufficient Income
12268,2625,2024-10-16,Personal,201500,Rejected,High Existing Debt
12269,5182,2025-10-30,Home,832500,Rejected,Low Credit Score
12270,2224,2023-06-27,Home,63400,Approved,
12271,3624,2024-12-19,Home,548000,Pending,
12272,3465,2024-05-23,Business,1438900,Approved,
12273,5300,2025-12-03,Home,430200,Rejected,Low Credit Score
12274,1551,2025-12-14,Personal,1432100,Approved,
12275,4724,2025-08-25,Home,596700,Approved,
12276,5044,2023-09-29,Auto,2215000,Approved,
12277,3096,2024-07-13,Personal,6223000,Approved,
12278,5744,2025-12-10,Home,3094900,Rejected,High Existing Debt
12279,2843,2025-04-25,Business,546100,Approved,
12280,1484,2024-03-03,Auto,618500,Approved,
12281,3944,2025-08-01,Home,263300,Approved,
12282,5818,2025-01-23,Auto,1728600,Pending,
12283,3668,2023-12-16,Home,2187200,Approved,
12284,3389,2023-10-18,Business,352600,Approved,
12285,2092,2024-05-25,Personal,870100,Approved,
12286,3418,2023-12-17,Home,251900,Approved,
12287,2122,2024-06-30,Home,113500,Approved,
12288,3018,2023-08-14,Home,2577600,Approved,
12289,3212,2024-11-09,Home,159600,Approved,
12290,3917,2024-12-16,Home,1971700,Approved,
12291,1602,2024-03-04,Personal,416500,Approved,
12292,4147,2025-03-06,Education,486700,Approved,
12293,2053,2024-12-23,Personal,938200,Approved,
12294,1523,2025-07-04,Personal,655200,Approved,
12295,3266,2024-04-14,Home,1060300,Rejected,Low Credit Score
12296,5214,2024-06-06,Home,205900,Approved,
12297,2211,2025-01-13,Business,573700,Rejected,Low Credit Score
12298,5352,2023-01-20,Personal,692700,Pending,
12299,1213,2025-03-18,Education,532000,Approved,
12300,5168,2025-05-03,Business,419700,Rejected,High Existing Debt
12301,2834,2025-09-27,Home,1753800,Approved,
12302,3871,2024-02-17,Personal,772400,Rejected,Incomplete Documents
12303,4026,2023-03-17,Personal,353700,Approved,
12304,2286,2024-02-24,Personal,298700,Pending,
12305,2301,2024-06-30,Home,87400,Rejected,Incomplete Documents
12306,1760,2024-09-10,Business,460500,Approved,
12307,3480,2024-08-17,Home,620100,Rejected,Incomplete Documents
12308,3980,2024-06-29,Home,128000,Approved,
12309,1210,2023-11-26,Personal,819900,Approved,
12310,1893,2025-03-29,Education,313900,Approved,
12311,2243,2023-08-10,Home,246400,Approved,
12312,5013,2025-10-20,Personal,304400,Approved,
12313,2979,2024-06-21,Home,422200,Approved,
12314,4156,2023-05-27,Education,110800,Approved,
12315,3583,2025-10-11,Personal,812400,Pending,
12316,2404,2023-03-09,Auto,1122900,Approved,
12317,5089,2023-11-01,Education,964400,Approved,
12318,2116,2023-01-26,Business,247200,Approved,
12319,2721,2023-11-19,Home,397100,Approved,
12320,1421,2024-09-20,Education,272500,Pending,
12321,5176,2024-05-07,Personal,4236200,Approved,
12322,5534,2024-10-23,Auto,353500,Approved,
12323,1234,2025-09-16,Business,5570000,Approved,
12324,1310,2023-01-29,Personal,270100,Pending,
12325,3054,2025-09-02,Business,689400,Approved,
12326,1802,2025-04-04,Auto,633900,Approved,
12327,5164,2025-11-26,Personal,608000,Rejected,High Existing Debt
12328,1525,2023-02-16,Business,1365000,Approved,
12329,3761,2024-04-25,Home,416000,Rejected,Insufficient Income
12330,3001,2024-12-04,Auto,2561300,Approved,
12331,1422,2025-07-28,Home,331100,Approved,
12332,3766,2024-08-25,Home,290400,Approved,
12333,1229,2024-05-08,Home,248000,Approved,
12334,3975,2023-06-22,Business,255200,Rejected,Incomplete Documents
12335,4438,2023-01-24,Auto,1318300,Approved,
12336,2491,2024-07-24,Personal,739600,Rejected,Low Credit Score
12337,1723,2023-09-16,Personal,1169800,Approved,
12338,1828,2025-12-26,Education,134700,Rejected,High Existing Debt
12339,4063,2025-11-03,Auto,1182500,Rejected,High Existing Debt
12340,3317,2024-04-01,Home,3418300,Pending,
12341,2119,2023-07-09,Business,580800,Approved,
12342,5268,2023-12-17,Personal,264100,Approved,
12343,1995,2024-02-28,Home,336600,Rejected,Low Credit Score
12344,4466,2023-02-20,Auto,256100,Approved,
12345,2997,2024-12-13,Personal,253700,Pending,
12346,1959,2025-10-30,Home,2404000,Approved,
12347,4395,2025-07-25,Auto,5852500,Rejected,Incomplete Documents
12348,5346,2024-05-06,Auto,469000,Approved,
12349,2947,2023-09-25,Business,554300,Rejected,High Existing Debt
12350,3834,2023-07-31,Personal,470700,Approved,
12351,2059,2024-03-23,Personal,142800,Approved,
12352,5477,2024-01-19,Personal,386200,Rejected,Incomplete Documents
12353,4682,2023-09-12,Personal,534200,Rejected,Incomplete Documents
12354,1639,2023-12-19,Personal,72000,Approved,
12355,3044,2023-07-11,Auto,137700,Approved,
12356,5819,2023-01-14,Auto,1116800,Approved,
12357,4627,2025-07-29,Home,1205300,Approved,
12358,1240,2025-05-30,Business,880000,Approved,
12359,3872,2024-12-12,Auto,415700,Approved,
12360,3203,2025-04-28,Auto,315900,Approved,
12361,2172,2025-04-26,Home,303000,Approved,
12362,1718,2025-06-16,Home,459800,Approved,
12363,5921,2025-06-27,Personal,187800,Rejected,Low Credit Score
12364,4825,2024-02-23,Business,938200,Rejected,Insufficient Income
12365,2141,2025-10-27,Home,1324300,Approved,
12366,5204,2025-09-08,Auto,1876000,Approved,
12367,1039,2023-03-31,Auto,2324200,Approved,
12368,2578,2024-06-01,Home,50000,Approved,
12369,3782,2024-01-11,Auto,1910900,Rejected,Incomplete Documents
12370,1048,2025-11-27,Personal,794100,Approved,
12371,3395,2024-03-25,Personal,246400,Approved,
12372,1835,2025-11-21,Home,330600,Pending,
12373,4550,2025-03-10,Business,418100,Rejected,Low Credit Score
12374,5864,2025-06-17,Auto,224700,Rejected,Incomplete Documents
12375,3853,2024-11-03,Auto,445400,Rejected,Insufficient Income
12376,1936,2023-01-07,Personal,423700,Approved,
12377,4057,2025-08-01,Auto,146000,Pending,
12378,1784,2024-08-23,Education,774800,Pending,
12379,3992,2023-03-21,Personal,1819700,Rejected,Low Credit Score
12380,5114,2025-07-07,Personal,479600,Approved,
12381,4199,2023-12-03,Home,685900,Approved,
12382,4404,2023-12-19,Personal,387300,Rejected,Insufficient Income
12383,1810,2023-12-25,Personal,997700,Approved,
12384,2754,2025-02-15,Auto,1369100,Approved,
12385,1983,2023-06-25,Business,443300,Approved,
12386,2084,2025-01-29,Home,448100,Approved,
12387,1960,2024-08-12,Personal,1239100,Pending,
12388,2727,2024-02-24,Auto,517000,Pending,
12389,3820,2023-03-27,Education,99800,Approved,
12390,4696,2025-03-31,Education,491500,Approved,
12391,1644,2023-05-12,Auto,582700,Approved,
12392,4679,2025-01-05,Home,323800,Approved,
12393,4896,2023-02-18,Education,571200,Rejected,Insufficient Income
12394,1260,2025-07-27,Auto,1580000,Rejected,Low Credit Score
12395,2156,2025-08-21,Business,322200,Rejected,Insufficient Income
12396,4308,2025-11-02,Business,349100,Approved,
12397,4843,2025-01-27,Auto,745400,Approved,
12398,3103,2023-12-24,Business,667500,Rejected,High Existing Debt
12399,4781,2023-06-25,Home,473500,Rejected,Incomplete Documents
12400,2107,2024-10-31,Business,263100,Approved,
12401,5606,2025-03-21,Business,334000,Rejected,High Existing Debt
12402,4942,2024-11-01,Business,5258500,Rejected,High Existing Debt
12403,4360,2025-03-29,Education,204900,Approved,
12404,2404,2024-10-20,Home,333800,Approved,
12405,4386,2024-10-24,Business,909600,Approved,
12406,1457,2025-05-31,Personal,8000000,Approved,
12407,2215,2023-12-02,Personal,590500,Approved,
12408,3265,2024-09-05,Home,745200,Rejected,Insufficient Income
12409,1245,2024-07-09,Personal,201200,Approved,
12410,5874,2024-06-10,Personal,235900,Rejected,Insufficient Income
12411,4104,2023-08-24,Personal,664700,Approved,
12412,5357,2024-06-27,Personal,1073800,Approved,
12413,5253,2025-07-14,Personal,346700,Approved,
12414,4207,2024-07-07,Home,300600,Rejected,High Existing Debt
12415,2794,2025-02-05,Business,154400,Approved,
12416,1395,2024-11-20,Auto,1436000,Rejected,High Existing Debt
12417,4125,2024-08-20,Business,872800,Rejected,Insufficient Income
12418,5408,2024-05-22,Home,1449100,Approved,
12419,4258,2025-11-06,Education,625000,Rejected,Low Credit Score
12420,5684,2023-08-26,Home,1254000,Approved,
12421,1964,2024-03-20,Education,419300,Approved,
12422,1604,2025-07-23,Business,354200,Approved,
12423,1733,2024-12-21,Home,417300,Pending,
12424,5095,2024-12-08,Business,374500,Rejected,Low Credit Score
12425,4495,2025-12-31,Personal,983000,Approved,
12426,2558,2023-01-26,Personal,146800,Approved,
12427,4281,2023-03-30,Education,567600,Approved,
12428,2500,2023-08-23,Business,127800,Approved,
12429,2469,2023-02-08,Education,1800200,Rejected,High Existing Debt
12430,2916,2023-02-13,Auto,1051000,Approved,
12431,4397,2023-12-26,Personal,286900,Approved,
12432,1640,2025-12-23,Personal,789800,Rejected,Insufficient Income
12433,2366,2025-07-23,Home,856400,Rejected,Low Credit Score
12434,1273,2025-06-27,Home,155900,Rejected,Insufficient Income
12435,4773,2023-10-11,Personal,678000,Approved,
12436,3476,2025-02-09,Business,992100,Approved,
12437,1809,2025-03-05,Business,831700,Approved,
12438,4820,2023-11-27,Auto,1225900,Rejected,Incomplete Documents
12439,5330,2025-04-22,Home,291100,Approved,
12440,3920,2025-04-12,Auto,1146400,Pending,
12441,2207,2023-03-12,Personal,2126700,Approved,
12442,5187,2023-05-17,Auto,566500,Rejected,Insufficient Income
12443,2133,2025-12-22,Home,511000,Approved,
12444,1752,2024-08-11,Home,633900,Rejected,Incomplete Documents
12445,1505,2025-03-05,Auto,234300,Rejected,Insufficient Income
12446,1179,2024-06-13,Auto,1002600,Approved,
12447,1808,2025-06-30,Home,425600,Approved,
12448,3145,2025-09-16,Personal,885000,Rejected,Insufficient Income
12449,1209,2025-07-25,Business,1555500,Approved,
12450,4960,2024-08-10,Auto,574200,Rejected,Insufficient Income
12451,1044,2023-02-13,Auto,1125400,Rejected,Insufficient Income
12452,5842,2025-04-12,Auto,207100,Approved,
12453,3184,2024-10-10,Personal,510900,Rejected,Insufficient Income
12454,3724,2023-04-23,Home,920400,Rejected,Incomplete Documents
12455,2976,2025-01-26,Education,203000,Approved,
12456,4982,2025-10-29,Education,2181800,Approved,
12457,4975,2024-01-21,Business,1216600,Approved,
12458,1938,2023-07-25,Education,353200,Approved,
12459,3590,2025-11-18,Personal,588600,Pending,
12460,5316,2024-08-07,Personal,590900,Approved,
12461,4018,2025-07-08,Education,418500,Approved,
12462,2007,2024-02-08,Personal,128900,Approved,
12463,3607,2025-05-01,Auto,342300,Rejected,High Existing Debt
12464,4746,2024-05-22,Business,1127200,Rejected,Low Credit Score
12465,2912,2023-08-31,Business,661300,Rejected,Low Credit Score
12466,3808,2023-08-22,Education,1328500,Approved,
12467,5125,2024-04-12,Education,246900,Approved,
12468,1762,2024-12-20,Personal,1284600,Rejected,Low Credit Score
12469,5217,2024-10-20,Auto,1076700,Approved,
12470,1015,2024-02-15,Personal,328300,Rejected,Incomplete Documents
12471,3268,2023-10-24,Home,682300,Approved,
12472,5403,2024-01-15,Business,329000,Approved,
12473,5920,2024-04-18,Personal,976100,Approved,
12474,5568,2025-01-23,Business,2657500,Approved,
12475,2706,2023-01-21,Auto,726600,Approved,
12476,3735,2025-02-02,Education,276200,Approved,
12477,4904,2023-03-24,Personal,449000,Approved,
12478,4701,2024-06-16,Home,5311900,Rejected,High Existing Debt
12479,3397,2024-04-15,Business,185400,Approved,
12480,5098,2024-11-17,Education,322600,Rejected,High Existing Debt
12481,2056,2024-12-03,Education,673100,Approved,
12482,5975,2025-08-17,Home,2229400,Rejected,Low Credit Score
12483,2334,2025-04-02,Personal,169000,Approved,
12484,4337,2025-08-12,Personal,270900,Rejected,High Existing Debt
12485,3323,2025-03-08,Auto,107500,Approved,
12486,1646,2023-06-16,Personal,421000,Rejected,High Existing Debt
12487,3402,2023-10-01,Home,226600,Pending,
12488,5538,2023-09-06,Auto,1549300,Approved,
12489,3817,2024-01-17,Home,158300,Pending,
12490,4469,2025-03-02,Home,2158100,Approved,
12491,3822,2024-10-13,Home,2064900,Rejected,High Existing Debt
12492,1611,2024-10-07,Auto,403600,Approved,
12493,2181,2023-02-26,Education,62200,Approved,
12494,5290,2024-06-02,Education,938100,Approved,
12495,4146,2023-02-27,Personal,1728900,Approved,
12496,5521,2023-11-05,Personal,186200,Approved,
12497,2831,2025-07-09,Home,316400,Approved,
12498,1825,2023-08-12,Home,728900,Rejected,Incomplete Documents
12499,5733,2024-10-13,Personal,371400,Approved,
12500,4740,2025-03-20,Personal,3450400,Approved,
12501,3591,2023-09-04,Business,584000,Approved,
12502,1013,2024-06-07,Auto,901000,Rejected,High Existing Debt
12503,4123,2025-09-21,Business,1371100,Pending,
12504,5673,2023-06-01,Personal,125000,Approved,
12505,5653,2025-03-11,Auto,776300,Rejected,Incomplete Documents
12506,1625,2024-02-24,Auto,367300,Approved,
12507,3028,2023-05-12,Personal,320000,Rejected,Low Credit Score
12508,5661,2024-04-27,Home,396600,Approved,
12509,5537,2023-02-25,Personal,536700,Rejected,Insufficient Income
12510,2306,2023-04-28,Business,336400,Rejected,Incomplete Documents
12511,1144,2024-01-05,Home,598500,Pending,
12512,3828,2024-12-01,Business,226200,Approved,
12513,4830,2024-06-03,Education,1487100,Approved,
12514,1272,2024-10-08,Personal,480300,Rejected,High Existing Debt
12515,4124,2025-08-01,Business,1359700,Approved,
12516,3042,2023-02-04,Home,2001100,Approved,
12517,3643,2024-08-13,Personal,2934000,Approved,
12518,2530,2023-09-24,Personal,561900,Approved,
12519,3636,2024-08-21,Home,101900,Approved,
12520,3414,2023-09-12,Auto,843000,Approved,
12521,1664,2024-09-01,Auto,623300,Pending,
12522,1453,2024-04-11,Auto,532900,Approved,
12523,3544,2025-02-22,Personal,868700,Approved,
12524,5696,2024-06-01,Education,1114800,Rejected,Insufficient Income
12525,5285,2023-08-21,Personal,659300,Approved,
12526,4632,2025-11-04,Auto,486100,Approved,
12527,4972,2023-11-25,Business,1279000,Approved,
12528,2232,2025-01-15,Education,1803800,Rejected,Insufficient Income
12529,5580,2024-07-31,Auto,2665000,Approved,
12530,4141,2023-08-18,Auto,1159300,Rejected,Low Credit Score
12531,3606,2023-08-03,Education,314200,Pending,
12532,3537,2023-05-21,Home,6343200,Pending,
12533,4507,2025-12-30,Home,298100,Approved,
12534,4617,2025-04-04,Home,636700,Approved,
12535,2850,2025-10-20,Education,3237000,Pending,
12536,5458,2024-12-25,Education,741300,Pending,
12537,2770,2023-05-05,Home,8000000,Approved,
12538,1249,2025-05-30,Home,448800,Rejected,High Existing Debt
12539,5807,2025-09-03,Business,366400,Approved,
12540,4165,2025-05-13,Personal,862600,Rejected,High Existing Debt
12541,3826,2023-12-10,Personal,323200,Pending,
12542,3836,2023-07-18,Auto,2038100,Pending,
12543,3682,2023-07-03,Business,330900,Approved,
12544,1237,2025-12-21,Home,1100100,Approved,
12545,1632,2025-06-26,Auto,1040100,Rejected,Low Credit Score
12546,4719,2023-05-22,Home,1045300,Rejected,Insufficient Income
12547,4686,2024-09-21,Personal,1529400,Rejected,High Existing Debt
12548,4136,2024-06-17,Personal,341000,Pending,
12549,3274,2024-05-07,Personal,722100,Rejected,High Existing Debt
12550,3351,2024-09-16,Personal,479000,Approved,
12551,1192,2023-01-29,Auto,2092400,Rejected,Incomplete Documents
12552,2297,2023-12-16,Education,883800,Approved,
12553,1435,2024-11-29,Education,3532000,Approved,
12554,4198,2025-05-03,Auto,2498600,Approved,
12555,3252,2024-06-10,Business,216100,Approved,
12556,4814,2023-04-21,Auto,571700,Approved,
12557,3892,2023-09-04,Education,735600,Approved,
12558,3587,2023-03-12,Personal,539300,Approved,
12559,4162,2023-04-23,Auto,368100,Approved,
12560,4631,2024-04-10,Home,521500,Approved,
12561,1627,2025-04-08,Business,1078200,Approved,
12562,3088,2023-02-16,Auto,1358400,Approved,
12563,4653,2025-03-04,Business,249300,Approved,
12564,1160,2024-08-03,Personal,161600,Approved,
12565,2124,2023-08-31,Home,211600,Approved,
12566,4373,2024-03-31,Personal,584900,Approved,
12567,2268,2025-07-20,Auto,738600,Rejected,High Existing Debt
12568,1336,2023-07-02,Home,752500,Approved,
12569,2866,2025-10-07,Home,443600,Rejected,High Existing Debt
12570,2404,2025-08-23,Home,506900,Approved,
12571,5645,2025-02-01,Home,159800,Approved,
12572,1500,2024-12-03,Auto,469200,Approved,
12573,3785,2024-09-29,Business,1139000,Rejected,High Existing Debt
12574,2847,2024-09-24,Personal,498700,Rejected,High Existing Debt
12575,3880,2023-10-22,Education,137800,Approved,
12576,4855,2024-09-04,Personal,3003900,Pending,
12577,3084,2023-06-08,Business,270300,Rejected,Insufficient Income
12578,1932,2023-02-27,Home,724600,Rejected,Insufficient Income
12579,3625,2023-10-02,Auto,851400,Approved,
12580,1033,2025-12-13,Personal,2372400,Approved,
12581,2147,2025-10-22,Home,556000,Approved,
12582,3950,2025-11-11,Home,842000,Rejected,Incomplete Documents
12583,4455,2024-05-08,Personal,391600,Approved,
12584,4403,2023-06-15,Education,395600,Rejected,Low Credit Score
12585,5955,2023-04-27,Business,536000,Approved,
12586,3501,2025-02-13,Education,1676600,Approved,
12587,4600,2023-12-09,Personal,1405700,Approved,
12588,2050,2023-10-16,Home,324600,Approved,
12589,1690,2023-12-04,Personal,860700,Approved,
12590,4126,2025-05-25,Personal,739100,Approved,
12591,4932,2023-11-11,Auto,522800,Approved,
12592,5302,2024-05-18,Personal,190100,Approved,
12593,4725,2023-05-20,Personal,774800,Rejected,High Existing Debt
12594,2827,2024-04-29,Business,904000,Approved,
12595,4791,2023-09-14,Auto,483000,Approved,
12596,1268,2025-03-05,Auto,463300,Pending,
12597,2093,2023-09-04,Home,3387600,Rejected,Insufficient Income
12598,3080,2024-08-07,Personal,431500,Approved,
12599,1133,2024-03-24,Education,1528300,Approved,
12600,5379,2025-09-14,Auto,476200,Rejected,Insufficient Income
12601,1016,2024-12-20,Personal,647700,Pending,
12602,3662,2025-05-30,Business,493500,Approved,
12603,5306,2025-08-24,Home,586300,Approved,
12604,3257,2023-06-18,Home,219700,Approved,
12605,5622,2024-06-30,Auto,1234200,Rejected,Low Credit Score
12606,5393,2024-11-12,Personal,381500,Approved,
12607,4952,2024-03-31,Personal,194200,Approved,
12608,5682,2025-01-21,Personal,1493200,Rejected,Incomplete Documents
12609,1473,2025-04-27,Home,2608500,Pending,
12610,1841,2024-08-26,Personal,611200,Approved,
12611,2150,2023-10-18,Personal,796900,Rejected,Insufficient Income
12612,3325,2023-09-30,Home,1433300,Rejected,High Existing Debt
12613,4771,2024-11-17,Education,282000,Approved,
12614,5601,2023-10-13,Education,746100,Rejected,High Existing Debt
12615,1482,2025-01-25,Auto,2025500,Pending,
12616,4484,2023-01-09,Personal,651400,Approved,
12617,2459,2025-03-01,Business,461700,Approved,
12618,4235,2025-12-04,Education,666800,Approved,
12619,4002,2025-12-24,Home,294700,Approved,
12620,3314,2023-12-03,Home,2577100,Pending,
12621,3366,2024-11-16,Home,1449900,Approved,
12622,4170,2024-11-03,Business,1010800,Approved,
12623,5696,2025-10-30,Personal,702000,Rejected,Incomplete Documents
12624,2908,2025-11-17,Home,522700,Approved,
12625,5658,2023-10-10,Personal,343100,Approved,
12626,5078,2024-05-22,Business,269000,Rejected,High Existing Debt
12627,3537,2025-01-28,Home,1696600,Pending,
12628,4585,2025-06-25,Personal,1369800,Pending,
12629,3966,2023-05-30,Personal,253600,Rejected,Incomplete Documents
12630,1267,2025-09-16,Education,508800,Approved,
12631,2136,2025-07-23,Home,485200,Rejected,Insufficient Income
12632,3059,2025-07-02,Business,1069800,Approved,
12633,5577,2023-11-13,Business,1509700,Approved,
12634,5828,2023-06-23,Personal,280200,Rejected,Incomplete Documents
12635,1343,2023-09-02,Business,316400,Approved,
12636,3809,2023-12-08,Personal,384000,Approved,
12637,4730,2023-01-09,Personal,490800,Rejected,Low Credit Score
12638,4133,2024-04-23,Personal,105000,Approved,
12639,2003,2023-01-22,Education,84700,Approved,
12640,1280,2023-10-04,Auto,670400,Rejected,Insufficient Income
12641,5387,2025-07-19,Home,739900,Approved,
12642,1964,2025-02-05,Home,586500,Rejected,Incomplete Documents
12643,3070,2025-07-13,Auto,1694900,Rejected,Low Credit Score
12644,3571,2023-02-22,Education,135300,Approved,
12645,1636,2025-12-20,Business,2821800,Pending,
12646,5551,2024-11-05,Education,540100,Approved,
12647,5969,2025-05-04,Personal,609000,Approved,
12648,1610,2024-02-28,Personal,817600,Rejected,Insufficient Income
12649,3124,2024-07-24,Business,242400,Approved,
12650,3242,2025-05-04,Business,401500,Approved,
12651,4899,2025-02-07,Education,2257500,Rejected,Low Credit Score
12652,2523,2023-02-27,Personal,902900,Pending,
12653,3804,2023-07-01,Business,555000,Rejected,Insufficient Income
12654,4818,2025-07-22,Personal,172300,Rejected,Low Credit Score
12655,5819,2024-02-13,Auto,183900,Pending,
12656,4368,2024-04-30,Personal,393900,Approved,
12657,1168,2023-01-07,Education,648800,Approved,
12658,3227,2024-03-05,Business,1512100,Approved,
12659,4305,2024-09-21,Personal,1331100,Approved,
12660,3441,2025-10-15,Auto,1725400,Approved,
12661,4735,2025-10-21,Business,478200,Approved,
12662,1653,2024-10-24,Home,203700,Pending,
12663,2435,2024-04-02,Personal,322300,Rejected,Insufficient Income
12664,2248,2025-09-16,Personal,656600,Pending,
12665,2625,2023-05-05,Education,866800,Rejected,Incomplete Documents
12666,4851,2025-04-22,Education,243300,Approved,
12667,5368,2025-07-10,Auto,411600,Approved,
12668,4968,2023-11-18,Home,263400,Approved,
12669,3717,2025-11-22,Personal,3752900,Approved,
12670,1825,2025-10-01,Home,1212300,Pending,
12671,2089,2024-11-15,Home,477800,Approved,
12672,4661,2024-12-21,Home,423000,Pending,
12673,1091,2024-12-19,Personal,2569700,Approved,
12674,4563,2023-11-08,Personal,261100,Rejected,Insufficient Income
12675,1315,2023-11-19,Auto,551300,Approved,
12676,5622,2025-07-06,Home,296600,Approved,
12677,1939,2025-05-25,Business,335400,Rejected,Insufficient Income
12678,3935,2023-02-12,Business,880100,Approved,
12679,3710,2024-01-25,Business,84100,Rejected,Incomplete Documents
12680,3538,2025-06-25,Personal,2729900,Approved,
12681,3133,2024-06-12,Personal,1073700,Approved,
12682,2410,2023-08-16,Personal,518300,Pending,
12683,4215,2023-08-11,Auto,224200,Pending,
12684,3800,2024-05-18,Personal,86900,Rejected,Low Credit Score
12685,5799,2023-06-25,Auto,512900,Pending,
12686,3008,2024-02-26,Personal,360600,Rejected,Incomplete Documents
12687,1856,2025-05-01,Auto,471600,Rejected,High Existing Debt
12688,1026,2025-05-25,Auto,607000,Approved,
12689,4414,2024-06-08,Home,1258900,Rejected,Insufficient Income
12690,2819,2025-05-08,Business,1130800,Rejected,Insufficient Income
12691,1275,2023-05-11,Home,804600,Approved,
12692,4621,2023-07-31,Business,2008100,Approved,
12693,1936,2025-11-17,Auto,520600,Approved,
12694,4831,2023-10-29,Personal,684100,Approved,
12695,4200,2024-10-10,Home,2256000,Approved,
12696,3667,2024-03-21,Auto,3058400,Rejected,Incomplete Documents
12697,1908,2024-05-30,Personal,693800,Approved,
12698,3988,2025-12-11,Business,497500,Approved,
12699,5944,2024-04-17,Business,1984500,Rejected,High Existing Debt
12700,5528,2024-11-02,Home,596100,Approved,
12701,4807,2023-12-28,Personal,450600,Approved,
12702,2871,2024-06-14,Personal,533500,Rejected,Insufficient Income
12703,3511,2024-05-24,Auto,1530700,Pending,
12704,2824,2024-07-06,Personal,608200,Approved,
12705,1256,2025-04-23,Education,512700,Rejected,Low Credit Score
12706,3921,2024-09-01,Business,288600,Rejected,Incomplete Documents
12707,1657,2023-03-28,Auto,386700,Approved,
12708,3552,2024-09-11,Business,1030300,Approved,
12709,3640,2023-11-08,Personal,1147700,Rejected,Insufficient Income
12710,4895,2023-10-02,Personal,168500,Approved,
12711,5207,2023-11-18,Auto,734100,Rejected,Low Credit Score
12712,3811,2023-10-21,Personal,1558800,Pending,
12713,2292,2024-07-04,Personal,92600,Approved,
12714,3925,2024-06-06,Personal,912800,Approved,
12715,4635,2025-05-30,Education,1245400,Approved,
12716,1048,2024-06-16,Auto,1580100,Approved,
12717,3769,2024-10-30,Education,1240800,Approved,
12718,2514,2024-08-27,Personal,403900,Approved,
12719,1070,2025-10-18,Business,200300,Pending,
12720,4703,2025-09-26,Business,763900,Approved,
12721,5954,2024-07-07,Home,928600,Approved,
12722,5097,2024-10-13,Personal,340100,Approved,
12723,4984,2023-01-02,Home,714000,Approved,
12724,3862,2023-02-09,Home,400300,Rejected,Incomplete Documents
12725,5911,2023-11-15,Business,855700,Approved,
12726,5176,2024-11-03,Business,503000,Rejected,Low Credit Score
12727,3471,2025-05-26,Home,158100,Rejected,Low Credit Score
12728,5573,2025-07-30,Home,777300,Rejected,Insufficient Income
12729,2586,2025-02-16,Auto,1297700,Pending,
12730,2434,2024-05-03,Home,1555600,Approved,
12731,3014,2025-06-25,Home,457100,Approved,
12732,2441,2025-11-05,Education,915800,Approved,
12733,1363,2023-09-21,Personal,193200,Approved,
12734,2300,2025-12-06,Personal,4192400,Approved,
12735,2253,2025-06-03,Home,141900,Approved,
12736,1333,2024-11-16,Personal,86800,Approved,
12737,5680,2024-03-03,Education,1669300,Approved,
12738,4538,2024-08-26,Personal,1746400,Approved,
12739,4053,2023-12-04,Education,670800,Rejected,Incomplete Documents
12740,1681,2023-09-02,Auto,3542800,Rejected,Incomplete Documents
12741,3315,2024-05-31,Personal,1259900,Approved,
12742,2591,2023-03-13,Personal,345700,Approved,
12743,4302,2023-05-06,Home,1119600,Approved,
12744,2003,2024-05-31,Business,218800,Rejected,High Existing Debt
12745,5655,2025-11-24,Business,341800,Approved,
12746,5174,2023-01-23,Personal,2348300,Rejected,Insufficient Income
12747,3920,2024-10-23,Auto,565900,Pending,
12748,1818,2023-04-27,Education,516200,Approved,
12749,5961,2025-04-13,Education,1005300,Pending,
12750,2909,2024-11-06,Auto,1509100,Rejected,Incomplete Documents
12751,1361,2024-08-01,Personal,3161200,Approved,
12752,1061,2023-01-28,Auto,533800,Rejected,High Existing Debt
12753,5103,2023-08-24,Business,201600,Approved,
12754,2295,2025-09-09,Personal,1377600,Approved,
12755,3895,2024-04-01,Home,167800,Approved,
12756,5617,2025-09-05,Education,589300,Approved,
12757,1213,2024-02-11,Auto,250700,Rejected,High Existing Debt
12758,2189,2023-07-20,Personal,676400,Approved,
12759,1231,2023-08-20,Auto,252500,Rejected,Incomplete Documents
12760,1668,2025-03-08,Home,348300,Approved,
12761,3412,2025-05-04,Personal,302000,Approved,
12762,3063,2025-07-05,Personal,52300,Approved,
12763,4190,2025-05-29,Personal,339800,Approved,
12764,5184,2023-02-11,Home,3622100,Approved,
12765,1751,2023-05-30,Personal,1282800,Approved,
12766,3275,2025-01-29,Business,1046800,Approved,
12767,4898,2023-02-19,Personal,154500,Approved,
12768,4727,2025-05-27,Home,363100,Approved,
12769,2268,2024-07-01,Education,671100,Approved,
12770,1421,2025-08-28,Personal,2981500,Approved,
12771,5098,2025-03-07,Education,82900,Approved,
12772,5527,2024-09-01,Home,606500,Rejected,High Existing Debt
12773,2384,2024-09-24,Business,136800,Pending,
12774,5732,2023-02-19,Personal,702400,Approved,
12775,4909,2024-03-21,Education,796200,Rejected,High Existing Debt
12776,4655,2025-10-27,Personal,561100,Approved,
12777,5676,2025-07-28,Education,2819000,Approved,
12778,1147,2025-11-26,Auto,68600,Pending,
12779,4854,2024-05-29,Home,269100,Approved,
12780,3886,2024-08-17,Home,414500,Pending,
12781,5842,2025-02-09,Personal,288100,Approved,
12782,4885,2023-12-06,Home,181200,Approved,
12783,2354,2024-09-05,Home,126100,Approved,
12784,4885,2024-02-02,Personal,893100,Rejected,High Existing Debt
12785,1771,2023-01-04,Home,962700,Approved,
12786,3124,2024-02-23,Personal,105400,Approved,
12787,3340,2024-11-05,Personal,2022900,Rejected,Insufficient Income
12788,4462,2023-11-20,Home,485500,Approved,
12789,2774,2024-11-14,Auto,288600,Approved,
12790,3677,2025-11-09,Personal,862000,Approved,
12791,5137,2023-02-24,Education,318200,Approved,
12792,2741,2025-02-20,Business,1219200,Rejected,High Existing Debt
12793,5542,2024-07-22,Personal,801400,Approved,
12794,1393,2023-12-06,Education,999300,Pending,
12795,2674,2023-01-14,Personal,248500,Approved,
12796,1041,2025-12-10,Education,1609100,Rejected,Incomplete Documents
12797,3971,2025-10-01,Auto,2291500,Rejected,Incomplete Documents
12798,3058,2023-02-27,Home,322700,Approved,
12799,1561,2025-05-04,Personal,311900,Approved,
12800,1915,2024-04-08,Education,90100,Approved,
12801,3096,2024-07-13,Auto,120100,Rejected,High Existing Debt
12802,4196,2024-02-15,Home,960100,Rejected,Insufficient Income
12803,2175,2024-12-12,Home,295400,Approved,
12804,2636,2025-07-12,Education,1372900,Rejected,Low Credit Score
12805,5546,2025-09-04,Personal,1520000,Approved,
12806,5883,2024-11-04,Personal,424500,Pending,
12807,3686,2024-05-28,Business,1620200,Approved,
12808,4763,2025-10-11,Home,869700,Rejected,Insufficient Income
12809,3315,2025-11-13,Home,1521700,Rejected,Insufficient Income
12810,4331,2023-03-15,Home,94000,Rejected,Insufficient Income
12811,4836,2025-03-18,Auto,517600,Pending,
12812,3493,2023-09-08,Home,1528500,Approved,
12813,5574,2025-10-28,Personal,173000,Pending,
12814,3633,2023-03-08,Business,1292800,Approved,
12815,2616,2024-02-18,Education,777500,Approved,
12816,2032,2024-07-17,Home,1593900,Approved,
12817,2193,2025-03-17,Business,499100,Approved,
12818,5846,2024-05-07,Business,804300,Approved,
12819,3200,2025-10-19,Business,139700,Approved,
12820,1381,2024-08-23,Business,1230200,Rejected,High Existing Debt
12821,4033,2024-10-03,Home,789800,Approved,
12822,4840,2025-08-19,Auto,265100,Approved,
12823,2351,2023-09-28,Personal,276900,Approved,
12824,2454,2025-08-12,Personal,91600,Pending,
12825,5687,2025-12-28,Personal,471800,Approved,
12826,4132,2023-03-19,Business,1087800,Rejected,Insufficient Income
12827,2152,2023-05-13,Business,382900,Approved,
12828,2407,2024-12-04,Home,1035000,Approved,
12829,2194,2025-02-14,Home,200600,Rejected,Incomplete Documents
12830,1552,2023-07-15,Business,630200,Approved,
12831,2051,2024-11-22,Auto,611800,Approved,
12832,3053,2025-01-08,Auto,1036100,Rejected,High Existing Debt
12833,4380,2025-08-10,Personal,1905700,Approved,
12834,2767,2024-09-10,Home,543200,Approved,
12835,1253,2025-02-04,Personal,424300,Rejected,Incomplete Documents
12836,1179,2023-02-12,Personal,347700,Approved,
12837,1257,2025-10-08,Business,1140200,Approved,
12838,4916,2024-09-29,Home,2225400,Rejected,High Existing Debt
12839,5853,2025-09-24,Business,406600,Approved,
12840,3737,2023-11-06,Business,379300,Approved,
12841,2480,2025-01-10,Auto,630800,Approved,
12842,3602,2023-12-23,Personal,636300,Pending,
12843,2168,2023-06-03,Auto,271800,Rejected,Low Credit Score
12844,4617,2023-12-19,Personal,5682100,Approved,
12845,3643,2024-11-03,Personal,189400,Rejected,Incomplete Documents
12846,4673,2025-08-11,Personal,157000,Pending,
12847,4040,2025-09-18,Home,158600,Approved,
12848,4383,2025-06-23,Personal,585300,Approved,
12849,1748,2025-01-16,Home,703200,Approved,
12850,3761,2024-06-23,Home,230000,Approved,
12851,3711,2024-02-11,Home,3432800,Approved,
12852,5894,2024-07-07,Home,378200,Approved,
12853,3493,2025-10-29,Personal,64900,Rejected,Insufficient Income
12854,1096,2023-02-27,Business,515700,Approved,
12855,5440,2023-11-28,Business,1360500,Approved,
12856,5811,2025-05-21,Home,114600,Pending,
12857,1244,2024-09-11,Home,1266400,Rejected,High Existing Debt
12858,4709,2023-10-08,Personal,356600,Rejected,Insufficient Income
12859,1538,2023-05-21,Personal,1005500,Rejected,Low Credit Score
12860,4467,2024-10-28,Personal,1720300,Rejected,Low Credit Score
12861,5372,2025-07-24,Education,2211500,Approved,
12862,2836,2023-06-29,Auto,139500,Approved,
12863,4858,2023-06-28,Personal,2342800,Approved,
12864,4797,2024-05-28,Personal,1529000,Rejected,Low Credit Score
12865,2678,2023-05-20,Personal,191100,Pending,
12866,1602,2025-01-06,Home,115400,Approved,
12867,4513,2025-09-12,Home,309000,Approved,
12868,5630,2025-07-09,Education,4347600,Rejected,Low Credit Score
12869,5036,2023-08-11,Home,802200,Rejected,Incomplete Documents
12870,2074,2025-09-30,Business,278700,Rejected,Insufficient Income
12871,2636,2025-07-11,Personal,700800,Pending,
12872,1272,2024-03-18,Personal,2368300,Approved,
12873,4943,2023-02-04,Auto,608300,Approved,
12874,5065,2023-12-19,Personal,336300,Approved,
12875,2507,2025-10-21,Business,490300,Rejected,Low Credit Score
12876,5419,2023-01-09,Auto,212300,Approved,
12877,2812,2024-07-09,Business,316600,Rejected,High Existing Debt
12878,1193,2025-01-10,Personal,419000,Approved,
12879,1508,2025-09-01,Home,667200,Approved,
12880,2162,2024-12-19,Home,369000,Approved,
12881,4523,2024-05-03,Personal,208000,Approved,
12882,5000,2024-08-19,Education,752500,Pending,
12883,4541,2025-12-05,Personal,617400,Rejected,Incomplete Documents
12884,5568,2025-02-24,Personal,123400,Rejected,Low Credit Score
12885,2659,2023-09-08,Home,180200,Approved,
12886,3136,2025-09-27,Education,615000,Rejected,Low Credit Score
12887,5532,2024-11-29,Auto,2633800,Approved,
12888,5234,2023-12-01,Business,195700,Approved,
12889,4804,2024-03-19,Personal,69300,Approved,
12890,4834,2023-04-21,Business,605800,Approved,
12891,2866,2025-02-15,Business,3585400,Pending,
12892,4945,2025-03-06,Personal,279400,Approved,
12893,3974,2024-07-31,Business,511900,Rejected,High Existing Debt
12894,5213,2025-05-13,Personal,1750800,Rejected,Insufficient Income
12895,1847,2023-10-05,Education,4168000,Rejected,Insufficient Income
12896,1959,2024-06-30,Personal,95600,Pending,
12897,3904,2024-02-29,Personal,590100,Approved,
12898,2098,2024-12-20,Education,910300,Approved,
12899,4092,2024-11-01,Business,201300,Rejected,Incomplete Documents
12900,2053,2024-10-11,Auto,1124200,Approved,
12901,3754,2025-11-25,Business,4033100,Rejected,Incomplete Documents
12902,2730,2023-02-16,Business,794700,Approved,
12903,2992,2025-08-11,Personal,671300,Approved,
12904,5918,2024-02-11,Personal,148400,Approved,
12905,4929,2023-05-04,Home,191500,Rejected,Insufficient Income
12906,2298,2024-12-30,Personal,1347700,Approved,
12907,2773,2024-02-04,Education,2014900,Pending,
12908,2745,2023-06-19,Personal,525500,Approved,
12909,5382,2025-09-12,Business,159000,Approved,
12910,2288,2023-04-05,Home,717000,Rejected,Low Credit Score
12911,4741,2024-10-18,Personal,1118900,Approved,
12912,2875,2024-11-30,Personal,253400,Rejected,Insufficient Income
12913,4538,2024-02-27,Home,156600,Pending,
12914,3698,2025-10-12,Education,761100,Approved,
12915,1633,2023-05-13,Education,387300,Approved,
12916,4818,2023-12-28,Business,839400,Approved,
12917,5662,2024-09-22,Business,732700,Approved,
12918,5421,2023-03-05,Education,1637100,Approved,
12919,5119,2025-07-23,Education,911100,Approved,
12920,1223,2024-01-05,Home,236600,Approved,
12921,1839,2024-07-19,Personal,645600,Rejected,Low Credit Score
12922,5884,2024-05-30,Personal,425500,Approved,
12923,1039,2025-03-26,Education,529800,Rejected,Low Credit Score
12924,2795,2023-02-24,Personal,2723000,Rejected,Low Credit Score
12925,1771,2025-11-22,Personal,434000,Approved,
12926,3975,2023-05-09,Personal,412000,Rejected,High Existing Debt
12927,4335,2024-12-25,Education,461500,Approved,
12928,3433,2024-02-22,Auto,227800,Approved,
12929,1705,2024-06-24,Personal,364800,Pending,
12930,5678,2024-08-29,Home,269200,Pending,
12931,4751,2024-08-05,Home,489300,Approved,
12932,5204,2025-05-10,Auto,476900,Rejected,High Existing Debt
12933,5867,2025-06-03,Home,56100,Approved,
12934,2211,2023-03-30,Personal,1322600,Approved,
12935,1764,2025-04-22,Auto,1331600,Rejected,Insufficient Income
12936,1352,2024-07-10,Personal,334200,Approved,
12937,1276,2023-10-16,Auto,793300,Pending,
12938,4556,2025-09-21,Education,491200,Approved,
12939,1283,2023-07-14,Business,1654400,Rejected,Insufficient Income
12940,4668,2024-10-13,Home,1857600,Pending,
12941,3835,2025-04-15,Auto,6747900,Approved,
12942,2719,2023-08-30,Auto,404300,Approved,
12943,1319,2023-01-24,Personal,326600,Approved,
12944,1725,2023-11-03,Personal,1060700,Rejected,Low Credit Score
12945,5564,2025-07-09,Business,182700,Approved,
12946,2669,2024-02-12,Home,1285400,Approved,
12947,5471,2024-09-24,Education,1551000,Rejected,High Existing Debt
12948,4988,2023-10-28,Home,1535300,Approved,
12949,4788,2023-07-04,Personal,175900,Approved,
12950,4261,2023-02-14,Home,470400,Approved,
12951,4262,2024-09-25,Personal,780700,Rejected,Insufficient Income
12952,2525,2025-03-07,Personal,1302300,Pending,
12953,2727,2023-12-08,Education,328000,Pending,
12954,5246,2025-02-11,Home,382100,Approved,
12955,4164,2023-11-26,Personal,307900,Approved,
12956,5810,2024-09-24,Personal,989100,Approved,
12957,1240,2023-06-02,Education,478600,Rejected,Low Credit Score
12958,1611,2024-01-20,Personal,511200,Pending,
12959,2840,2024-12-14,Education,1121800,Rejected,Low Credit Score
12960,5332,2024-11-10,Auto,1991800,Rejected,Low Credit Score
12961,1229,2023-04-27,Business,196000,Approved,
12962,1756,2024-12-21,Auto,461700,Approved,
12963,1308,2025-01-11,Personal,3697000,Pending,
12964,2309,2025-08-01,Home,1186800,Rejected,Low Credit Score
12965,4290,2023-04-25,Auto,291200,Approved,
12966,2353,2023-03-14,Business,218800,Rejected,Incomplete Documents
12967,4251,2025-04-28,Personal,350200,Approved,
12968,4307,2025-04-25,Home,204800,Approved,
12969,1922,2023-04-21,Personal,554600,Approved,
12970,1736,2025-05-08,Personal,137600,Approved,
12971,4403,2025-10-18,Home,532300,Approved,
12972,5125,2024-03-19,Personal,763100,Approved,
12973,4865,2025-11-28,Education,118600,Approved,
12974,3197,2023-07-31,Personal,201500,Approved,
12975,5100,2024-11-23,Business,5531500,Pending,
12976,4364,2025-01-22,Personal,895700,Rejected,High Existing Debt
12977,3731,2023-12-05,Home,927500,Pending,
12978,4805,2024-07-17,Education,381600,Rejected,Incomplete Documents
12979,5179,2024-10-13,Home,614600,Approved,
12980,2178,2025-04-13,Home,1577800,Rejected,Insufficient Income
12981,2828,2024-06-06,Personal,217000,Approved,
12982,1919,2024-07-26,Business,280800,Pending,
12983,4046,2023-10-11,Auto,519100,Approved,
12984,1476,2024-04-04,Business,285100,Pending,
12985,4753,2024-01-05,Business,270300,Approved,
12986,1331,2024-06-10,Home,5548500,Approved,
12987,1349,2024-02-20,Home,1457300,Approved,
12988,1468,2023-10-24,Personal,632900,Rejected,Low Credit Score
12989,2752,2025-06-23,Business,1016400,Approved,
12990,1687,2024-05-24,Personal,144100,Pending,
12991,5265,2024-10-08,Business,844700,Approved,
12992,2722,2025-12-03,Personal,237800,Approved,
12993,2778,2025-02-12,Personal,852000,Pending,
12994,4258,2025-06-30,Home,230700,Approved,
12995,2382,2024-04-02,Business,912300,Pending,
12996,1254,2025-12-23,Home,948200,Rejected,High Existing Debt
12997,5257,2023-04-13,Business,555500,Rejected,Insufficient Income
12998,5942,2023-06-03,Personal,569000,Rejected,Low Credit Score
12999,1027,2024-10-31,Business,1519900,Approved,
13000,3619,2025-06-16,Auto,738400,Approved,
